{
  "type": "FeatureCollection",
  "features": [
    {
      "type": "Feature",
      "id": "osm:relation:7100361",
      "properties": {
        "sourcePdf": {
          "file": "C:/Users/barou/Documents/Codex/2026-09-06/the-android-app-app-currently-allows/work/arima-joufia-receiving-own-map-source-review/arima.pdf",
          "sha256": "6411d48b0acb4b3cffde4c17d52004deb54fbb93d5fd0a6922aec2842dd55a6b",
          "bytes": 1404326
        },
        "sourceUrl": "https://www.isie.tn/wp-content/uploads/2023/CartesCirconscriptionsElectoralesLocales2023/%D9%86%D8%A7%D8%A8%D9%84%202/%D8%AA%D8%A7%D9%83%D9%84%D8%B3%D8%A9/%D8%A7%D9%84%D8%B9%D8%B1%D9%8A%D9%85%D8%A9.pdf",
        "registryCode": "156053",
        "registryRow": {
          "governorateCode": "15",
          "governorateFr": "Nabeul",
          "governorateAr": "نابل",
          "delegationCode": "1560",
          "delegationFr": "Takelsa",
          "delegationAr": "تاكلسة",
          "sectorCode": "156053",
          "sectorFr": "El arima",
          "sectorAr": "العريمة",
          "sourceRows": {
            "Population_Secteur_Age_Sexe_Dynamique.xlsx": 13295,
            "Nombre_de_Logements_par_Secteurs.xlsx": 532,
            "Nombre_de_menages_par_Secteurs.xlsx": 531
          }
        },
        "selectedDrawingIndex": 601,
        "nativeVertexCount": 859
      },
      "geometry": {
        "type": "Polygon",
        "coordinates": [
          [
            [
              10.634471270741571,
              36.77459759482681
            ],
            [
              10.634655394051999,
              36.77452035018769
            ],
            [
              10.634751423719866,
              36.77466846011209
            ],
            [
              10.63589744726761,
              36.776146994446165
            ],
            [
              10.635987127212813,
              36.77599633172712
            ],
            [
              10.6363474324292,
              36.775468373093375
            ],
            [
              10.636975173548725,
              36.774413736873804
            ],
            [
              10.637958409229576,
              36.77260704955219
            ],
            [
              10.638051261910364,
              36.77260577107756
            ],
            [
              10.639447226960463,
              36.77273597095008
            ],
            [
              10.640375754367097,
              36.77272317128619
            ],
            [
              10.640563052573919,
              36.77279530322894
            ],
            [
              10.640654312474735,
              36.77271932997463
            ],
            [
              10.640747165165552,
              36.77271804939257
            ],
            [
              10.640745572330575,
              36.77264336298477
            ],
            [
              10.641105829529536,
              36.77211539084364
            ],
            [
              10.641378011159466,
              36.7718127769807
            ],
            [
              10.641736658555145,
              36.771210110445594
            ],
            [
              10.642186564312425,
              36.770531474776426
            ],
            [
              10.642365886490342,
              36.770230134119565
            ],
            [
              10.642545207569196,
              36.7699288058744
            ],
            [
              10.643811585535724,
              36.76834230560877
            ],
            [
              10.644082147579507,
              36.76796499329092
            ],
            [
              10.644355899511202,
              36.767737072064584
            ],
            [
              10.644720891514755,
              36.767433167832976
            ],
            [
              10.64490179368652,
              36.7672065226126
            ],
            [
              10.64545247982583,
              36.76690004859679
            ],
            [
              10.645910316467594,
              36.7665948566264
            ],
            [
              10.646185655853031,
              36.76644161767955
            ],
            [
              10.646459395989863,
              36.76621368551333
            ],
            [
              10.647093320528946,
              36.76545776369601
            ],
            [
              10.647184565505055,
              36.76538179204749
            ],
            [
              10.647368653609133,
              36.76530452847267
            ],
            [
              10.647551142198969,
              36.76515257204351
            ],
            [
              10.647919308299334,
              36.764998043631124
            ],
            [
              10.648287480761658,
              36.76484351400278
            ],
            [
              10.649025421684925,
              36.76460914395534
            ],
            [
              10.649488033256128,
              36.764528016351925
            ],
            [
              10.650041884562327,
              36.764370906887955
            ],
            [
              10.650595725648753,
              36.76421379500605
            ],
            [
              10.651056730497004,
              36.76405796892982
            ],
            [
              10.651333653029493,
              36.76397941093681
            ],
            [
              10.651610574975004,
              36.76390085231206
            ],
            [
              10.652069972334754,
              36.763670329965706
            ],
            [
              10.652715048791725,
              36.76343722668721
            ],
            [
              10.652990362971519,
              36.76328397252646
            ],
            [
              10.653265676042297,
              36.76313071775189
            ],
            [
              10.65354098814009,
              36.76297746869449
            ],
            [
              10.653632223444541,
              36.76290147963867
            ],
            [
              10.653824316565,
              36.76319767464585
            ],
            [
              10.653920375295273,
              36.763345762353374
            ],
            [
              10.653921980503586,
              36.7634204547137
            ],
            [
              10.654109259739023,
              36.763492565785796
            ],
            [
              10.654205319534515,
              36.76364065956412
            ],
            [
              10.654299758366093,
              36.76371406112961
            ],
            [
              10.654490258102241,
              36.763935556132935
            ],
            [
              10.654771994582234,
              36.76408106720405
            ],
            [
              10.654965709152377,
              36.76445194599792
            ],
            [
              10.654882504360986,
              36.76490139127699
            ],
            [
              10.654980165944595,
              36.76512417672428
            ],
            [
              10.654893748110046,
              36.76542423738693
            ],
            [
              10.654805723307067,
              36.76564959936026
            ],
            [
              10.654344717201328,
              36.76580543997884
            ],
            [
              10.654168663343171,
              36.7662561757885
            ],
            [
              10.653994220861614,
              36.76678160356211
            ],
            [
              10.654000642818382,
              36.767080372813375
            ],
            [
              10.654098304885812,
              36.767303158901235
            ],
            [
              10.654197565387513,
              36.76760063729354
            ],
            [
              10.654295236473184,
              36.76782341672981
            ],
            [
              10.654576979244492,
              36.767968927934554
            ],
            [
              10.654769097077201,
              36.768265114325764
            ],
            [
              10.655148517133105,
              36.768633409284284
            ],
            [
              10.655430272336101,
              36.76877891822424
            ],
            [
              10.655712028589285,
              36.768924426466505
            ],
            [
              10.655900938313751,
              36.76907122638329
            ],
            [
              10.656461239710664,
              36.76921285544781
            ],
            [
              10.656927086733107,
              36.76928108282811
            ],
            [
              10.657485774484828,
              36.76934801492674
            ],
            [
              10.658046080543933,
              36.76948963639373
            ],
            [
              10.658327844156537,
              36.76963513823216
            ],
            [
              10.65842552200332,
              36.76985791394843
            ],
            [
              10.658335893330651,
              36.77000859246418
            ],
            [
              10.657876478576151,
              36.77023913925896
            ],
            [
              10.657690780769864,
              36.770241726939624
            ],
            [
              10.657506692164066,
              36.77031901279958
            ],
            [
              10.657509910221082,
              36.77046839074177
            ],
            [
              10.657697217876567,
              36.770540495457894
            ],
            [
              10.657884525874227,
              36.770612599869324
            ],
            [
              10.65788613535163,
              36.7706872919884
            ],
            [
              10.657889354324217,
              36.77083667622354
            ],
            [
              10.65789418282756,
              36.77106075256875
            ],
            [
              10.657895792340533,
              36.77113544468182
            ],
            [
              10.658081492282843,
              36.77113285662752
            ],
            [
              10.658360042151848,
              36.7711289740029
            ],
            [
              10.65854413189197,
              36.77105169313578
            ],
            [
              10.658635371507636,
              36.770975706555305
            ],
            [
              10.658909089274763,
              36.77074774641528
            ],
            [
              10.659373336510201,
              36.77074127184052
            ],
            [
              10.660122578409997,
              36.77102967688118
            ],
            [
              10.660498805584758,
              36.771248569696226
            ],
            [
              10.660598112043054,
              36.77154604158874
            ],
            [
              10.660417247311806,
              36.77177270962765
            ],
            [
              10.660234769696363,
              36.77192468539634
            ],
            [
              10.660237993370247,
              36.77207406942245
            ],
            [
              10.660241217067878,
              36.77222345344457
            ],
            [
              10.660337292144973,
              36.772371541601586
            ],
            [
              10.660526211114277,
              36.772518327434206
            ],
            [
              10.660809603068948,
              36.77273852124232
            ],
            [
              10.66099691908573,
              36.77281061418719
            ],
            [
              10.661182622776163,
              36.77280802119171
            ],
            [
              10.661273861859934,
              36.77273203895221
            ],
            [
              10.661457952134727,
              36.772654747240274
            ],
            [
              10.66154435135618,
              36.77235468892652
            ],
            [
              10.661725214002486,
              36.77212801924349
            ],
            [
              10.661811611525872,
              36.77182795442012
            ],
            [
              10.661899621842595,
              36.77160258149186
            ],
            [
              10.662083708930282,
              36.77152529521153
            ],
            [
              10.662176559177283,
              36.771523997940484
            ],
            [
              10.662549574159932,
              36.771593500062934
            ],
            [
              10.66264565277319,
              36.771741586278104
            ],
            [
              10.662746574573477,
              36.772113748156585
            ],
            [
              10.662845882884167,
              36.77241121166323
            ],
            [
              10.66294034864894,
              36.77248460567557
            ],
            [
              10.663127666041172,
              36.77255670156305
            ],
            [
              10.663598383734097,
              36.772848977761825
            ],
            [
              10.664254801298666,
              36.77313865429279
            ],
            [
              10.664438889494049,
              36.773061364352486
            ],
            [
              10.664808681078268,
              36.772981475469564
            ],
            [
              10.665180088540199,
              36.77297627726854
            ],
            [
              10.665461878005937,
              36.773121761460445
            ],
            [
              10.665465111961561,
              36.77327114505964
            ],
            [
              10.665657285043785,
              36.773567312220116
            ],
            [
              10.66593584264837,
              36.773563411638065
            ],
            [
              10.666401723114117,
              36.77363160097833
            ],
            [
              10.666681899032259,
              36.77370239039481
            ],
            [
              10.667706508410665,
              36.77383745975709
            ],
            [
              10.667893833318557,
              36.7739095479251
            ],
            [
              10.668361337164624,
              36.77405242117247
            ],
            [
              10.668644756495548,
              36.77427258921463
            ],
            [
              10.668833703616196,
              36.774419367507036
            ],
            [
              10.668928177446531,
              36.77449275653254
            ],
            [
              10.669120366736035,
              36.774788911293996
            ],
            [
              10.669304453771892,
              36.7747116201959
            ],
            [
              10.669581393801446,
              36.774633013015396
            ],
            [
              10.66994956564233,
              36.77447842282244
            ],
            [
              10.670316106210912,
              36.774249133701495
            ],
            [
              10.67040733751924,
              36.77417313832463
            ],
            [
              10.670498568647563,
              36.77409714288136
            ],
            [
              10.670496946735202,
              36.774022451284296
            ],
            [
              10.670682652450589,
              36.7740198433867
            ],
            [
              10.670772260952525,
              36.77386915615328
            ],
            [
              10.671045951637492,
              36.77364116882776
            ],
            [
              10.671412492789395,
              36.77341187636856
            ],
            [
              10.671594951074129,
              36.773259883950224
            ],
            [
              10.672787408648489,
              36.77257069921211
            ],
            [
              10.672878635379403,
              36.77249469569956
            ],
            [
              10.673153939289953,
              36.772341395274076
            ],
            [
              10.673427609575223,
              36.77211340283665
            ],
            [
              10.6742551360991,
              36.77172819387913
            ],
            [
              10.67462328417834,
              36.77157358339991
            ],
            [
              10.674989804633169,
              36.771344280355216
            ],
            [
              10.675450798554971,
              36.77118836005501
            ],
            [
              10.675727719346014,
              36.771109745324736
            ],
            [
              10.676006258755274,
              36.77110582149809
            ],
            [
              10.676468876576585,
              36.77102458874712
            ],
            [
              10.676835388759098,
              36.770795280198705
            ],
            [
              10.677944685565183,
              36.77055549621371
            ],
            [
              10.678314449547527,
              36.77047556595588
            ],
            [
              10.678682583085779,
              36.7703209432359
            ],
            [
              10.679053975082587,
              36.770315702045984
            ],
            [
              10.679423736635275,
              36.77023576839397
            ],
            [
              10.67970064174338,
              36.77015714470011
            ],
            [
              10.679975923404305,
              36.770003835309296
            ],
            [
              10.680712177312566,
              36.76969457240523
            ],
            [
              10.68283132450177,
              36.76891747823191
            ],
            [
              10.68420930159079,
              36.768225549602334
            ],
            [
              10.685126287533446,
              36.767689564391866
            ],
            [
              10.685307069034303,
              36.76746286704162
            ],
            [
              10.685486213301203,
              36.76716147199531
            ],
            [
              10.68575656341768,
              36.76678407006392
            ],
            [
              10.686217506936355,
              36.766628109157544
            ],
            [
              10.686859222508549,
              36.76624544061211
            ],
            [
              10.687595411863342,
              36.765936142852546
            ],
            [
              10.687777820070785,
              36.76578412668333
            ],
            [
              10.688051431032548,
              36.765556101932326
            ],
            [
              10.688510723425393,
              36.76532544138969
            ],
            [
              10.68888208945369,
              36.76532017013067
            ],
            [
              10.689074330106347,
              36.765616298038715
            ],
            [
              10.689263293013248,
              36.76576304362235
            ],
            [
              10.689636300993023,
              36.76583246092793
            ],
            [
              10.689914827195109,
              36.765828504910836
            ],
            [
              10.690286179636047,
              36.76582322943136
            ],
            [
              10.690747107606983,
              36.76566725132367
            ],
            [
              10.691305800041091,
              36.76573402437133
            ],
            [
              10.691673883592177,
              36.7655793625578
            ],
            [
              10.69212823759691,
              36.76512461566494
            ],
            [
              10.692864393949467,
              36.76481528604413
            ],
            [
              10.693507704103565,
              36.76450727991308
            ],
            [
              10.69387906522798,
              36.76450199315751
            ],
            [
              10.694064745753865,
              36.76449934934529
            ],
            [
              10.694253715035037,
              36.76464608685187
            ],
            [
              10.694628366069306,
              36.764790172995774
            ],
            [
              10.694998083357214,
              36.76471019826538
            ],
            [
              10.695366154222956,
              36.76455552531253
            ],
            [
              10.696471988520036,
              36.76416619077099
            ],
            [
              10.697025732744178,
              36.76400886498204
            ],
            [
              10.697305898605427,
              36.76407958252723
            ],
            [
              10.697587712558649,
              36.764224990078226
            ],
            [
              10.697864583930826,
              36.76414632492609
            ],
            [
              10.698600706624699,
              36.76383696057574
            ],
            [
              10.699338472531629,
              36.76360228242489
            ],
            [
              10.704854180787716,
              36.76105781082481
            ],
            [
              10.707901177918927,
              36.76026696856163
            ],
            [
              10.709643449020508,
              36.75927066834924
            ],
            [
              10.711011041887618,
              36.75813029721972
            ],
            [
              10.712554285030057,
              36.75653910417242
            ],
            [
              10.714201934691715,
              36.75546937968572
            ],
            [
              10.7155876861873,
              36.75515055023972
            ],
            [
              10.718105707307837,
              36.75563721477058
            ],
            [
              10.720438100474478,
              36.75612650985815
            ],
            [
              10.721528646653194,
              36.75506473936658
            ],
            [
              10.722538050921695,
              36.75452713829204
            ],
            [
              10.722722033241455,
              36.75444976055631
            ],
            [
              10.722533037317987,
              36.75430306880506
            ],
            [
              10.722438539625967,
              36.754229722808475
            ],
            [
              10.722249544781352,
              36.75408303057337
            ],
            [
              10.721967724481724,
              36.75393768147371
            ],
            [
              10.72168090997964,
              36.753568261832164
            ],
            [
              10.721394082531782,
              36.753198841633015
            ],
            [
              10.721107257879337,
              36.75282942064851
            ],
            [
              10.720822105586826,
              36.75253469512987
            ],
            [
              10.720727611566035,
              36.752461341323276
            ],
            [
              10.720722603744855,
              36.75223727787565
            ],
            [
              10.720430779009252,
              36.751643785202376
            ],
            [
              10.720327942210474,
              36.75119698759843
            ],
            [
              10.720138958926618,
              36.751050291639324
            ],
            [
              10.719762662809163,
              36.75083158873712
            ],
            [
              10.719202391939037,
              36.7506902570528
            ],
            [
              10.718918922314495,
              36.750470210160294
            ],
            [
              10.718721607360816,
              36.749950067997446
            ],
            [
              10.718156344664107,
              36.7495846609917
            ],
            [
              10.717407111783842,
              36.74929662081072
            ],
            [
              10.716662879918038,
              36.74923264612939
            ],
            [
              10.716475573357625,
              36.74916063412684
            ],
            [
              10.716381087748205,
              36.74908728294257
            ],
            [
              10.716376093037542,
              36.74886321252538
            ],
            [
              10.716271619216247,
              36.74834172035741
            ],
            [
              10.71598650212771,
              36.74804697578871
            ],
            [
              10.715795870534144,
              36.747825582265236
            ],
            [
              10.71448644024044,
              36.74739617774052
            ],
            [
              10.713742228495272,
              36.74733218422373
            ],
            [
              10.713370953961359,
              36.74733753084557
            ],
            [
              10.713001340862709,
              36.74741756660106
            ],
            [
              10.712630065773487,
              36.747422910921976
            ],
            [
              10.712349948488294,
              36.7473522280863
            ],
            [
              10.711885854846775,
              36.747358905756045
            ],
            [
              10.711237783317397,
              36.74744294181468
            ],
            [
              10.710959326661118,
              36.74744694603962
            ],
            [
              10.710680869949837,
              36.74745094961334
            ],
            [
              10.710211798816438,
              36.7472335495872
            ],
            [
              10.70983389027252,
              36.74694012350784
            ],
            [
              10.709369798502294,
              36.74694679130137
            ],
            [
              10.708998540716152,
              36.74695212400774
            ],
            [
              10.708623936826005,
              36.746808075071684
            ],
            [
              10.708622279571925,
              36.74673338460175
            ],
            [
              10.70870848414246,
              36.74643328967596
            ],
            [
              10.708788042866722,
              36.74583443302348
            ],
            [
              10.70924382338204,
              36.74545431559803
            ],
            [
              10.709978063551265,
              36.745070201566826
            ],
            [
              10.710069221076504,
              36.74499417730113
            ],
            [
              10.710440484963078,
              36.744988841270754
            ],
            [
              10.710805111731187,
              36.74468474244673
            ],
            [
              10.71135702575548,
              36.74445266340823
            ],
            [
              10.711723306441465,
              36.74422325228899
            ],
            [
              10.71190229529013,
              36.74392182038311
            ],
            [
              10.712077961955808,
              36.74347100747843
            ],
            [
              10.712258608467506,
              36.743244271787205
            ],
            [
              10.712623219712382,
              36.74294016137307
            ],
            [
              10.712707728366217,
              36.742565380072364
            ],
            [
              10.712609932852773,
              36.742342644776286
            ],
            [
              10.712044755255768,
              36.7419772060771
            ],
            [
              10.711482902417279,
              36.74176114537652
            ],
            [
              10.711197828556447,
              36.74146638791025
            ],
            [
              10.710912756894798,
              36.741171629690264
            ],
            [
              10.710808332522793,
              36.74065013718038
            ],
            [
              10.7106177346341,
              36.740428734234214
            ],
            [
              10.71043045507989,
              36.74035671190853
            ],
            [
              10.710340961765034,
              36.74050742683874
            ],
            [
              10.710445382757754,
              36.74102891985783
            ],
            [
              10.71045533491164,
              36.74147706266603
            ],
            [
              10.710558099551546,
              36.74192387132517
            ],
            [
              10.71056307609049,
              36.742147942686806
            ],
            [
              10.710374133673769,
              36.74200122994077
            ],
            [
              10.709805652651758,
              36.74148639927945
            ],
            [
              10.709334963230582,
              36.74119430407764
            ],
            [
              10.70904824239576,
              36.74082485697256
            ],
            [
              10.708667072451997,
              36.74038204464475
            ],
            [
              10.708198050523347,
              36.740164635169265
            ],
            [
              10.707636221169135,
              36.73994855561369
            ],
            [
              10.7074456340095,
              36.73972714727879
            ],
            [
              10.707346201889195,
              36.73942971645627
            ],
            [
              10.707251736988423,
              36.73935635737102
            ],
            [
              10.706873879182165,
              36.739062920224626
            ],
            [
              10.706590487714116,
              36.7388428415192
            ],
            [
              10.706210980518282,
              36.73847471145002
            ],
            [
              10.705733707425464,
              36.73788384461569
            ],
            [
              10.705448669948016,
              36.737589072247275
            ],
            [
              10.705258095041573,
              36.7373676600101
            ],
            [
              10.704883560730588,
              36.73722359746206
            ],
            [
              10.704228955173,
              36.73700883045231
            ],
            [
              10.70385112036469,
              36.736715382998256
            ],
            [
              10.703380482445725,
              36.73642326267378
            ],
            [
              10.702914801468397,
              36.736355219186265
            ],
            [
              10.702449120963543,
              36.73628716119203
            ],
            [
              10.701892301375498,
              36.736295125572454
            ],
            [
              10.70151612850057,
              36.736076361224335
            ],
            [
              10.701045503205467,
              36.735784237633105
            ],
            [
              10.700856594397791,
              36.73563750874855
            ],
            [
              10.70076049130244,
              36.73548945326826
            ],
            [
              10.700385974105984,
              36.735345376062995
            ],
            [
              10.700102614648921,
              36.735125280938654
            ],
            [
              10.699910413040515,
              36.73482916853714
            ],
            [
              10.699628704663773,
              36.73468376315014
            ],
            [
              10.69953260515047,
              36.73453570656371
            ],
            [
              10.69933711225362,
              36.73409021113968
            ],
            [
              10.699146563571638,
              36.733868788311064
            ],
            [
              10.698866507305643,
              36.73379807830899
            ],
            [
              10.698308042439496,
              36.73373133465854
            ],
            [
              10.698026341031138,
              36.733585925269985
            ],
            [
              10.697744640670278,
              36.73344051518353
            ],
            [
              10.697555743862267,
              36.73329378069198
            ],
            [
              10.697459650104575,
              36.733145722250725
            ],
            [
              10.697360265700103,
              36.73284828155512
            ],
            [
              10.69726252750008,
              36.73262553183247
            ],
            [
              10.697257591333184,
              36.73240145855964
            ],
            [
              10.69725265522083,
              36.73217738527778
            ],
            [
              10.697342165500219,
              36.732026679583086
            ],
            [
              10.697241137837445,
              36.731654547585016
            ],
            [
              10.69714175655984,
              36.73135711289517
            ],
            [
              10.697034150571957,
              36.73068621615668
            ],
            [
              10.696556996848747,
              36.73009530237904
            ],
            [
              10.696171004542547,
              36.72942837909028
            ],
            [
              10.695789965788451,
              36.72898551500118
            ],
            [
              10.695306259612424,
              36.72809583700594
            ],
            [
              10.695016369925108,
              36.72757696351539
            ],
            [
              10.694824207506528,
              36.7272808415504
            ],
            [
              10.694719914002206,
              36.726759330467196
            ],
            [
              10.69480613812415,
              36.726459244059114
            ],
            [
              10.694985155660547,
              36.726157836107454
            ],
            [
              10.694887433497511,
              36.72593508379922
            ],
            [
              10.694506404422532,
              36.72549222127175
            ],
            [
              10.694037512507562,
              36.72527475208402
            ],
            [
              10.693848643151668,
              36.725128010817926
            ],
            [
              10.693752567198107,
              36.72497994874332
            ],
            [
              10.693750925659193,
              36.72490525742139
            ],
            [
              10.693653208753764,
              36.724682503922104
            ],
            [
              10.693457776843111,
              36.72423700294612
            ],
            [
              10.693171196773102,
              36.723867506654855
            ],
            [
              10.693164633171047,
              36.72356874121532
            ],
            [
              10.693252501272204,
              36.723343347078405
            ],
            [
              10.693615457648502,
              36.72296460942075
            ],
            [
              10.694162348401505,
              36.72250854432321
            ],
            [
              10.6944341492453,
              36.72220581638653
            ],
            [
              10.694520370097148,
              36.721905730067746
            ],
            [
              10.694329866453003,
              36.72168429796034
            ],
            [
              10.69404657548167,
              36.72146418619228
            ],
            [
              10.693670497936605,
              36.72124539408082
            ],
            [
              10.693476716314354,
              36.72087457771901
            ],
            [
              10.693282936614262,
              36.72050376097158
            ],
            [
              10.693180305018437,
              36.72005693254036
            ],
            [
              10.693172101623173,
              36.71968347550063
            ],
            [
              10.693443896924807,
              36.719380749844476
            ],
            [
              10.69362290452814,
              36.71907934388435
            ],
            [
              10.69389469612248,
              36.71877662359978
            ],
            [
              10.693979274411404,
              36.71840184615597
            ],
            [
              10.693971067642087,
              36.718028389166626
            ],
            [
              10.693681227488995,
              36.71750951670995
            ],
            [
              10.693111401471334,
              36.71691990528944
            ],
            [
              10.69254158423832,
              36.716330290860085
            ],
            [
              10.691973415059515,
              36.715815364927984
            ],
            [
              10.69178457338595,
              36.71566861946646
            ],
            [
              10.69159409354354,
              36.715447182159146
            ],
            [
              10.69149639586683,
              36.715224426081896
            ],
            [
              10.691400337447904,
              36.71507636143928
            ],
            [
              10.691393782799807,
              36.714777595284
            ],
            [
              10.691294448080928,
              36.714480147433754
            ],
            [
              10.691007916422572,
              36.71411065048622
            ],
            [
              10.690623694585868,
              36.71351838945028
            ],
            [
              10.690335532167014,
              36.713074192722715
            ],
            [
              10.690239478920198,
              36.71292613329666
            ],
            [
              10.689959506546966,
              36.71285538726612
            ],
            [
              10.6896795349414,
              36.71278465322453
            ],
            [
              10.689585119950076,
              36.71271127852668
            ],
            [
              10.689397927093486,
              36.712639220535046
            ],
            [
              10.689301876052827,
              36.71249115395082
            ],
            [
              10.689020285708365,
              36.71234572009165
            ],
            [
              10.688738680677414,
              36.712200285758634
            ],
            [
              10.688461983655959,
              36.712278925789
            ],
            [
              10.68827806381211,
              36.71235624935644
            ],
            [
              10.687999730501641,
              36.712360196638336
            ],
            [
              10.68753420676133,
              36.71229208227571
            ],
            [
              10.687252604593734,
              36.712146644347335
            ],
            [
              10.686878226072949,
              36.71200252052525
            ],
            [
              10.68668450165801,
              36.711631691118015
            ],
            [
              10.686489145472004,
              36.711186169550984
            ],
            [
              10.686297058590522,
              36.71089003114788
            ],
            [
              10.686008931095225,
              36.71044582286456
            ],
            [
              10.685811949080104,
              36.709925608110154
            ],
            [
              10.685711009989475,
              36.70955346916253
            ],
            [
              10.68531052835745,
              36.70821427676861
            ],
            [
              10.685120085948395,
              36.70799282788452
            ],
            [
              10.6848368722335,
              36.70777269174309
            ],
            [
              10.684646432294596,
              36.70755124202251
            ],
            [
              10.684073488022433,
              36.70681219889441
            ],
            [
              10.683222243562879,
              36.706077088175974
            ],
            [
              10.682566347630543,
              36.70578750037717
            ],
            [
              10.682375919192094,
              36.705566046660195
            ],
            [
              10.682927632923475,
              36.705334103256696
            ],
            [
              10.68348098941361,
              36.70517684911541
            ],
            [
              10.684123850776988,
              36.70486890252232
            ],
            [
              10.68448513837181,
              36.70441550072676
            ],
            [
              10.684753653943838,
              36.70396341081185
            ],
            [
              10.684748759367254,
              36.7037393413403
            ],
            [
              10.684833368749679,
              36.70336456877573
            ],
            [
              10.68444925031632,
              36.70277228419495
            ],
            [
              10.684345066156226,
              36.70225075298672
            ],
            [
              10.684336910812753,
              36.701877293124774
            ],
            [
              10.684333648717415,
              36.70172790917298
            ],
            [
              10.684325493584193,
              36.70135444927598
            ],
            [
              10.684405209689011,
              36.70075560092811
            ],
            [
              10.684854346355774,
              36.70007680978362
            ],
            [
              10.685031714753817,
              36.69970073045306
            ],
            [
              10.68521071309552,
              36.699399336521594
            ],
            [
              10.685199290977833,
              36.69887649268998
            ],
            [
              10.685191132640933,
              36.69850303911111
            ],
            [
              10.685181342668999,
              36.69805488718635
            ],
            [
              10.685361968655197,
              36.69782818504937
            ],
            [
              10.685723217489985,
              36.69737478000952
            ],
            [
              10.685903840338604,
              36.69714807710665
            ],
            [
              10.685993335186602,
              36.69699737957334
            ],
            [
              10.686177221453917,
              36.696920060224414
            ],
            [
              10.68616742632185,
              36.69647190840792
            ],
            [
              10.686253654764016,
              36.696171826749456
            ],
            [
              10.686797140568448,
              36.69556641335468
            ],
            [
              10.686979389260006,
              36.69541439456888
            ],
            [
              10.687067246935943,
              36.69518901066735
            ],
            [
              10.68696469060218,
              36.6947421732691
            ],
            [
              10.686865401660295,
              36.69444471966398
            ],
            [
              10.686580601613024,
              36.69414989406618
            ],
            [
              10.686481314991019,
              36.693852440054805
            ],
            [
              10.686380396779303,
              36.693480300256326
            ],
            [
              10.686186724741463,
              36.69310946768139
            ],
            [
              10.685805914088627,
              36.692666569521315
            ],
            [
              10.685706632560768,
              36.69236911466727
            ],
            [
              10.68569521000457,
              36.69184627035064
            ],
            [
              10.685680524431888,
              36.69117404820232
            ],
            [
              10.685859501600065,
              36.690872647120976
            ],
            [
              10.686220716646117,
              36.69041924730184
            ],
            [
              10.686399690177256,
              36.69011785180113
            ],
            [
              10.68630367453441,
              36.68996978139487
            ],
            [
              10.685929406896191,
              36.68982565127427
            ],
            [
              10.68555514061988,
              36.68968151993749
            ],
            [
              10.685180875705486,
              36.689537387384526
            ],
            [
              10.685086494167606,
              36.68946400800534
            ],
            [
              10.68507997018324,
              36.68916524591983
            ],
            [
              10.68515967155348,
              36.688566396362674
            ],
            [
              10.685239371868246,
              36.68796754672603
            ],
            [
              10.68494481800887,
              36.68722456336263
            ],
            [
              10.684464776371048,
              36.68648420339565
            ],
            [
              10.6837862159997,
              36.68514893948944
            ],
            [
              10.683685323586559,
              36.684776789929664
            ],
            [
              10.683016564572403,
              36.68388966135035
            ],
            [
              10.682438935857398,
              36.68292652581941
            ],
            [
              10.682150956661784,
              36.682482302737775
            ],
            [
              10.682045193082386,
              36.68188607440324
            ],
            [
              10.682037054893437,
              36.681512612819596
            ],
            [
              10.681749067839112,
              36.68106838869268
            ],
            [
              10.681646564088936,
              36.680621544429286
            ],
            [
              10.681641682814146,
              36.68039748005039
            ],
            [
              10.681636801317449,
              36.680173403000595
            ],
            [
              10.681819025476168,
              36.680021398740536
            ],
            [
              10.681900357224183,
              36.67949724265266
            ],
            [
              10.681797870773744,
              36.67905039815347
            ],
            [
              10.6816953698816,
              36.67860355372565
            ],
            [
              10.681781598614917,
              36.67830347450982
            ],
            [
              10.681952426887307,
              36.677628623527795
            ],
            [
              10.68203377157172,
              36.67710446701218
            ],
            [
              10.682027262184674,
              36.676805697505145
            ],
            [
              10.681934526827456,
              36.67680700738299
            ],
            [
              10.680644361228541,
              36.67719880024147
            ],
            [
              10.680100949830997,
              36.6778041915895
            ],
            [
              10.678524426011604,
              36.6778264247126
            ],
            [
              10.677125268758834,
              36.677472561961615
            ],
            [
              10.67630037210905,
              36.677932469613495
            ],
            [
              10.675216703120983,
              36.67929259739359
            ],
            [
              10.673464390589105,
              36.67976552932175
            ],
            [
              10.67319264851876,
              36.68006820971612
            ],
            [
              10.67219192773399,
              36.68097883965814
            ],
            [
              10.670810522945828,
              36.68144652366427
            ],
            [
              10.668236367829346,
              36.682528631985896
            ],
            [
              10.667040389060302,
              36.68299367466696
            ],
            [
              10.666770223334188,
              36.683371034042445
            ],
            [
              10.66640892323243,
              36.68382438373265
            ],
            [
              10.666223434179573,
              36.68382697951538
            ],
            [
              10.665946812758909,
              36.68390556555253
            ],
            [
              10.665769383676267,
              36.68428162516294
            ],
            [
              10.665411297005505,
              36.68488435783089
            ],
            [
              10.665046767057287,
              36.68518831771393
            ],
            [
              10.663382163513564,
              36.68543572995732
            ],
            [
              10.662918430449498,
              36.68544220732852
            ],
            [
              10.662833730010929,
              36.68581695492795
            ],
            [
              10.662749029091312,
              36.68619171512719
            ],
            [
              10.662758684684823,
              36.686639873089725
            ],
            [
              10.66304497671313,
              36.68700945203732
            ],
            [
              10.663232083472476,
              36.68708155398157
            ],
            [
              10.6632369128002,
              36.68730563287878
            ],
            [
              10.663053024696488,
              36.68738291690104
            ],
            [
              10.66305624393133,
              36.68753230283953
            ],
            [
              10.663523209666506,
              36.687675210516055
            ],
            [
              10.663529650047163,
              36.68797398230293
            ],
            [
              10.663719980198772,
              36.68819546927488
            ],
            [
              10.663638501946163,
              36.68871961578283
            ],
            [
              10.663739304274495,
              36.68909178441936
            ],
            [
              10.663945743778573,
              36.690060193677226
            ],
            [
              10.663888424872964,
              36.69170472723768
            ],
            [
              10.663261359181988,
              36.701351742943004
            ],
            [
              10.665063365000066,
              36.70745318982566
            ],
            [
              10.665699051948813,
              36.71110532740746
            ],
            [
              10.665236778337892,
              36.71118651026278
            ],
            [
              10.662554298185078,
              36.71159758150088
            ],
            [
              10.659969374345533,
              36.71223137774612
            ],
            [
              10.654906619008079,
              36.71416974488608
            ],
            [
              10.653902045262157,
              36.71493085933021
            ],
            [
              10.65335496117921,
              36.71538674455593
            ],
            [
              10.652270387012974,
              36.71674667847149
            ],
            [
              10.651086581556545,
              36.71780911821134
            ],
            [
              10.648512536863887,
              36.718965517686215
            ],
            [
              10.647687027874523,
              36.71942523933485
            ],
            [
              10.647133490836966,
              36.71958233103752
            ],
            [
              10.646664761906528,
              36.719364670665975
            ],
            [
              10.646389595851312,
              36.719517901232244
            ],
            [
              10.64564091045492,
              36.7192293998369
            ],
            [
              10.644901793749401,
              36.719389046783064
            ],
            [
              10.643617091423549,
              36.72007922485761
            ],
            [
              10.641981898941262,
              36.72174552985669
            ],
            [
              10.6414410585207,
              36.72250014244317
            ],
            [
              10.639234704710265,
              36.72350184799378
            ],
            [
              10.637484323262495,
              36.7241236579812
            ],
            [
              10.636954535778639,
              36.72540109925032
            ],
            [
              10.63763585173246,
              36.72688603251061
            ],
            [
              10.637823026592963,
              36.72695817223595
            ],
            [
              10.633766858708189,
              36.72828407340244
            ],
            [
              10.633579676264468,
              36.72821192740432
            ],
            [
              10.633659807615759,
              36.727613111459625
            ],
            [
              10.633931868608924,
              36.72731051562781
            ],
            [
              10.633739937763448,
              36.727014289102804
            ],
            [
              10.63373202011984,
              36.72664082121535
            ],
            [
              10.633436212222865,
              36.72582301267657
            ],
            [
              10.633327585197414,
              36.725077356399446
            ],
            [
              10.63330858922721,
              36.72418103295084
            ],
            [
              10.63311666898911,
              36.72388480501846
            ],
            [
              10.632831956513115,
              36.72358985608121
            ],
            [
              10.632621052886034,
              36.72239730324459
            ],
            [
              10.632525096229392,
              36.722249188638585
            ],
            [
              10.632153927051217,
              36.722254278897616
            ],
            [
              10.631422655665649,
              36.722787311971324
            ],
            [
              10.630961851912813,
              36.72294305785816
            ],
            [
              10.630683480184738,
              36.72294687195866
            ],
            [
              10.63030598739363,
              36.722653181534426
            ],
            [
              10.629750809491204,
              36.72273549995906
            ],
            [
              10.629016358988348,
              36.7231191311452
            ],
            [
              10.628366804404585,
              36.72312801937207
            ],
            [
              10.628176483543367,
              36.72290647671789
            ],
            [
              10.628355757730711,
              36.7226051625802
            ],
            [
              10.628442238015321,
              36.72230511775659
            ],
            [
              10.627783232988994,
              36.721865839423955
            ],
            [
              10.627489085032517,
              36.72112270733548
            ],
            [
              10.62692760815154,
              36.720906236824284
            ],
            [
              10.62673729706559,
              36.72068469155106
            ],
            [
              10.626724686195516,
              36.72008714652877
            ],
            [
              10.626340918588756,
              36.71949466691899
            ],
            [
              10.626336190774717,
              36.719270585079926
            ],
            [
              10.625139382145328,
              36.7197352242685
            ],
            [
              10.62504659254244,
              36.71973649111008
            ],
            [
              10.621800532093479,
              36.719855472691414
            ],
            [
              10.62133659039726,
              36.719861793073434
            ],
            [
              10.620040670725269,
              36.72002887550433
            ],
            [
              10.619392708388235,
              36.72011240197969
            ],
            [
              10.617626564218767,
              36.719986992407925
            ],
            [
              10.615314640484776,
              36.72039196081607
            ],
            [
              10.612854616070203,
              36.72259207199661
            ],
            [
              10.610787493725242,
              36.72583282184488
            ],
            [
              10.610334431413856,
              36.72636196145436
            ],
            [
              10.609785447309179,
              36.72674296561953
            ],
            [
              10.6098844838253,
              36.7270404883625
            ],
            [
              10.609981968463293,
              36.727263316432676
            ],
            [
              10.610079445817746,
              36.727486144507644
            ],
            [
              10.61075870828347,
              36.72889654267962
            ],
            [
              10.610854632539414,
              36.729044675504376
            ],
            [
              10.611048039946548,
              36.72941563532317
            ],
            [
              10.611244580973393,
              36.729935983398114
            ],
            [
              10.611340507517191,
              36.73008411575184
            ],
            [
              10.61134363157691,
              36.73023350448189
            ],
            [
              10.611345193483,
              36.730308192514286
            ],
            [
              10.611348317577237,
              36.730457581238355
            ],
            [
              10.611353003761742,
              36.73068166431697
            ],
            [
              10.611278944534465,
              36.73157925299678
            ],
            [
              10.611208007910413,
              36.732626223890996
            ],
            [
              10.61131643524358,
              36.73337191076612
            ],
            [
              10.611325808471808,
              36.73382007670152
            ],
            [
              10.611431114328337,
              36.734416374642066
            ],
            [
              10.611539546983728,
              36.73516206098376
            ],
            [
              10.611646415288872,
              36.73583304652572
            ],
            [
              10.611652665922358,
              36.736131823647604
            ],
            [
              10.61165891664794,
              36.73643060075355
            ],
            [
              10.611669855639308,
              36.73695346065059
            ],
            [
              10.611680794780261,
              36.73747631416767
            ],
            [
              10.611608302520029,
              36.738448596329484
            ],
            [
              10.61146174316456,
              36.74031845973889
            ],
            [
              10.611475807901618,
              36.74099070779418
            ],
            [
              10.611395493753353,
              36.74158951839136
            ],
            [
              10.611403307478543,
              36.741962989475425
            ],
            [
              10.611412684006265,
              36.74241114841229
            ],
            [
              10.611420498048048,
              36.74278461944151
            ],
            [
              10.611516441850917,
              36.74293275094699
            ],
            [
              10.611521130649226,
              36.74315683353639
            ],
            [
              10.61171458314067,
              36.743527790428885
            ],
            [
              10.611810524544408,
              36.74367592169628
            ],
            [
              10.611908037550561,
              36.74389874693903
            ],
            [
              10.61200397980925,
              36.744046878021166
            ],
            [
              10.612098362821355,
              36.744120314798906
            ],
            [
              10.612384640632621,
              36.7444900129461
            ],
            [
              10.612667792806626,
              36.744710315719566
            ],
            [
              10.612574972572794,
              36.74471157356867
            ],
            [
              10.61239089609453,
              36.74478878952385
            ],
            [
              10.612205259341843,
              36.74479130466904
            ],
            [
              10.612021178083818,
              36.74486850745587
            ],
            [
              10.611744283896373,
              36.744946973398406
            ],
            [
              10.611467385188508,
              36.74502543876238
            ],
            [
              10.61128174384634,
              36.74502795253407
            ],
            [
              10.611096102481152,
              36.745030466016296
            ],
            [
              10.610817640390215,
              36.745034235696934
            ],
            [
              10.610631998967488,
              36.74503674845555
            ],
            [
              10.610539178247498,
              36.745038004726325
            ],
            [
              10.61035197881136,
              36.7449658227828
            ],
            [
              10.609604729921202,
              36.74475178642737
            ],
            [
              10.608577464378111,
              36.74446682171316
            ],
            [
              10.606987056468931,
              36.74389058611084
            ],
            [
              10.605958257591663,
              36.74353089745638
            ],
            [
              10.60521103787584,
              36.743316832760215
            ],
            [
              10.60483820578443,
              36.7432471458575
            ],
            [
              10.604651011832955,
              36.743174954738116
            ],
            [
              10.60446537432606,
              36.74317745776897
            ],
            [
              10.604279740731242,
              36.74317996045734
            ],
            [
              10.60418691802274,
              36.74318121177259
            ],
            [
              10.60400128045855,
              36.743183714079855
            ],
            [
              10.603815646806446,
              36.74318621604468
            ],
            [
              10.603630009196428,
              36.743188717773094
            ],
            [
              10.603445926682861,
              36.743265913702494
            ],
            [
              10.602983386726658,
              36.74334686055694
            ],
            [
              10.602522399972052,
              36.74350250015647
            ],
            [
              10.601968595784554,
              36.743659387503506
            ],
            [
              10.601137879212972,
              36.74389471386388
            ],
            [
              10.6002143412131,
              36.74413128267486
            ],
            [
              10.599476438144384,
              36.744365349415375
            ],
            [
              10.599199527940428,
              36.74444378647961
            ],
            [
              10.598645705777558,
              36.74460065871204
            ],
            [
              10.597999060189158,
              36.74475876856684
            ],
            [
              10.597630879398437,
              36.74491314308205
            ],
            [
              10.597538058235896,
              36.744914389208574
            ],
            [
              10.597353965338026,
              36.74499158226693
            ],
            [
              10.597355514525423,
              36.745066270626054
            ],
            [
              10.59717142094551,
              36.74514345708204
            ],
            [
              10.596990424947231,
              36.74537003266157
            ],
            [
              10.596354608066633,
              36.74605100308836
            ],
            [
              10.59590287889864,
              36.74665478599811
            ],
            [
              10.595449598969239,
              36.747183866188216
            ],
            [
              10.594996309080011,
              36.74771295113973
            ],
            [
              10.594724022804053,
              36.748015462382135
            ],
            [
              10.594360459541571,
              36.7483939114879
            ],
            [
              10.594270727082266,
              36.7485445446828
            ],
            [
              10.594180994280446,
              36.74869517781478
            ],
            [
              10.594182540732247,
              36.74876987257405
            ],
            [
              10.594184087189745,
              36.74884456733232
            ],
            [
              10.59418563365294,
              36.74891926208958
            ],
            [
              10.594188726596418,
              36.749068651601135
            ],
            [
              10.594309391917971,
              36.75041190700016
            ],
            [
              10.594436249942502,
              36.75205394705509
            ],
            [
              10.594439343593065,
              36.7522033301384
            ],
            [
              10.594440890492448,
              36.75227802484414
            ],
            [
              10.593531140901465,
              36.75318679689141
            ],
            [
              10.592528541334277,
              36.754096798463586
            ],
            [
              10.592257768424668,
              36.75447399927865
            ],
            [
              10.591985448243241,
              36.75477650475549
            ],
            [
              10.591804419047138,
              36.755003072950366
            ],
            [
              10.591807508057304,
              36.75515246248204
            ],
            [
              10.591903427089095,
              36.755300610103795
            ],
            [
              10.592000895149559,
              36.75552345233677
            ],
            [
              10.592189653339013,
              36.75567035752839
            ],
            [
              10.592378412247943,
              36.755817262399574
            ],
            [
              10.592567171876356,
              36.75596416695034
            ],
            [
              10.592661551960367,
              36.75603761910558
            ],
            [
              10.592944693291644,
              36.75625797509061
            ],
            [
              10.593133451142835,
              36.75640487873278
            ],
            [
              10.59323092817765,
              36.75662771974573
            ],
            [
              10.593418145133224,
              36.75669992181966
            ],
            [
              10.59360690497441,
              36.75684682465203
            ],
            [
              10.593705926496598,
              36.75714435993848
            ],
            [
              10.59370901943436,
              36.75729374927801
            ],
            [
              10.593806495402513,
              36.75751658977261
            ],
            [
              10.593903971955893,
              36.75773943016567
            ],
            [
              10.593907065344572,
              36.75788881947584
            ],
            [
              10.593908612047459,
              36.75796351412941
            ],
            [
              10.594004542697258,
              36.75811165975467
            ],
            [
              10.594100473723932,
              36.758259805290095
            ],
            [
              10.594289242697108,
              36.758406706826094
            ],
            [
              10.594383627453535,
              36.75848015747392
            ],
            [
              10.594481106983235,
              36.75870299728951
            ],
            [
              10.594577039691627,
              36.75885114238647
            ],
            [
              10.59486019698047,
              36.759071493329245
            ],
            [
              10.595047417459696,
              36.75914369268248
            ],
            [
              10.595141807782412,
              36.75921714262783
            ],
            [
              10.595330577160032,
              36.75936404243645
            ],
            [
              10.595423415830584,
              36.759362797614344
            ],
            [
              10.595517802841412,
              36.75943624729632
            ],
            [
              10.595703480333903,
              36.759433757283375
            ],
            [
              10.595797867693129,
              36.75950720673368
            ],
            [
              10.595890706515068,
              36.759505961542835
            ],
            [
              10.595985094138443,
              36.759579410837254
            ],
            [
              10.596172316990595,
              36.759651614689545
            ],
            [
              10.596545226166576,
              36.759721326789055
            ],
            [
              10.596638061276876,
              36.75972008106172
            ],
            [
              10.5968268386254,
              36.75986697833192
            ],
            [
              10.59692122756952,
              36.759940426846825
            ],
            [
              10.597017166530092,
              36.76008856979524
            ],
            [
              10.597018716372352,
              36.76016326430789
            ],
            [
              10.59721059562706,
              36.7604595499244
            ],
            [
              10.597306535819833,
              36.760607692597844
            ],
            [
              10.597496866987107,
              36.76082928318934
            ],
            [
              10.597688749808585,
              36.76112556791789
            ],
            [
              10.597786242438033,
              36.761348404617124
            ],
            [
              10.597883735521481,
              36.76157123488363
            ],
            [
              10.597886837059336,
              36.76172062380743
            ],
            [
              10.598075617828258,
              36.76186751892463
            ],
            [
              10.598173116521291,
              36.76209035517732
            ],
            [
              10.598457843468836,
              36.76238539139118
            ],
            [
              10.598555340032313,
              36.76260822732212
            ],
            [
              10.59855999447682,
              36.76283231059368
            ],
            [
              10.598750334915781,
              36.7630538988792
            ],
            [
              10.59903196771298,
              36.763199544673505
            ],
            [
              10.59912636290001,
              36.76327299124902
            ],
            [
              10.599316706072264,
              36.76349457854648
            ],
            [
              10.599507046416662,
              36.76371616555775
            ],
            [
              10.599695839021152,
              36.76386305147848
            ],
            [
              10.59969894433201,
              36.76401244021235
            ],
            [
              10.599794893921029,
              36.76416058057035
            ],
            [
              10.599796446686446,
              36.76423527493042
            ],
            [
              10.59989395356256,
              36.76445810949394
            ],
            [
              10.599989900172396,
              36.76460624971435
            ],
            [
              10.600084298020004,
              36.76467969544894
            ],
            [
              10.600085851095379,
              36.76475438979191
            ],
            [
              10.600274647521825,
              36.76490128101189
            ],
            [
              10.600369046004971,
              36.76497472650162
            ],
            [
              10.600463444668065,
              36.7650481719112
            ],
            [
              10.60065068888456,
              36.76512036817312
            ],
            [
              10.600653796189372,
              36.7652697568056
            ],
            [
              10.600938548573243,
              36.765564786360855
            ],
            [
              10.601127344685443,
              36.76571167617333
            ],
            [
              10.601503396355481,
              36.76593076040195
            ],
            [
              10.601597793337543,
              36.76600420489813
            ],
            [
              10.601692194303952,
              36.76607764293005
            ],
            [
              10.6017881503915,
              36.76622578147515
            ],
            [
              10.601976953679065,
              36.76637266979158
            ],
            [
              10.602074465803035,
              36.7665955023248
            ],
            [
              10.602077576036194,
              36.76674489081607
            ],
            [
              10.60236389483599,
              36.767114610857384
            ],
            [
              10.602552697495408,
              36.76726149821222
            ],
            [
              10.602741508747163,
              36.767408385140286
            ],
            [
              10.602743064553783,
              36.76748307935178
            ],
            [
              10.602933428784398,
              36.767704660205155
            ],
            [
              10.603123790187237,
              36.76792624077231
            ],
            [
              10.603311043844334,
              36.76799843258171
            ],
            [
              10.60368243867639,
              36.767993426949424
            ],
            [
              10.603778400928483,
              36.76814155736086
            ],
            [
              10.603784628509997,
              36.76844034034332
            ],
            [
              10.604070961835248,
              36.76881004949043
            ],
            [
              10.60482310641737,
              36.769248196828045
            ],
            [
              10.605400463876487,
              36.7702117038164
            ],
            [
              10.60504152416163,
              36.77081426144992
            ],
            [
              10.605603312734097,
              36.77103083249365
            ],
            [
              10.606259516066212,
              36.771320828550046
            ],
            [
              10.606446776921375,
              36.771393015163376
            ],
            [
              10.606547428226662,
              36.77176523141951
            ],
            [
              10.606934441944853,
              36.772507155238756
            ],
            [
              10.607326141166658,
              36.773473159489036
            ],
            [
              10.607905128204614,
              36.77451133968451
            ],
            [
              10.608391273824926,
              36.77555077832183
            ],
            [
              10.608491940534313,
              36.775922985989936
            ],
            [
              10.6086917152338,
              36.77659271971652
            ],
            [
              10.608886806659442,
              36.777038371358046
            ],
            [
              10.609089712995424,
              36.77785748551304
            ],
            [
              10.609292620161753,
              36.778676605492514
            ],
            [
              10.609391737016105,
              36.778974124459495
            ],
            [
              10.609583708834093,
              36.77927038696685
            ],
            [
              10.609682827656144,
              36.77956790561665
            ],
            [
              10.609874802144834,
              36.779864167562316
            ],
            [
              10.610257199692054,
              36.78038199649406
            ],
            [
              10.610548302667011,
              36.7809757751052
            ],
            [
              10.611121133699266,
              36.781715154698325
            ],
            [
              10.611313119308301,
              36.782011413953725
            ],
            [
              10.611503545216527,
              36.78223297909205
            ],
            [
              10.611692406894822,
              36.782379850196
            ],
            [
              10.612257430343641,
              36.78274576791224
            ],
            [
              10.613200188591263,
              36.783405420271635
            ],
            [
              10.613954096407106,
              36.78391819768138
            ],
            [
              10.614519137846985,
              36.78428410407453
            ],
            [
              10.615745252145,
              36.78516403383784
            ],
            [
              10.61678250582225,
              36.78589708808782
            ],
            [
              10.61763247438482,
              36.78655795264435
            ],
            [
              10.61886337807954,
              36.78766192831979
            ],
            [
              10.619428474103335,
              36.78802780986419
            ],
            [
              10.620904972242583,
              36.787559410119286
            ],
            [
              10.62228858880713,
              36.78709225900521
            ],
            [
              10.623396731151768,
              36.78677828135796
            ],
            [
              10.62478031000579,
              36.786311114671534
            ],
            [
              10.625704270238579,
              36.78607433343477
            ],
            [
              10.62588842989812,
              36.78599710162382
            ],
            [
              10.626348029910789,
              36.785766687098224
            ],
            [
              10.626714765935247,
              36.78553752816531
            ],
            [
              10.627541099590628,
              36.78507793640217
            ],
            [
              10.627632386839096,
              36.785001972618126
            ],
            [
              10.627722092870382,
              36.784851315696486
            ],
            [
              10.62790150390469,
              36.784550001665046
            ],
            [
              10.628079332223137,
              36.78417399431647
            ],
            [
              10.628350025492441,
              36.78379671548888
            ],
            [
              10.628798538511951,
              36.783043427744914
            ],
            [
              10.629067642211089,
              36.78259145434604
            ],
            [
              10.6291541781933,
              36.782291410322046
            ],
            [
              10.62958525839758,
              36.78071650900412
            ],
            [
              10.629671790515724,
              36.78041646461398
            ],
            [
              10.629851184119438,
              36.780115147866695
            ],
            [
              10.630213133510034,
              36.77966189971018
            ],
            [
              10.630666356115666,
              36.77913268458314
            ],
            [
              10.630847326687354,
              36.778906059472924
            ],
            [
              10.631028296207852,
              36.77867943410521
            ],
            [
              10.631391816311126,
              36.77830087561525
            ],
            [
              10.631572782840706,
              36.77807424947121
            ],
            [
              10.631753748319158,
              36.77784762306971
            ],
            [
              10.631934712746496,
              36.77762099641076
            ],
            [
              10.632296630574535,
              36.77716774242854
            ],
            [
              10.632570450145245,
              36.77693984700315
            ],
            [
              10.632751410086588,
              36.776713219179896
            ],
            [
              10.633294283604474,
              36.77603333416564
            ],
            [
              10.633840320518146,
              36.775502832759514
            ],
            [
              10.634112542961857,
              36.77520024102234
            ],
            [
              10.634200638665307,
              36.77497488661334
            ],
            [
              10.634381589310404,
              36.77474825646966
            ],
            [
              10.634472857737622,
              36.77467228777553
            ],
            [
              10.634471270741571,
              36.77459759482681
            ]
          ]
        ]
      }
    },
    {
      "type": "Feature",
      "id": "osm:relation:7101605",
      "properties": {
        "sourcePdf": {
          "file": "C:/Users/barou/Documents/Codex/2026-09-06/the-android-app-app-currently-allows/work/arima-joufia-receiving-own-map-source-review/menzel-bouzelfa-joufia.pdf",
          "sha256": "b828a2a54b8cde4e2dbdb0894319a3ca051c08066fa89fc07d76c18928a15b58",
          "bytes": 1633073
        },
        "sourceUrl": "https://www.isie.tn/wp-content/uploads/2023/CartesCirconscriptionsElectoralesLocales2023/%D9%86%D8%A7%D8%A8%D9%84%202/%D9%85%D9%86%D8%B2%D9%84%20%D8%A8%D9%88%D8%B2%D9%84%D9%81%D8%A9/%D9%85%D9%86%D8%B2%D9%84%20%D8%A8%D9%88%D8%B2%D9%84%D9%81%D8%A9%20%D8%A7%D9%84%D8%AC%D9%88%D9%81%D9%8A%D8%A9.pdf",
        "registryCode": "156253",
        "registryRow": {
          "governorateCode": "15",
          "governorateFr": "Nabeul",
          "governorateAr": "نابل",
          "delegationCode": "1562",
          "delegationFr": "Menzel bouzelfa",
          "delegationAr": "منزل بوزلفة",
          "sectorCode": "156253",
          "sectorFr": "Menzel bou zelfa nord",
          "sectorAr": "منزل بوزلفة الجوفية",
          "sourceRows": {
            "Population_Secteur_Age_Sexe_Dynamique.xlsx": 13635,
            "Nombre_de_Logements_par_Secteurs.xlsx": 552,
            "Nombre_de_menages_par_Secteurs.xlsx": 551
          }
        },
        "selectedDrawingIndex": 374,
        "nativeVertexCount": 578
      },
      "geometry": {
        "type": "Polygon",
        "coordinates": [
          [
            [
              10.609747437073494,
              36.72675286451076
            ],
            [
              10.61034556493652,
              36.72636523306499
            ],
            [
              10.610805623697372,
              36.7258167975661
            ],
            [
              10.612826293447467,
              36.722590386177885
            ],
            [
              10.615339643027662,
              36.72038748836038
            ],
            [
              10.617620987002875,
              36.7199770069874
            ],
            [
              10.61937502184159,
              36.72011586551421
            ],
            [
              10.62004606135532,
              36.71999830631175
            ],
            [
              10.621323088921624,
              36.71987250532208
            ],
            [
              10.621860603660437,
              36.7198109734738
            ],
            [
              10.62502517072841,
              36.71976788878107
            ],
            [
              10.625159833493335,
              36.71976605351803
            ],
            [
              10.62629419115096,
              36.71926258920347
            ],
            [
              10.626366092204568,
              36.71947849680813
            ],
            [
              10.626783769998546,
              36.72012346395203
            ],
            [
              10.626727852317373,
              36.72066644274927
            ],
            [
              10.626934414916713,
              36.72088051274028
            ],
            [
              10.627477640997583,
              36.721089987767996
            ],
            [
              10.627831436613585,
              36.721898488875084
            ],
            [
              10.628379242732303,
              36.72232478062209
            ],
            [
              10.628317622277784,
              36.72259673224718
            ],
            [
              10.62818866743831,
              36.72286960330743
            ],
            [
              10.62839524013277,
              36.723083670440175
            ],
            [
              10.629069719108124,
              36.7231286793014
            ],
            [
              10.629802389197406,
              36.722739112886224
            ],
            [
              10.630339915608362,
              36.72267754243062
            ],
            [
              10.63068230573993,
              36.72294397040843
            ],
            [
              10.630951641589247,
              36.72294028665805
            ],
            [
              10.631352205274831,
              36.72277214096595
            ],
            [
              10.632148757507355,
              36.722219020225516
            ],
            [
              10.632485423901315,
              36.72221441137239
            ],
            [
              10.632692006416596,
              36.72242847081553
            ],
            [
              10.632850735360368,
              36.72356495891302
            ],
            [
              10.633059614630158,
              36.72388743011884
            ],
            [
              10.633334678750648,
              36.72415477233693
            ],
            [
              10.63328797502062,
              36.72513139830232
            ],
            [
              10.633437554609635,
              36.72583423468643
            ],
            [
              10.633724092920612,
              36.72664363812398
            ],
            [
              10.633730972493193,
              36.726968875527795
            ],
            [
              10.633872527497424,
              36.727292267469885
            ],
            [
              10.633677394020777,
              36.72762027295387
            ],
            [
              10.63355418326291,
              36.72816418047894
            ],
            [
              10.633758491693682,
              36.72826981576483
            ],
            [
              10.63777235349717,
              36.726967652845914
            ],
            [
              10.637635380310398,
              36.72686109043308
            ],
            [
              10.636930990203986,
              36.725406771190386
            ],
            [
              10.63750943320133,
              36.7240975111947
            ],
            [
              10.639248626309493,
              36.72353139383297
            ],
            [
              10.641381428583925,
              36.722471836221004
            ],
            [
              10.641971296566506,
              36.72170461239448
            ],
            [
              10.643687334341701,
              36.72005431593624
            ],
            [
              10.644952766936743,
              36.71938620225756
            ],
            [
              10.645623761322579,
              36.719268499824544
            ],
            [
              10.646370169800958,
              36.719529305738895
            ],
            [
              10.64663602553577,
              36.71936296893471
            ],
            [
              10.647179285127537,
              36.71957235306882
            ],
            [
              10.647648286193231,
              36.7194574294476
            ],
            [
              10.648513170491315,
              36.71895747813371
            ],
            [
              10.651047371555908,
              36.71778375994222
            ],
            [
              10.65230458618968,
              36.716736129530815
            ],
            [
              10.653353992319328,
              36.71542026278304
            ],
            [
              10.653882157150447,
              36.71492494133626
            ],
            [
              10.654876957380967,
              36.71420625947738
            ],
            [
              10.659952920785964,
              36.712237945626036
            ],
            [
              10.662565700190171,
              36.71160510518866
            ],
            [
              10.665183118333243,
              36.71118903490224
            ],
            [
              10.665653207679238,
              36.711128247620536
            ],
            [
              10.665035211987552,
              36.70744980209487
            ],
            [
              10.66322042385143,
              36.70134806648296
            ],
            [
              10.663887855502791,
              36.691687274678905
            ],
            [
              10.663920172140976,
              36.690060168174725
            ],
            [
              10.663763407431414,
              36.68903214125824
            ],
            [
              10.663621804900673,
              36.68870878426363
            ],
            [
              10.663678613705226,
              36.6882199936025
            ],
            [
              10.663538179043382,
              36.687950842193246
            ],
            [
              10.6635323495981,
              36.68767981331202
            ],
            [
              10.663125040158983,
              36.68752282729699
            ],
            [
              10.66305424166804,
              36.687361152933235
            ],
            [
              10.663187679616241,
              36.68730506568105
            ],
            [
              10.663250318841534,
              36.6870873086279
            ],
            [
              10.66304608301914,
              36.68698171236493
            ],
            [
              10.662769885085721,
              36.68666023075443
            ],
            [
              10.662692096671169,
              36.686173316646546
            ],
            [
              10.662819706520736,
              36.68584620996092
            ],
            [
              10.662878849669232,
              36.685465831014575
            ],
            [
              10.663416085414138,
              36.68540411795558
            ],
            [
              10.665095086843307,
              36.685218024871006
            ],
            [
              10.665424583714163,
              36.68488809238844
            ],
            [
              10.66574822987561,
              36.68428713047605
            ],
            [
              10.666010421295429,
              36.68395813631786
            ],
            [
              10.666209982497943,
              36.683846909288775
            ],
            [
              10.666410710754047,
              36.68378988307713
            ],
            [
              10.666805158321376,
              36.683350595307566
            ],
            [
              10.666998876083978,
              36.68296833379095
            ],
            [
              10.668200885854825,
              36.682517757155395
            ],
            [
              10.67080322812496,
              36.681451114723586
            ],
            [
              10.672139782793549,
              36.68099860941801
            ],
            [
              10.673197760275288,
              36.680116221089534
            ],
            [
              10.673527200724493,
              36.679786267335295
            ],
            [
              10.675198997034773,
              36.67927481133113
            ],
            [
              10.67631363918906,
              36.6779036017759
            ],
            [
              10.677111756809806,
              36.67745860691505
            ],
            [
              10.678534311265583,
              36.677872373590596
            ],
            [
              10.680080861899668,
              36.67779637876773
            ],
            [
              10.680673545800817,
              36.67719158760208
            ],
            [
              10.681943851922567,
              36.67679412872503
            ],
            [
              10.681875381649517,
              36.67674087217539
            ],
            [
              10.681806911470803,
              36.67668761558349
            ],
            [
              10.681600323418179,
              36.676473640174976
            ],
            [
              10.68139373651962,
              36.67625966437126
            ],
            [
              10.681456316285303,
              36.67604189888514
            ],
            [
              10.681714878422632,
              36.67555025595389
            ],
            [
              10.681773922325558,
              36.67516987415447
            ],
            [
              10.681836500149403,
              36.67495210388575
            ],
            [
              10.681901434081272,
              36.67484274435861
            ],
            [
              10.681897899428934,
              36.674680128198155
            ],
            [
              10.681896721217793,
              36.674625922810286
            ],
            [
              10.682229636346309,
              36.67445856237672
            ],
            [
              10.682424434746638,
              36.674130483102395
            ],
            [
              10.682553120812322,
              36.67385755804634
            ],
            [
              10.682614516835358,
              36.67358558202792
            ],
            [
              10.682876600393435,
              36.673256552907375
            ],
            [
              10.68314221878873,
              36.67309013935418
            ],
            [
              10.683540054675477,
              36.67281341987455
            ],
            [
              10.683804479223857,
              36.67259279971228
            ],
            [
              10.684066554407151,
              36.67226376813488
            ],
            [
              10.684400634572366,
              36.67215061188521
            ],
            [
              10.68485984774718,
              36.67160190678179
            ],
            [
              10.685055808361195,
              36.67132802885286
            ],
            [
              10.685250587203166,
              36.670999945297396
            ],
            [
              10.685385160846211,
              36.670998044064106
            ],
            [
              10.68565430809441,
              36.67099424114163
            ],
            [
              10.685787700917547,
              36.67093813413938
            ],
            [
              10.685785339362994,
              36.670829723511694
            ],
            [
              10.685713329820874,
              36.670613853100534
            ],
            [
              10.685912827518921,
              36.67050258980845
            ],
            [
              10.686383832022598,
              36.6704959322852
            ],
            [
              10.68712634504688,
              36.67059387726071
            ],
            [
              10.687463958980008,
              36.670643323908195
            ],
            [
              10.687871224241434,
              36.67080022806831
            ],
            [
              10.688003432701084,
              36.67068991337629
            ],
            [
              10.68813682319691,
              36.67063380379592
            ],
            [
              10.688404774782848,
              36.670575789605394
            ],
            [
              10.688736475154288,
              36.67035420643307
            ],
            [
              10.689469522524858,
              36.67001849495926
            ],
            [
              10.690001890552617,
              36.66973984419375
            ],
            [
              10.690403235944157,
              36.66962571370796
            ],
            [
              10.690670009423922,
              36.66951348918827
            ],
            [
              10.691135084416851,
              36.66923578711469
            ],
            [
              10.691534056031653,
              36.669013247164116
            ],
            [
              10.692000309887447,
              36.668789747009015
            ],
            [
              10.692599933037894,
              36.6685101308273
            ],
            [
              10.693198377417552,
              36.66817631102562
            ],
            [
              10.693864100239823,
              36.66784152838018
            ],
            [
              10.694196959453272,
              36.6676741357102
            ],
            [
              10.694594727046,
              36.66739737618229
            ],
            [
              10.694859112529315,
              36.667176732396776
            ],
            [
              10.695320596208509,
              36.66673639934931
            ],
            [
              10.6956510724214,
              36.66646059262558
            ],
            [
              10.695780887067428,
              36.66624185954096
            ],
            [
              10.695975607794395,
              36.6659137642641
            ],
            [
              10.695969669290342,
              36.66564273888763
            ],
            [
              10.696093542905766,
              36.66515298010405
            ],
            [
              10.696610407842616,
              36.66416963967678
            ],
            [
              10.696803931819824,
              36.66378733349494
            ],
            [
              10.696734275378958,
              36.663679880276064
            ],
            [
              10.696596151130173,
              36.66351917877413
            ],
            [
              10.696592587023579,
              36.6633565635366
            ],
            [
              10.696449711985306,
              36.66297904149392
            ],
            [
              10.696311589626161,
              36.66281833959606
            ],
            [
              10.696310401817303,
              36.66276413450303
            ],
            [
              10.696173467848507,
              36.66265763751897
            ],
            [
              10.696036534256777,
              36.662551140365814
            ],
            [
              10.695899601142768,
              36.66244464763802
            ],
            [
              10.695694202027754,
              36.66228490133765
            ],
            [
              10.695557269755737,
              36.66217840359272
            ],
            [
              10.695488803761126,
              36.66212515465685
            ],
            [
              10.695487616559161,
              36.662070949534396
            ],
            [
              10.695348310760176,
              36.66185604127493
            ],
            [
              10.695062580319105,
              36.66110099333329
            ],
            [
              10.694916157175406,
              36.66056085815614
            ],
            [
              10.694838199714212,
              36.660073967533044
            ],
            [
              10.694764989712768,
              36.6598038974543
            ],
            [
              10.694607893353853,
              36.65877591510579
            ],
            [
              10.694535871941445,
              36.658560049958226
            ],
            [
              10.694465037276741,
              36.65839838993438
            ],
            [
              10.69426083829246,
              36.65829284589285
            ],
            [
              10.694192376710767,
              36.65823959606628
            ],
            [
              10.694056639857795,
              36.65818730148487
            ],
            [
              10.693920903183795,
              36.658135006743535
            ],
            [
              10.693785166688773,
              36.65808271184224
            ],
            [
              10.693649430473227,
              36.65803042137545
            ],
            [
              10.693580969438065,
              36.65797716658371
            ],
            [
              10.693374401765809,
              36.65776321511173
            ],
            [
              10.692755890438391,
              36.65717554978506
            ],
            [
              10.69234394972997,
              36.656801839369486
            ],
            [
              10.69213739997592,
              36.65658788078521
            ],
            [
              10.691999298337825,
              36.65642717319336
            ],
            [
              10.691929655507591,
              36.65631971669288
            ],
            [
              10.691791554793278,
              36.65615900882964
            ],
            [
              10.69179037044107,
              36.65610480354914
            ],
            [
              10.691721912503533,
              36.656051552189325
            ],
            [
              10.691653454660234,
              36.65599830078725
            ],
            [
              10.691652270411765,
              36.65594409550142
            ],
            [
              10.691583812712988,
              36.6558908440547
            ],
            [
              10.691515355108448,
              36.655837592565724
            ],
            [
              10.691446897598144,
              36.655784341034504
            ],
            [
              10.691378440182074,
              36.655731089461035
            ],
            [
              10.691376072096928,
              36.65562267886856
            ],
            [
              10.691307614875663,
              36.65556942724803
            ],
            [
              10.691239157748635,
              36.655516175585255
            ],
            [
              10.69117070071584,
              36.65546292388022
            ],
            [
              10.691168332945072,
              36.65535451327125
            ],
            [
              10.691099876307764,
              36.655301270708044
            ],
            [
              10.691097508650232,
              36.65519286009214
            ],
            [
              10.690333841433524,
              36.65411923994259
            ],
            [
              10.690331474951844,
              36.65401082926226
            ],
            [
              10.69032437558277,
              36.65368559720862
            ],
            [
              10.690320825940967,
              36.65352298117469
            ],
            [
              10.690318459528928,
              36.65341457048274
            ],
            [
              10.690382181136462,
              36.6532510013766
            ],
            [
              10.690380997897575,
              36.65319679603013
            ],
            [
              10.6903101771865,
              36.65303513304437
            ],
            [
              10.690235807425392,
              36.65271085394137
            ],
            [
              10.69009771690121,
              36.652550143763364
            ],
            [
              10.689959626958174,
              36.652389433406256
            ],
            [
              10.68982272040132,
              36.652282928240986
            ],
            [
              10.68968699692899,
              36.65223062828197
            ],
            [
              10.689279827585693,
              36.65207372744553
            ],
            [
              10.68914410482916,
              36.65202142684693
            ],
            [
              10.689007200231243,
              36.65191492988079
            ],
            [
              10.688938747773,
              36.65186166755098
            ],
            [
              10.687202727600205,
              36.652482672619044
            ],
            [
              10.684908447734346,
              36.65218976083038
            ],
            [
              10.683433221419516,
              36.652427472981856
            ],
            [
              10.681429221539997,
              36.65310639731947
            ],
            [
              10.67920221176933,
              36.65281242746917
            ],
            [
              10.677376506673218,
              36.652404330264474
            ],
            [
              10.675433857988123,
              36.65281118054508
            ],
            [
              10.673878426329836,
              36.652453456186734
            ],
            [
              10.672183773555869,
              36.65188077346429
            ],
            [
              10.671285859564065,
              36.65080891763575
            ],
            [
              10.670462254220743,
              36.650061338880235
            ],
            [
              10.669178310713791,
              36.64980819554067
            ],
            [
              10.668641326971835,
              36.64986992856871
            ],
            [
              10.66824238318432,
              36.65009239623592
            ],
            [
              10.667775000379361,
              36.65026159688605
            ],
            [
              10.66743982047496,
              36.650320503672916
            ],
            [
              10.667170742680343,
              36.650324263617776
            ],
            [
              10.666833228757714,
              36.650274756667145
            ],
            [
              10.666697523392887,
              36.65022242999676
            ],
            [
              10.666627921088777,
              36.65011495755006
            ],
            [
              10.66642144796312,
              36.6499009520111
            ],
            [
              10.666217308294682,
              36.649795358176796
            ],
            [
              10.66601316917592,
              36.64968976397652
            ],
            [
              10.66580903060684,
              36.64958416941029
            ],
            [
              10.665539955150683,
              36.64958792560682
            ],
            [
              10.66513634187291,
              36.64959355876263
            ],
            [
              10.664061215294847,
              36.64966277978009
            ],
            [
              10.662856192036632,
              36.64995069085312
            ],
            [
              10.66272281718914,
              36.650006771852006
            ],
            [
              10.662521009182543,
              36.65000958385562
            ],
            [
              10.662386470495916,
              36.65001145833486
            ],
            [
              10.662115066508767,
              36.64990679451674
            ],
            [
              10.661160507804471,
              36.64932364135458
            ],
            [
              10.660022758324022,
              36.649610587225524
            ],
            [
              10.6596249514543,
              36.64988723284537
            ],
            [
              10.659161033362134,
              36.65021901883709
            ],
            [
              10.659031138641966,
              36.6504377144986
            ],
            [
              10.658904726412594,
              36.650819028754455
            ],
            [
              10.658641450182708,
              36.65109380069788
            ],
            [
              10.657380712161943,
              36.65192465509132
            ],
            [
              10.65691213877598,
              36.65203959837846
            ],
            [
              10.6565757822515,
              36.65204426867582
            ],
            [
              10.656169836101501,
              36.651941468358245
            ],
            [
              10.655696619623447,
              36.651839590921064
            ],
            [
              10.655492488668202,
              36.65173397848959
            ],
            [
              10.655153816267266,
              36.65163023207313
            ],
            [
              10.65482093596852,
              36.65179751639535
            ],
            [
              10.654689873840331,
              36.651962001217285
            ],
            [
              10.654626071009455,
              36.652125544027506
            ],
            [
              10.654563437618513,
              36.65234330218326
            ],
            [
              10.654433520655068,
              36.65256199325046
            ],
            [
              10.654235184467785,
              36.65272741035559
            ],
            [
              10.653968411889187,
              36.65283955339888
            ],
            [
              10.653701638519602,
              36.65295169586183
            ],
            [
              10.653434864359033,
              36.65306383774445
            ],
            [
              10.653302634227167,
              36.653174114841455
            ],
            [
              10.653306105980855,
              36.65333673395823
            ],
            [
              10.653309577762409,
              36.653499353070266
            ],
            [
              10.653118173919871,
              36.65399000671142
            ],
            [
              10.652919825582527,
              36.654155421829174
            ],
            [
              10.652719162628175,
              36.654212423875386
            ],
            [
              10.652380488359107,
              36.65410866971161
            ],
            [
              10.652037183696908,
              36.65378808903469
            ],
            [
              10.651631233539073,
              36.6536852641597
            ],
            [
              10.651298336556536,
              36.65385253899134
            ],
            [
              10.651169569339144,
              36.654125433082314
            ],
            [
              10.652061468473196,
              36.65492642336214
            ],
            [
              10.65247898737732,
              36.65557130122465
            ],
            [
              10.652553202855898,
              36.65589560769996
            ],
            [
              10.652558987074318,
              36.65616663953708
            ],
            [
              10.65235947538048,
              36.65627784746541
            ],
            [
              10.65208806745486,
              36.656173161027496
            ],
            [
              10.651546398479526,
              36.656017992788
            ],
            [
              10.651278454641398,
              36.65607592372858
            ],
            [
              10.650881738644928,
              36.656406747875955
            ],
            [
              10.650482708418723,
              36.65662915793272
            ],
            [
              10.649750767699972,
              36.65701883746822
            ],
            [
              10.649551249630452,
              36.657130040831696
            ],
            [
              10.649017659377108,
              36.65735430629132
            ],
            [
              10.648617464610577,
              36.6575225038622
            ],
            [
              10.648419097576186,
              36.657687911856414
            ],
            [
              10.648356436964264,
              36.65790566718235
            ],
            [
              10.648234576488818,
              36.65850379713007
            ],
            [
              10.648105796816106,
              36.658776683494985
            ],
            [
              10.647908573542175,
              36.658996297257715
            ],
            [
              10.647639468601387,
              36.65900001375695
            ],
            [
              10.647299620381029,
              36.65884203917121
            ],
            [
              10.647093175225434,
              36.65862799965225
            ],
            [
              10.64688788419347,
              36.65846816623948
            ],
            [
              10.646616469784266,
              36.65836347204454
            ],
            [
              10.646551498004348,
              36.65847280892719
            ],
            [
              10.646492289660872,
              36.658853182914505
            ],
            [
              10.646499205984234,
              36.6591784219486
            ],
            [
              10.646435386183327,
              36.65934196987337
            ],
            [
              10.646037480177549,
              36.659618572134654
            ],
            [
              10.645905228318336,
              36.65972884144442
            ],
            [
              10.645641881335074,
              36.66000358608717
            ],
            [
              10.645373918755848,
              36.660061499563525
            ],
            [
              10.64510250048744,
              36.65995679743795
            ],
            [
              10.644691920067329,
              36.659637128000945
            ],
            [
              10.644418201607426,
              36.659424011136814
            ],
            [
              10.644015683679832,
              36.65948378057162
            ],
            [
              10.643614321506607,
              36.659597755160945
            ],
            [
              10.643216403757622,
              36.65987434826692
            ],
            [
              10.643016868551019,
              36.65998553645293
            ],
            [
              10.642883461509202,
              36.66004160052407
            ],
            [
              10.6426804751061,
              36.65999016837217
            ],
            [
              10.64247748905868,
              36.65993874046154
            ],
            [
              10.642142245434274,
              36.659997577467855
            ],
            [
              10.64147060740477,
              36.66006104664674
            ],
            [
              10.640865103792292,
              36.66006937549318
            ],
            [
              10.640525263889556,
              36.65991138136682
            ],
            [
              10.639713327257285,
              36.6597056527385
            ],
            [
              10.63924352490677,
              36.659766326156905
            ],
            [
              10.638708743553167,
              36.65993634432856
            ],
            [
              10.638374643633012,
              36.66004937291572
            ],
            [
              10.638248114745842,
              36.66043066758765
            ],
            [
              10.638120437754106,
              36.66075775541551
            ],
            [
              10.63799505342656,
              36.66119325655098
            ],
            [
              10.637928920329577,
              36.66124838691868
            ],
            [
              10.637862787138323,
              36.66130351725148
            ],
            [
              10.63752409404074,
              36.66119972129793
            ],
            [
              10.637114683291326,
              36.66093422731908
            ],
            [
              10.63664028760906,
              36.66077806827603
            ],
            [
              10.636034776917532,
              36.6607863727056
            ],
            [
              10.635700669267713,
              36.66089939855618
            ],
            [
              10.635229711132066,
              36.66090585418663
            ],
            [
              10.634754174587632,
              36.6606954807231
            ],
            [
              10.634481623157741,
              36.660536547274766
            ],
            [
              10.634339054561414,
              36.660158947367655
            ],
            [
              10.634129208523552,
              36.659782264110746
            ],
            [
              10.633723253758653,
              36.65967937838232
            ],
            [
              10.633456426039388,
              36.65979147667534
            ],
            [
              10.633392577812103,
              36.65995501369695
            ],
            [
              10.63333101649971,
              36.66022696898632
            ],
            [
              10.633339021363067,
              36.660606416937455
            ],
            [
              10.633345882793844,
              36.66093165801796
            ],
            [
              10.633485017173356,
              36.66114664323117
            ],
            [
              10.633424599056493,
              36.66147280536991
            ],
            [
              10.633226188713246,
              36.66163818900476
            ],
            [
              10.632890929722489,
              36.66169700030059
            ],
            [
              10.63249181866765,
              36.661919351833234
            ],
            [
              10.631889725594695,
              36.662090256017706
            ],
            [
              10.631757448848111,
              36.66220051017332
            ],
            [
              10.63149289412681,
              36.66242101347125
            ],
            [
              10.631292192751738,
              36.66247798025217
            ],
            [
              10.631159914484517,
              36.66258823377456
            ],
            [
              10.631092633137914,
              36.662589153592734
            ],
            [
              10.630888505228622,
              36.662483499025555
            ],
            [
              10.630752800869764,
              36.662431131411495
            ],
            [
              10.630346830501022,
              36.662328239119404
            ],
            [
              10.630077705892443,
              36.662331916304666
            ],
            [
              10.629407181524027,
              36.66244951581267
            ],
            [
              10.628669367959764,
              36.66256803471348
            ],
            [
              10.62813225656945,
              36.66262958790733
            ],
            [
              10.62773084705227,
              36.6627435099515
            ],
            [
              10.627463999715228,
              36.66285559523512
            ],
            [
              10.627198296647908,
              36.66302188685219
            ],
            [
              10.627001007956881,
              36.6632414674924
            ],
            [
              10.627004425654853,
              36.663404088476014
            ],
            [
              10.627142408045444,
              36.663564874353646
            ],
            [
              10.627482232596497,
              36.66372290235525
            ],
            [
              10.628026191996113,
              36.663986593679034
            ],
            [
              10.628307864655595,
              36.66457919744636
            ],
            [
              10.628516556265794,
              36.6649016841148
            ],
            [
              10.628591822634505,
              36.66528021425223
            ],
            [
              10.628458395415686,
              36.665336258001744
            ],
            [
              10.628323827754878,
              36.66533809466567
            ],
            [
              10.62818811993495,
              36.66528572423322
            ],
            [
              10.627779857699936,
              36.66507440502024
            ],
            [
              10.627372742928586,
              36.66491729123703
            ],
            [
              10.626764913052414,
              36.66481713545392
            ],
            [
              10.626023656506973,
              36.66477301757178
            ],
            [
              10.625753384392498,
              36.66472247818256
            ],
            [
              10.625349684036545,
              36.664727978470886
            ],
            [
              10.625016686396272,
              36.664895182025376
            ],
            [
              10.624680268565985,
              36.664899763631546
            ],
            [
              10.624415684194851,
              36.665120256427876
            ],
            [
              10.623320739947136,
              36.66746671901882
            ],
            [
              10.622164129936843,
              36.67008512705403
            ],
            [
              10.621523047306741,
              36.67161206777542
            ],
            [
              10.620678938213343,
              36.67308754073677
            ],
            [
              10.62002191623023,
              36.67385557949659
            ],
            [
              10.6196888620907,
              36.67402276463706
            ],
            [
              10.619419695335663,
              36.67402641873637
            ],
            [
              10.619091175749185,
              36.674410435260064
            ],
            [
              10.619027286008194,
              36.67457396983337
            ],
            [
              10.618487814707542,
              36.67452706740639
            ],
            [
              10.617480703684823,
              36.67464917134222
            ],
            [
              10.616609300750635,
              36.67482365040298
            ],
            [
              10.615405962343266,
              36.67521950836225
            ],
            [
              10.614334930299815,
              36.67550511891992
            ],
            [
              10.613397352376763,
              36.67573469260639
            ],
            [
              10.61212668278581,
              36.676131428255765
            ],
            [
              10.611059016465743,
              36.67657963169877
            ],
            [
              10.609857870213183,
              36.67708384494043
            ],
            [
              10.608457081804556,
              36.67769918320412
            ],
            [
              10.608122858652203,
              36.677812134126384
            ],
            [
              10.607119060110213,
              36.67809677396297
            ],
            [
              10.59727583019373,
              36.680614762482755
            ],
            [
              10.595759279734558,
              36.68215328709409
            ],
            [
              10.594834967789488,
              36.68303320965879
            ],
            [
              10.594565766358611,
              36.68303680833917
            ],
            [
              10.594362748108049,
              36.68298529926508
            ],
            [
              10.59416084711818,
              36.68298799752873
            ],
            [
              10.59402848026646,
              36.68309821156855
            ],
            [
              10.593378924482124,
              36.68424555976514
            ],
            [
              10.593246554392758,
              36.684355772992156
            ],
            [
              10.593247670811229,
              36.68440998069427
            ],
            [
              10.594127059558769,
              36.684615122780585
            ],
            [
              10.594130410708523,
              36.684777745808596
            ],
            [
              10.594133761790491,
              36.68494036423726
            ],
            [
              10.594003625611661,
              36.685158993645366
            ],
            [
              10.593806186286232,
              36.685378522154146
            ],
            [
              10.593609862572194,
              36.68565225803602
            ],
            [
              10.593612096027483,
              36.68576067339692
            ],
            [
              10.593615446232823,
              36.68592329643433
            ],
            [
              10.59416392359093,
              36.68640397123476
            ],
            [
              10.595190238083267,
              36.68720358527348
            ],
            [
              10.595737613216196,
              36.68763004469068
            ],
            [
              10.596623755636978,
              36.688160412741745
            ],
            [
              10.597782492969442,
              36.68884978603696
            ],
            [
              10.599282258054195,
              36.689751470627634
            ],
            [
              10.60010114215042,
              36.69028270922048
            ],
            [
              10.60078430455291,
              36.690761545593126
            ],
            [
              10.601126450028618,
              36.69102806593433
            ],
            [
              10.602154020643827,
              36.69188182348447
            ],
            [
              10.603795257095193,
              36.69310688398935
            ],
            [
              10.604410033413618,
              36.693532395847875
            ],
            [
              10.60522786734733,
              36.694009389699076
            ],
            [
              10.606116398945296,
              36.6946480977039
            ],
            [
              10.606525890313264,
              36.694913695093824
            ],
            [
              10.607411062443681,
              36.69538976652592
            ],
            [
              10.607347132036798,
              36.695553295304386
            ],
            [
              10.606755979868591,
              36.696266151577476
            ],
            [
              10.606294933873817,
              36.69676035860733
            ],
            [
              10.60557138615446,
              36.69758343683845
            ],
            [
              10.60458419697693,
              36.69868116528224
            ],
            [
              10.60342862569318,
              36.698154486263086
            ],
            [
              10.603226688788924,
              36.69815720081899
            ],
            [
              10.60309206226858,
              36.698159010358324
            ],
            [
              10.603024749003898,
              36.69815991507094
            ],
            [
              10.601255524739162,
              36.69726189890716
            ],
            [
              10.601188209342475,
              36.69726280260087
            ],
            [
              10.601054709525751,
              36.697318817137244
            ],
            [
              10.60098739692651,
              36.697319720680305
            ],
            [
              10.600986274549104,
              36.69726551330056
            ],
            [
              10.600918961994083,
              36.69726641680382
            ],
            [
              10.599285523980456,
              36.696420775170154
            ],
            [
              10.596837673294457,
              36.69526068153724
            ],
            [
              10.596770362350899,
              36.69526158265296
            ],
            [
              10.596507836231781,
              36.69559042719498
            ],
            [
              10.596440524989942,
              36.69559132813116
            ],
            [
              10.595555415027762,
              36.6951151689336
            ],
            [
              10.594670313092491,
              36.69463900748464
            ],
            [
              10.59420920013759,
              36.695133169424395
            ],
            [
              10.594141889219003,
              36.69513406905148
            ],
            [
              10.594143006799003,
              36.6951882812263
            ],
            [
              10.592849585321645,
              36.6945006678902
            ],
            [
              10.59169303772093,
              36.69391965886282
            ],
            [
              10.59162461211125,
              36.69386634938394
            ],
            [
              10.591559533454019,
              36.693975662842604
            ],
            [
              10.591099516499451,
              36.6945240254668
            ],
            [
              10.59070346172415,
              36.69490886572112
            ],
            [
              10.591892379393451,
              36.697061896168606
            ],
            [
              10.59210324649507,
              36.69749286178562
            ],
            [
              10.592868254352826,
              36.698675542893135
            ],
            [
              10.5932193453269,
              36.69937574141539
            ],
            [
              10.593430226556547,
              36.69980670418764
            ],
            [
              10.59364781431041,
              36.70056291177234
            ],
            [
              10.59385869844811,
              36.70099386900963
            ],
            [
              10.595037737272659,
              36.70265899863769
            ],
            [
              10.595247519613265,
              36.70303575001662
            ],
            [
              10.595389985960967,
              36.7034134014595
            ],
            [
              10.595817390799555,
              36.70454634986725
            ],
            [
              10.596027182372204,
              36.7049230995402
            ],
            [
              10.596173014310054,
              36.70546337205762
            ],
            [
              10.596738446868965,
              36.70675713635195
            ],
            [
              10.596076430152701,
              36.70730821726397
            ],
            [
              10.59528423820798,
              36.708077930074715
            ],
            [
              10.59442470767485,
              36.70884853797233
            ],
            [
              10.593236361280537,
              36.71000308516905
            ],
            [
              10.592511441083285,
              36.71077188105649
            ],
            [
              10.591725874197907,
              36.711866811821416
            ],
            [
              10.590939172289469,
              36.712907530203466
            ],
            [
              10.590086237513532,
              36.71400335355774
            ],
            [
              10.590437375632975,
              36.71470355751526
            ],
            [
              10.59044853255911,
              36.715245632484596
            ],
            [
              10.590392360633338,
              36.71578860074612
            ],
            [
              10.59041467503304,
              36.71687275045814
            ],
            [
              10.59056830481847,
              36.717792481501476
            ],
            [
              10.590444801272461,
              36.718336347642236
            ],
            [
              10.590390859605096,
              36.718987735204315
            ],
            [
              10.590341383244233,
              36.71985594788698
            ],
            [
              10.590298595491236,
              36.72104940980593
            ],
            [
              10.590240191018655,
              36.72148396269112
            ],
            [
              10.590177320077041,
              36.72170169039962
            ],
            [
              10.589912445536857,
              36.72192211157788
            ],
            [
              10.589118927815761,
              36.722637574613586
            ],
            [
              10.588456725909921,
              36.723188620870424
            ],
            [
              10.587602532818702,
              36.724230220704946
            ],
            [
              10.587145657447289,
              36.724941192831416
            ],
            [
              10.58796818840087,
              36.725635131897896
            ],
            [
              10.58838893207673,
              36.726442853287715
            ],
            [
              10.588869221423861,
              36.7268702327437
            ],
            [
              10.590022904483162,
              36.727288632529344
            ],
            [
              10.590838786033768,
              36.72765730601548
            ],
            [
              10.590907241969932,
              36.72771061494436
            ],
            [
              10.59172760058889,
              36.728296111501166
            ],
            [
              10.592002546958051,
              36.72856355211412
            ],
            [
              10.592209037367699,
              36.72877768395016
            ],
            [
              10.592416646394005,
              36.72904601352028
            ],
            [
              10.592555798524122,
              36.72926104400678
            ],
            [
              10.592761174465142,
              36.7294209674724
            ],
            [
              10.593033889413999,
              36.72957999091296
            ],
            [
              10.593641074060955,
              36.72962609936101
            ],
            [
              10.593841981316817,
              36.72956919173506
            ],
            [
              10.594110223471356,
              36.72951138356125
            ],
            [
              10.594313365206238,
              36.729562889720356
            ],
            [
              10.59438294426996,
              36.72967040379379
            ],
            [
              10.59458608659278,
              36.72972190947132
            ],
            [
              10.594855450900486,
              36.72971830682994
            ],
            [
              10.595125931889271,
              36.72976891085618
            ],
            [
              10.595262856316635,
              36.729875523429435
            ],
            [
              10.5952673350845,
              36.73009235236079
            ],
            [
              10.595203349809497,
              36.73025587505566
            ],
            [
              10.595473835751697,
              36.730306478197186
            ],
            [
              10.596349272979129,
              36.73029476073412
            ],
            [
              10.59957492066014,
              36.72992619773112
            ],
            [
              10.599774698223099,
              36.729815073097285
            ],
            [
              10.600104661805275,
              36.72948531240368
            ],
            [
              10.600700613713945,
              36.728989313723865
            ],
            [
              10.601230345039761,
              36.72854843278001
            ],
            [
              10.6021674772444,
              36.72826473330185
            ],
            [
              10.60264110371529,
              36.72836681257417
            ],
            [
              10.60325503417978,
              36.72873811429473
            ],
            [
              10.603799381810266,
              36.72900190441629
            ],
            [
              10.60420567149289,
              36.72910487389891
            ],
            [
              10.604677053013495,
              36.72909853086947
            ],
            [
              10.605350454929658,
              36.729089466162016
            ],
            [
              10.60581845202348,
              36.728920497752966
            ],
            [
              10.606551296292563,
              36.72853107991447
            ],
            [
              10.607820593028507,
              36.72802597155512
            ],
            [
              10.608553415338399,
              36.7276365326295
            ],
            [
              10.609351315334598,
              36.72713776663121
            ],
            [
              10.609747437073494,
              36.72675286451076
            ]
          ]
        ]
      }
    }
  ]
}
