{
  "type": "FeatureCollection",
  "features": [
    {
      "type": "Feature",
      "id": "osm:relation:7105070",
      "properties": {
        "sourceId": "isie-local-sectors-2023-hammamet-nine",
        "officialCode": "156651",
        "delegationCode": "1566",
        "governorateCode": "15",
        "nameAr": "سيدي الجديدي",
        "nameFr": "Sidi djedidi",
        "sourcePdfURL": "https://www.isie.tn/wp-content/uploads/2023/CartesCirconscriptionsElectoralesLocales2023/%D9%86%D8%A7%D8%A8%D9%84%202/%D8%A7%D9%84%D8%AD%D9%85%D8%A7%D9%85%D8%A7%D8%AA/%D8%B3%D9%8A%D8%AF%D9%8A%20%D8%A7%D9%84%D8%AC%D8%AF%D9%8A%D8%AF%D9%8A.pdf",
        "sourcePdfSha256": "fb704ad3de27894aa0ac74668349aac75f46fb4eb7598a66c1c648edb61780cd",
        "sourceDrawingDetails": {
          "clipProof": {
            "activeClipCount": 2,
            "activeClipStacksIdentical": true,
            "activeClips": [
              {
                "outsideAreaPoints2": 0.0,
                "polygonBoundaryClearancePoints": 31.68402099609375,
                "segmentCount": 1203,
                "segmentMinBoundaryClearancePoints": 31.68402099609375,
                "segmentOutsideCount": 0,
                "segmentOutsideLengthPoints": 0.0,
                "wholePolygonCovered": true
              },
              {
                "outsideAreaPoints2": 0.0,
                "polygonBoundaryClearancePoints": 26.64337158203125,
                "segmentCount": 1203,
                "segmentMinBoundaryClearancePoints": 26.64337158203125,
                "segmentOutsideCount": 0,
                "segmentOutsideLengthPoints": 0.0,
                "wholePolygonCovered": true
              }
            ],
            "affineMetersFromPagePoints": [
              [
                26.959252050184602,
                7.238599855347675e-05
              ],
              [
                0.0001608636316632328,
                -26.948854093852788
              ],
              [
                617023.0533243788,
                4040078.45548924
              ]
            ],
            "everySegmentPathCoveredByEveryActiveClip": true,
            "nativeCrsEpsg": 32632,
            "pdfSha256": "fb704ad3de27894aa0ac74668349aac75f46fb4eb7598a66c1c648edb61780cd",
            "sourceCrsWkt": "PROJCRS[\"WGS 84 / UTM zone 32N\",BASEGEOGCRS[\"WGS 84\",DATUM[\"World Geodetic System 1984\",ELLIPSOID[\"WGS 84\",6378137,298.257223563,LENGTHUNIT[\"metre\",1]],ID[\"EPSG\",6326]],PRIMEM[\"Greenwich\",0,ANGLEUNIT[\"Degree\",0.0174532925199433]]],CONVERSION[\"UTM zone 32N\",METHOD[\"Transverse Mercator\",ID[\"EPSG\",9807]],PARAMETER[\"Latitude of natural origin\",0,ANGLEUNIT[\"Degree\",0.0174532925199433],ID[\"EPSG\",8801]],PARAMETER[\"Longitude of natural origin\",9,ANGLEUNIT[\"Degree\",0.0174532925199433],ID[\"EPSG\",8802]],PARAMETER[\"Scale factor at natural origin\",0.9996,SCALEUNIT[\"unity\",1],ID[\"EPSG\",8805]],PARAMETER[\"False easting\",500000,LENGTHUNIT[\"metre\",1],ID[\"EPSG\",8806]],PARAMETER[\"False northing\",0,LENGTHUNIT[\"metre\",1],ID[\"EPSG\",8807]],ID[\"EPSG\",16032]],CS[Cartesian,2],AXIS[\"(E)\",east,ORDER[1],LENGTHUNIT[\"metre\",1,ID[\"EPSG\",9001]]],AXIS[\"(N)\",north,ORDER[2],LENGTHUNIT[\"metre\",1,ID[\"EPSG\",9001]]]]",
            "viewport": {
              "coversCompleteRing": true,
              "outsideAreaPoints2": 0.0,
              "polygonBoundaryClearancePoints": 26.643310546875004,
              "segmentCount": 1203,
              "segmentMinBoundaryClearancePoints": 26.643310546875004,
              "segmentOutsideCount": 0,
              "segmentOutsideLengthPoints": 0.0
            },
            "wholeRingCoveredByEveryActiveClip": true
          },
          "color": [
            1.0,
            0.0,
            0.0
          ],
          "combinedSegmentCount": 1203,
          "combinedVertexCount": 1204,
          "concatenation": {
            "bufferApplied": false,
            "explicitlyClosed": true,
            "inferredClosingSegmentAdded": false,
            "method": "ordered concatenation of drawing411 vertices plus drawing412 vertices excluding the duplicate joint vertex",
            "polygonizeApplied": false,
            "repairApplied": false,
            "snappingApplied": false,
            "toleranceApplied": false,
            "unionApplied": false,
            "zeroInventedEdges": true
          },
          "drawingIndices": [
            411,
            412
          ],
          "excludedDrawingIndices": [
            413
          ],
          "excludedDrawings": [
            {
              "color": [
                1.0,
                0.0,
                0.0
              ],
              "drawingIndex": 413,
              "itemCount": 429,
              "layer": "circonscription_isie2023",
              "reason": "existing drawing413 is clipped neighboring Yasmine, not own boundary",
              "used": false
            }
          ],
          "insideTextLines": [
            {
              "bbox": [
                524.041015625,
                312.3021240234375,
                546.9362182617188,
                331.67840576171875
              ],
              "colors": [
                0
              ],
              "text": "R28"
            },
            {
              "bbox": [
                318.2550048828125,
                331.3609313964844,
                348.3210144042969,
                361.3116455078125
              ],
              "colors": [
                0
              ],
              "text": "28 ج"
            },
            {
              "bbox": [
                363.6256408691406,
                122.71075439453125,
                384.2424011230469,
                145.4879150390625
              ],
              "colors": [
                0
              ],
              "text": "دﺣ"
            },
            {
              "bbox": [
                190.43374633789062,
                289.63720703125,
                224.7883758544922,
                327.4812927246094
              ],
              "colors": [
                0
              ],
              "text": "ﮫﺗﻠﻘﻟا داو"
            },
            {
              "bbox": [
                432.28143310546875,
                398.4519348144531,
                475.68170166015625,
                448.1164855957031
              ],
              "colors": [
                0
              ],
              "text": "طرﯾﻖ ﺗﺎﻓرﻧﺑن"
            },
            {
              "bbox": [
                241.97341918945312,
                113.3403549194336,
                262.5591125488281,
                156.64083862304688
              ],
              "colors": [
                0
              ],
              "text": "واد اﻟﺣﺗوس"
            },
            {
              "bbox": [
                554.5169677734375,
                398.3786926269531,
                593.4822998046875,
                444.8665466308594
              ],
              "colors": [
                0
              ],
              "text": "طرﯾﻖ ﺛﺎﻧوي"
            },
            {
              "bbox": [
                423.41357421875,
                248.09799194335938,
                447.4302062988281,
                273.0710144042969
              ],
              "colors": [
                0
              ],
              "text": "ﺔﻠﺗﻟا"
            },
            {
              "bbox": [
                427.2167663574219,
                231.322998046875,
                452.9112548828125,
                261.4311828613281
              ],
              "colors": [
                0
              ],
              "text": "طرﯾﻖ "
            },
            {
              "bbox": [
                559.3529663085938,
                259.8786926269531,
                594.8802490234375,
                293.6841735839844
              ],
              "colors": [
                0
              ],
              "text": "رﺎﺷﻧﻣﻟا"
            },
            {
              "bbox": [
                576.9561157226562,
                248.74835205078125,
                608.5715942382812,
                279.37371826171875
              ],
              "colors": [
                0
              ],
              "text": "طرﯾﻖ "
            },
            {
              "bbox": [
                540.32666015625,
                340.0700378417969,
                616.1788330078125,
                407.6791687011719
              ],
              "colors": [
                0
              ],
              "text": "ﻣﺳﻠك اﻟﻌرﻋﺎرة اﻟﺻﻔراء"
            },
            {
              "bbox": [
                630.1634521484375,
                314.12066650390625,
                668.994873046875,
                352.6229553222656
              ],
              "colors": [
                0
              ],
              "text": "اﻟﺑﺳﺎﯾﺳﯾﺔ"
            },
            {
              "bbox": [
                599.6586303710938,
                352.5062255859375,
                657.6061401367188,
                373.4734802246094
              ],
              "colors": [
                0
              ],
              "text": "ﻣﺳﻠك اﻟﺧﺻﺎﯾﺑﯾﺔ"
            },
            {
              "bbox": [
                409.23974609375,
                196.694580078125,
                451.10491943359375,
                224.03131103515625
              ],
              "colors": [
                0
              ],
              "text": "واد اﻟرﻗﯾﺑﺔ"
            },
            {
              "bbox": [
                365.5523986816406,
                464.7740478515625,
                453.43780517578125,
                514.2310180664062
              ],
              "colors": [
                0
              ],
              "text": " ﻧﺎﺑل- ﺣد ﺑﯾن وﻻﯾﺔ ﺳوﺳﺔ"
            },
            {
              "bbox": [
                564.6830444335938,
                468.44122314453125,
                646.5836791992188,
                572.8255615234375
              ],
              "colors": [
                0
              ],
              "text": " ﻧﺎﺑل- ﺳﻛﺔ ﺣدﯾدﯾﺔ ﺑﯾن وﻻﯾﺔ ﺳوﺳﺔ"
            },
            {
              "bbox": [
                447.0021667480469,
                296.7810974121094,
                528.4617309570312,
                375.09332275390625
              ],
              "colors": [
                0
              ],
              "text": "ﺔﺑﻘﻌﻟا هﺎﺟﺗإ ﻲﻓ ﻲﺣﻼﻓ كﻠﺳﻣ"
            },
            {
              "bbox": [
                165.0963897705078,
                430.1252746582031,
                249.51300048828125,
                497.8314514160156
              ],
              "colors": [
                0
              ],
              "text": " ﻧﺎﺑل- ﺣد ﺑﯾن وﻻﯾﺔ زﻏوان"
            },
            {
              "bbox": [
                565.1015625,
                459.3385009765625,
                584.3644409179688,
                473.49530029296875
              ],
              "colors": [
                0
              ],
              "text": "دﺣ"
            },
            {
              "bbox": [
                506.8509216308594,
                276.2843322753906,
                529.7849731445312,
                298.14471435546875
              ],
              "colors": [
                0
              ],
              "text": "دﺣ"
            },
            {
              "bbox": [
                586.6279907226562,
                312.4831848144531,
                611.1796875,
                332.18634033203125
              ],
              "colors": [
                0
              ],
              "text": "28 ج"
            },
            {
              "bbox": [
                653.5472412109375,
                302.86065673828125,
                671.5725708007812,
                324.533203125
              ],
              "colors": [
                0
              ],
              "text": "دﺣ"
            },
            {
              "bbox": [
                534.9743041992188,
                277.137939453125,
                564.0745239257812,
                307.0852355957031
              ],
              "colors": [
                0
              ],
              "text": "كﻠﺳﻣ"
            },
            {
              "bbox": [
                246.09912109375,
                443.6428527832031,
                262.6538391113281,
                464.4757995605469
              ],
              "colors": [
                0
              ],
              "text": "دﺣ"
            },
            {
              "bbox": [
                671.195556640625,
                322.9101257324219,
                693.9173583984375,
                345.42791748046875
              ],
              "colors": [
                0
              ],
              "text": "دﺣ"
            },
            {
              "bbox": [
                259.21429443359375,
                419.1684875488281,
                285.0386962890625,
                441.000244140625
              ],
              "colors": [
                0
              ],
              "text": "كﻠﺳﻣ"
            },
            {
              "bbox": [
                489.10943603515625,
                178.63894653320312,
                511.0126953125,
                197.13111877441406
              ],
              "colors": [
                0
              ],
              "text": "دﺣ"
            },
            {
              "bbox": [
                228.55137634277344,
                235.7849884033203,
                371.1202392578125,
                289.0695495605469
              ],
              "colors": [
                15073280
              ],
              "text": "يدﯾدﺟﻟا يدﯾﺳ"
            },
            {
              "bbox": [
                237.0095672607422,
                179.91781616210938,
                370.2143859863281,
                249.11854553222656
              ],
              "colors": [
                19880
              ],
              "text": "اﻟﺣﻣﺎﻣﺎت"
            }
          ],
          "layer": "circonscription_isie2023",
          "pdfSha256": "fb704ad3de27894aa0ac74668349aac75f46fb4eb7598a66c1c648edb61780cd",
          "segmentCounts": [
            1023,
            180
          ],
          "seqnos": [
            419,
            420
          ],
          "sourceVertexCounts": [
            1024,
            181
          ]
        },
        "sourceGeometrySha256": "69d0df0bd99602b7bfcfa02c198648a862526926eefe1286b561446dbb65ee7b"
      },
      "geometry": {
        "coordinates": [
          [
            [
              10.506424724877562,
              36.391837363972215
            ],
            [
              10.50631487613365,
              36.391751283930496
            ],
            [
              10.504533743848057,
              36.38914977581619
            ],
            [
              10.500752179133826,
              36.38377449706462
            ],
            [
              10.499640449931425,
              36.38221407758167
            ],
            [
              10.498195958785873,
              36.38022049970707
            ],
            [
              10.496192385657338,
              36.37727178316571
            ],
            [
              10.494754749966116,
              36.37562793765983
            ],
            [
              10.490114492595135,
              36.370525427652886
            ],
            [
              10.488018335830391,
              36.368364919829354
            ],
            [
              10.486692493868167,
              36.366894503592945
            ],
            [
              10.483267515611077,
              36.36308858071884
            ],
            [
              10.480396692839873,
              36.35997540388679
            ],
            [
              10.47933204767693,
              36.36086325264689
            ],
            [
              10.478904528609252,
              36.361130943873334
            ],
            [
              10.478375500032087,
              36.36174975453462
            ],
            [
              10.47795293249436,
              36.362279779774596
            ],
            [
              10.477633523778698,
              36.36254612912629
            ],
            [
              10.477422236095423,
              36.36281114068256
            ],
            [
              10.476891532521504,
              36.36334249935183
            ],
            [
              10.476465661504545,
              36.363697627809835
            ],
            [
              10.476147893269873,
              36.36405141917852
            ],
            [
              10.475828470919451,
              36.36431774910893
            ],
            [
              10.475615521663473,
              36.36449531182507
            ],
            [
              10.474440984478115,
              36.36529700857247
            ],
            [
              10.474226380134334,
              36.36538712305754
            ],
            [
              10.473798818718532,
              36.365654796776965
            ],
            [
              10.473264774851469,
              36.366011248324305
            ],
            [
              10.47283555893089,
              36.366191472822265
            ],
            [
              10.47272907844968,
              36.36628025166636
            ],
            [
              10.472514469362116,
              36.366370363167576
            ],
            [
              10.472516116761787,
              36.36645780908251
            ],
            [
              10.472088543539675,
              36.36672547689995
            ],
            [
              10.471451293812686,
              36.367345590721314
            ],
            [
              10.470917227576948,
              36.367702032181185
            ],
            [
              10.470704257894393,
              36.36787958650768
            ],
            [
              10.470383156440546,
              36.36805847134316
            ],
            [
              10.469849098740083,
              36.36841490798157
            ],
            [
              10.467812667310652,
              36.36940207368334
            ],
            [
              10.467170436855662,
              36.369759827467135
            ],
            [
              10.466203798890831,
              36.37012155966477
            ],
            [
              10.465772903174964,
              36.370214298601994
            ],
            [
              10.465666409400432,
              36.37030308622205
            ],
            [
              10.465233872774485,
              36.370308391935794
            ],
            [
              10.464909470230786,
              36.37031237019388
            ],
            [
              10.464693201832981,
              36.370315021876785
            ],
            [
              10.464476933406903,
              36.370317673168366
            ],
            [
              10.464044396469957,
              36.37032297457757
            ],
            [
              10.463719993693072,
              36.37032694960722
            ],
            [
              10.463282544387807,
              36.37006989478918
            ],
            [
              10.463174410449302,
              36.37007121919947
            ],
            [
              10.463064639739574,
              36.36998511210337
            ],
            [
              10.462956505907863,
              36.36998643631377
            ],
            [
              10.462848372069095,
              36.36998776042637
            ],
            [
              10.462738601274003,
              36.36990162337079
            ],
            [
              10.462306084641021,
              36.369906918210226
            ],
            [
              10.462196296761043,
              36.36982081051118
            ],
            [
              10.461867007088442,
              36.3695624413991
            ],
            [
              10.461757238235617,
              36.36947631822138
            ],
            [
              10.461647469624651,
              36.369390194936074
            ],
            [
              10.461537701255551,
              36.369304071543205
            ],
            [
              10.461319800279165,
              36.36921927074791
            ],
            [
              10.460883999714097,
              36.36904966792892
            ],
            [
              10.46077423265407,
              36.36896354379965
            ],
            [
              10.46055633342113,
              36.36887874156638
            ],
            [
              10.460335166832516,
              36.368619046206824
            ],
            [
              10.46022703475939,
              36.36862036790431
            ],
            [
              10.460000969482994,
              36.36809833274749
            ],
            [
              10.459776540550598,
              36.36766374344639
            ],
            [
              10.459435819974729,
              36.366793242490765
            ],
            [
              10.459103269150873,
              36.3663599724898
            ],
            [
              10.458880482598586,
              36.36601282760863
            ],
            [
              10.45833983984278,
              36.36601942813003
            ],
            [
              10.457373204199929,
              36.366381088948934
            ],
            [
              10.45715532491368,
              36.36629628011672
            ],
            [
              10.456295180363867,
              36.36656916700494
            ],
            [
              10.455865920161456,
              36.36674933145305
            ],
            [
              10.455652917861393,
              36.3669268596809
            ],
            [
              10.4551187798903,
              36.367283232079814
            ],
            [
              10.454805781970801,
              36.36789930872337
            ],
            [
              10.454704160886246,
              36.368250411742565
            ],
            [
              10.454483015231778,
              36.3679907050396
            ],
            [
              10.454374883746361,
              36.36799202142104
            ],
            [
              10.454266752253925,
              36.367993337704675
            ],
            [
              10.454158620754477,
              36.36799465389045
            ],
            [
              10.453727721159407,
              36.368087364280804
            ],
            [
              10.452546407550882,
              36.36853906483509
            ],
            [
              10.451473203810961,
              36.3689894404015
            ],
            [
              10.451258561548768,
              36.36907951438691
            ],
            [
              10.450934162087234,
              36.36908345458382
            ],
            [
              10.450826028919389,
              36.369084767787136
            ],
            [
              10.450609762562696,
              36.36908739390027
            ],
            [
              10.45050162937385,
              36.36908870681008
            ],
            [
              10.450283740294926,
              36.36900388559204
            ],
            [
              10.450177229765323,
              36.3690926449526
            ],
            [
              10.450070718993855,
              36.369181404222324
            ],
            [
              10.449856074507828,
              36.369271475732425
            ],
            [
              10.449318659440614,
              36.3694529293638
            ],
            [
              10.448779611610204,
              36.36954693394416
            ],
            [
              10.448348696463983,
              36.369639625238655
            ],
            [
              10.448240562402672,
              36.36964093611909
            ],
            [
              10.44705432547644,
              36.369830243065095
            ],
            [
              10.445440404407979,
              36.370287098163296
            ],
            [
              10.441779948943909,
              36.37120599476122
            ],
            [
              10.44124087885006,
              36.371299965760024
            ],
            [
              10.440595282502764,
              36.37148268544945
            ],
            [
              10.43962527121279,
              36.37166931143924
            ],
            [
              10.43962688212207,
              36.371756758555804
            ],
            [
              10.438011265901327,
              36.372126082642794
            ],
            [
              10.437367263058405,
              36.37239623236279
            ],
            [
              10.437044455900251,
              36.37248758235115
            ],
            [
              10.435538547634863,
              36.372943020048744
            ],
            [
              10.435217341985506,
              36.37312181244949
            ],
            [
              10.434465190130833,
              36.37339324587329
            ],
            [
              10.433827582233759,
              36.37401316615176
            ],
            [
              10.433294897970464,
              36.37445689114168
            ],
            [
              10.432863935652392,
              36.37454952749924
            ],
            [
              10.431356369190466,
              36.37491746625415
            ],
            [
              10.42995852181482,
              36.3753715394077
            ],
            [
              10.42974383599901,
              36.37546156815915
            ],
            [
              10.428242620535197,
              36.37617925825449
            ],
            [
              10.425876224979836,
              36.37690725950874
            ],
            [
              10.423614743451587,
              36.37745902331883
            ],
            [
              10.422752759522389,
              36.37764422577829
            ],
            [
              10.421998917954237,
              36.37782813482074
            ],
            [
              10.420492813601545,
              36.37828338659885
            ],
            [
              10.41876881623544,
              36.37865374087642
            ],
            [
              10.416402251828146,
              36.3793815576878
            ],
            [
              10.414676616388373,
              36.37966440595804
            ],
            [
              10.41273151424205,
              36.37977489160651
            ],
            [
              10.411430556873698,
              36.37961533638109
            ],
            [
              10.410345903246196,
              36.37945321340193
            ],
            [
              10.409259685617226,
              36.379203632198305
            ],
            [
              10.408932084192793,
              36.3790325629174
            ],
            [
              10.408173465459416,
              36.378954041060624
            ],
            [
              10.407413272826894,
              36.378788066113046
            ],
            [
              10.406222063314209,
              36.37871462759186
            ],
            [
              10.405571607530957,
              36.37863481584806
            ],
            [
              10.404704846888515,
              36.378557544223106
            ],
            [
              10.404052813043236,
              36.3783902758893
            ],
            [
              10.403836516514856,
              36.37839281789129
            ],
            [
              10.403184485759327,
              36.37822554474139
            ],
            [
              10.402642175437826,
              36.37814444663159
            ],
            [
              10.402099866163802,
              36.37806334603342
            ],
            [
              10.401991727434828,
              36.37806461519797
            ],
            [
              10.401555998448535,
              36.377894794369276
            ],
            [
              10.401447850757982,
              36.377896063144064
            ],
            [
              10.401339703060668,
              36.377897331820975
            ],
            [
              10.401015259928137,
              36.37790113726454
            ],
            [
              10.400802100102478,
              36.37807857073274
            ],
            [
              10.40058737171902,
              36.37816855533407
            ],
            [
              10.400482358549036,
              36.37834472025144
            ],
            [
              10.400375777547232,
              36.378433436575364
            ],
            [
              10.40037734491534,
              36.37852088508168
            ],
            [
              10.400162614817626,
              36.37861086894973
            ],
            [
              10.399946317318019,
              36.37861340392132
            ],
            [
              10.399838168558077,
              36.37861467126031
            ],
            [
              10.399728453142508,
              36.3785284899723
            ],
            [
              10.399615604946968,
              36.378267411503984
            ],
            [
              10.399614038446114,
              36.37817996296545
            ],
            [
              10.399505890270895,
              36.378181229990695
            ],
            [
              10.39939930834778,
              36.37826994546468
            ],
            [
              10.399400874613393,
              36.37835739400991
            ],
            [
              10.39929585849216,
              36.378533557941985
            ],
            [
              10.399190841907185,
              36.37870972178693
            ],
            [
              10.399085824858465,
              36.37888588554473
            ],
            [
              10.398979241510366,
              36.37897460066478
            ],
            [
              10.398762942894141,
              36.37897713351544
            ],
            [
              10.398545088075887,
              36.37889221729921
            ],
            [
              10.398436929695295,
              36.378893483485314
            ],
            [
              10.398328789647657,
              36.378894749358864
            ],
            [
              10.39822064042342,
              36.37889601524188
            ],
            [
              10.398114046883446,
              36.37898472971848
            ],
            [
              10.398005906694571,
              36.37898599530246
            ],
            [
              10.397681458577873,
              36.37898979178914
            ],
            [
              10.397357010400452,
              36.37899358739497
            ],
            [
              10.39724886099449,
              36.37899485240117
            ],
            [
              10.396925976272735,
              36.37908609545956
            ],
            [
              10.39660309077102,
              36.37917733765986
            ],
            [
              10.39649494107585,
              36.37917860198899
            ],
            [
              10.396388354319004,
              36.379267314864656
            ],
            [
              10.395850729803644,
              36.3794485318979
            ],
            [
              10.395635991704436,
              36.37953850778067
            ],
            [
              10.395421253100995,
              36.379628483286645
            ],
            [
              10.394990212969002,
              36.37972098447972
            ],
            [
              10.394667322431413,
              36.37981222154205
            ],
            [
              10.394560741873041,
              36.37990093273376
            ],
            [
              10.394237850058062,
              36.37999216865905
            ],
            [
              10.394131259590202,
              36.38008087958769
            ],
            [
              10.394024668880322,
              36.38016959042514
            ],
            [
              10.393918077928419,
              36.38025830117139
            ],
            [
              10.393813046862917,
              36.380434460549694
            ],
            [
              10.393706455312682,
              36.3805231711162
            ],
            [
              10.393493271486138,
              36.38070059197564
            ],
            [
              10.393280086691487,
              36.380878012470255
            ],
            [
              10.39305598577107,
              36.380443291378405
            ],
            [
              10.393052867215111,
              36.38026839387444
            ],
            [
              10.392940038425191,
              36.380007308743856
            ],
            [
              10.39260467416095,
              36.379398950116446
            ],
            [
              10.39206236505092,
              36.37931780391369
            ],
            [
              10.391736356992368,
              36.37923413547082
            ],
            [
              10.391521623659479,
              36.379324103940704
            ],
            [
              10.391306871482563,
              36.37941407224742
            ],
            [
              10.390983986740052,
              36.379505299313365
            ],
            [
              10.390770799269994,
              36.3796827154153
            ],
            [
              10.390341308987363,
              36.379862648807084
            ],
            [
              10.390129675057478,
              36.38012751266854
            ],
            [
              10.38969706978214,
              36.380132546068424
            ],
            [
              10.389374170902032,
              36.38022376898201
            ],
            [
              10.389262909380356,
              36.38005012900559
            ],
            [
              10.389046606890805,
              36.38005264432727
            ],
            [
              10.388828749846063,
              36.37996771034343
            ],
            [
              10.388175181495388,
              36.37971290593899
            ],
            [
              10.387852282421221,
              36.3798041247445
            ],
            [
              10.38774724724216,
              36.37998027897533
            ],
            [
              10.38710454109521,
              36.38033761153042
            ],
            [
              10.386468055064746,
              36.381044736475395
            ],
            [
              10.385510188845537,
              36.381930512575245
            ],
            [
              10.384763961264488,
              36.38255143431888
            ],
            [
              10.384657356356135,
              36.38264013706008
            ],
            [
              10.384335990519006,
              36.38281879569746
            ],
            [
              10.384009984476535,
              36.38273510623833
            ],
            [
              10.38345836780303,
              36.38212922688553
            ],
            [
              10.382061642750775,
              36.38267019673555
            ],
            [
              10.38174027062357,
              36.38284884851612
            ],
            [
              10.381417350612018,
              36.38294005031333
            ],
            [
              10.381202590011668,
              36.38302999328671
            ],
            [
              10.3807699624402,
              36.383034994752926
            ],
            [
              10.37990008677113,
              36.3827826526351
            ],
            [
              10.37881699304801,
              36.38270769206905
            ],
            [
              10.37870729430269,
              36.382621491150516
            ],
            [
              10.378599134432855,
              36.38262273943232
            ],
            [
              10.378489440629142,
              36.382536538251884
            ],
            [
              10.378376656562436,
              36.382275438485486
            ],
            [
              10.37814954809914,
              36.38166578926768
            ],
            [
              10.378146462913868,
              36.38149089810822
            ],
            [
              10.378249988233847,
              36.381227295054536
            ],
            [
              10.37835197029229,
              36.380876257451156
            ],
            [
              10.378450865482426,
              36.380350313765256
            ],
            [
              10.37866099713868,
              36.37999802046174
            ],
            [
              10.379190949233363,
              36.37937963351899
            ],
            [
              10.379507681273564,
              36.37893864086143
            ],
            [
              10.379830582703537,
              36.378847444527864
            ],
            [
              10.38036669769343,
              36.37857884964657
            ],
            [
              10.380578361281371,
              36.37831400240159
            ],
            [
              10.380681870137925,
              36.37805041224603
            ],
            [
              10.381000133980596,
              36.37769685765999
            ],
            [
              10.381211793221517,
              36.3774320167635
            ],
            [
              10.381533144715556,
              36.37725336669864
            ],
            [
              10.381639746110366,
              36.37716466675014
            ],
            [
              10.381744800833895,
              36.37698851749049
            ],
            [
              10.38184985509345,
              36.37681236814352
            ],
            [
              10.380640149706016,
              36.3756892895763
            ],
            [
              10.38019984877881,
              36.375257041538276
            ],
            [
              10.379634420559585,
              36.37386409804215
            ],
            [
              10.379191044386106,
              36.37325694714538
            ],
            [
              10.377646224520138,
              36.37152544172994
            ],
            [
              10.374470185471854,
              36.36928787405198
            ],
            [
              10.374355897588936,
              36.368939319622385
            ],
            [
              10.374133474708046,
              36.3685920088169
            ],
            [
              10.374020726726386,
              36.36833090360445
            ],
            [
              10.373691708798328,
              36.36807228507612
            ],
            [
              10.373582036639405,
              36.36798607868585
            ],
            [
              10.373470828070124,
              36.36781242252953
            ],
            [
              10.373362697631533,
              36.36781366553141
            ],
            [
              10.372814342883887,
              36.36738263090333
            ],
            [
              10.372375663439517,
              36.36703780127363
            ],
            [
              10.372290559068738,
              36.368350788890744
            ],
            [
              10.372423263399044,
              36.36974874167714
            ],
            [
              10.372483155996372,
              36.37315926295204
            ],
            [
              10.372558420144122,
              36.377444285188126
            ],
            [
              10.371719336603203,
              36.37894085779064
            ],
            [
              10.371512241542023,
              36.37946803872159
            ],
            [
              10.371303618053856,
              36.37990776964117
            ],
            [
              10.371197000974053,
              36.379996460652535
            ],
            [
              10.371090383652223,
              36.38008515157255
            ],
            [
              10.371091918327995,
              36.3801726011388
            ],
            [
              10.368528435932184,
              36.38203879952574
            ],
            [
              10.367777475533059,
              36.3823972690697
            ],
            [
              10.36606534660961,
              36.38346645953963
            ],
            [
              10.364458269609383,
              36.38435949885362
            ],
            [
              10.362851155473425,
              36.385252517184924
            ],
            [
              10.361350636460989,
              36.38605683213179
            ],
            [
              10.359850090773005,
              36.38686112871619
            ],
            [
              10.359743451110472,
              36.38694980987538
            ],
            [
              10.35899392360913,
              36.38739567563101
            ],
            [
              10.358457677007918,
              36.38766417694793
            ],
            [
              10.359647467016483,
              36.387650640089284
            ],
            [
              10.359865315618984,
              36.38773562001256
            ],
            [
              10.35997500148711,
              36.38782183845674
            ],
            [
              10.360084687597361,
              36.38790805679383
            ],
            [
              10.36041679373094,
              36.38834161083588
            ],
            [
              10.360421363305317,
              36.388603960335594
            ],
            [
              10.360211126392329,
              36.38895622327555
            ],
            [
              10.360215695249119,
              36.38921856535838
            ],
            [
              10.360115144493125,
              36.38965704618739
            ],
            [
              10.360118190340069,
              36.38983194583854
            ],
            [
              10.36011971327339,
              36.389919395662105
            ],
            [
              10.36044573523786,
              36.39000315005171
            ],
            [
              10.36098656222845,
              36.38999698909131
            ],
            [
              10.361417702978361,
              36.38990460874346
            ],
            [
              10.36195853365343,
              36.38989844334424
            ],
            [
              10.36249936416408,
              36.389892275497154
            ],
            [
              10.362933554542,
              36.3899747891774
            ],
            [
              10.36326262786067,
              36.39023343527766
            ],
            [
              10.363485067812931,
              36.39058076482498
            ],
            [
              10.36359628854515,
              36.39075442942021
            ],
            [
              10.363707509781433,
              36.390928093896484
            ],
            [
              10.363602396105062,
              36.39110422814614
            ],
            [
              10.363606976844123,
              36.39136657717653
            ],
            [
              10.363610030703082,
              36.39154147652342
            ],
            [
              10.36361308458838,
              36.39171637586498
            ],
            [
              10.363725834388198,
              36.3919774899308
            ],
            [
              10.363837057739591,
              36.39215115420892
            ],
            [
              10.364056450982176,
              36.39232358312215
            ],
            [
              10.364385542662369,
              36.392582225688685
            ],
            [
              10.364603410211956,
              36.392667203912076
            ],
            [
              10.365040670731393,
              36.39292460878543
            ],
            [
              10.365369768054764,
              36.39318324107924
            ],
            [
              10.365590696824968,
              36.393443116587015
            ],
            [
              10.365703455862189,
              36.393704228519425
            ],
            [
              10.365925916921302,
              36.39405155288456
            ],
            [
              10.365928976274644,
              36.39422645198359
            ],
            [
              10.365823863343438,
              36.3944025806699
            ],
            [
              10.365826922507342,
              36.39457747976608
            ],
            [
              10.36561669507874,
              36.39492975170546
            ],
            [
              10.365182474443484,
              36.39484724849087
            ],
            [
              10.36409769507515,
              36.39468470820779
            ],
            [
              10.363134827062593,
              36.39530797032076
            ],
            [
              10.362705189626098,
              36.39548780696946
            ],
            [
              10.361198382279296,
              36.39594232409466
            ],
            [
              10.359907902701794,
              36.39639435947569
            ],
            [
              10.359801250428983,
              36.39648304082136
            ],
            [
              10.359802773376988,
              36.39657049055886
            ],
            [
              10.359504131911896,
              36.39806083034745
            ],
            [
              10.35951479084058,
              36.39867297098311
            ],
            [
              10.359306051239283,
              36.3991126820711
            ],
            [
              10.359107961085423,
              36.400164533450145
            ],
            [
              10.358905299567333,
              36.40095404273527
            ],
            [
              10.358804728412132,
              36.40139252209436
            ],
            [
              10.358698068204548,
              36.40148120255224
            ],
            [
              10.358396346313336,
              36.402796639831955
            ],
            [
              10.358405476760291,
              36.40332133798718
            ],
            [
              10.358634022611502,
              36.404018466790944
            ],
            [
              10.35899055233681,
              36.40585121671077
            ],
            [
              10.358993597334877,
              36.40602610855618
            ],
            [
              10.358472440331479,
              36.40716910816209
            ],
            [
              10.358155478183093,
              36.40761004791342
            ],
            [
              10.358048808944808,
              36.40769872789533
            ],
            [
              10.357940617977826,
              36.40769995814527
            ],
            [
              10.358053373787039,
              36.407961076801016
            ],
            [
              10.358172217487473,
              36.408571993813766
            ],
            [
              10.358284975419362,
              36.408833112170875
            ],
            [
              10.358725357636112,
              36.40926543716949
            ],
            [
              10.35883507331245,
              36.409351655748445
            ],
            [
              10.358947834654291,
              36.40961277337599
            ],
            [
              10.358844208764998,
              36.409876345818795
            ],
            [
              10.358422088006488,
              36.41049341647653
            ],
            [
              10.35778356914191,
              36.41111293881816
            ],
            [
              10.356396788472127,
              36.4122657678359
            ],
            [
              10.355970077074074,
              36.412620481360946
            ],
            [
              10.353937084713865,
              36.413955551733345
            ],
            [
              10.35418535495004,
              36.4157895337396
            ],
            [
              10.353874404343198,
              36.41658026137236
            ],
            [
              10.353354622795331,
              36.41781068195619
            ],
            [
              10.353249451170853,
              36.4179868075677
            ],
            [
              10.352722069817222,
              36.418779984641375
            ],
            [
              10.352196198208064,
              36.41966060912884
            ],
            [
              10.351880666905268,
              36.42018898279878
            ],
            [
              10.351668795213849,
              36.42045378179269
            ],
            [
              10.351589373041397,
              36.42211654298874
            ],
            [
              10.351506918296026,
              36.42360440447301
            ],
            [
              10.351519039719662,
              36.42430400155499
            ],
            [
              10.351525100588285,
              36.424653800063865
            ],
            [
              10.351749107569136,
              36.425088598181446
            ],
            [
              10.352101035632678,
              36.42665900765771
            ],
            [
              10.352332637892335,
              36.42753105209528
            ],
            [
              10.352680039958159,
              36.42883911019114
            ],
            [
              10.353024424645923,
              36.42997227513137
            ],
            [
              10.353140233449073,
              36.43040829611902
            ],
            [
              10.353253008607524,
              36.43066941799124
            ],
            [
              10.353367302191378,
              36.43101798919525
            ],
            [
              10.35315844211108,
              36.431457682391304
            ],
            [
              10.353053252610913,
              36.43163380783174
            ],
            [
              10.353054769944423,
              36.43172125729796
            ],
            [
              10.353056287284474,
              36.431808706762844
            ],
            [
              10.353057804631069,
              36.4318961562264
            ],
            [
              10.353277289331034,
              36.432068601988995
            ],
            [
              10.353278806939915,
              36.432156051440735
            ],
            [
              10.353390067525053,
              36.43232972360118
            ],
            [
              10.35328487744088,
              36.43250584923435
            ],
            [
              10.353179686891016,
              36.43268197477966
            ],
            [
              10.353181204424375,
              36.432769424225924
            ],
            [
              10.35318575706371,
              36.43303177255672
            ],
            [
              10.353190309761938,
              36.433294120875466
            ],
            [
              10.353301571858427,
              36.433467793056344
            ],
            [
              10.353415870162472,
              36.433816363964404
            ],
            [
              10.353641433555891,
              36.434338599107164
            ],
            [
              10.353988896186506,
              36.43564665820753
            ],
            [
              10.354217506986084,
              36.436343798046586
            ],
            [
              10.354557392408262,
              36.437214600604364
            ],
            [
              10.354564989123658,
              36.43765184724055
            ],
            [
              10.354790567615144,
              36.43817408695588
            ],
            [
              10.354907924291584,
              36.43869755442958
            ],
            [
              10.355135028400394,
              36.43930724257586
            ],
            [
              10.35513806859509,
              36.439482141131116
            ],
            [
              10.355584694771647,
              36.440264261910656
            ],
            [
              10.355807250901798,
              36.440611600654414
            ],
            [
              10.356029809052698,
              36.440958938921916
            ],
            [
              10.356142605621443,
              36.44122005714427
            ],
            [
              10.35636364547938,
              36.44147994548232
            ],
            [
              10.356368210278577,
              36.44174229308403
            ],
            [
              10.356159340620199,
              36.44218199842165
            ],
            [
              10.35595199432455,
              36.44270914514725
            ],
            [
              10.355852881245983,
              36.4432350697041
            ],
            [
              10.355854402363416,
              36.443322518898746
            ],
            [
              10.35585592348741,
              36.443409968092055
            ],
            [
              10.355968727879503,
              36.44367108626017
            ],
            [
              10.356413861389541,
              36.44436576102611
            ],
            [
              10.356746198062467,
              36.444799316671826
            ],
            [
              10.357191349642457,
              36.44549398066545
            ],
            [
              10.357304161712431,
              36.44575509732556
            ],
            [
              10.357198963432493,
              36.44593122621697
            ],
            [
              10.356349755548885,
              36.44690300853293
            ],
            [
              10.355189467181274,
              36.448665507052446
            ],
            [
              10.353597648931117,
              36.4505203547689
            ],
            [
              10.352852039884006,
              36.45122853840179
            ],
            [
              10.352213157043293,
              36.45184804208698
            ],
            [
              10.351894468117976,
              36.45220151733236
            ],
            [
              10.351682512888535,
              36.45246631678221
            ],
            [
              10.351685546791703,
              36.45264121520079
            ],
            [
              10.351687063753099,
              36.45272866440807
            ],
            [
              10.351691614676534,
              36.452991012021904
            ],
            [
              10.351807454272338,
              36.453427024694584
            ],
            [
              10.352028515997189,
              36.45368692753629
            ],
            [
              10.352249579083656,
              36.45394682251447
            ],
            [
              10.352362387756669,
              36.45420793616438
            ],
            [
              10.352260202760174,
              36.45455895924838
            ],
            [
              10.352051277619658,
              36.45499865767675
            ],
            [
              10.351949090288368,
              36.455349680499864
            ],
            [
              10.351750781910365,
              36.4564015224931
            ],
            [
              10.35165162574975,
              36.45692743592806
            ],
            [
              10.35177354110928,
              36.45771325218624
            ],
            [
              10.351889389159487,
              36.458149271699575
            ],
            [
              10.352108947183531,
              36.458321717383285
            ],
            [
              10.35243676791322,
              36.458492936009996
            ],
            [
              10.35287285201854,
              36.458662926672865
            ],
            [
              10.35319915223332,
              36.45874669411532
            ],
            [
              10.353525457714316,
              36.458830460597575
            ],
            [
              10.353851763743,
              36.45891421875948
            ],
            [
              10.354176550471752,
              36.45891053440018
            ],
            [
              10.354611120071679,
              36.45899307696867
            ],
            [
              10.354720903115961,
              36.459079297260416
            ],
            [
              10.354722423712829,
              36.45916673885126
            ],
            [
              10.3548322026673,
              36.45925296649475
            ],
            [
              10.354941990786404,
              36.45933917910237
            ],
            [
              10.354943511774826,
              36.459426628093595
            ],
            [
              10.354838286019211,
              36.45960275506039
            ],
            [
              10.354515021604596,
              36.4596938902309
            ],
            [
              10.354409799115425,
              36.45987001678779
            ],
            [
              10.354521103758675,
              36.46004368622874
            ],
            [
              10.354522624313585,
              36.46013113522484
            ],
            [
              10.354417401282504,
              36.460307261787854
            ],
            [
              10.354203913368417,
              36.46048461664921
            ],
            [
              10.35388215980299,
              36.460663199243285
            ],
            [
              10.353991944475657,
              36.46074942014995
            ],
            [
              10.354429565090769,
              36.46100685371833
            ],
            [
              10.354434126627053,
              36.461269200670166
            ],
            [
              10.354871747039455,
              36.461526632555454
            ],
            [
              10.355088278703583,
              36.461524174413135
            ],
            [
              10.354984580812616,
              36.46178774293832
            ],
            [
              10.354883915341318,
              36.462226216798996
            ],
            [
              10.354562160913963,
              36.462404801241625
            ],
            [
              10.354924986894543,
              36.464587338004385
            ],
            [
              10.355507429883364,
              36.46694230351991
            ],
            [
              10.355774215403486,
              36.46982564788625
            ],
            [
              10.356175198658002,
              36.47419438065738
            ],
            [
              10.355868622872121,
              36.47524745657153
            ],
            [
              10.356455755496443,
              36.47786475712117
            ],
            [
              10.355386572883837,
              36.47866409189329
            ],
            [
              10.354532432945048,
              36.47937351791416
            ],
            [
              10.354759667602757,
              36.47998320025919
            ],
            [
              10.355532931546694,
              36.48084907869538
            ],
            [
              10.3561948763225,
              36.48154128515448
            ],
            [
              10.357511170996563,
              36.482488443354804
            ],
            [
              10.357436428223945,
              36.48441352851178
            ],
            [
              10.35701544028303,
              36.485118043863686
            ],
            [
              10.356181052280974,
              36.4869643131725
            ],
            [
              10.356304594096326,
              36.48783756753678
            ],
            [
              10.355891191786647,
              36.488979306956864
            ],
            [
              10.355900334086389,
              36.48950399806658
            ],
            [
              10.35601930596396,
              36.490114906844184
            ],
            [
              10.356983376304136,
              36.489491686075546
            ],
            [
              10.357958117870108,
              36.48948059683456
            ],
            [
              10.358926745791601,
              36.48911970605606
            ],
            [
              10.359898425500338,
              36.4889337042838
            ],
            [
              10.360334697792341,
              36.48910366291705
            ],
            [
              10.36087774680608,
              36.4891849363959
            ],
            [
              10.361526036331162,
              36.48909007503427
            ],
            [
              10.362705123281522,
              36.48837688903426
            ],
            [
              10.363566948922546,
              36.48810464627199
            ],
            [
              10.36464997280055,
              36.48809226504685
            ],
            [
              10.366169266340174,
              36.48824981124975
            ],
            [
              10.36725382749192,
              36.48832485448194
            ],
            [
              10.368231625338385,
              36.488488577810145
            ],
            [
              10.369535870233989,
              36.48873601236649
            ],
            [
              10.370841663496675,
              36.48907088045376
            ],
            [
              10.371712715248785,
              36.489323267040035
            ],
            [
              10.372783406290457,
              36.48861122832419
            ],
            [
              10.37428574020074,
              36.487806758649796
            ],
            [
              10.377887548176842,
              36.489339586900485
            ],
            [
              10.380288832660248,
              36.490361419955676
            ],
            [
              10.38137187576849,
              36.4903488863461
            ],
            [
              10.382238313446218,
              36.49033885234051
            ],
            [
              10.383534854883132,
              36.49014889460847
            ],
            [
              10.384719977786744,
              36.48978528488797
            ],
            [
              10.385903531823867,
              36.48933421618929
            ],
            [
              10.386977201581251,
              36.48879694768015
            ],
            [
              10.387729079787208,
              36.48843834353154
            ],
            [
              10.388911034661975,
              36.48789981318239
            ],
            [
              10.389970606211067,
              36.48657549262773
            ],
            [
              10.390487102848947,
              36.48517002687023
            ],
            [
              10.391348789521386,
              36.484897586063305
            ],
            [
              10.393571339201378,
              36.481985288481994
            ],
            [
              10.392485294102206,
              36.481823050551355
            ],
            [
              10.392151032776438,
              36.48130215738664
            ],
            [
              10.392461828543135,
              36.48051134114029
            ],
            [
              10.39213070113991,
              36.48016534232012
            ],
            [
              10.392226479023037,
              36.47946450036617
            ],
            [
              10.392659626145653,
              36.47945944613608
            ],
            [
              10.393874293483924,
              36.48075724747525
            ],
            [
              10.396493657343946,
              36.481863674032205
            ],
            [
              10.3977461167189,
              36.48526014810198
            ],
            [
              10.397849701692165,
              36.48499653837756
            ],
            [
              10.397950144538692,
              36.48455803448932
            ],
            [
              10.398162023496539,
              36.48429315572398
            ],
            [
              10.398698786468067,
              36.48402446885359
            ],
            [
              10.39934698490789,
              36.48392940370784
            ],
            [
              10.399558857385397,
              36.48366452257341
            ],
            [
              10.399880595474364,
              36.48348581766657
            ],
            [
              10.400418920192978,
              36.48330457024211
            ],
            [
              10.400417346775026,
              36.48321712327515
            ],
            [
              10.400307470366846,
              36.48313094729388
            ],
            [
              10.400089318859282,
              36.483046041668224
            ],
            [
              10.399872731425228,
              36.48304858273101
            ],
            [
              10.39976286503017,
              36.48296240611987
            ],
            [
              10.399759719714801,
              36.48278751212549
            ],
            [
              10.399863294790078,
              36.482523900764015
            ],
            [
              10.400290164896434,
              36.48216904533366
            ],
            [
              10.400502029243368,
              36.48190414779642
            ],
            [
              10.400498882654873,
              36.4817292686503
            ],
            [
              10.400497309237437,
              36.48164182166321
            ],
            [
              10.400495735826787,
              36.48155437467477
            ],
            [
              10.400602453913507,
              36.48146565668587
            ],
            [
              10.400815889357256,
              36.481288220433534
            ],
            [
              10.400812741867345,
              36.48111332646879
            ],
            [
              10.400917885145121,
              36.48093716122902
            ],
            [
              10.401024601914452,
              36.48084844288216
            ],
            [
              10.40123803472345,
              36.4806710059139
            ],
            [
              10.401343176461017,
              36.48049484032023
            ],
            [
              10.401449892142645,
              36.48040612161004
            ],
            [
              10.401553458537947,
              36.480142508870514
            ],
            [
              10.40166017350351,
              36.480053789982705
            ],
            [
              10.40208703093365,
              36.47969891351642
            ],
            [
              10.402405596022698,
              36.47934530825662
            ],
            [
              10.40261744593698,
              36.47908042198561
            ],
            [
              10.402721006726257,
              36.47881680829893
            ],
            [
              10.402822990991988,
              36.47846574757952
            ],
            [
              10.40292497438688,
              36.47811468677272
            ],
            [
              10.402811960244026,
              36.47785361891539
            ],
            [
              10.402918670683912,
              36.47776489896738
            ],
            [
              10.402917094775159,
              36.477677452012664
            ],
            [
              10.403023804857066,
              36.47758873197587
            ],
            [
              10.403128938697837,
              36.47741257230894
            ],
            [
              10.403234071939053,
              36.47723640514258
            ],
            [
              10.403340781061843,
              36.47714768483671
            ],
            [
              10.403447489941454,
              36.47705896443937
            ],
            [
              10.403442760574874,
              36.476796623599625
            ],
            [
              10.403438031269475,
              36.4765342827478
            ],
            [
              10.403541586151341,
              36.47627066837262
            ],
            [
              10.403646707807539,
              36.476094500971314
            ],
            [
              10.40407196690811,
              36.47565217078337
            ],
            [
              10.404280637625645,
              36.47521238796331
            ],
            [
              10.404385765551378,
              36.475036227251394
            ],
            [
              10.404490892877522,
              36.47486005904007
            ],
            [
              10.404486160373597,
              36.47459771822086
            ],
            [
              10.40458970931428,
              36.47433410298514
            ],
            [
              10.404803116403434,
              36.474156660011644
            ],
            [
              10.404908241650134,
              36.473980491453425
            ],
            [
              10.404906663723773,
              36.473893044517766
            ],
            [
              10.404790494046733,
              36.47345708447803
            ],
            [
              10.40478891628276,
              36.473369637530276
            ],
            [
              10.40489561842976,
              36.47328091593066
            ],
            [
              10.405214145195776,
              36.472927303644774
            ],
            [
              10.405320846389282,
              36.47283858909403
            ],
            [
              10.405425968633198,
              36.47266241269361
            ],
            [
              10.405529512138816,
              36.47239880409561
            ],
            [
              10.405741333105178,
              36.47213391261604
            ],
            [
              10.405736596857793,
              36.471871571817566
            ],
            [
              10.405843295898675,
              36.4717828494165
            ],
            [
              10.405954731632315,
              36.47195646770621
            ],
            [
              10.406177604485693,
              36.47230369651432
            ],
            [
              10.406398899973407,
              36.47256348535623
            ],
            [
              10.406726896230028,
              36.47273455056059
            ],
            [
              10.406835175282241,
              36.47273327416667
            ],
            [
              10.407053313769302,
              36.472818175368346
            ],
            [
              10.407164753590514,
              36.47299178499592
            ],
            [
              10.407277774598695,
              36.47325284877301
            ],
            [
              10.407390787209831,
              36.47351391252378
            ],
            [
              10.40760892835206,
              36.47359880522613
            ],
            [
              10.407935350281331,
              36.47368242009757
            ],
            [
              10.408151910903348,
              36.473679864961866
            ],
            [
              10.40858345002633,
              36.473587306710016
            ],
            [
              10.409123268077492,
              36.47349346842527
            ],
            [
              10.409339828063125,
              36.47349091114524
            ],
            [
              10.409664667990372,
              36.473487074488666
            ],
            [
              10.409881227907727,
              36.473484516226584
            ],
            [
              10.410097787797762,
              36.47348195757168
            ],
            [
              10.410422627581584,
              36.47347811885278
            ],
            [
              10.41074905176758,
              36.473561725972154
            ],
            [
              10.411182162606998,
              36.47355660521925
            ],
            [
              10.41161528251798,
              36.47355148278654
            ],
            [
              10.412156682252848,
              36.473545077536
            ],
            [
              10.412807948489156,
              36.473624834638116
            ],
            [
              10.413024508496235,
              36.47362227066386
            ],
            [
              10.413241068475939,
              36.47361970629678
            ],
            [
              10.413350935850403,
              36.47370587058779
            ],
            [
              10.413459215944703,
              36.473704588154675
            ],
            [
              10.41357067132872,
              36.47387819884674
            ],
            [
              10.413680539432576,
              36.47396436281468
            ],
            [
              10.413898688332734,
              36.4740492438327
            ],
            [
              10.414116837698613,
              36.474134124440255
            ],
            [
              10.414333399000142,
              36.47413155806019
            ],
            [
              10.414655053951098,
              36.47395281472847
            ],
            [
              10.41497830582203,
              36.47386151700569
            ],
            [
              10.415085005884036,
              36.473772786428455
            ],
            [
              10.415299967318841,
              36.47368277187493
            ],
            [
              10.415516527253931,
              36.473680203375075
            ],
            [
              10.41583977691428,
              36.47358890336058
            ],
            [
              10.416164616339069,
              36.47358504900264
            ],
            [
              10.416272896133611,
              36.47358376402025
            ],
            [
              10.416487864788733,
              36.47349374725579
            ],
            [
              10.416486273882212,
              36.473406300749396
            ],
            [
              10.416592962391823,
              36.473317568976874
            ],
            [
              10.416481501203814,
              36.47314396122212
            ],
            [
              10.416476728587151,
              36.47288162168276
            ],
            [
              10.416473547011854,
              36.47270673606177
            ],
            [
              10.41668851289895,
              36.47261671156881
            ],
            [
              10.41690347841407,
              36.472526694109995
            ],
            [
              10.417010165263006,
              36.47243796198834
            ],
            [
              10.417226721574865,
              36.472435390460156
            ],
            [
              10.417334999720497,
              36.472434104548775
            ],
            [
              10.417551555991164,
              36.472431532431386
            ],
            [
              10.417766519951485,
              36.472341513447624
            ],
            [
              10.417983075924102,
              36.4723389405528
            ],
            [
              10.418091353900108,
              36.47233765395807
            ],
            [
              10.418307909831512,
              36.47233508047404
            ],
            [
              10.418524456554673,
              36.472332506706344
            ],
            [
              10.41863274367709,
              36.47233121951149
            ],
            [
              10.418849299539787,
              36.47232864504546
            ],
            [
              10.418959161900046,
              36.472414804202955
            ],
            [
              10.419282402001938,
              36.47232349504417
            ],
            [
              10.419498957782148,
              36.472320919399735
            ],
            [
              10.419715513534852,
              36.47231834336252
            ],
            [
              10.419825385993322,
              36.472404501592564
            ],
            [
              10.4199352586949,
              36.472490659714865
            ],
            [
              10.420153409849664,
              36.47257552925669
            ],
            [
              10.420261688052857,
              36.4725742406857
            ],
            [
              10.420803078965617,
              36.47256779635778
            ],
            [
              10.42177758217495,
              36.47255619038086
            ],
            [
              10.421994129187173,
              36.472553610304054
            ],
            [
              10.423068918543406,
              36.47210347211527
            ],
            [
              10.424142095963386,
              36.471565885651735
            ],
            [
              10.424890430740167,
              36.47103216116093
            ],
            [
              10.424775754619223,
              36.47068366896574
            ],
            [
              10.425312329360944,
              36.470414865804685
            ],
            [
              10.42552087491872,
              36.469975048278656
            ],
            [
              10.425727807953255,
              36.46944778430432
            ],
            [
              10.426047824481126,
              36.46918156479647
            ],
            [
              10.426584384590212,
              36.46891276358407
            ],
            [
              10.427014270846287,
              36.46873269346765
            ],
            [
              10.427768971848458,
              36.46854873635514
            ],
            [
              10.428415397177115,
              36.468366070480336
            ],
            [
              10.429270337960288,
              36.4677435775215
            ],
            [
              10.429575888030252,
              36.4666903339397
            ],
            [
              10.429776363901334,
              36.465813286416
            ],
            [
              10.429542180193089,
              36.46485397278562
            ],
            [
              10.429529339863302,
              36.464154403652046
            ],
            [
              10.429737836717557,
              36.46371458672164
            ],
            [
              10.43005942182527,
              36.46353580316608
            ],
            [
              10.430162869939554,
              36.46327216748108
            ],
            [
              10.430372975910704,
              36.46291978812298
            ],
            [
              10.430686525170245,
              36.46230377230346
            ],
            [
              10.430903052009077,
              36.462301176575465
            ],
            [
              10.431008102293747,
              36.46212498632618
            ],
            [
              10.431221415022428,
              36.46194749779874
            ],
            [
              10.431541382293078,
              36.4616812643231
            ],
            [
              10.431648037564,
              36.46159251964869
            ],
            [
              10.431754692591943,
              36.461503774883006
            ],
            [
              10.431856524992908,
              36.46115269172553
            ],
            [
              10.431959964074116,
              36.460889054584136
            ],
            [
              10.432063402618134,
              36.460625424769155
            ],
            [
              10.432166840352453,
              36.4603617874567
            ],
            [
              10.432693668586019,
              36.45956827619636
            ],
            [
              10.4326920602915,
              36.45948083010226
            ],
            [
              10.432578976403358,
              36.459219791249375
            ],
            [
              10.432467501309503,
              36.45904619837192
            ],
            [
              10.432462677300405,
              36.45878386003663
            ],
            [
              10.432459461329008,
              36.45860896780637
            ],
            [
              10.432564503345223,
              36.45843277626851
            ],
            [
              10.432667936842169,
              36.45816914594128
            ],
            [
              10.432772968505306,
              36.457992946929025
            ],
            [
              10.432879626739748,
              36.457904208544676
            ],
            [
              10.432984657716709,
              36.457728016768876
            ],
            [
              10.433199572039463,
              36.457637970938876
            ],
            [
              10.433414467497595,
              36.45754792495188
            ],
            [
              10.43373762817546,
              36.457456578140786
            ],
            [
              10.433954141249508,
              36.45745397717343
            ],
            [
              10.434277300858486,
              36.457362628921835
            ],
            [
              10.43492683906023,
              36.45735482192248
            ],
            [
              10.435249997031079,
              36.45726347106918
            ],
            [
              10.435356642080658,
              36.457174723242936
            ],
            [
              10.43567818726615,
              36.45699592523437
            ],
            [
              10.43578160824787,
              36.456732285009636
            ],
            [
              10.435996507276748,
              36.45664223436976
            ],
            [
              10.436209793732091,
              36.456464737348945
            ],
            [
              10.43642630381444,
              36.456462131957885
            ],
            [
              10.436749447039817,
              36.45637077726148
            ],
            [
              10.437072598659636,
              36.456279421594814
            ],
            [
              10.437287494884336,
              36.45618936868381
            ],
            [
              10.437502390602342,
              36.45609931539545
            ],
            [
              10.43760741786268,
              36.45592311967346
            ],
            [
              10.437605804265607,
              36.45583567371424
            ],
            [
              10.437718899546095,
              36.45609670768212
            ],
            [
              10.437828767868387,
              36.45618284962516
            ],
            [
              10.43793863643359,
              36.45626899146043
            ],
            [
              10.438050119366343,
              36.45644257912252
            ],
            [
              10.43826985796813,
              36.45661486224326
            ],
            [
              10.438381342150253,
              36.45678844955878
            ],
            [
              10.438601082466366,
              36.456960732021926
            ],
            [
              10.438710952988801,
              36.45704687309186
            ],
            [
              10.438714182813943,
              36.457221764888466
            ],
            [
              10.438500900204748,
              36.45739926628379
            ],
            [
              10.438502514898767,
              36.457486712185656
            ],
            [
              10.438722257498656,
              36.45765899435645
            ],
            [
              10.438836974442664,
              36.45800747292838
            ],
            [
              10.438840204527041,
              36.45818235727517
            ],
            [
              10.43884504991118,
              36.458444694903164
            ],
            [
              10.43874002228094,
              36.45862089165567
            ],
            [
              10.438853125690706,
              36.45888192425625
            ],
            [
              10.438962999267577,
              36.45896806500086
            ],
            [
              10.438857971241996,
              36.45914426185193
            ],
            [
              10.439076103961698,
              36.45922909734756
            ],
            [
              10.439189209440384,
              36.459490129559136
            ],
            [
              10.439192440627302,
              36.45966502124725
            ],
            [
              10.439303931435997,
              36.45983860747213
            ],
            [
              10.439633558508065,
              36.46009702797397
            ],
            [
              10.439851694729635,
              36.46018186196048
            ],
            [
              10.439963187766727,
              36.46035544750569
            ],
            [
              10.440074681310646,
              36.46052903293081
            ],
            [
              10.440077914608462,
              36.460703924520296
            ],
            [
              10.440189408930063,
              36.46087750981159
            ],
            [
              10.440299286698215,
              36.46096364179045
            ],
            [
              10.440515808898091,
              36.46096102870575
            ],
            [
              10.440730704625633,
              36.46087097698598
            ],
            [
              10.440947226526765,
              36.46086836312433
            ],
            [
              10.441057105096384,
              36.46095449438707
            ],
            [
              10.441595173558456,
              36.46077306603839
            ],
            [
              10.441810076639085,
              36.460683012300095
            ],
            [
              10.442344903003749,
              36.46032668920762
            ],
            [
              10.442556565003121,
              36.460061735334975
            ],
            [
              10.442661585714093,
              36.45988553541278
            ],
            [
              10.444072200756318,
              36.460043407220645
            ],
            [
              10.444931780297003,
              36.45968314301151
            ],
            [
              10.445802722003704,
              36.459934991775384
            ],
            [
              10.44677705644906,
              36.45992318516086
            ],
            [
              10.447743255110966,
              36.45947414314528
            ],
            [
              10.448601193613055,
              36.45902640737336
            ],
            [
              10.449464003345355,
              36.45884100200136
            ],
            [
              10.450226691037283,
              36.45909413303824
            ],
            [
              10.450771238257715,
              36.45926244566226
            ],
            [
              10.451419149098633,
              36.45916710328921
            ],
            [
              10.452495207527802,
              36.458804152278105
            ],
            [
              10.453786137654363,
              36.4583511094629
            ],
            [
              10.454430780767428,
              36.45808086770464
            ],
            [
              10.454867072482642,
              36.45825047333439
            ],
            [
              10.455296822749553,
              36.45807031129393
            ],
            [
              10.455831567636155,
              36.457713921964846
            ],
            [
              10.456366307877916,
              36.457357545152
            ],
            [
              10.457006026981755,
              36.45682494680323
            ],
            [
              10.457425958024716,
              36.456120098669054
            ],
            [
              10.457416142984282,
              36.45559542750913
            ],
            [
              10.45753584756131,
              36.456206221975904
            ],
            [
              10.457755627363197,
              36.456378468265996
            ],
            [
              10.457865517628493,
              36.45646459124922
            ],
            [
              10.458519952914058,
              36.45671899147552
            ],
            [
              10.458629844494155,
              36.456805113720215
            ],
            [
              10.458736452388163,
              36.456716345712934
            ],
            [
              10.45873317766619,
              36.45654145545129
            ],
            [
              10.458729902972456,
              36.45636656518423
            ],
            [
              10.458836528523472,
              36.456277796872925
            ],
            [
              10.458833253629178,
              36.4561029066062
            ],
            [
              10.458939860351109,
              36.45601413843387
            ],
            [
              10.459046476008831,
              36.45592537005828
            ],
            [
              10.45904156303405,
              36.45566303466519
            ],
            [
              10.459038287752835,
              36.455488144396384
            ],
            [
              10.459033374883976,
              36.455225808983094
            ],
            [
              10.459138351660505,
              36.45504959540163
            ],
            [
              10.459248241624053,
              36.45513572454957
            ],
            [
              10.459249879336948,
              36.45522316226976
            ],
            [
              10.45935813155284,
              36.455221838765915
            ],
            [
              10.459571359538387,
              36.455044301223516
            ],
            [
              10.459677973305693,
              36.454955539727564
            ],
            [
              10.459782948260573,
              36.45477932561222
            ],
            [
              10.459889561288872,
              36.45469055652511
            ],
            [
              10.459994535421918,
              36.45451434223485
            ],
            [
              10.460099509090401,
              36.45433812785787
            ],
            [
              10.460097870337789,
              36.45425068274595
            ],
            [
              10.460202843434406,
              36.45407446828378
            ],
            [
              10.460307816066472,
              36.45389825373489
            ],
            [
              10.46019464924082,
              36.453637242711494
            ],
            [
              10.460191371612854,
              36.453462352473146
            ],
            [
              10.460296343493805,
              36.45328613793483
            ],
            [
              10.460401314910227,
              36.4531099233098
            ],
            [
              10.460399675892244,
              36.45302247819161
            ],
            [
              10.460394758880701,
              36.45276014282901
            ],
            [
              10.4602832324062,
              36.45258657693961
            ],
            [
              10.460279954843873,
              36.45241169408919
            ],
            [
              10.460384925187343,
              36.452235479479256
            ],
            [
              10.460489895066308,
              36.45205926478262
            ],
            [
              10.460486616964172,
              36.45188437452098
            ],
            [
              10.460591586164057,
              36.45170815974065
            ],
            [
              10.460699833430741,
              36.45170683512924
            ],
            [
              10.46080480191622,
              36.45153062017252
            ],
            [
              10.460803162539758,
              36.4514431750469
            ],
            [
              10.46080152317036,
              36.45135572991993
            ],
            [
              10.46090813045347,
              36.45126696000499
            ],
            [
              10.460906490976791,
              36.45117951487953
            ],
            [
              10.46112134429116,
              36.45108941990193
            ],
            [
              10.461227950845744,
              36.45100064971382
            ],
            [
              10.461226311026016,
              36.450913204596944
            ],
            [
              10.461332917223414,
              36.45082443432064
            ],
            [
              10.461549409222302,
              36.45082178371011
            ],
            [
              10.461765901192898,
              36.450819132707124
            ],
            [
              10.461875787708747,
              36.45090525215145
            ],
            [
              10.461877428256985,
              36.45099269724309
            ],
            [
              10.461987315144164,
              36.45107881657396
            ],
            [
              10.462205448713311,
              36.4511636098371
            ],
            [
              10.4627516054465,
              36.451419313723754
            ],
            [
              10.463079629567748,
              36.451590223818926
            ],
            [
              10.463515902314768,
              36.45175980580832
            ],
            [
              10.463952176919548,
              36.45192938615499
            ],
            [
              10.464062049036338,
              36.452015503705596
            ],
            [
              10.464171957969445,
              36.452101613286125
            ],
            [
              10.464499969642446,
              36.45227251954759
            ],
            [
              10.464826357285837,
              36.45235598710164
            ],
            [
              10.465044497253182,
              36.45244076759457
            ],
            [
              10.465154389640759,
              36.45252688386328
            ],
            [
              10.465265926725174,
              36.45270044495814
            ],
            [
              10.465377464316571,
              36.45287400593262
            ],
            [
              10.465487357689753,
              36.452960121866475
            ],
            [
              10.465595606459154,
              36.452958792776364
            ],
            [
              10.465703855221463,
              36.452957463588135
            ],
            [
              10.465813749066173,
              36.453043579209385
            ],
            [
              10.465923643153744,
              36.453129694722726
            ],
            [
              10.466035182837812,
              36.453303255023265
            ],
            [
              10.466251681270016,
              36.45330059572992
            ],
            [
              10.466468179673832,
              36.45329793604407
            ],
            [
              10.466576428865093,
              36.45329660605396
            ],
            [
              10.467007779112624,
              36.453203840255135
            ],
            [
              10.467437481364152,
              36.45302362807582
            ],
            [
              10.467760580356803,
              36.45293219036812
            ],
            [
              10.467977077590342,
              36.452929527968564
            ],
            [
              10.468082030938731,
              36.45275330697971
            ],
            [
              10.468295232068582,
              36.45257576178975
            ],
            [
              10.468403480167671,
              36.45257443016531
            ],
            [
              10.468938126157797,
              36.45221798398398
            ],
            [
              10.469262868848647,
              36.45221398710084
            ],
            [
              10.469585962339766,
              36.45212255197457
            ],
            [
              10.469910704538355,
              36.45211855333794
            ],
            [
              10.470127199301844,
              36.45211588708957
            ],
            [
              10.470342043778631,
              36.452025768293296
            ],
            [
              10.470666785463493,
              36.45202176760883
            ],
            [
              10.471098123455707,
              36.45192899468567
            ],
            [
              10.47142286462683,
              36.45192499195336
            ],
            [
              10.471637688787828,
              36.45183487850539
            ],
            [
              10.471854182594969,
              36.4518322091426
            ],
            [
              10.472069024333864,
              36.451742094707456
            ],
            [
              10.472283865565698,
              36.45165197989544
            ],
            [
              10.472608605408947,
              36.45164797396334
            ],
            [
              10.473149838338474,
              36.451641295447494
            ],
            [
              10.473476231621728,
              36.45172473178669
            ],
            [
              10.474127365848748,
              36.45180415713747
            ],
            [
              10.474668599493212,
              36.451797471710854
            ],
            [
              10.475642819603541,
              36.45178543176142
            ],
            [
              10.47661869628192,
              36.45186082836466
            ],
            [
              10.478978544964313,
              36.45069456700499
            ],
            [
              10.479086771572934,
              36.450693225979094
            ],
            [
              10.479834522055512,
              36.450159168097215
            ],
            [
              10.480798749039764,
              36.449622420271105
            ],
            [
              10.481120155049076,
              36.44944350265455
            ],
            [
              10.481543152511062,
              36.44891347078841
            ],
            [
              10.483038575095904,
              36.44784532098153
            ],
            [
              10.483787935875034,
              36.44739868361459
            ],
            [
              10.484322474478045,
              36.44704217802946
            ],
            [
              10.484857008160782,
              36.44668567014112
            ],
            [
              10.485709584757167,
              36.44597534938075
            ],
            [
              10.486345653199104,
              36.44526771124242
            ],
            [
              10.48667036437049,
              36.44526366766152
            ],
            [
              10.486990070323516,
              36.44499729063446
            ],
            [
              10.487308105379043,
              36.444643468607744
            ],
            [
              10.488157297935901,
              36.44375823539195
            ],
            [
              10.488688451238419,
              36.44322683017249
            ],
            [
              10.489217926464859,
              36.44260797116196
            ],
            [
              10.489765777934476,
              36.44295099521905
            ],
            [
              10.490088807223334,
              36.44285949845833
            ],
            [
              10.490521741321121,
              36.44285409355106
            ],
            [
              10.491279375714583,
              36.44284463118706
            ],
            [
              10.492360035683339,
              36.44274366117846
            ],
            [
              10.493548907224872,
              36.44264132756388
            ],
            [
              10.494198305485806,
              36.44263320083385
            ],
            [
              10.4948376413396,
              36.44210040707855
            ],
            [
              10.495370414543004,
              36.441656409784706
            ],
            [
              10.495475290771624,
              36.44148016615074
            ],
            [
              10.495686719735406,
              36.44121512252354
            ],
            [
              10.495894791048986,
              36.44077519075227
            ],
            [
              10.495997986890227,
              36.44051151020271
            ],
            [
              10.496101181919025,
              36.44024782215699
            ],
            [
              10.496312605517781,
              36.43998277749419
            ],
            [
              10.496628898824616,
              36.43954148789583
            ],
            [
              10.496841997843552,
              36.4393638862339
            ],
            [
              10.49694854698899,
              36.439275085266715
            ],
            [
              10.496946867794367,
              36.43918764138917
            ],
            [
              10.497053416583022,
              36.43909884033414
            ],
            [
              10.497158285713418,
              36.43892259531535
            ],
            [
              10.497154926903978,
              36.43874770756533
            ],
            [
              10.497043340882735,
              36.438574177058264
            ],
            [
              10.497039982373899,
              36.43839928928883
            ],
            [
              10.496820170503758,
              36.438227123093775
            ],
            [
              10.496706907010793,
              36.43796614090779
            ],
            [
              10.496597002010668,
              36.43788006123473
            ],
            [
              10.496483739945713,
              36.43761908620508
            ],
            [
              10.496155705667093,
              36.43744826788052
            ],
            [
              10.495935898308655,
              36.43727609251129
            ],
            [
              10.495712736570034,
              36.43692902879125
            ],
            [
              10.495709381248158,
              36.43675414086715
            ],
            [
              10.495704348319595,
              36.43649180897087
            ],
            [
              10.49559276888976,
              36.4363182768948
            ],
            [
              10.495586058962768,
              36.43596850098617
            ],
            [
              10.495687572361222,
              36.43561736922883
            ],
            [
              10.495900663168813,
              36.435439769333044
            ],
            [
              10.496115431167706,
              36.43534962045431
            ],
            [
              10.496110396988307,
              36.435087281133114
            ],
            [
              10.495670797268351,
              36.434742936763506
            ],
            [
              10.495669119784626,
              36.43465549276838
            ],
            [
              10.495665764838874,
              36.43448060477405
            ],
            [
              10.495660732474493,
              36.43421827277245
            ],
            [
              10.495760566000081,
              36.433779696908005
            ],
            [
              10.495758888474608,
              36.43369225290231
            ],
            [
              10.495970296259237,
              36.433427208947904
            ],
            [
              10.496076838546752,
              36.43333840883803
            ],
            [
              10.496181702624355,
              36.433162164640805
            ],
            [
              10.496284888171552,
              36.432898476361025
            ],
            [
              10.496283210111892,
              36.432811032363375
            ],
            [
              10.49628153205947,
              36.43272358836436
            ],
            [
              10.49617163497251,
              36.43263750063306
            ],
            [
              10.496169957055857,
              36.432550056627036
            ],
            [
              10.49616827928866,
              36.43246262003143
            ],
            [
              10.496166601244257,
              36.43237516861095
            ],
            [
              10.496053349402116,
              36.43211420013363
            ],
            [
              10.49605167165017,
              36.43202675611522
            ],
            [
              10.496158211984074,
              36.43193795595887
            ],
            [
              10.496264752075383,
              36.43184915571176
            ],
            [
              10.496479509738414,
              36.43175899895176
            ],
            [
              10.49669426689455,
              36.431668841815465
            ],
            [
              10.496799127443403,
              36.43149259711212
            ],
            [
              10.496797448893032,
              36.431405153114405
            ],
            [
              10.49690063022165,
              36.43114146432898
            ],
            [
              10.497003810880411,
              36.43087777545921
            ],
            [
              10.497325102327462,
              36.43069881629063
            ],
            [
              10.49743163940814,
              36.4306100150538
            ],
            [
              10.497751249194698,
              36.43034361079871
            ],
            [
              10.498287287578696,
              36.43007448981088
            ],
            [
              10.49850035758729,
              36.42989688560078
            ],
            [
              10.498814918836796,
              36.42936815418003
            ],
            [
              10.498921452407437,
              36.42927935167544
            ],
            [
              10.499137880889029,
              36.42927663426865
            ],
            [
              10.499244413960048,
              36.429187831485855
            ],
            [
              10.499347584264381,
              36.4289241407495
            ],
            [
              10.499447391204848,
              36.42848556206113
            ],
            [
              10.49966213585216,
              36.4283953998244
            ],
            [
              10.499770348833048,
              36.428394040526946
            ],
            [
              10.49998509283772,
              36.42830387772226
            ],
            [
              10.500199836335533,
              36.42821371454137
            ],
            [
              10.500521091022396,
              36.42803474734604
            ],
            [
              10.500629303460155,
              36.42803338728161
            ],
            [
              10.500845728313903,
              36.42803066685864
            ],
            [
              10.501062153138623,
              36.42802794604354
            ],
            [
              10.501170365540094,
              36.42802658548896
            ],
            [
              10.501280261303153,
              36.42811266870421
            ],
            [
              10.501388473811378,
              36.42811130794924
            ],
            [
              10.501498369930998,
              36.42819739095411
            ],
            [
              10.501606582545975,
              36.42819602999876
            ],
            [
              10.501927852147114,
              36.42801705886194
            ],
            [
              10.502034380280007,
              36.42792825368412
            ],
            [
              10.502032696076773,
              36.42784080984379
            ],
            [
              10.502350594140156,
              36.42748694994206
            ],
            [
              10.502455436430122,
              36.427310700576086
            ],
            [
              10.502665119620211,
              36.42695820158575
            ],
            [
              10.502769960520345,
              36.426781951961374
            ],
            [
              10.502876486171726,
              36.42669315348729
            ],
            [
              10.50287311589279,
              36.42651825842487
            ],
            [
              10.502759851026012,
              36.42625729638708
            ],
            [
              10.502646586802094,
              36.42599632680142
            ],
            [
              10.502531638735855,
              36.425647913227145
            ],
            [
              10.502631424124202,
              36.42520933215578
            ],
            [
              10.502629739418532,
              36.4251218882995
            ],
            [
              10.502842786118386,
              36.42494427673748
            ],
            [
              10.502950994152185,
              36.42494291466773
            ],
            [
              10.503164039624961,
              36.42476530255543
            ],
            [
              10.50326887660799,
              36.424589052524766
            ],
            [
              10.503483606015324,
              36.42449888370657
            ],
            [
              10.503698334915844,
              36.42440871451225
            ],
            [
              10.503914749404851,
              36.42440598875836
            ],
            [
              10.504237684624773,
              36.424314455588835
            ],
            [
              10.504563992697342,
              36.42439780914422
            ],
            [
              10.504780407069982,
              36.42439508182203
            ],
            [
              10.505105028574373,
              36.42439099010362
            ],
            [
              10.50521154817765,
              36.424302182236886
            ],
            [
              10.505318067538427,
              36.42421337427944
            ],
            [
              10.505422898885735,
              36.424037122471326
            ],
            [
              10.505522666323623,
              36.42359854670579
            ],
            [
              10.505517602799797,
              36.42333621541053
            ],
            [
              10.505515914973076,
              36.42324877164275
            ],
            [
              10.505838843412873,
              36.4231572342788
            ],
            [
              10.505947048818058,
              36.42315586955118
            ],
            [
              10.506379870365992,
              36.42315040966054
            ],
            [
              10.506596281096265,
              36.42314767912714
            ],
            [
              10.506812691797398,
              36.423144948201696
            ],
            [
              10.507135618163664,
              36.42305340737297
            ],
            [
              10.507132238923923,
              36.42287851995796
            ],
            [
              10.507128859713317,
              36.42270363253755
            ],
            [
              10.507127170118945,
              36.42261618882532
            ],
            [
              10.507233685000953,
              36.42252737923832
            ],
            [
              10.507340199640486,
              36.42243856956062
            ],
            [
              10.507659742104224,
              36.422172139983445
            ],
            [
              10.507874459593038,
              36.42208196350321
            ],
            [
              10.508089158226102,
              36.42199178687871
            ],
            [
              10.508303874701314,
              36.42190160964647
            ],
            [
              10.508623411643883,
              36.42163517759403
            ],
            [
              10.508728232298356,
              36.421458930475545
            ],
            [
              10.509264170877554,
              36.42118975468931
            ],
            [
              10.509367297355153,
              36.4209260559846
            ],
            [
              10.509363913516935,
              36.42075117609874
            ],
            [
              10.509252327908317,
              36.4205776565338
            ],
            [
              10.509034232972487,
              36.420492948049386
            ],
            [
              10.508816138499675,
              36.42040823915421
            ],
            [
              10.508706245826145,
              36.42032216271132
            ],
            [
              10.508704554610095,
              36.42023471902768
            ],
            [
              10.508811064487857,
              36.42014590811635
            ],
            [
              10.508917574123167,
              36.420057097114366
            ],
            [
              10.509025775073871,
              36.42005572969635
            ],
            [
              10.509348685960704,
              36.41996418319268
            ],
            [
              10.509669903791242,
              36.41978519218041
            ],
            [
              10.509886304855872,
              36.41978245590045
            ],
            [
              10.510530428197288,
              36.41951191385078
            ],
            [
              10.511492368997931,
              36.418887485457155
            ],
            [
              10.511598873825355,
              36.41879867215574
            ],
            [
              10.511703683931525,
              36.41862241517737
            ],
            [
              10.511701989603639,
              36.41853497900146
            ],
            [
              10.511698600682529,
              36.41836009182213
            ],
            [
              10.511696906232933,
              36.418272648230435
            ],
            [
              10.511695211647021,
              36.418185197225654
            ],
            [
              10.511693517355658,
              36.41809776104298
            ],
            [
              10.51180171544977,
              36.41809639117265
            ],
            [
              10.51244920844112,
              36.41800071891571
            ],
            [
              10.512876912988775,
              36.41773291287992
            ],
            [
              10.513091612065017,
              36.41764272737563
            ],
            [
              10.513306310634482,
              36.417552541495425
            ],
            [
              10.513304614432524,
              36.41746509795684
            ],
            [
              10.513409418944121,
              36.41728883957456
            ],
            [
              10.51340602634899,
              36.41711395249665
            ],
            [
              10.513617330064292,
              36.41684887901709
            ],
            [
              10.51393852510512,
              36.416669876955474
            ],
            [
              10.513830329096558,
              36.41667124871599
            ],
            [
              10.513612240565054,
              36.416586548404034
            ],
            [
              10.513284260579473,
              36.41641577538843
            ],
            [
              10.512846390935865,
              36.41615892871387
            ],
            [
              10.512405133970288,
              36.41572719315536
            ],
            [
              10.511965576626766,
              36.41538290685759
            ],
            [
              10.511529411141309,
              36.415213498710266
            ],
            [
              10.511203134946838,
              36.415130155939366
            ],
            [
              10.510876859708207,
              36.41504682708265
            ],
            [
              10.510444084022438,
              36.415052302231736
            ],
            [
              10.510011308219866,
              36.41505777581309
            ],
            [
              10.509362144297071,
              36.415065983245626
            ],
            [
              10.508606476697807,
              36.41516299047693
            ],
            [
              10.507849117250398,
              36.41517255658581
            ],
            [
              10.507091775793231,
              36.41518211766192
            ],
            [
              10.506552492919385,
              36.415276395484106
            ],
            [
              10.505905013913516,
              36.41537202802492
            ],
            [
              10.505151025361053,
              36.41555646484203
            ],
            [
              10.504610050774582,
              36.41556328267606
            ],
            [
              10.504069076006306,
              36.41557009806045
            ],
            [
              10.503528101056288,
              36.41557691099518
            ],
            [
              10.502985441411763,
              36.41549627749702
            ],
            [
              10.50222470946357,
              36.41533091999942
            ],
            [
              10.501573857884278,
              36.41525163369951
            ],
            [
              10.501031202363434,
              36.41517099862478
            ],
            [
              10.500490247774206,
              36.41517779750291
            ],
            [
              10.500059132015949,
              36.41527067195018
            ],
            [
              10.499195272477827,
              36.415368993647704
            ],
            [
              10.498441266579766,
              36.4155533884474
            ],
            [
              10.497685578380862,
              36.41565033436766
            ],
            [
              10.497039761567168,
              36.41583336334532
            ],
            [
              10.496392264322292,
              36.415928937240565
            ],
            [
              10.49617754951358,
              36.416019093069785
            ],
            [
              10.49606935352405,
              36.41602044871691
            ],
            [
              10.496175872607328,
              36.41593164882016
            ],
            [
              10.496282391590347,
              36.41584285624445
            ],
            [
              10.496603624020713,
              36.41566389997546
            ],
            [
              10.495391685576589,
              36.41454203501406
            ],
            [
              10.494732470450822,
              36.414025496881266
            ],
            [
              10.494292998547913,
              36.41368113596739
            ],
            [
              10.493851856385783,
              36.41324932894485
            ],
            [
              10.493084470952533,
              36.412734141962105
            ],
            [
              10.492317113809682,
              36.41221894212795
            ],
            [
              10.492739822148955,
              36.41168886658897
            ],
            [
              10.492844684830525,
              36.41151262497331
            ],
            [
              10.492952856381116,
              36.411511272620594
            ],
            [
              10.49326905920266,
              36.411069992114804
            ],
            [
              10.49337390154258,
              36.41089375029278
            ],
            [
              10.49358693218279,
              36.410716155253326
            ],
            [
              10.493693447139378,
              36.410627357597505
            ],
            [
              10.493799961853625,
              36.410538559850956
            ],
            [
              10.493904802305316,
              36.41036231759163
            ],
            [
              10.494332531789764,
              36.41009456975739
            ],
            [
              10.49529616909761,
              36.40955772242854
            ],
            [
              10.495619054243429,
              36.40946620613366
            ],
            [
              10.49593858628231,
              36.40919980767893
            ],
            [
              10.496361272403695,
              36.408669727184986
            ],
            [
              10.496991936240196,
              36.407699711421394
            ],
            [
              10.497095088374143,
              36.40743602219503
            ],
            [
              10.497203272408877,
              36.40743466589217
            ],
            [
              10.49760748320249,
              36.4059426861227
            ],
            [
              10.497710631123477,
              36.4056789963913
            ],
            [
              10.498035175807011,
              36.405674925684146
            ],
            [
              10.498359720425407,
              36.405670854095455
            ],
            [
              10.498792446481914,
              36.405665423939176
            ],
            [
              10.499116990948261,
              36.40566135029348
            ],
            [
              10.49944153534942,
              36.40565727576624
            ],
            [
              10.499766079685381,
              36.40565320035742
            ],
            [
              10.49998244253979,
              36.40565048292845
            ],
            [
              10.500198787020052,
              36.40564776533813
            ],
            [
              10.500413468796461,
              36.40555760289337
            ],
            [
              10.500628150066566,
              36.405467440072705
            ],
            [
              10.500844512320443,
              36.40546472109382
            ],
            [
              10.50094428545293,
              36.40502614037724
            ],
            [
              10.501262099230587,
              36.40467228410856
            ],
            [
              10.501363551148948,
              36.404321147278274
            ],
            [
              10.501573181220317,
              36.40396865021234
            ],
            [
              10.501677995561861,
              36.40379240155028
            ],
            [
              10.501781127155276,
              36.4035287160068
            ],
            [
              10.50221552342512,
              36.40361071050571
            ],
            [
              10.503305728605845,
              36.404034318621456
            ],
            [
              10.503304044445793,
              36.403946874481576
            ],
            [
              10.50330236043575,
              36.40385943775213
            ],
            [
              10.503407170678459,
              36.40368318766288
            ],
            [
              10.503293939780708,
              36.403422217025714
            ],
            [
              10.503288887474817,
              36.40315988457367
            ],
            [
              10.50317734174242,
              36.402986357935724
            ],
            [
              10.503065796516292,
              36.40281283117716
            ],
            [
              10.502952568258625,
              36.402551867535266
            ],
            [
              10.502842707582829,
              36.40246577729812
            ],
            [
              10.50294920091937,
              36.4023769791823
            ],
            [
              10.503052326333034,
              36.40211328521165
            ],
            [
              10.503373487158182,
              36.401934311998914
            ],
            [
              10.503584786318932,
              36.40166925579061
            ],
            [
              10.503904259403694,
              36.401402837050355
            ],
            [
              10.504118925152925,
              36.40131266825082
            ],
            [
              10.50444176545844,
              36.4012211364145
            ],
            [
              10.504440080198501,
              36.40113369227899
            ],
            [
              10.503125142755318,
              36.40027559574682
            ],
            [
              10.50353931202921,
              36.39930826290565
            ],
            [
              10.500573272585095,
              36.39698400704923
            ],
            [
              10.502381863194561,
              36.39538689887133
            ],
            [
              10.502490030267213,
              36.395385538164795
            ],
            [
              10.50248834755233,
              36.39529809386529
            ],
            [
              10.502807799172713,
              36.395031678303454
            ],
            [
              10.503020765708872,
              36.394854067475805
            ],
            [
              10.503448379614643,
              36.39458628900588
            ],
            [
              10.50387767477284,
              36.39440595331915
            ],
            [
              10.50398415608196,
              36.39431714703558
            ],
            [
              10.504090637148941,
              36.39422834066141
            ],
            [
              10.504303598556474,
              36.39405072764121
            ],
            [
              10.504408394118988,
              36.39387447675193
            ],
            [
              10.50472783334642,
              36.393608056279234
            ],
            [
              10.505045584941064,
              36.39325419076435
            ],
            [
              10.505365019468723,
              36.392987768669784
            ],
            [
              10.505684451817244,
              36.39272134575983
            ],
            [
              10.505895719148981,
              36.3924562858293
            ],
            [
              10.506106985207309,
              36.39219123295875
            ],
            [
              10.506210087616838,
              36.3919275363871
            ],
            [
              10.506424724877562,
              36.391837363972215
            ]
          ]
        ],
        "type": "Polygon"
      }
    },
    {
      "type": "Feature",
      "id": "osm:relation:7144606",
      "properties": {
        "sourceId": "isie-local-sectors-2023-hammamet-nine",
        "officialCode": "156652",
        "delegationCode": "1566",
        "governorateCode": "15",
        "nameAr": "الاطرش",
        "nameFr": "El atrach",
        "sourcePdfURL": "https://www.isie.tn/wp-content/uploads/2023/CartesCirconscriptionsElectoralesLocales2023/%D9%86%D8%A7%D8%A8%D9%84%202/%D8%A7%D9%84%D8%AD%D9%85%D8%A7%D9%85%D8%A7%D8%AA/%D8%A7%D9%84%D8%A3%D8%B7%D8%B1%D8%B4.pdf",
        "sourcePdfSha256": "93053eb8095a5eeeb9ed05400909d6f0c5f5a7fac767aaf5b8e5c7f44c8d3b59",
        "sourceDrawingDetails": {
          "drawingIndex": 250,
          "layer": "circonscription_isie2023",
          "pdfSha256": "93053eb8095a5eeeb9ed05400909d6f0c5f5a7fac767aaf5b8e5c7f44c8d3b59",
          "segmentCount": 991,
          "seqno": 258,
          "sourceOrigin": "frontier8-native-map-inspection",
          "sourceRingCompleteness": {
            "activeClipCount": 2,
            "activeClipOutsideAreasPoints2": [
              0.0,
              0.0
            ],
            "explicitlyClosed": true,
            "isValid": true,
            "viewportCoversCompleteRing": true
          },
          "sourceRingVertexCount": 992,
          "vertexCount": 992
        },
        "sourceGeometrySha256": "7ce2a93a215a74ba638100bc835c26908440ab791b5333da9376767a15071c5e"
      },
      "geometry": {
        "coordinates": [
          [
            [
              10.47910954418414,
              36.51099605954169
            ],
            [
              10.480582146898682,
              36.51078955222818
            ],
            [
              10.483307434700071,
              36.51106927231005
            ],
            [
              10.49208742416101,
              36.50694470231112
            ],
            [
              10.492086218904205,
              36.506881991163
            ],
            [
              10.50792679039016,
              36.49426153086533
            ],
            [
              10.5080044673173,
              36.4942605467716
            ],
            [
              10.508157385641642,
              36.49413314616109
            ],
            [
              10.50846687477772,
              36.49406649276644
            ],
            [
              10.508623446329189,
              36.49412723995757
            ],
            [
              10.508701123097264,
              36.49412625541341
            ],
            [
              10.50885525830517,
              36.49406157005679
            ],
            [
              10.509164746495802,
              36.493994914870854
            ],
            [
              10.510636942330123,
              36.49378804504879
            ],
            [
              10.510868751464956,
              36.493722371293686
            ],
            [
              10.511175796071013,
              36.493530278840986
            ],
            [
              10.511791101340213,
              36.49320880769325
            ],
            [
              10.512252271762112,
              36.49295202862404
            ],
            [
              10.512559309848827,
              36.49275993273562
            ],
            [
              10.513168481408778,
              36.49212487479856
            ],
            [
              10.513630862755898,
              36.49193080129912
            ],
            [
              10.514172138432107,
              36.49179845399185
            ],
            [
              10.514481612633652,
              36.491731785299656
            ],
            [
              10.514635738090409,
              36.49166709266954
            ],
            [
              10.515175786775945,
              36.4914720249179
            ],
            [
              10.515406361449365,
              36.4913436266107
            ],
            [
              10.51563938267275,
              36.491340659772135
            ],
            [
              10.516488896155971,
              36.49107891376981
            ],
            [
              10.517031385394823,
              36.491009269637196
            ],
            [
              10.517497425453287,
              36.491003329204474
            ],
            [
              10.517655222660167,
              36.49112678044253
            ],
            [
              10.518200149259874,
              36.49118256294357
            ],
            [
              10.518510843170905,
              36.49117859979786
            ],
            [
              10.519132230810996,
              36.49117067108053
            ],
            [
              10.519524278334528,
              36.491353861500166
            ],
            [
              10.519915100556004,
              36.49147433475966
            ],
            [
              10.5203071513884,
              36.49165752251792
            ],
            [
              10.520617846892215,
              36.49165355384174
            ],
            [
              10.520850868480219,
              36.49165057680391
            ],
            [
              10.521006216186573,
              36.49164859185933
            ],
            [
              10.521238009527618,
              36.4915828982803
            ],
            [
              10.521469802462827,
              36.491517204259225
            ],
            [
              10.521547476162368,
              36.49151621141238
            ],
            [
              10.521704052111723,
              36.49157694133733
            ],
            [
              10.521861856994395,
              36.491700386814756
            ],
            [
              10.52201720472715,
              36.4916984005516
            ],
            [
              10.522172552444706,
              36.49169641408626
            ],
            [
              10.522173781393223,
              36.491759129840894
            ],
            [
              10.522252684323767,
              36.49182085228183
            ],
            [
              10.522331587379464,
              36.49188257466704
            ],
            [
              10.522334045553388,
              36.4920080061624
            ],
            [
              10.52241294886699,
              36.49206972848596
            ],
            [
              10.522491852305743,
              36.49213145075374
            ],
            [
              10.522648430204343,
              36.49219217938654
            ],
            [
              10.522960357109785,
              36.49225092029066
            ],
            [
              10.523194610029385,
              36.49231065435544
            ],
            [
              10.523351175637758,
              36.4923713822111
            ],
            [
              10.523506524602773,
              36.4923693939777
            ],
            [
              10.523818452687312,
              36.4924281272882
            ],
            [
              10.524052706848645,
              36.492487864953645
            ],
            [
              10.524363405127135,
              36.492483886447076
            ],
            [
              10.524519985014463,
              36.49254460725261
            ],
            [
              10.52483068345191,
              36.49254062752401
            ],
            [
              10.524909589348058,
              36.49260235344713
            ],
            [
              10.525460701633978,
              36.49297167517629
            ],
            [
              10.525696190337444,
              36.493094119864665
            ],
            [
              10.525851540575985,
              36.49309212854445
            ],
            [
              10.526318823552817,
              36.49314886898967
            ],
            [
              10.526631989360409,
              36.49327031573821
            ],
            [
              10.526948854751975,
              36.49357990842885
            ],
            [
              10.527263256386215,
              36.4937640690354
            ],
            [
              10.527578892903009,
              36.49401094434557
            ],
            [
              10.527580126314106,
              36.494073659917774
            ],
            [
              10.527659035822609,
              36.49413537860294
            ],
            [
              10.527740412555486,
              36.494322528362815
            ],
            [
              10.527820555964272,
              36.494446957175974
            ],
            [
              10.527900699739382,
              36.49457139124251
            ],
            [
              10.528057286589318,
              36.49463211253553
            ],
            [
              10.528213873678146,
              36.4946928336166
            ],
            [
              10.528449371832425,
              36.4948152726102
            ],
            [
              10.528686105063118,
              36.49500042664896
            ],
            [
              10.528843914670464,
              36.495123862565116
            ],
            [
              10.529312446533611,
              36.49524330643785
            ],
            [
              10.529704537719201,
              36.49542646222583
            ],
            [
              10.529938804998617,
              36.49548618266633
            ],
            [
              10.530174308194775,
              36.49560861811761
            ],
            [
              10.53048748970626,
              36.495730054319
            ],
            [
              10.530644080820332,
              36.49579077210174
            ],
            [
              10.531113855595864,
              36.49597292417819
            ],
            [
              10.531349362060922,
              36.49609535722115
            ],
            [
              10.531738988445861,
              36.49615307521823
            ],
            [
              10.53181666640238,
              36.49615207557807
            ],
            [
              10.531970785258245,
              36.49608736072454
            ],
            [
              10.532198869998519,
              36.495833499538364
            ],
            [
              10.532351750560725,
              36.49570606879557
            ],
            [
              10.532582307977188,
              36.495577637740745
            ],
            [
              10.532812864623466,
              36.49544920625547
            ],
            [
              10.532968219048618,
              36.495447205559216
            ],
            [
              10.533198774651398,
              36.4953187733493
            ],
            [
              10.533430567665304,
              36.49525305609708
            ],
            [
              10.533662360273064,
              36.495187338402886
            ],
            [
              10.533737560343264,
              36.49506090677292
            ],
            [
              10.533968113498835,
              36.49493247312462
            ],
            [
              10.534040822354534,
              36.49468061073358
            ],
            [
              10.53419245884847,
              36.49449046235729
            ],
            [
              10.534267657411474,
              36.49436403041503
            ],
            [
              10.534265179888001,
              36.494238604984325
            ],
            [
              10.534261463474,
              36.49405045885939
            ],
            [
              10.534106125104818,
              36.494052461004415
            ],
            [
              10.53402595894166,
              36.49392803148868
            ],
            [
              10.533944580853053,
              36.493740886182756
            ],
            [
              10.533861951545,
              36.4934910255828
            ],
            [
              10.53378178637806,
              36.49336659586876
            ],
            [
              10.533778071251284,
              36.49317844967362
            ],
            [
              10.533853282477724,
              36.493052017810086
            ],
            [
              10.53400738031944,
              36.49298730064671
            ],
            [
              10.534240404445463,
              36.49298429736631
            ],
            [
              10.534632495069674,
              36.4931674370145
            ],
            [
              10.53478908399034,
              36.49322814942528
            ],
            [
              10.534945673149826,
              36.4932888616241
            ],
            [
              10.535101023104856,
              36.49328685825194
            ],
            [
              10.535334048008655,
              36.49328385281463
            ],
            [
              10.535411722968924,
              36.49328285090109
            ],
            [
              10.535410483279152,
              36.49322013555048
            ],
            [
              10.535409243593215,
              36.493157420199175
            ],
            [
              10.535638548477497,
              36.49296626813137
            ],
            [
              10.535791417774549,
              36.49283883318606
            ],
            [
              10.535867852235336,
              36.49277511564339
            ],
            [
              10.535866612200746,
              36.49271240030086
            ],
            [
              10.535783978082058,
              36.49246254642673
            ],
            [
              10.535779018293635,
              36.492211685029375
            ],
            [
              10.535776538422413,
              36.49208625432652
            ],
            [
              10.53577405856652,
              36.491960823620865
            ],
            [
              10.535850492204883,
              36.4918971061003
            ],
            [
              10.535926925718092,
              36.491833388533045
            ],
            [
              10.536158705950129,
              36.491767666241024
            ],
            [
              10.536237619656355,
              36.491829379167775
            ],
            [
              10.536315293131334,
              36.4918283767001
            ],
            [
              10.53654955407738,
              36.491888084325645
            ],
            [
              10.536627227599592,
              36.49188708165353
            ],
            [
              10.536780093172649,
              36.49175964550708
            ],
            [
              10.53677885244847,
              36.491696930180716
            ],
            [
              10.536854044209443,
              36.491570496713564
            ],
            [
              10.536850321895196,
              36.49138235073296
            ],
            [
              10.536925513252656,
              36.49125591722425
            ],
            [
              10.53699822262805,
              36.49100405301764
            ],
            [
              10.536994500041892,
              36.49081590703188
            ],
            [
              10.536913105238689,
              36.4906287639191
            ],
            [
              10.536830470240513,
              36.49037891071288
            ],
            [
              10.53682798883955,
              36.49025348003335
            ],
            [
              10.536901938459126,
              36.49006433120063
            ],
            [
              10.536975887733954,
              36.48987518232476
            ],
            [
              10.536894494041848,
              36.489688039146436
            ],
            [
              10.536890771884972,
              36.48949989310992
            ],
            [
              10.536887049762605,
              36.48931174706715
            ],
            [
              10.536806897550553,
              36.4891873191448
            ],
            [
              10.536803175673398,
              36.488999173084714
            ],
            [
              10.536798213224198,
              36.48874831166154
            ],
            [
              10.536794491427555,
              36.48856016558682
            ],
            [
              10.536792010248961,
              36.48843473486686
            ],
            [
              10.536788288614977,
              36.48824659409746
            ],
            [
              10.53670937822383,
              36.4881848814237
            ],
            [
              10.536630467852667,
              36.48812316337837
            ],
            [
              10.536627987083142,
              36.48799773795531
            ],
            [
              10.536625506223807,
              36.4878723072137
            ],
            [
              10.536621784963558,
              36.48768416109605
            ],
            [
              10.536696973339863,
              36.48755772773143
            ],
            [
              10.536769680436839,
              36.48730586357753
            ],
            [
              10.536843627656426,
              36.48711671475358
            ],
            [
              10.536917574531316,
              36.486927565886475
            ],
            [
              10.537070430160462,
              36.48680012950719
            ],
            [
              10.537220803589838,
              36.48654726220678
            ],
            [
              10.537294749047643,
              36.48635811312286
            ],
            [
              10.537292267366764,
              36.486232687701765
            ],
            [
              10.537209636238034,
              36.48598282918302
            ],
            [
              10.537128246402597,
              36.485795685963275
            ],
            [
              10.53704685697317,
              36.48560854267306
            ],
            [
              10.537043135000886,
              36.48542039652112
            ],
            [
              10.53711707992274,
              36.48523124752797
            ],
            [
              10.537189783748074,
              36.484979383106705
            ],
            [
              10.537419060746222,
              36.48478822803579
            ],
            [
              10.537570670411153,
              36.48459807571073
            ],
            [
              10.537722279344615,
              36.48440792320462
            ],
            [
              10.537794980628982,
              36.48415606376118
            ],
            [
              10.538100677865222,
              36.4839011887783
            ],
            [
              10.538253525732724,
              36.483773751006865
            ],
            [
              10.538636885060471,
              36.483517871120114
            ],
            [
              10.538790973263517,
              36.48345314804681
            ],
            [
              10.539022712984268,
              36.483387420918085
            ],
            [
              10.539100377930103,
              36.48338641683557
            ],
            [
              10.53925570781025,
              36.48338440851897
            ],
            [
              10.539333372744563,
              36.48338340428488
            ],
            [
              10.539409795208945,
              36.48331968466324
            ],
            [
              10.539566367524447,
              36.48338039127947
            ],
            [
              10.539644032443391,
              36.483379386843275
            ],
            [
              10.539720454642211,
              36.48331566702869
            ],
            [
              10.539795633944783,
              36.483189231840434
            ],
            [
              10.539949720488078,
              36.48312450730495
            ],
            [
              10.540178985208062,
              36.482933347161314
            ],
            [
              10.540408248802173,
              36.48274218659777
            ],
            [
              10.540559847319948,
              36.48255203599342
            ],
            [
              10.540633781031216,
              36.48236287968358
            ],
            [
              10.540708958068976,
              36.48223644927292
            ],
            [
              10.540628807538122,
              36.48211202374858
            ],
            [
              10.540548657268975,
              36.48198759816179
            ],
            [
              10.540622590626471,
              36.48179844716944
            ],
            [
              10.540772943265088,
              36.48154557568841
            ],
            [
              10.54084687569105,
              36.48135642456638
            ],
            [
              10.540999714082107,
              36.48122898344833
            ],
            [
              10.541153795742991,
              36.48116425745259
            ],
            [
              10.541230214559414,
              36.48110053672871
            ],
            [
              10.541305389363187,
              36.480974100652446
            ],
            [
              10.54145947025818,
              36.48090937427717
            ],
            [
              10.541614795021513,
              36.48090736300624
            ],
            [
              10.541771364028428,
              36.48096806682596
            ],
            [
              10.541927933273962,
              36.48102877043375
            ],
            [
              10.542083258241291,
              36.481026758547436
            ],
            [
              10.542080769219176,
              36.48090132798098
            ],
            [
              10.542078280212445,
              36.48077589741172
            ],
            [
              10.542154697880036,
              36.48071217611852
            ],
            [
              10.542307532839972,
              36.48058473339222
            ],
            [
              10.54238021605224,
              36.4803328714348
            ],
            [
              10.542533049909544,
              36.48020542843817
            ],
            [
              10.542609466650573,
              36.48014170686987
            ],
            [
              10.542766034823355,
              36.48020240940959
            ],
            [
              10.54284494144028,
              36.48026411291835
            ],
            [
              10.542923848393345,
              36.480325827002815
            ],
            [
              10.543236986189779,
              36.48044723101212
            ],
            [
              10.543315893424351,
              36.48050893419211
            ],
            [
              10.54331838440159,
              36.480634364693785
            ],
            [
              10.543397291999582,
              36.48069607312776
            ],
            [
              10.543553861881081,
              36.480756774586794
            ],
            [
              10.543788094210603,
              36.48081646876092
            ],
            [
              10.544021067645964,
              36.48081344740964
            ],
            [
              10.544176405199908,
              36.480811432638156
            ],
            [
              10.544410624958973,
              36.4808711257448
            ],
            [
              10.544567195940113,
              36.48093182584478
            ],
            [
              10.544723767159851,
              36.48099252573282
            ],
            [
              10.544955507362141,
              36.4809267871732
            ],
            [
              10.545107091070886,
              36.48073662576573
            ],
            [
              10.545181012162375,
              36.48054747220108
            ],
            [
              10.545638252067327,
              36.48010242232459
            ],
            [
              10.545789832542411,
              36.47991226010195
            ],
            [
              10.545941412286309,
              36.47972209769846
            ],
            [
              10.546016578073756,
              36.479595658838406
            ],
            [
              10.54625080858802,
              36.47965534822571
            ],
            [
              10.546799428228937,
              36.47989914689738
            ],
            [
              10.547113818485096,
              36.48008325578129
            ],
            [
              10.54742821021512,
              36.4802673637956
            ],
            [
              10.547662443646944,
              36.480327045014626
            ],
            [
              10.54805325007458,
              36.48044742656736
            ],
            [
              10.548130911755282,
              36.48044641667677
            ],
            [
              10.548207324115221,
              36.48038269694383
            ],
            [
              10.548203575764095,
              36.480194546301206
            ],
            [
              10.548278738356899,
              36.48006811141766
            ],
            [
              10.548353900605234,
              36.479941671174245
            ],
            [
              10.548351401575125,
              36.479816240956424
            ],
            [
              10.548426563475267,
              36.479689800670684
            ],
            [
              10.548424064350977,
              36.47956437045188
            ],
            [
              10.548422814794623,
              36.47950165534142
            ],
            [
              10.548499225902928,
              36.47943793012381
            ],
            [
              10.54849672668446,
              36.47931249990401
            ],
            [
              10.548495477081017,
              36.47924978479307
            ],
            [
              10.54849297788572,
              36.47912435456908
            ],
            [
              10.548490478705865,
              36.47899892434231
            ],
            [
              10.548410319443478,
              36.47887450419857
            ],
            [
              10.548407820419586,
              36.47874907396162
            ],
            [
              10.548480482140919,
              36.478497203407315
            ],
            [
              10.548472984879387,
              36.47812091267677
            ],
            [
              10.548465487862778,
              36.47774462723685
            ],
            [
              10.548536899022755,
              36.47743004150441
            ],
            [
              10.548612058453333,
              36.47730360111507
            ],
            [
              10.548685967985636,
              36.47711444555384
            ],
            [
              10.54868346867774,
              36.47698901529619
            ],
            [
              10.548759877173659,
              36.476925289949584
            ],
            [
              10.548757377763879,
              36.47679985969235
            ],
            [
              10.548752378990663,
              36.476548999169495
            ],
            [
              10.5487486299513,
              36.47636085377004
            ],
            [
              10.548822538336582,
              36.47617169812459
            ],
            [
              10.548896446483536,
              36.475982547751855
            ],
            [
              10.548892697173292,
              36.475794402347326
            ],
            [
              10.54896660471725,
              36.47560524661645
            ],
            [
              10.549040511916964,
              36.47541609084257
            ],
            [
              10.548960355689399,
              36.475291670929316
            ],
            [
              10.549035512483213,
              36.47516523029505
            ],
            [
              10.549108169235227,
              36.474913359340555
            ],
            [
              10.549098170176544,
              36.47441163820809
            ],
            [
              10.549168326395513,
              36.474034342230986
            ],
            [
              10.549390041419162,
              36.47346687440292
            ],
            [
              10.54945643198008,
              36.472901427660474
            ],
            [
              10.549601751774233,
              36.47239768500531
            ],
            [
              10.549675641485452,
              36.47220852902062
            ],
            [
              10.549823446318001,
              36.47183022189517
            ],
            [
              10.54996999923437,
              36.47138919413206
            ],
            [
              10.55011905164123,
              36.471073596496794
            ],
            [
              10.550192952111665,
              36.4708844400397
            ],
            [
              10.550342002712119,
              36.47056884214474
            ],
            [
              10.55041590220106,
              36.470379685558456
            ],
            [
              10.550488550552053,
              36.47012781378138
            ],
            [
              10.550563700252592,
              36.47000137757266
            ],
            [
              10.550637598709173,
              36.4698122208574
            ],
            [
              10.55063384603384,
              36.469624075413144
            ],
            [
              10.550708994932407,
              36.46949763380408
            ],
            [
              10.5508580409659,
              36.4691820353069
            ],
            [
              10.551008336984541,
              36.4689291517819
            ],
            [
              10.551311428918693,
              36.46854881448481
            ],
            [
              10.551613266428507,
              36.46810576664509
            ],
            [
              10.55184120698732,
              36.46785187022575
            ],
            [
              10.551838703439566,
              36.46772643996058
            ],
            [
              10.551836199907287,
              36.46760100969262
            ],
            [
              10.551834948146949,
              36.467538294557585
            ],
            [
              10.551828689403283,
              36.46722471887199
            ],
            [
              10.551822430756323,
              36.46691114316895
            ],
            [
              10.551817423908378,
              36.46666028259395
            ],
            [
              10.551813668813034,
              36.466472137155385
            ],
            [
              10.551808662179488,
              36.46622128187661
            ],
            [
              10.551801152186064,
              36.46584499096389
            ],
            [
              10.551797397241568,
              36.465656845498124
            ],
            [
              10.551794893964578,
              36.465531415184124
            ],
            [
              10.551870037241567,
              36.46540497289942
            ],
            [
              10.551789887457009,
              36.46528055454774
            ],
            [
              10.551787384226431,
              36.46515512422537
            ],
            [
              10.551862527174885,
              36.46502868194609
            ],
            [
              10.551937669884978,
              36.46490223962273
            ],
            [
              10.551933914845687,
              36.46471409945511
            ],
            [
              10.551931411434769,
              36.46458866912938
            ],
            [
              10.551928907933227,
              36.46446323348511
            ],
            [
              10.55200279838111,
              36.46427408127534
            ],
            [
              10.552077940176472,
              36.46414763887105
            ],
            [
              10.552153081733483,
              36.464021196422685
            ],
            [
              10.552149326188163,
              36.46383305093072
            ],
            [
              10.552220711667822,
              36.46351846294545
            ],
            [
              10.55229460048105,
              36.46332930524869
            ],
            [
              10.552292096615465,
              36.46320387491525
            ],
            [
              10.552364733005101,
              36.46295200200838
            ],
            [
              10.552439873006513,
              36.46282555939366
            ],
            [
              10.552512508606483,
              36.46257368640127
            ],
            [
              10.552664039387798,
              36.46238351612038
            ],
            [
              10.552735421661206,
              36.462068927834906
            ],
            [
              10.552731664976083,
              36.46188078233325
            ],
            [
              10.55288068926082,
              36.46156518146486
            ],
            [
              10.553024702885324,
              36.46099873038489
            ],
            [
              10.553169966856682,
              36.460494983667964
            ],
            [
              10.553248861024587,
              36.46055668608739
            ],
            [
              10.553406649735255,
              36.4606800907589
            ],
            [
              10.553563185997433,
              36.46074077473638
            ],
            [
              10.553565691685519,
              36.460866205046
            ],
            [
              10.55364583956693,
              36.46099062765001
            ],
            [
              10.553724734511048,
              36.461052324413
            ],
            [
              10.55388127187129,
              36.46111301326135
            ],
            [
              10.554036556229613,
              36.46111098676071
            ],
            [
              10.554194347306643,
              36.46123439032253
            ],
            [
              10.554350872215338,
              36.46129507870724
            ],
            [
              10.55442978129126,
              36.46135678012403
            ],
            [
              10.554663949080396,
              36.46141645449741
            ],
            [
              10.554742845357012,
              36.46147815586893
            ],
            [
              10.554899384224246,
              36.461538838021944
            ],
            [
              10.554977026792308,
              36.46153782412448
            ],
            [
              10.555132311916799,
              36.46153579617807
            ],
            [
              10.55520995447323,
              36.46153478212914
            ],
            [
              10.555363985355184,
              36.46147004410177
            ],
            [
              10.555441627837505,
              36.461469029903704
            ],
            [
              10.555675809730369,
              36.46152869677545
            ],
            [
              10.555829840190933,
              36.46146395815611
            ],
            [
              10.555907482649983,
              36.46146294365514
            ],
            [
              10.556142919908497,
              36.46158532999016
            ],
            [
              10.556454745367226,
              36.46164398591736
            ],
            [
              10.557315093352075,
              36.46194638895916
            ],
            [
              10.55778471949682,
              36.46212844037839
            ],
            [
              10.558096548225702,
              36.46218709192716
            ],
            [
              10.558563663678589,
              36.46224371020469
            ],
            [
              10.55902952243261,
              36.46223761166006
            ],
            [
              10.559263709257209,
              36.462297276675585
            ],
            [
              10.559574268718862,
              36.46229320952688
            ],
            [
              10.559807198149185,
              36.462290158505944
            ],
            [
              10.560119028859738,
              36.46234880471452
            ],
            [
              10.560353216778394,
              36.462408467562106
            ],
            [
              10.560665048325015,
              36.46246711232104
            ],
            [
              10.560976880313115,
              36.46252575625304
            ],
            [
              10.561287453598661,
              36.46252168445228
            ],
            [
              10.561443999487064,
              36.46258236315015
            ],
            [
              10.561442740218075,
              36.46251964824899
            ],
            [
              10.558049805444831,
              36.45597730850498
            ],
            [
              10.557810614508393,
              36.45566678024346
            ],
            [
              10.557412385811134,
              36.45517013697206
            ],
            [
              10.55717319996814,
              36.45485960727159
            ],
            [
              10.554717602456709,
              36.452445172025314
            ],
            [
              10.549969633769956,
              36.447990397188185
            ],
            [
              10.54915962647929,
              36.44630718153089
            ],
            [
              10.549079514897938,
              36.446182760229945
            ],
            [
              10.548682639757555,
              36.44574880002361
            ],
            [
              10.54780753440295,
              36.44469374828377
            ],
            [
              10.546689605574175,
              36.44313997898449
            ],
            [
              10.546451746703916,
              36.44289214083626
            ],
            [
              10.546291513417724,
              36.44264329436627
            ],
            [
              10.546287774947833,
              36.44245514767684
            ],
            [
              10.545726968253248,
              36.44158418830474
            ],
            [
              10.545406512971509,
              36.441086492824674
            ],
            [
              10.545246286897934,
              36.44083764471031
            ],
            [
              10.544361328887762,
              36.43928083397541
            ],
            [
              10.543878187372195,
              36.43840885259644
            ],
            [
              10.5436391084129,
              36.43809829240907
            ],
            [
              10.54355900127206,
              36.43797386699594
            ],
            [
              10.543475176632612,
              36.437661299574934
            ],
            [
              10.543316207609113,
              36.43747516411968
            ],
            [
              10.543154739404072,
              36.43716359717556
            ],
            [
              10.541794239204366,
              36.435111071041106
            ],
            [
              10.541551453027838,
              36.43461235871686
            ],
            [
              10.541321087913277,
              36.434740803743196
            ],
            [
              10.541090722030724,
              36.43486924834021
            ],
            [
              10.540706363411354,
              36.43506241644552
            ],
            [
              10.539709751157439,
              36.435702622736635
            ],
            [
              10.539410444458664,
              36.43627107839177
            ],
            [
              10.539104932955588,
              36.436525954161176
            ],
            [
              10.538418764244337,
              36.437162132454716
            ],
            [
              10.537884119197898,
              36.43760816016462
            ],
            [
              10.537345738613,
              36.43786603813474
            ],
            [
              10.537037737079695,
              36.437995477093246
            ],
            [
              10.536650876288917,
              36.43806319554592
            ],
            [
              10.536342872768476,
              36.43819263275263
            ],
            [
              10.535803245328903,
              36.43838778804497
            ],
            [
              10.53557162215408,
              36.438453511778825
            ],
            [
              10.534882933809133,
              36.438964238768484
            ],
            [
              10.534420918220492,
              36.439158387646124
            ],
            [
              10.534266912502032,
              36.4392231035519
            ],
            [
              10.532948588688328,
              36.43930281102954
            ],
            [
              10.532098472006806,
              36.43950194565289
            ],
            [
              10.531555121785459,
              36.439508934089275
            ],
            [
              10.531245869775198,
              36.439575642410276
            ],
            [
              10.531090626665117,
              36.43957763825337
            ],
            [
              10.531013005104352,
              36.439578636099235
            ],
            [
              10.530860229187596,
              36.43970606373739
            ],
            [
              10.530629830942011,
              36.43983448879184
            ],
            [
              10.530554675856084,
              36.43996091845442
            ],
            [
              10.53040189844132,
              36.44008834553328
            ],
            [
              10.530325509546689,
              36.4401520590028
            ],
            [
              10.53024912052722,
              36.440215772425724
            ],
            [
              10.530095109089814,
              36.44028048306748
            ],
            [
              10.529939864492176,
              36.44028247744707
            ],
            [
              10.529783387108811,
              36.44022175555088
            ],
            [
              10.529550520348147,
              36.440224746432456
            ],
            [
              10.529240031280581,
              36.44022873356829
            ],
            [
              10.528854383907149,
              36.44035914855469
            ],
            [
              10.528469966929979,
              36.44055227843214
            ],
            [
              10.528237099038764,
              36.440555266774886
            ],
            [
              10.527927839650962,
              36.44062196133468
            ],
            [
              10.52761736192856,
              36.44062594411849
            ],
            [
              10.52738203212347,
              36.44050350383704
            ],
            [
              10.527147933599924,
              36.44044377390537
            ],
            [
              10.526913835420444,
              36.44038404350544
            ],
            [
              10.526757360045693,
              36.44032331759138
            ],
            [
              10.526523262503352,
              36.44026358640845
            ],
            [
              10.526366787659924,
              36.44020285996819
            ],
            [
              10.526210313054756,
              36.44014213331638
            ],
            [
              10.525976216442631,
              36.440082401035816
            ],
            [
              10.525742120174593,
              36.440022668286986
            ],
            [
              10.525509253569181,
              36.4400256512718
            ],
            [
              10.525044749203568,
              36.44009433209418
            ],
            [
              10.524811882308295,
              36.44009731372371
            ],
            [
              10.524501393061414,
              36.44010128852352
            ],
            [
              10.524188447235066,
              36.43997983003626
            ],
            [
              10.524033202808123,
              36.439981816720874
            ],
            [
              10.523565013931321,
              36.43986234304519
            ],
            [
              10.523486164129896,
              36.4398006197419
            ],
            [
              10.523250842960284,
              36.43967816576975
            ],
            [
              10.522782657014504,
              36.439558688947514
            ],
            [
              10.52254979147418,
              36.439561666127325
            ],
            [
              10.522315699170608,
              36.43950192655307
            ],
            [
              10.521926376865743,
              36.43944417026232
            ],
            [
              10.521535815837503,
              36.439323696530764
            ],
            [
              10.521146481751893,
              36.43926593782755
            ],
            [
              10.520835995287031,
              36.43926990301727
            ],
            [
              10.52052795932215,
              36.43939930010847
            ],
            [
              10.519910659462022,
              36.439595375600064
            ],
            [
              10.519143008755785,
              36.440044293829544
            ],
            [
              10.519065386297786,
              36.44004528391806
            ],
            [
              10.518051400731368,
              36.43980728479792
            ],
            [
              10.517738465551453,
              36.439685809126054
            ],
            [
              10.517424308531702,
              36.43950161616571
            ],
            [
              10.516560702996195,
              36.43901076000331
            ],
            [
              10.516325394652856,
              36.438888292047494
            ],
            [
              10.516013687369206,
              36.43882952817322
            ],
            [
              10.515471558954715,
              36.43889915980044
            ],
            [
              10.514621384336293,
              36.43909817103856
            ],
            [
              10.513927668948325,
              36.43935791955258
            ],
            [
              10.513466815535805,
              36.439614705118245
            ],
            [
              10.513079923627474,
              36.43968235312115
            ],
            [
              10.512611751826338,
              36.439562836029545
            ],
            [
              10.512456507395596,
              36.439564807640714
            ],
            [
              10.512301262949778,
              36.43956677905009
            ],
            [
              10.512224859332427,
              36.439630481272026
            ],
            [
              10.512147237037683,
              36.43963146685283
            ],
            [
              10.511292186847681,
              36.43957958812551
            ],
            [
              10.510121767716198,
              36.439280774149886
            ],
            [
              10.509806413013694,
              36.43903384399858
            ],
            [
              10.509339465969399,
              36.43897703052692
            ],
            [
              10.509264276629276,
              36.43910344758571
            ],
            [
              10.509033843037772,
              36.439231831745296
            ],
            [
              10.508500213720207,
              36.43974044878017
            ],
            [
              10.507738568403195,
              36.44050287873517
            ],
            [
              10.507510557866496,
              36.440756693509854
            ],
            [
              10.507282545857944,
              36.44101050787297
            ],
            [
              10.507134585560303,
              36.441388767645606
            ],
            [
              10.506908999377162,
              36.44176801478496
            ],
            [
              10.506762263537395,
              36.442208995996765
            ],
            [
              10.506688268036564,
              36.44239812310984
            ],
            [
              10.506616713923492,
              36.442712688775124
            ],
            [
              10.506543958248654,
              36.44296453750685
            ],
            [
              10.506548815035828,
              36.443215404388674
            ],
            [
              10.506473604094664,
              36.44334181996912
            ],
            [
              10.506398419242387,
              36.44346823517221
            ],
            [
              10.50632322098797,
              36.44359465049754
            ],
            [
              10.506170395911901,
              36.4437220475673
            ],
            [
              10.505938729876583,
              36.443787709361885
            ],
            [
              10.505707063436656,
              36.443853370715054
            ],
            [
              10.50555302339637,
              36.44391805028547
            ],
            [
              10.505247368923827,
              36.44417284233998
            ],
            [
              10.504865298023658,
              36.44449133135759
            ],
            [
              10.504096297612334,
              36.44487743880698
            ],
            [
              10.503789422521425,
              36.44506951050944
            ],
            [
              10.503403705823892,
              36.445199839373196
            ],
            [
              10.503249661244856,
              36.44526452137798
            ],
            [
              10.502940359600217,
              36.44533115205849
            ],
            [
              10.502552218036623,
              36.44533604992828
            ],
            [
              10.502010030439228,
              36.445405626969894
            ],
            [
              10.501621888338796,
              36.44541052182335
            ],
            [
              10.50123254918437,
              36.445352693084025
            ],
            [
              10.50060910294532,
              36.44523508645305
            ],
            [
              10.500218543152899,
              36.44511454828622
            ],
            [
              10.499827984428148,
              36.44499400349484
            ],
            [
              10.499516263462418,
              36.444935196861806
            ],
            [
              10.49920575130883,
              36.44493910631581
            ],
            [
              10.499050495209618,
              36.44494106074007
            ],
            [
              10.49919970950258,
              36.444625521744705
            ],
            [
              10.499270086815534,
              36.444248242973046
            ],
            [
              10.49910758256208,
              36.44387389590274
            ],
            [
              10.498943871830912,
              36.44343683161683
            ],
            [
              10.498857789143068,
              36.44299879006618
            ],
            [
              10.49869649753012,
              36.44268715920367
            ],
            [
              10.498459997044943,
              36.44250193874082
            ],
            [
              10.498455166524684,
              36.44225107621287
            ],
            [
              10.498296293174082,
              36.44206487863451
            ],
            [
              10.498215045624711,
              36.441877704298335
            ],
            [
              10.498056173629818,
              36.441691506358154
            ],
            [
              10.497742053051251,
              36.44150726074884
            ],
            [
              10.497659600585427,
              36.441257374294764
            ],
            [
              10.497575941687586,
              36.44094476544447
            ],
            [
              10.497493490307448,
              36.44069487351086
            ],
            [
              10.497412252794614,
              36.44050769842619
            ],
            [
              10.497254592188627,
              36.44038421628379
            ],
            [
              10.497019308619295,
              36.44026170967822
            ],
            [
              10.496940478811934,
              36.440199968359835
            ],
            [
              10.496781613366826,
              36.44001376852272
            ],
            [
              10.496932034529827,
              36.439760949150795
            ],
            [
              10.496929621911345,
              36.4396355150848
            ],
            [
              10.496928415607696,
              36.43957279805077
            ],
            [
              10.49692600301158,
              36.43944736398062
            ],
            [
              10.497000006613089,
              36.43925823719697
            ],
            [
              10.496845967896503,
              36.43932290553268
            ],
            [
              10.496617924451133,
              36.43957670028351
            ],
            [
              10.496315873943239,
              36.44001962105689
            ],
            [
              10.496087826775941,
              36.44027341485295
            ],
            [
              10.496013820062736,
              36.44046254111314
            ],
            [
              10.49586460010158,
              36.440778076451465
            ],
            [
              10.495717789660416,
              36.441219040403965
            ],
            [
              10.495489737131185,
              36.44147283313365
            ],
            [
              10.495338102998257,
              36.44166293374391
            ],
            [
              10.494880786678275,
              36.44210780035438
            ],
            [
              10.49419179844355,
              36.44261830436706
            ],
            [
              10.49349436875659,
              36.44268978496689
            ],
            [
              10.49240880697967,
              36.44276612079985
            ],
            [
              10.491323249515288,
              36.44284245735448
            ],
            [
              10.490469360682566,
              36.44285314728162
            ],
            [
              10.49008243008217,
              36.44292071620083
            ],
            [
              10.489695498971939,
              36.44298829451189
            ],
            [
              10.489222538692042,
              36.442617811166485
            ],
            [
              10.489144919184387,
              36.44261878177692
            ],
            [
              10.488689960894135,
              36.443189059990814
            ],
            [
              10.488157368766647,
              36.44376030664678
            ],
            [
              10.487241424462576,
              36.44458726805122
            ],
            [
              10.486939301378444,
              36.445030166400954
            ],
            [
              10.48663238841899,
              36.44522219487859
            ],
            [
              10.486323071310988,
              36.445288788124095
            ],
            [
              10.485715213205209,
              36.44598642254313
            ],
            [
              10.484874453453362,
              36.446686958211764
            ],
            [
              10.484338226800064,
              36.447070036677545
            ],
            [
              10.483801988271175,
              36.44745311291245
            ],
            [
              10.483032849942969,
              36.44783908749545
            ],
            [
              10.481578154161507,
              36.44892364326413
            ],
            [
              10.48112191681446,
              36.4494311766897
            ],
            [
              10.480814965340818,
              36.44962318555713
            ],
            [
              10.47981527511186,
              36.4501374709278
            ],
            [
              10.47912610930895,
              36.45064789124826
            ],
            [
              10.478972039230484,
              36.4507125318475
            ],
            [
              10.47666443109617,
              36.45187035099479
            ],
            [
              10.475575157542544,
              36.45175838958847
            ],
            [
              10.474643529180991,
              36.451769930550675
            ],
            [
              10.47410126752126,
              36.451839376977965
            ],
            [
              10.473477805025729,
              36.45172162895909
            ],
            [
              10.473166081027458,
              36.45166275362965
            ],
            [
              10.472621444026679,
              36.45160675815873
            ],
            [
              10.472310901489355,
              36.45161059825583
            ],
            [
              10.472002732426818,
              36.45173987277808
            ],
            [
              10.471926283353511,
              36.45180355009613
            ],
            [
              10.471694562320895,
              36.45186914652489
            ],
            [
              10.471461654541796,
              36.45187202488261
            ],
            [
              10.471074667449352,
              36.45193953869478
            ],
            [
              10.470687673061633,
              36.45200705134759
            ],
            [
              10.470378314133738,
              36.452073604108136
            ],
            [
              10.470146590897048,
              36.45213919757553
            ],
            [
              10.469912497044273,
              36.45207935526039
            ],
            [
              10.469603137099003,
              36.45214590603183
            ],
            [
              10.469214955704777,
              36.45215069627215
            ],
            [
              10.468983231182593,
              36.45221628750677
            ],
            [
              10.468445696222993,
              36.45253657922497
            ],
            [
              10.468291606635,
              36.45260121169596
            ],
            [
              10.46806225380787,
              36.452792236532
            ],
            [
              10.46790934690999,
              36.4529195862427
            ],
            [
              10.46767761893453,
              36.45298517501018
            ],
            [
              10.467445890555016,
              36.45305076333573
            ],
            [
              10.466982432583844,
              36.45318193866108
            ],
            [
              10.466596610535072,
              36.45331215599904
            ],
            [
              10.466441335454265,
              36.45331406838792
            ],
            [
              10.466208422805638,
              36.45331693659269
            ],
            [
              10.466051972224193,
              36.453256130628844
            ],
            [
              10.465973146158934,
              36.453194368804276
            ],
            [
              10.465814332306682,
              36.45300812696923
            ],
            [
              10.465735506682336,
              36.452946364975254
            ],
            [
              10.465657876061114,
              36.45294732054565
            ],
            [
              10.465424964427205,
              36.45295018719709
            ],
            [
              10.465344964286649,
              36.45282570706465
            ],
            [
              10.465264964406892,
              36.45270122687025
            ],
            [
              10.46518496478794,
              36.45257674661395
            ],
            [
              10.465027328696268,
              36.452453221525985
            ],
            [
              10.464870874159457,
              36.45239241402589
            ],
            [
              10.464557965802504,
              36.45227079839189
            ],
            [
              10.464243877860234,
              36.4520864640828
            ],
            [
              10.46408742464645,
              36.45202565552133
            ],
            [
              10.463930971671557,
              36.45196484674861
            ],
            [
              10.46346161418024,
              36.45178241916291
            ],
            [
              10.463069901375588,
              36.4515990357074
            ],
            [
              10.46275581958484,
              36.4514146973205
            ],
            [
              10.462206474710662,
              36.451107782534606
            ],
            [
              10.461972389548972,
              36.451047924423754
            ],
            [
              10.461893575504615,
              36.45098615967772
            ],
            [
              10.461892396906768,
              36.45092344176947
            ],
            [
              10.461813583153319,
              36.45086168228106
            ],
            [
              10.461735947890535,
              36.45086263533513
            ],
            [
              10.461580677354036,
              36.45086454129185
            ],
            [
              10.461346593268738,
              36.450804676607646
            ],
            [
              10.461270136237317,
              36.450868352599656
            ],
            [
              10.461271314232008,
              36.45093106520994
            ],
            [
              10.461196034956364,
              36.45105745376764
            ],
            [
              10.461118399477067,
              36.45105840642444
            ],
            [
              10.460886670810497,
              36.451123982027006
            ],
            [
              10.460889026407767,
              36.45124941789492
            ],
            [
              10.460812575050808,
              36.451313088210654
            ],
            [
              10.460814930545007,
              36.45143852407875
            ],
            [
              10.460739643473916,
              36.451564912446585
            ],
            [
              10.460664362746558,
              36.45169130068908
            ],
            [
              10.460510268001423,
              36.451755923227765
            ],
            [
              10.460434993305531,
              36.4518823112534
            ],
            [
              10.460438525713636,
              36.452070465068246
            ],
            [
              10.460440880670568,
              36.45219590094135
            ],
            [
              10.460289139474854,
              36.45238595909036
            ],
            [
              10.460292671595512,
              36.45257411290153
            ],
            [
              10.460373840954713,
              36.45276131454645
            ],
            [
              10.460378550793372,
              36.45301218626802
            ],
            [
              10.460380905734537,
              36.45313762212465
            ],
            [
              10.46030680040559,
              36.45332672808388
            ],
            [
              10.460231517361661,
              36.45345311607126
            ],
            [
              10.460235049480477,
              36.45364126985356
            ],
            [
              10.46023975902317,
              36.45389214155362
            ],
            [
              10.46024329121839,
              36.454080295321376
            ],
            [
              10.460168007283814,
              36.454206677955945
            ],
            [
              10.460093900505374,
              36.45439578378464
            ],
            [
              10.459940977164432,
              36.45452312361499
            ],
            [
              10.459943331430841,
              36.454648554148314
            ],
            [
              10.459791584525478,
              36.4548386170397
            ],
            [
              10.459715122241217,
              36.45490228679532
            ],
            [
              10.459563374096136,
              36.455092338780325
            ],
            [
              10.459333985567548,
              36.45528334748944
            ],
            [
              10.459332808846026,
              36.455220629554766
            ],
            [
              10.459253992497645,
              36.45515886315493
            ],
            [
              10.459096360275428,
              36.45503533550478
            ],
            [
              10.45910106629032,
              36.455286201957605
            ],
            [
              10.459026955960686,
              36.45547530717183
            ],
            [
              10.459031661927208,
              36.45572617892987
            ],
            [
              10.459035191440277,
              36.45591433274112
            ],
            [
              10.458959903947504,
              36.456040719975704
            ],
            [
              10.458883439818157,
              36.45610438922775
            ],
            [
              10.458808151902604,
              36.45623077637235
            ],
            [
              10.458732863748056,
              36.45635716347234
            ],
            [
              10.45873639262049,
              36.45654531728872
            ],
            [
              10.45873992152564,
              36.45673347109888
            ],
            [
              10.458585815263168,
              36.45679809135952
            ],
            [
              10.458506997850426,
              36.45673632450465
            ],
            [
              10.457881165439195,
              36.45649305952221
            ],
            [
              10.457723539041952,
              36.456369524700264
            ],
            [
              10.457564731222249,
              36.45618327176299
            ],
            [
              10.457398873026747,
              36.45562071069483
            ],
            [
              10.457408274580654,
              36.45612245455169
            ],
            [
              10.45695535396801,
              36.45681805350346
            ],
            [
              10.4563436180347,
              36.45732739629775
            ],
            [
              10.455807168443938,
              36.45771034545961
            ],
            [
              10.455269546670335,
              36.458030579520894
            ],
            [
              10.454807210405612,
              36.45822442659926
            ],
            [
              10.454416650473886,
              36.45810373863153
            ],
            [
              10.45380019794622,
              36.458362191365296
            ],
            [
              10.452488465633337,
              36.45881732728222
            ],
            [
              10.451486129509153,
              36.45920593978474
            ],
            [
              10.450788504058895,
              36.45927718011348
            ],
            [
              10.450163843180054,
              36.45909659281244
            ],
            [
              10.44946037904277,
              36.45885422916826
            ],
            [
              10.448609803261643,
              36.45905277282191
            ],
            [
              10.447763899953616,
              36.45950218859288
            ],
            [
              10.446761523703142,
              36.459890767479095
            ],
            [
              10.445830952129464,
              36.45996480397469
            ],
            [
              10.444972196743747,
              36.45972429951535
            ],
            [
              10.444045125382686,
              36.45998647690454
            ],
            [
              10.442723996843624,
              36.45993976057243
            ],
            [
              10.442569873616913,
              36.46000436051026
            ],
            [
              10.442342754724827,
              36.46032077435579
            ],
            [
              10.441806214090557,
              36.460703667688
            ],
            [
              10.441574439447313,
              36.46076920668196
            ],
            [
              10.441033246259304,
              36.46090122311341
            ],
            [
              10.440876792184802,
              36.46084038419378
            ],
            [
              10.440721500320283,
              36.460842263456506
            ],
            [
              10.440489724283474,
              36.4609078003712
            ],
            [
              10.440334435549804,
              36.46090967909346
            ],
            [
              10.440256786239944,
              36.460910618438604
            ],
            [
              10.440098013072095,
              36.46072434162604
            ],
            [
              10.44009336723884,
              36.46047346797383
            ],
            [
              10.439936914727996,
              36.46041262778209
            ],
            [
              10.439854624180253,
              36.460162693126215
            ],
            [
              10.439620527243703,
              36.46010279147399
            ],
            [
              10.439227658077323,
              36.45985661131115
            ],
            [
              10.439147695039372,
              36.45973211293824
            ],
            [
              10.439143052435176,
              36.459481239139315
            ],
            [
              10.439061922780741,
              36.45929402231514
            ],
            [
              10.438904316283018,
              36.459170462188354
            ],
            [
              10.438900835082054,
              36.45898231211834
            ],
            [
              10.438820866921468,
              36.45885781355676
            ],
            [
              10.438739745318301,
              36.4586705963834
            ],
            [
              10.43889039137773,
              36.45841784592284
            ],
            [
              10.438885749922946,
              36.458166977356186
            ],
            [
              10.438804622358244,
              36.45797976027297
            ],
            [
              10.438722341547548,
              36.45772982455987
            ],
            [
              10.438484772681702,
              36.45748176501298
            ],
            [
              10.438482452630339,
              36.45735632803094
            ],
            [
              10.438636577552295,
              36.45729173334663
            ],
            [
              10.438710739416319,
              36.45710263971362
            ],
            [
              10.43855197466153,
              36.456916360513894
            ],
            [
              10.438394370599967,
              36.456792799580846
            ],
            [
              10.438313249041196,
              36.456605582023975
            ],
            [
              10.438078004314976,
              36.45648295853778
            ],
            [
              10.43799688385774,
              36.45629574073235
            ],
            [
              10.43783928194189,
              36.456172179006245
            ],
            [
              10.437759321785068,
              36.456047679534954
            ],
            [
              10.437600561500414,
              36.455861398939156
            ],
            [
              10.437602880005251,
              36.45598683600131
            ],
            [
              10.437449915863105,
              36.45611414785942
            ],
            [
              10.437295795494071,
              36.45617874095364
            ],
            [
              10.437065188932282,
              36.45630698956165
            ],
            [
              10.436678139715534,
              36.45637439299703
            ],
            [
              10.436446373181605,
              36.45643992188539
            ],
            [
              10.436214609535737,
              36.45650545029177
            ],
            [
              10.436061638781526,
              36.45663276047184
            ],
            [
              10.4358310320782,
              36.456761006720065
            ],
            [
              10.435602736686212,
              36.4570146897271
            ],
            [
              10.435373282305799,
              36.45720565374115
            ],
            [
              10.435295639810938,
              36.45720658973792
            ],
            [
              10.43490974156466,
              36.457336706146535
            ],
            [
              10.434289760272154,
              36.45740690888521
            ],
            [
              10.433902702911999,
              36.45747430347911
            ],
            [
              10.433669777754654,
              36.45747710842621
            ],
            [
              10.433438005239745,
              36.45754263158756
            ],
            [
              10.433206232321353,
              36.45760815430658
            ],
            [
              10.43297561460154,
              36.45773639522292
            ],
            [
              10.432900282585843,
              36.45786276695309
            ],
            [
              10.432826105825878,
              36.45805185727893
            ],
            [
              10.43267312962481,
              36.45817915791642
            ],
            [
              10.432522466842778,
              36.45843190093282
            ],
            [
              10.432525932663518,
              36.458620056862934
            ],
            [
              10.432451751035492,
              36.45880914700834
            ],
            [
              10.432456371972679,
              36.45906002157232
            ],
            [
              10.432537485533446,
              36.459247237935635
            ],
            [
              10.432696237819135,
              36.45943352532065
            ],
            [
              10.432698548726913,
              36.45955896257745
            ],
            [
              10.432170052982537,
              36.46038084393093
            ],
            [
              10.432097027257669,
              36.46063265245066
            ],
            [
              10.431947509719393,
              36.46094811345837
            ],
            [
              10.431873327938881,
              36.461137203212886
            ],
            [
              10.431801455434151,
              36.46145173018961
            ],
            [
              10.43164847111812,
              36.4615790349433
            ],
            [
              10.431495486302126,
              36.46170633950921
            ],
            [
              10.43118836082878,
              36.46189822943357
            ],
            [
              10.430960035411097,
              36.4621518986952
            ],
            [
              10.430885853454715,
              36.46234098783731
            ],
            [
              10.430730557916679,
              36.46234285416662
            ],
            [
              10.43043035059944,
              36.46291105413932
            ],
            [
              10.430125524827082,
              36.463228378767454
            ],
            [
              10.430132446031152,
              36.463604685397044
            ],
            [
              10.429745357273307,
              36.463672067155045
            ],
            [
              10.429520481402257,
              36.464113895120036
            ],
            [
              10.429610815867797,
              36.46480286800041
            ],
            [
              10.4297080719577,
              36.46586815257235
            ],
            [
              10.429645413109982,
              36.46668442208925
            ],
            [
              10.429275600596668,
              36.46769258223664
            ],
            [
              10.428356437792795,
              36.46839366592913
            ],
            [
              10.427737513543148,
              36.46852655522571
            ],
            [
              10.426964429905977,
              36.46872402174644
            ],
            [
              10.4265019568215,
              36.468917761755456
            ],
            [
              10.42604063188733,
              36.469174218725385
            ],
            [
              10.42565695889499,
              36.46942974402503
            ],
            [
              10.425512002978323,
              36.469996072280225
            ],
            [
              10.425285935702092,
              36.47037516870759
            ],
            [
              10.42482575099874,
              36.47069433987888
            ],
            [
              10.424831498962021,
              36.47100793350073
            ],
            [
              10.424142930783274,
              36.471580765285424
            ],
            [
              10.423066066607577,
              36.47215823024586
            ],
            [
              10.421985744228238,
              36.47254753474815
            ],
            [
              10.42175276947354,
              36.47255031746043
            ],
            [
              10.420820870135566,
              36.472561443763354
            ],
            [
              10.420277265244941,
              36.47256793070829
            ],
            [
              10.420121948589358,
              36.47256978367772
            ],
            [
              10.41996548617387,
              36.47250891760593
            ],
            [
              10.419807878384276,
              36.47238533247819
            ],
            [
              10.419727929133076,
              36.472260820982946
            ],
            [
              10.419496100364324,
              36.47232631812355
            ],
            [
              10.419263129311984,
              36.472329095922035
            ],
            [
              10.41903129992028,
              36.47239459217167
            ],
            [
              10.418797180527164,
              36.472334650233655
            ],
            [
              10.418641864237237,
              36.47233650126675
            ],
            [
              10.418486547933153,
              36.47233835209781
            ],
            [
              10.41833123161491,
              36.472340202726805
            ],
            [
              10.418097116172389,
              36.4722802593598
            ],
            [
              10.417941796651549,
              36.47228210951868
            ],
            [
              10.417788771666201,
              36.47240939719803
            ],
            [
              10.417555796900425,
              36.47241217170819
            ],
            [
              10.417322822102818,
              36.47241494576374
            ],
            [
              10.417167505553397,
              36.47241679488152
            ],
            [
              10.417013332352399,
              36.472481362717716
            ],
            [
              10.416859158890674,
              36.47254593035956
            ],
            [
              10.416628469739928,
              36.47267414092226
            ],
            [
              10.416551957478863,
              36.47273778395129
            ],
            [
              10.416476584746501,
              36.472864145903486
            ],
            [
              10.41648115656604,
              36.47311502162055
            ],
            [
              10.416562244651494,
              36.47330225429268
            ],
            [
              10.416564530728714,
              36.47342769213873
            ],
            [
              10.416410351734134,
              36.47349225927878
            ],
            [
              10.416333838507922,
              36.47355590218086
            ],
            [
              10.416102002839756,
              36.47362139285828
            ],
            [
              10.415791366394403,
              36.473625087798844
            ],
            [
              10.415480728246367,
              36.47362878195073
            ],
            [
              10.415248891589703,
              36.473694270989796
            ],
            [
              10.415094715864319,
              36.47375883640326
            ],
            [
              10.414940538232042,
              36.47382340164192
            ],
            [
              10.414633325243548,
              36.474015245169404
            ],
            [
              10.414323824998927,
              36.474081655336796
            ],
            [
              10.41416850821471,
              36.4740835005844
            ],
            [
              10.413934387123843,
              36.47402354914851
            ],
            [
              10.413700264830474,
              36.47396360258035
            ],
            [
              10.413621465747923,
              36.47390180050817
            ],
            [
              10.413541524714859,
              36.47377729003199
            ],
            [
              10.41338392420822,
              36.473653696276344
            ],
            [
              10.41322860492245,
              36.473655540321325
            ],
            [
              10.413073287268746,
              36.473657384144715
            ],
            [
              10.412762648626687,
              36.47366107122434
            ],
            [
              10.412140234979121,
              36.47360572387973
            ],
            [
              10.411595478414883,
              36.47354945242528
            ],
            [
              10.411207182040275,
              36.47355405630907
            ],
            [
              10.410740085945182,
              36.4734968602469
            ],
            [
              10.410351789689615,
              36.47350146134187
            ],
            [
              10.410117673056149,
              36.47344150230784
            ],
            [
              10.40988469607498,
              36.47344426188992
            ],
            [
              10.409652854890986,
              36.47350974014591
            ],
            [
              10.409419877658907,
              36.47351249882498
            ],
            [
              10.409109237459175,
              36.473516176401986
            ],
            [
              10.40856675975048,
              36.47358532928141
            ],
            [
              10.40817959733764,
              36.473652642481404
            ],
            [
              10.407946617883832,
              36.473655398313056
            ],
            [
              10.407634844352918,
              36.473596352866615
            ],
            [
              10.407399593686351,
              36.47347366929267
            ],
            [
              10.407317391663454,
              36.473223710748684
            ],
            [
              10.407157532670906,
              36.47297467013891
            ],
            [
              10.406999943691858,
              36.47285106767804
            ],
            [
              10.406843490394767,
              36.47279018418817
            ],
            [
              10.406685903930276,
              36.47266658127039
            ],
            [
              10.406372997145043,
              36.47254481324491
            ],
            [
              10.406135484169424,
              36.47229669391484
            ],
            [
              10.405896836587429,
              36.47198584954665
            ],
            [
              10.405815777046467,
              36.47179860897926
            ],
            [
              10.40573925325636,
              36.47186224529436
            ],
            [
              10.405666130203988,
              36.4721140339619
            ],
            [
              10.40559414425257,
              36.4724285470917
            ],
            [
              10.405442229016243,
              36.4726185386442
            ],
            [
              10.405290314693218,
              36.472808529993955
            ],
            [
              10.405216055604948,
              36.47299760448079
            ],
            [
              10.404909954741182,
              36.47325214799547
            ],
            [
              10.404756902735814,
              36.47337941948027
            ],
            [
              10.404758036264221,
              36.4734421387221
            ],
            [
              10.404843632860242,
              36.473880256880996
            ],
            [
              10.40484590000559,
              36.47400569003265
            ],
            [
              10.404770505211792,
              36.474132045020475
            ],
            [
              10.404619718197651,
              36.47438475482243
            ],
            [
              10.404545457734972,
              36.4745738288916
            ],
            [
              10.404472331926613,
              36.47482562213205
            ],
            [
              10.404398069071291,
              36.475014696132156
            ],
            [
              10.404247280862661,
              36.47526740547071
            ],
            [
              10.404022228958349,
              36.47570918838882
            ],
            [
              10.403640715174028,
              36.47609007804076
            ],
            [
              10.403566450821845,
              36.47627915153454
            ],
            [
              10.403415655916632,
              36.47653185990056
            ],
            [
              10.403498981995922,
              36.47684454043375
            ],
            [
              10.403424716636968,
              36.47703361383906
            ],
            [
              10.403349320026745,
              36.47715996794079
            ],
            [
              10.403196257926949,
              36.47728723756351
            ],
            [
              10.403120859062524,
              36.47741359154835
            ],
            [
              10.40304545995841,
              36.47753994548821
            ],
            [
              10.402970060614605,
              36.47766629938312
            ],
            [
              10.402894662677376,
              36.47779265321363
            ],
            [
              10.402819261207924,
              36.477919007038
            ],
            [
              10.402901455893694,
              36.47816896336
            ],
            [
              10.402829450627658,
              36.47848347491253
            ],
            [
              10.402757446466373,
              36.47879798639865
            ],
            [
              10.402607776318,
              36.47911341304038
            ],
            [
              10.402379309009973,
              36.479367035303625
            ],
            [
              10.402151970264788,
              36.47968337641656
            ],
            [
              10.401692763501604,
              36.48006517506664
            ],
            [
              10.401539692239712,
              36.48019244269502
            ],
            [
              10.401465419975116,
              36.48038151493939
            ],
            [
              10.401390017076999,
              36.48050786787246
            ],
            [
              10.401238075451051,
              36.480697854392716
            ],
            [
              10.401007336653683,
              36.480826035645634
            ],
            [
              10.400933062530243,
              36.48101510757996
            ],
            [
              10.400857655706705,
              36.48114146022439
            ],
            [
              10.400782250289755,
              36.48126781280449
            ],
            [
              10.400630305730923,
              36.48145779859105
            ],
            [
              10.400476102898955,
              36.481522345613776
            ],
            [
              10.400478363731537,
              36.48164778415544
            ],
            [
              10.400558291925732,
              36.481772308828965
            ],
            [
              10.400560552911381,
              36.48189774736096
            ],
            [
              10.400484015874133,
              36.48196138049752
            ],
            [
              10.400255531803923,
              36.482214998924334
            ],
            [
              10.399872839180158,
              36.482533157924536
            ],
            [
              10.399722020670925,
              36.48278586188373
            ],
            [
              10.399725410257762,
              36.482974019715996
            ],
            [
              10.399804210407193,
              36.48303582557111
            ],
            [
              10.400116016739378,
              36.48309489070517
            ],
            [
              10.40027135574003,
              36.483093063322656
            ],
            [
              10.400428953962455,
              36.48321667426867
            ],
            [
              10.400431214858557,
              36.48334211277719
            ],
            [
              10.399889789095994,
              36.48347394700293
            ],
            [
              10.39958250048234,
              36.48366575840745
            ],
            [
              10.399276337320071,
              36.48392028303873
            ],
            [
              10.39873490553071,
              36.48405211745485
            ],
            [
              10.398118056680623,
              36.484310295152795
            ],
            [
              10.397968357563819,
              36.484625711007205
            ],
            [
              10.397819787424226,
              36.48500385128686
            ],
            [
              10.397824301112196,
              36.48525472850578
            ],
            [
              10.400767901584011,
              36.484780994100745
            ],
            [
              10.402393329904593,
              36.48444819095608
            ],
            [
              10.40558008995487,
              36.4845360655541
            ],
            [
              10.406825089688233,
              36.484646821611605
            ],
            [
              10.40737219371361,
              36.48482855124384
            ],
            [
              10.407761681760805,
              36.484886677687015
            ],
            [
              10.40869941987339,
              36.48518924524657
            ],
            [
              10.410582883618194,
              36.486233390452064
            ],
            [
              10.412227676904688,
              36.48696666992804
            ],
            [
              10.413168877574222,
              36.487457357975195
            ],
            [
              10.417374671766863,
              36.48803466611151
            ],
            [
              10.420417700817769,
              36.488751177460735
            ],
            [
              10.420729545708852,
              36.48881018779456
            ],
            [
              10.423071262439095,
              36.48940953548488
            ],
            [
              10.425336489024277,
              36.49007247977419
            ],
            [
              10.42745562434398,
              36.49123899621762
            ],
            [
              10.429027612786918,
              36.49222384285189
            ],
            [
              10.430444290296451,
              36.493210540274866
            ],
            [
              10.432691011515558,
              36.497072900828805
            ],
            [
              10.438859265237298,
              36.498692248697814
            ],
            [
              10.443709453102773,
              36.50045273514896
            ],
            [
              10.452087426615142,
              36.50386378690972
            ],
            [
              10.454673464213748,
              36.50502411123567
            ],
            [
              10.455770525421821,
              36.505512546099645
            ],
            [
              10.4591335815238,
              36.50666326452951
            ],
            [
              10.463050028103515,
              36.50830893382653
            ],
            [
              10.469704926031948,
              36.51092438566749
            ],
            [
              10.471261194732,
              36.511030618492256
            ],
            [
              10.474377323176698,
              36.511431173594886
            ],
            [
              10.476704593625936,
              36.511214121965345
            ],
            [
              10.47910954418414,
              36.51099605954169
            ]
          ]
        ],
        "type": "Polygon"
      }
    },
    {
      "type": "Feature",
      "id": "osm:relation:7104926",
      "properties": {
        "sourceId": "isie-local-sectors-2023-hammamet-nine",
        "officialCode": "156653",
        "delegationCode": "1566",
        "governorateCode": "15",
        "nameAr": "بئر بورقبة",
        "nameFr": "Bir bou regba",
        "sourcePdfURL": "https://www.isie.tn/wp-content/uploads/2023/CartesCirconscriptionsElectoralesLocales2023/%D9%86%D8%A7%D8%A8%D9%84%202/%D8%A7%D9%84%D8%AD%D9%85%D8%A7%D9%85%D8%A7%D8%AA/%D8%A8%D8%A6%D8%B1%20%D8%A8%D9%88%D8%B1%D9%82%D8%A8%D8%A9.pdf",
        "sourcePdfSha256": "6126b3ab3e290e1d2f3b5da75aafbfa6217a34e63383b2e105a488578f91d518",
        "sourceDrawingDetails": {
          "drawingIndex": 567,
          "layer": "circonscription_isie2023",
          "pdfSha256": "6126b3ab3e290e1d2f3b5da75aafbfa6217a34e63383b2e105a488578f91d518",
          "segmentCount": 579,
          "seqno": 575,
          "sourceOrigin": "frontier8-native-map-inspection",
          "sourceRingCompleteness": {
            "activeClipCount": 2,
            "activeClipOutsideAreasPoints2": [
              0.0,
              0.0
            ],
            "explicitlyClosed": true,
            "isValid": true,
            "viewportCoversCompleteRing": true
          },
          "sourceRingVertexCount": 580,
          "vertexCount": 580
        },
        "sourceGeometrySha256": "72fb8952d622e250cfc4dfb0b71cccaf96a3b57b3963c7c6ff1f4d2538e12b5c"
      },
      "geometry": {
        "coordinates": [
          [
            [
              10.59036722888953,
              36.469757767946646
            ],
            [
              10.590564745263805,
              36.46959288376895
            ],
            [
              10.590767798781684,
              36.46969834768843
            ],
            [
              10.590969744982548,
              36.469749736073055
            ],
            [
              10.59150642287418,
              36.469796669237404
            ],
            [
              10.592170342167348,
              36.469517385545544
            ],
            [
              10.593571763195145,
              36.469282336615706
            ],
            [
              10.59424011035822,
              36.4692193237385
            ],
            [
              10.594578163681517,
              36.469377062732654
            ],
            [
              10.594978727783309,
              36.4693176238742
            ],
            [
              10.595514293425612,
              36.469310463960696
            ],
            [
              10.595919301091559,
              36.46946730384142
            ],
            [
              10.596049858878825,
              36.469303301645056
            ],
            [
              10.596570972991904,
              36.46859322106871
            ],
            [
              10.59742234553871,
              36.46766238083038
            ],
            [
              10.597813998929395,
              36.46717036921879
            ],
            [
              10.597878717792394,
              36.46706133194993
            ],
            [
              10.598071760745869,
              36.466680149516385
            ],
            [
              10.59846563099086,
              36.46629628135107
            ],
            [
              10.598926439939413,
              36.46591151041106
            ],
            [
              10.599773300727799,
              36.46476436817925
            ],
            [
              10.600423777163458,
              36.46383619991259
            ],
            [
              10.600558772995331,
              36.4638884746732
            ],
            [
              10.600895706136287,
              36.46399212569419
            ],
            [
              10.60157068982603,
              36.4642534905881
            ],
            [
              10.60224679351162,
              36.46456893104667
            ],
            [
              10.60265177739941,
              36.46472574403263
            ],
            [
              10.603055658365724,
              36.46482848971352
            ],
            [
              10.60332454086062,
              36.46487896262252
            ],
            [
              10.603592307348244,
              36.4648753646147
            ],
            [
              10.604464781984136,
              36.46497180749955
            ],
            [
              10.605403082670849,
              36.46501327311729
            ],
            [
              10.605805850543932,
              36.465061939110385
            ],
            [
              10.606007793659993,
              36.465113306710116
            ],
            [
              10.606545564283433,
              36.46521423845679
            ],
            [
              10.607953569044048,
              36.46530344464838
            ],
            [
              10.608357459355586,
              36.46540617212209
            ],
            [
              10.608760230740112,
              36.465454828040954
            ],
            [
              10.609030238761203,
              36.465559358093174
            ],
            [
              10.609300247489724,
              36.46566388751451
            ],
            [
              10.609636078546249,
              36.46571344320376
            ],
            [
              10.60990496782484,
              36.46576390109178
            ],
            [
              10.61010691522191,
              36.465815261634226
            ],
            [
              10.61030886287383,
              36.46586662182776
            ],
            [
              10.610178341124291,
              36.46603063425204
            ],
            [
              10.609917296187914,
              36.46635866786607
            ],
            [
              10.609853715733179,
              36.46652178136783
            ],
            [
              10.60998760137851,
              36.46651997504526
            ],
            [
              10.610121487011916,
              36.46651816857257
            ],
            [
              10.610323436514141,
              36.466569528690144
            ],
            [
              10.610457322210634,
              36.46656772183862
            ],
            [
              10.610661514671095,
              36.46672722157431
            ],
            [
              10.610930408054378,
              36.466777677039275
            ],
            [
              10.611335431429252,
              36.46693446420013
            ],
            [
              10.611605447896782,
              36.467038988185344
            ],
            [
              10.61194239701172,
              36.46714260740325
            ],
            [
              10.61201158484695,
              36.46724984319037
            ],
            [
              10.612214659811835,
              36.46735527007447
            ],
            [
              10.612347424221975,
              36.467299391021065
            ],
            [
              10.612547131795472,
              36.46724260719313
            ],
            [
              10.612746839066377,
              36.46718582303755
            ],
            [
              10.61301461224734,
              36.46718220369497
            ],
            [
              10.613080432520322,
              36.46712722873649
            ],
            [
              10.613281262226373,
              36.46712451372824
            ],
            [
              10.613415148682133,
              36.467122703535075
            ],
            [
              10.61354791178899,
              36.46706682317473
            ],
            [
              10.613746494349304,
              36.466955967358636
            ],
            [
              10.613812313904624,
              36.46690099201191
            ],
            [
              10.613877009812798,
              36.4667919466199
            ],
            [
              10.614008648372042,
              36.46668199575653
            ],
            [
              10.614139162834608,
              36.46651797474887
            ],
            [
              10.614204981745637,
              36.46646299919771
            ],
            [
              10.61433549543654,
              36.46629897798888
            ],
            [
              10.614532950924522,
              36.46613405092526
            ],
            [
              10.614731529784946,
              36.466023198129704
            ],
            [
              10.614998174311266,
              36.46596549986167
            ],
            [
              10.615129809885921,
              36.465855547820546
            ],
            [
              10.61526144518432,
              36.46574560022442
            ],
            [
              10.615460021895448,
              36.465634741676695
            ],
            [
              10.615591656256536,
              36.4655247891502
            ],
            [
              10.615722165469078,
              36.46536076651123
            ],
            [
              10.61592074053367,
              36.46524990723043
            ],
            [
              10.616054612239964,
              36.46524809430972
            ],
            [
              10.616188495286083,
              36.4652462810852
            ],
            [
              10.616322378320234,
              36.46524446771057
            ],
            [
              10.616456272694204,
              36.46524265403205
            ],
            [
              10.616523202849015,
              36.465241747367166
            ],
            [
              10.617388938463826,
              36.46501367558028
            ],
            [
              10.617522821018637,
              36.46501186086895
            ],
            [
              10.61759088835104,
              36.46506502338476
            ],
            [
              10.617656703561472,
              36.46501004600751
            ],
            [
              10.617855274871713,
              36.46489918359103
            ],
            [
              10.619383648095177,
              36.46433760513591
            ],
            [
              10.619648028232072,
              36.46417176150626
            ],
            [
              10.620242597425513,
              36.46378509381675
            ],
            [
              10.620506962475996,
              36.46361924851532
            ],
            [
              10.620639725660503,
              36.46356336035237
            ],
            [
              10.620703269758545,
              36.46340024180171
            ],
            [
              10.620967643863997,
              36.46323439537202
            ],
            [
              10.621166205813743,
              36.46312352764317
            ],
            [
              10.621232016833885,
              36.46306854838013
            ],
            [
              10.621432835263388,
              36.463065819914846
            ],
            [
              10.621566714201384,
              36.46306400075037
            ],
            [
              10.621564456728377,
              36.462955861070895
            ],
            [
              10.6216280097737,
              36.46279274191821
            ],
            [
              10.621692691374276,
              36.46268369257358
            ],
            [
              10.621892379816321,
              36.46262689352363
            ],
            [
              10.62235869485522,
              36.462512388990795
            ],
            [
              10.622558382238124,
              36.462455584264596
            ],
            [
              10.622557252932314,
              36.462401519029164
            ],
            [
              10.622690001162246,
              36.46234562881645
            ],
            [
              10.622755810437132,
              36.46229064874921
            ],
            [
              10.6227546809053,
              36.4622365789346
            ],
            [
              10.622953237704545,
              36.462125708340636
            ],
            [
              10.62308485541845,
              36.46201574789592
            ],
            [
              10.62328341117504,
              36.46190487677428
            ],
            [
              10.623348089731783,
              36.46179582659287
            ],
            [
              10.623413898077935,
              36.46174084618096
            ],
            [
              10.623479706331215,
              36.46168586573456
            ],
            [
              10.623613582761024,
              36.46168404433307
            ],
            [
              10.623746328983499,
              36.46162815298799
            ],
            [
              10.62381100666698,
              36.46151910257271
            ],
            [
              10.62394375246251,
              36.46146321101704
            ],
            [
              10.624142305561563,
              36.46135233852182
            ],
            [
              10.624208112966976,
              36.461297357691244
            ],
            [
              10.624272789736791,
              36.461188307042846
            ],
            [
              10.623731636718336,
              36.46092524562498
            ],
            [
              10.623196136175979,
              36.460932530730446
            ],
            [
              10.622532406859374,
              36.46121198289255
            ],
            [
              10.622000290927623,
              36.46138147219746
            ],
            [
              10.621532853464286,
              36.46144190992249
            ],
            [
              10.620869113548352,
              36.461721353065094
            ],
            [
              10.620201996876576,
              36.461838582808554
            ],
            [
              10.61939760798296,
              36.46179541613728
            ],
            [
              10.618790654804851,
              36.461587310299585
            ],
            [
              10.618249516537503,
              36.46132422363702
            ],
            [
              10.617512071618684,
              36.461280136348286
            ],
            [
              10.616905127281434,
              36.46107202525723
            ],
            [
              10.61736356097042,
              36.46057904584961
            ],
            [
              10.617548611638552,
              36.459819344435466
            ],
            [
              10.617065422756607,
              36.459122784698785
            ],
            [
              10.617191416556233,
              36.4587424852276
            ],
            [
              10.61718466346324,
              36.45841806524468
            ],
            [
              10.616508556934852,
              36.45810271389269
            ],
            [
              10.616241940273754,
              36.4581604103286
            ],
            [
              10.615969711290635,
              36.45794775585348
            ],
            [
              10.615763283030203,
              36.45768012458987
            ],
            [
              10.615562477924465,
              36.45768284317244
            ],
            [
              10.615232299184841,
              36.45790365361946
            ],
            [
              10.615029245474577,
              36.45779823120015
            ],
            [
              10.614890879611709,
              36.45758376254164
            ],
            [
              10.614622016083189,
              36.45753331978628
            ],
            [
              10.614353152690787,
              36.45748286724996
            ],
            [
              10.613951543190083,
              36.45748829930769
            ],
            [
              10.613680434457004,
              36.45732971420791
            ],
            [
              10.613341269262863,
              36.45711795866547
            ],
            [
              10.613269843702543,
              36.45690258306309
            ],
            [
              10.613131484294815,
              36.456688112172934
            ],
            [
              10.612862624775449,
              36.456637660756996
            ],
            [
              10.612525709188342,
              36.45653404301722
            ],
            [
              10.612321540562341,
              36.45637454564117
            ],
            [
              10.612114007089353,
              36.45605283742648
            ],
            [
              10.612042585985641,
              36.45583746094372
            ],
            [
              10.611701188651153,
              36.45551756466306
            ],
            [
              10.61149366011972,
              36.45519585520438
            ],
            [
              10.611081983005596,
              36.45471464546095
            ],
            [
              10.610740594517518,
              36.45439474157032
            ],
            [
              10.610204014939619,
              36.45434789706199
            ],
            [
              10.610000977169735,
              36.45424246562469
            ],
            [
              10.609727647298614,
              36.453975725926234
            ],
            [
              10.609389627387172,
              36.45381803323419
            ],
            [
              10.60898355730787,
              36.453607167085444
            ],
            [
              10.60838117139694,
              36.45361528682699
            ],
            [
              10.608111206226882,
              36.45351075405636
            ],
            [
              10.607971748283743,
              36.45324220627333
            ],
            [
              10.607572396633646,
              36.453355756924466
            ],
            [
              10.60703919172731,
              36.45347110872613
            ],
            [
              10.606359814504732,
              36.45299348653537
            ],
            [
              10.606416685581374,
              36.452505952605364
            ],
            [
              10.606009512648516,
              36.45224100557211
            ],
            [
              10.60560569418749,
              36.45213827274738
            ],
            [
              10.605196292046681,
              36.45176518205886
            ],
            [
              10.60504902981567,
              36.451118137761696
            ],
            [
              10.604578288611595,
              36.45101629676523
            ],
            [
              10.604373034343114,
              36.45080271447669
            ],
            [
              10.604161084447142,
              36.45026471387482
            ],
            [
              10.603618957499549,
              36.449947486764295
            ],
            [
              10.603083527111938,
              36.44995467978013
            ],
            [
              10.602879394978318,
              36.4497951651711
            ],
            [
              10.60267080339521,
              36.44941936832521
            ],
            [
              10.602130929080108,
              36.44921027950208
            ],
            [
              10.601518546881593,
              36.44873172931691
            ],
            [
              10.601510747290115,
              36.44835323577953
            ],
            [
              10.601171653906173,
              36.448141443549524
            ],
            [
              10.601100270906453,
              36.44792605931413
            ],
            [
              10.600758953162854,
              36.447606124762814
            ],
            [
              10.600553718463148,
              36.447392535305774
            ],
            [
              10.600481224469101,
              36.4471230800702
            ],
            [
              10.600475657337348,
              36.44685273191883
            ],
            [
              10.600205725890337,
              36.446748180305065
            ],
            [
              10.60020015969608,
              36.446477827517214
            ],
            [
              10.600127667888248,
              36.44620837197587
            ],
            [
              10.600055176615601,
              36.445938916366394
            ],
            [
              10.59991909966304,
              36.44583256953704
            ],
            [
              10.599713872069598,
              36.44561897840213
            ],
            [
              10.599710533599684,
              36.44545677124421
            ],
            [
              10.599707195062107,
              36.445294559498585
            ],
            [
              10.59950196950946,
              36.445080967931354
            ],
            [
              10.599363669654357,
              36.44486647921054
            ],
            [
              10.59929118243176,
              36.44459702298258
            ],
            [
              10.599285619846352,
              36.44432666997613
            ],
            [
              10.599278944935916,
              36.44400225093427
            ],
            [
              10.599274494992008,
              36.443785968507264
            ],
            [
              10.599202009222674,
              36.443516512145756
            ],
            [
              10.59945746435976,
              36.44291814849743
            ],
            [
              10.599313606391583,
              36.44243330646378
            ],
            [
              10.599039242925473,
              36.442112469217754
            ],
            [
              10.598639939250665,
              36.442225989011625
            ],
            [
              10.598436948615301,
              36.442120536522644
            ],
            [
              10.598429165867412,
              36.44174204199456
            ],
            [
              10.598420271570253,
              36.441309481371455
            ],
            [
              10.5978035301497,
              36.440614631323605
            ],
            [
              10.597328417362776,
              36.440296477010264
            ],
            [
              10.596784166793368,
              36.4398710745314
            ],
            [
              10.595497149482043,
              36.43913108667131
            ],
            [
              10.594618319865942,
              36.43871014575552
            ],
            [
              10.594275961063913,
              36.43833611974859
            ],
            [
              10.59406633465797,
              36.43790623917523
            ],
            [
              10.59385449938837,
              36.43736821645394
            ],
            [
              10.593779822258952,
              36.436990614284746
            ],
            [
              10.593770955207447,
              36.436558047751994
            ],
            [
              10.59469337878901,
              36.43584261514245
            ],
            [
              10.594687833922924,
              36.43557226113171
            ],
            [
              10.594547347263788,
              36.43524962414125
            ],
            [
              10.594475995588432,
              36.435034234753296
            ],
            [
              10.59420278752137,
              36.43476746027644
            ],
            [
              10.593999822327772,
              36.434661994903244
            ],
            [
              10.59379686353762,
              36.43455653825989
            ],
            [
              10.593528091829825,
              36.43450604090509
            ],
            [
              10.593259320448853,
              36.43445554293596
            ],
            [
              10.59292031053403,
              36.43424372474186
            ],
            [
              10.592783156458792,
              36.43408329796633
            ],
            [
              10.592710703379037,
              36.433813841048654
            ],
            [
              10.592704058291243,
              36.433489415810236
            ],
            [
              10.59263382091411,
              36.43332809597228
            ],
            [
              10.592498883802842,
              36.43327581055464
            ],
            [
              10.592231224443145,
              36.43327938102596
            ],
            [
              10.592097394745627,
              36.43328116603671
            ],
            [
              10.591956923186233,
              36.43295852551216
            ],
            [
              10.591816452834166,
              36.4326358847769
            ],
            [
              10.591399480816634,
              36.43188424492946
            ],
            [
              10.591120762824884,
              36.43134710807111
            ],
            [
              10.590700481218109,
              36.43043325709813
            ],
            [
              10.590490897109367,
              36.43000336410608
            ],
            [
              10.590483156369075,
              36.4296248673418
            ],
            [
              10.590474309985407,
              36.42919229958
            ],
            [
              10.590464358029028,
              36.42870566080821
            ],
            [
              10.590386390157407,
              36.428165847016075
            ],
            [
              10.590308423410812,
              36.42762602851639
            ],
            [
              10.590097744126393,
              36.427142063402115
            ],
            [
              10.589555836564752,
              36.426824770437065
            ],
            [
              10.589419813528622,
              36.426718410059394
            ],
            [
              10.589215765486955,
              36.42655886937049
            ],
            [
              10.589079743378056,
              36.426452508577874
            ],
            [
              10.589011723952973,
              36.42639932823259
            ],
            [
              10.588941506752322,
              36.42623800561702
            ],
            [
              10.588870179632531,
              36.42602261198135
            ],
            [
              10.5888668660071,
              36.42586039884932
            ],
            [
              10.588926042579716,
              36.42548101101445
            ],
            [
              10.5890554404956,
              36.42526294570796
            ],
            [
              10.589117924152289,
              36.425045770991275
            ],
            [
              10.589113505460988,
              36.42482948680477
            ],
            [
              10.589110191473397,
              36.42466727365942
            ],
            [
              10.588971958209616,
              36.4244527751795
            ],
            [
              10.588833731302184,
              36.42423827185481
            ],
            [
              10.588562789710162,
              36.424079620149016
            ],
            [
              10.588358756151655,
              36.42392007763892
            ],
            [
              10.588288537041286,
              36.423758754562186
            ],
            [
              10.588419038316346,
              36.42359476557312
            ],
            [
              10.588617549736362,
              36.423483952648354
            ],
            [
              10.588882966946352,
              36.42337224438184
            ],
            [
              10.589014570863666,
              36.42326232584384
            ],
            [
              10.589146168643655,
              36.423152402660335
            ],
            [
              10.589207557265361,
              36.422881156656224
            ],
            [
              10.589267829464434,
              36.42255583970622
            ],
            [
              10.589331426702724,
              36.42239273576448
            ],
            [
              10.589660424261837,
              36.4221179266392
            ],
            [
              10.590057435482048,
              36.42189629656013
            ],
            [
              10.590122130135686,
              36.42178726335862
            ],
            [
              10.590116603953328,
              36.421516908108316
            ],
            [
              10.590247097637794,
              36.42135291266446
            ],
            [
              10.590902875242364,
              36.42069515114194
            ],
            [
              10.59136234979655,
              36.42025634591508
            ],
            [
              10.591686911912648,
              36.41976524731875
            ],
            [
              10.591815186779272,
              36.41949310821579
            ],
            [
              10.591876557987023,
              36.419221861053295
            ],
            [
              10.591874345279331,
              36.41911371900049
            ],
            [
              10.591740539868136,
              36.41911550301763
            ],
            [
              10.591072624104523,
              36.41917849182746
            ],
            [
              10.590137089986625,
              36.419245041602345
            ],
            [
              10.589869478475919,
              36.41924860560436
            ],
            [
              10.58947027050445,
              36.41936209266025
            ],
            [
              10.589072165750327,
              36.41952964950439
            ],
            [
              10.587553259031404,
              36.42052339646797
            ],
            [
              10.586431332323981,
              36.4212955066746
            ],
            [
              10.585110864905626,
              36.42217841891535
            ],
            [
              10.584450625587344,
              36.42261986970907
            ],
            [
              10.582133115689155,
              36.42384048809124
            ],
            [
              10.580941975537309,
              36.42450529759524
            ],
            [
              10.58073795594325,
              36.42434574171344
            ],
            [
              10.579916394797053,
              36.42343716253684
            ],
            [
              10.579511665767566,
              36.42328026046673
            ],
            [
              10.578768010147153,
              36.422911496127334
            ],
            [
              10.57863310004806,
              36.422859194276114
            ],
            [
              10.578431283819963,
              36.42280777687717
            ],
            [
              10.578429089467155,
              36.422699634184625
            ],
            [
              10.57842689512603,
              36.42259149148998
            ],
            [
              10.57888426313162,
              36.42204458510167
            ],
            [
              10.57894897375531,
              36.4219355575748
            ],
            [
              10.578947876253382,
              36.42188148623438
            ],
            [
              10.577994746674305,
              36.421082804667485
            ],
            [
              10.577925648314471,
              36.4209755462091
            ],
            [
              10.577989262672054,
              36.420812447796976
            ],
            [
              10.578047392657739,
              36.420378992470575
            ],
            [
              10.578163651049406,
              36.419512086272164
            ],
            [
              10.578152682574451,
              36.41897137241974
            ],
            [
              10.57806823133686,
              36.41810711445643
            ],
            [
              10.578052877451418,
              36.41735012400136
            ],
            [
              10.57797391281019,
              36.41675622274093
            ],
            [
              10.577897142628702,
              36.41627046418104
            ],
            [
              10.577732641588247,
              36.414758232384564
            ],
            [
              10.577647110880497,
              36.413839910955346
            ],
            [
              10.577638340753957,
              36.41340733935802
            ],
            [
              10.577493582739505,
              36.41286839260773
            ],
            [
              10.577279737579659,
              36.412222186391595
            ],
            [
              10.577071375107353,
              36.41184633704852
            ],
            [
              10.576725934796231,
              36.411310039667335
            ],
            [
              10.575875989354905,
              36.41229480788368
            ],
            [
              10.575608399840798,
              36.41229833934807
            ],
            [
              10.575405518352492,
              36.41219284451216
            ],
            [
              10.575202637405589,
              36.412087349316245
            ],
            [
              10.575068848638905,
              36.41208911428551
            ],
            [
              10.57493505418844,
              36.41209087917977
            ],
            [
              10.574735456681426,
              36.412147597779345
            ],
            [
              10.574340636466227,
              36.4124773201854
            ],
            [
              10.573944719245928,
              36.41275296979546
            ],
            [
              10.573614603839793,
              36.41297366491654
            ],
            [
              10.573151788902644,
              36.41325019359861
            ],
            [
              10.572888561923854,
              36.41347000541626
            ],
            [
              10.572693336317755,
              36.41374300694237
            ],
            [
              10.572562817133633,
              36.413906983984184
            ],
            [
              10.572230507658285,
              36.414019523116615
            ],
            [
              10.571832390562582,
              36.41418702283944
            ],
            [
              10.571501171185938,
              36.41435364992343
            ],
            [
              10.571236849433555,
              36.41451937741621
            ],
            [
              10.57097362409269,
              36.41473918505151
            ],
            [
              10.570776199859802,
              36.414904040471484
            ],
            [
              10.570515149025407,
              36.41523199045707
            ],
            [
              10.569799975391213,
              36.416269029234456
            ],
            [
              10.569606908093727,
              36.41665016935586
            ],
            [
              10.569408385513718,
              36.41676095101654
            ],
            [
              10.569209862363143,
              36.41687173235868
            ],
            [
              10.568944437027206,
              36.416983392555906
            ],
            [
              10.568677926398095,
              36.41704098045314
            ],
            [
              10.568277606212224,
              36.41710032548102
            ],
            [
              10.56801108896632,
              36.417157911984276
            ],
            [
              10.567610767592866,
              36.41721725480127
            ],
            [
              10.567411151318788,
              36.41727396155293
            ],
            [
              10.567900168216218,
              36.41829516500216
            ],
            [
              10.565475352174177,
              36.41751570340326
            ],
            [
              10.56679548925498,
              36.41993224620102
            ],
            [
              10.565933358733513,
              36.42032215897781
            ],
            [
              10.56540465025758,
              36.420653603721874
            ],
            [
              10.5651435580363,
              36.420981542666624
            ],
            [
              10.564428261752198,
              36.42201854671411
            ],
            [
              10.563583486152899,
              36.42327359080512
            ],
            [
              10.563320204290042,
              36.42349338256084
            ],
            [
              10.562864889530992,
              36.42414837091592
            ],
            [
              10.562735419022065,
              36.42436640959432
            ],
            [
              10.562539039465182,
              36.42458532388334
            ],
            [
              10.562207755727822,
              36.42475191727797
            ],
            [
              10.561682264191768,
              36.42524556617426
            ],
            [
              10.561355317472163,
              36.4256284397594
            ],
            [
              10.560775920234974,
              36.42677182121011
            ],
            [
              10.560710095008764,
              36.42682676774031
            ],
            [
              10.559916931485462,
              36.427323908053886
            ],
            [
              10.559720542277159,
              36.4275428133134
            ],
            [
              10.559523062130415,
              36.42770765113422
            ],
            [
              10.559391408235614,
              36.427817542841964
            ],
            [
              10.558861537475309,
              36.42809489287655
            ],
            [
              10.558398574617984,
              36.42837136717552
            ],
            [
              10.557801784397943,
              36.42864958153957
            ],
            [
              10.557338814407071,
              36.428926051872224
            ],
            [
              10.555813900694629,
              36.42964905287805
            ],
            [
              10.555279684458393,
              36.42971009994975
            ],
            [
              10.555214934197357,
              36.42981911545889
            ],
            [
              10.554683953543922,
              36.43004237564887
            ],
            [
              10.55433966034048,
              36.42956008518771
            ],
            [
              10.553939263518709,
              36.42961938380976
            ],
            [
              10.553605779038177,
              36.42967781030039
            ],
            [
              10.551350160353417,
              36.43068069206845
            ],
            [
              10.55048890390877,
              36.431124564783055
            ],
            [
              10.550291394876552,
              36.43128938791748
            ],
            [
              10.549630873116161,
              36.431730652062335
            ],
            [
              10.54730929931605,
              36.432788395896004
            ],
            [
              10.54697794724397,
              36.43295494840628
            ],
            [
              10.54684519087685,
              36.43301075474714
            ],
            [
              10.545109675636477,
              36.43324957504961
            ],
            [
              10.541800319198233,
              36.43513128447937
            ],
            [
              10.543179457192743,
              36.43716872729693
            ],
            [
              10.543318666533244,
              36.43743735752842
            ],
            [
              10.543457874024543,
              36.43770598759965
            ],
            [
              10.543596005956678,
              36.437920540819974
            ],
            [
              10.543666147349033,
              36.438081891738605
            ],
            [
              10.543873351834112,
              36.438403727893736
            ],
            [
              10.544358984063052,
              36.43926281686952
            ],
            [
              10.54519320835947,
              36.44082051360209
            ],
            [
              10.545400426753659,
              36.44114234663904
            ],
            [
              10.545743644030177,
              36.44157058548464
            ],
            [
              10.546297314723818,
              36.44248287509862
            ],
            [
              10.546300541656022,
              36.44264508650521
            ],
            [
              10.54650669385037,
              36.44291284531148
            ],
            [
              10.54671284748263,
              36.443180603716186
            ],
            [
              10.547814867430661,
              36.44473480506945
            ],
            [
              10.548705375142589,
              36.44575088577838
            ],
            [
              10.549048628729857,
              36.44617911849969
            ],
            [
              10.549185719642788,
              36.44633959684895
            ],
            [
              10.549955348203586,
              36.4480062622264
            ],
            [
              10.554730137866851,
              36.45243326843656
            ],
            [
              10.557188464392343,
              36.45483506882679
            ],
            [
              10.557463789684663,
              36.4552100763297
            ],
            [
              10.557808221134808,
              36.45569235258887
            ],
            [
              10.558081378105362,
              36.455959215395104
            ],
            [
              10.561494884630248,
              36.46256712171467
            ],
            [
              10.561628766613154,
              36.462565369803855
            ],
            [
              10.561696794750407,
              36.462618565211294
            ],
            [
              10.561831764054778,
              36.46267088448705
            ],
            [
              10.56196564619455,
              36.462669132194094
            ],
            [
              10.562099528322753,
              36.46266737975102
            ],
            [
              10.562301439067307,
              36.462718822207584
            ],
            [
              10.562435321259478,
              36.46271706938581
            ],
            [
              10.56256920344008,
              36.46271531641392
            ],
            [
              10.562703079933252,
              36.462713563366265
            ],
            [
              10.562838050039105,
              36.46276588148249
            ],
            [
              10.56297193227788,
              36.46276412805685
            ],
            [
              10.563038873392928,
              36.46276325128774
            ],
            [
              10.563238608493641,
              36.46270654937726
            ],
            [
              10.563506372704381,
              36.46270304148212
            ],
            [
              10.563839989260499,
              36.46264458440586
            ],
            [
              10.564242724045085,
              36.46269339167458
            ],
            [
              10.564576339931047,
              36.462634932553314
            ],
            [
              10.564977979927784,
              36.462629666067066
            ],
            [
              10.565178802724962,
              36.462627032280125
            ],
            [
              10.565311594914197,
              36.46257120490895
            ],
            [
              10.565646299257,
              36.462566814146875
            ],
            [
              10.565780180973832,
              36.46256505757937
            ],
            [
              10.565981003527341,
              36.46256242244667
            ],
            [
              10.566248766891427,
              36.46255890841103
            ],
            [
              10.566515439714951,
              36.46250132247991
            ],
            [
              10.566715171402837,
              36.462444614823625
            ],
            [
              10.567114633873004,
              36.462331198527345
            ],
            [
              10.56744933689543,
              36.462326802733806
            ],
            [
              10.567408577471824,
              36.46362538789594
            ],
            [
              10.567430401110586,
              36.46470680844851
            ],
            [
              10.567446769671772,
              36.465517877163975
            ],
            [
              10.567523540555559,
              36.46600363891144
            ],
            [
              10.567679251368173,
              36.4670833001631
            ],
            [
              10.567829514683629,
              36.46789260937217
            ],
            [
              10.568115857156101,
              36.46880829658365
            ],
            [
              10.568687471206863,
              36.47058560146749
            ],
            [
              10.569184514468574,
              36.47198528495935
            ],
            [
              10.569830781853785,
              36.47414019959323
            ],
            [
              10.570207084168047,
              36.476190491691504
            ],
            [
              10.570372707272607,
              36.47775678572729
            ],
            [
              10.570371382460197,
              36.48100192032923
            ],
            [
              10.569962837621254,
              36.48398198556813
            ],
            [
              10.569149221084922,
              36.48680512061062
            ],
            [
              10.568957081564555,
              36.48724033065099
            ],
            [
              10.568706721780107,
              36.48810898896255
            ],
            [
              10.5679359443186,
              36.489741682704114
            ],
            [
              10.568274043308998,
              36.489899485619524
            ],
            [
              10.5694870555775,
              36.49026213120143
            ],
            [
              10.570161077571694,
              36.49046960339391
            ],
            [
              10.570499178571689,
              36.49062740903811
            ],
            [
              10.570701167608014,
              36.49067883515729
            ],
            [
              10.570903156900108,
              36.49073026092747
            ],
            [
              10.57117430111384,
              36.490888946273465
            ],
            [
              10.57137519624086,
              36.490886300308546
            ],
            [
              10.571577186480463,
              36.49093772491163
            ],
            [
              10.571645246742966,
              36.4909909136376
            ],
            [
              10.572118384591281,
              36.49120102089026
            ],
            [
              10.572521272056175,
              36.49124979628326
            ],
            [
              10.57226997858308,
              36.488765192169595
            ],
            [
              10.572008846856832,
              36.48579394768973
            ],
            [
              10.571836597390044,
              36.48390322881965
            ],
            [
              10.571813602282464,
              36.482767743066326
            ],
            [
              10.571788418631192,
              36.48152411511336
            ],
            [
              10.571770900414558,
              36.48065897927409
            ],
            [
              10.571825812877352,
              36.48006332083547
            ],
            [
              10.571877439905549,
              36.479305444742955
            ],
            [
              10.571994919988528,
              36.47849261550751
            ],
            [
              10.572048740547526,
              36.477842885748686
            ],
            [
              10.572104744559024,
              36.477301293443695
            ],
            [
              10.572154172514141,
              36.47643527961611
            ],
            [
              10.572138843315658,
              36.47567828525025
            ],
            [
              10.572115850682227,
              36.47454279809363
            ],
            [
              10.572151056307485,
              36.47297386011298
            ],
            [
              10.572121497240836,
              36.47151394604859
            ],
            [
              10.572094129543608,
              36.47016216918558
            ],
            [
              10.572061290897311,
              36.46854004568763
            ],
            [
              10.572049250649572,
              36.467945263593684
            ],
            [
              10.572036116236076,
              36.46729641032862
            ],
            [
              10.571887999611867,
              36.466595254192356
            ],
            [
              10.571809017925538,
              36.46600135364706
            ],
            [
              10.571732220398955,
              36.4655155953043
            ],
            [
              10.571590680743926,
              36.46513886063034
            ],
            [
              10.571148553297178,
              36.46314352142921
            ],
            [
              10.570930232673591,
              36.462281031017376
            ],
            [
              10.57056382552788,
              36.46071737638001
            ],
            [
              10.570466278432175,
              36.45920426787594
            ],
            [
              10.570528843665933,
              36.45898710208874
            ],
            [
              10.570805340849352,
              36.45941614785897
            ],
            [
              10.571010528774194,
              36.45962978928963
            ],
            [
              10.57128265608159,
              36.459842544417334
            ],
            [
              10.571422001738819,
              36.46011113759522
            ],
            [
              10.571628281500512,
              36.4603788491129
            ],
            [
              10.571832380159295,
              36.46053841780388
            ],
            [
              10.57217254644826,
              36.460804364792054
            ],
            [
              10.573455341932057,
              36.46132830918897
            ],
            [
              10.573928301157814,
              36.4615384191009
            ],
            [
              10.574063270501876,
              36.461590719885635
            ],
            [
              10.574399065249278,
              36.46164038036472
            ],
            [
              10.574798511484254,
              36.46152693869576
            ],
            [
              10.575000426744646,
              36.46157835495416
            ],
            [
              10.575136499047485,
              36.46168473009366
            ],
            [
              10.575072848459667,
              36.46184782686477
            ],
            [
              10.576559787607291,
              36.46253130394349
            ],
            [
              10.576892294576544,
              36.46241873959077
            ],
            [
              10.577640718934035,
              36.463003788313266
            ],
            [
              10.578180640018024,
              36.463212986616405
            ],
            [
              10.578255271772354,
              36.463590598182186
            ],
            [
              10.578678899647832,
              36.46466670476237
            ],
            [
              10.578616347660123,
              36.46488387425824
            ],
            [
              10.57861854555308,
              36.46499201159221
            ],
            [
              10.578688790897077,
              36.46515333879265
            ],
            [
              10.578824868840162,
              36.465259709464306
            ],
            [
              10.57889510919359,
              36.46542103659511
            ],
            [
              10.57903559080681,
              36.465743690698766
            ],
            [
              10.579106931438968,
              36.46595908860836
            ],
            [
              10.57938020262887,
              36.46622589948451
            ],
            [
              10.581341376079763,
              36.46717346016199
            ],
            [
              10.582410281339888,
              36.46705111936307
            ],
            [
              10.582608910160957,
              36.46694031429797
            ],
            [
              10.582740594435156,
              36.466830396855116
            ],
            [
              10.582941426350741,
              36.46682773291898
            ],
            [
              10.583142252563844,
              36.46682506872037
            ],
            [
              10.583341982078,
              36.46676833329056
            ],
            [
              10.583410034051179,
              36.466821515754425
            ],
            [
              10.583479177212507,
              36.466928769140985
            ],
            [
              10.583416648483562,
              36.467145940641835
            ],
            [
              10.58389407432423,
              36.46757228803006
            ],
            [
              10.585636834599725,
              36.46765731371455
            ],
            [
              10.58590682128042,
              36.467761896642926
            ],
            [
              10.58611869842054,
              36.46829993008084
            ],
            [
              10.586255901978317,
              36.46846036249239
            ],
            [
              10.58652478763602,
              36.468510873198774
            ],
            [
              10.586923144762148,
              36.46834332449743
            ],
            [
              10.587130610353613,
              36.468665073065985
            ],
            [
              10.587333656968202,
              36.46877054301994
            ],
            [
              10.587468653247461,
              36.46882283255828
            ],
            [
              10.587677227959324,
              36.46919865533276
            ],
            [
              10.587879165423658,
              36.46925005369394
            ],
            [
              10.588213894837459,
              36.46924559894866
            ],
            [
              10.588414732450445,
              36.46924292565108
            ],
            [
              10.588686940538315,
              36.469455643348304
            ],
            [
              10.589363040547399,
              36.46977114757082
            ],
            [
              10.589971092412577,
              36.47003347384503
            ],
            [
              10.59010387254819,
              36.46997761914391
            ],
            [
              10.590302502924144,
              36.469866801330035
            ],
            [
              10.59036722888953,
              36.469757767946646
            ]
          ]
        ],
        "type": "Polygon"
      }
    },
    {
      "type": "Feature",
      "id": "osm:relation:7104931",
      "properties": {
        "sourceId": "isie-local-sectors-2023-hammamet-nine",
        "officialCode": "156654",
        "delegationCode": "1566",
        "governorateCode": "15",
        "nameAr": "براكة الساحل",
        "nameFr": "Barraket essahel",
        "sourcePdfURL": "https://www.isie.tn/wp-content/uploads/2023/CartesCirconscriptionsElectoralesLocales2023/%D9%86%D8%A7%D8%A8%D9%84%202/%D8%A7%D9%84%D8%AD%D9%85%D8%A7%D9%85%D8%A7%D8%AA/%D8%A8%D8%B1%D8%A7%D9%83%D8%A9%20%D8%A7%D9%84%D8%B3%D8%A7%D8%AD%D9%84.pdf",
        "sourcePdfSha256": "258c4ffaf4cb2c079bf33d27bd27949bf3402d32b098b936b3cef0cac9ae1f25",
        "sourceDrawingDetails": {
          "drawingIndex": 572,
          "layer": "circonscription_isie2023",
          "pdfSha256": "258c4ffaf4cb2c079bf33d27bd27949bf3402d32b098b936b3cef0cac9ae1f25",
          "segmentCount": 602,
          "seqno": 580,
          "sourceOrigin": "connected-official-maps",
          "sourceRingCompleteness": {
            "activeClipCount": 2,
            "activeClipOutsideAreasPoints2": [
              0.0,
              0.0
            ],
            "explicitlyClosed": true,
            "isValid": true,
            "viewportCoversCompleteRing": true
          },
          "sourceRingVertexCount": 603,
          "vertexCount": 603
        },
        "sourceGeometrySha256": "e92ee6aa2ce90045f3a5748a8f9dbbc12bace90a24c3c3e9826f8ce8cbfeae73"
      },
      "geometry": {
        "coordinates": [
          [
            [
              10.541810093871188,
              36.43512945988854
            ],
            [
              10.545134254105072,
              36.4332628919793
            ],
            [
              10.546857730360701,
              36.4330077291208
            ],
            [
              10.546952966316036,
              36.432967694341585
            ],
            [
              10.547333140062328,
              36.43276876698167
            ],
            [
              10.549617217951608,
              36.431730331446175
            ],
            [
              10.550327986907448,
              36.43125550929986
            ],
            [
              10.550517680117919,
              36.431136646837686
            ],
            [
              10.551373219978267,
              36.43069873406631
            ],
            [
              10.55360995743827,
              36.42969963395938
            ],
            [
              10.553944406352592,
              36.429617674814786
            ],
            [
              10.554327635254657,
              36.429573875480834
            ],
            [
              10.554672907901969,
              36.4300349376904
            ],
            [
              10.555196274952635,
              36.42979531840064
            ],
            [
              10.555242729357422,
              36.42971711671367
            ],
            [
              10.5558179585429,
              36.42967080469497
            ],
            [
              10.557339249829505,
              36.4289137692961
            ],
            [
              10.557814601341715,
              36.428674766614364
            ],
            [
              10.558432399055963,
              36.42835630621044
            ],
            [
              10.558859744511887,
              36.42811792440653
            ],
            [
              10.559382310490534,
              36.42783950327385
            ],
            [
              10.559523982357295,
              36.42772125552574
            ],
            [
              10.559712877511558,
              36.427563591612575
            ],
            [
              10.559948212042556,
              36.42732772412047
            ],
            [
              10.560706883150075,
              36.42685221668348
            ],
            [
              10.560800552965127,
              36.426734596574285
            ],
            [
              10.5613540316435,
              36.42560221755864
            ],
            [
              10.56168303027946,
              36.42524872615632
            ],
            [
              10.562249682547922,
              36.42477572387131
            ],
            [
              10.56253378251097,
              36.42457800904591
            ],
            [
              10.562721887588978,
              36.42438155663197
            ],
            [
              10.562909215078982,
              36.42414631337762
            ],
            [
              10.56332797101031,
              36.42348125971195
            ],
            [
              10.563563290608016,
              36.42324538539005
            ],
            [
              10.564402345969526,
              36.421992853291044
            ],
            [
              10.565102056852938,
              36.4209749250293
            ],
            [
              10.565383802690475,
              36.420660842053394
            ],
            [
              10.565952733547478,
              36.42030418820922
            ],
            [
              10.566809614549602,
              36.419943740260514
            ],
            [
              10.565512782932736,
              36.41751656040242
            ],
            [
              10.567928752953783,
              36.41829952370184
            ],
            [
              10.567380586706532,
              36.41729800508645
            ],
            [
              10.567025180118675,
              36.41633274823462
            ],
            [
              10.566823873684669,
              36.415869826955884
            ],
            [
              10.566625682524975,
              36.41556205757523
            ],
            [
              10.566475483947643,
              36.415253653293945
            ],
            [
              10.566326064615689,
              36.41498403604908
            ],
            [
              10.566273405778498,
              36.414751943589245
            ],
            [
              10.566172756674204,
              36.41452048220743
            ],
            [
              10.56611543950021,
              36.41405566915326
            ],
            [
              10.566102993471906,
              36.41343507264948
            ],
            [
              10.56609754845433,
              36.413163561657576
            ],
            [
              10.565996124360236,
              36.41289331600446
            ],
            [
              10.565990679822276,
              36.412621804974
            ],
            [
              10.566080436082615,
              36.41231024459985
            ],
            [
              10.566312603038178,
              36.411919219573434
            ],
            [
              10.566498326775896,
              36.41160639672692
            ],
            [
              10.566871342585777,
              36.41105832787137
            ],
            [
              10.567010638481806,
              36.41082371007463
            ],
            [
              10.567149155256056,
              36.410550304843866
            ],
            [
              10.567382090205399,
              36.41019806187765
            ],
            [
              10.567710219923178,
              36.40980576793539
            ],
            [
              10.568183087423417,
              36.40945036498458
            ],
            [
              10.568751925090975,
              36.409093699442714
            ],
            [
              10.569463938970022,
              36.40869634380754
            ],
            [
              10.569748734329535,
              36.40853740051365
            ],
            [
              10.570081523457242,
              36.408377827166674
            ],
            [
              10.570505604977871,
              36.407984260737706
            ],
            [
              10.571873795425256,
              36.40680228635397
            ],
            [
              10.5721570257298,
              36.40656576629821
            ],
            [
              10.572631406890142,
              36.40628792104015
            ],
            [
              10.57300982241366,
              36.40601134464348
            ],
            [
              10.573293827545719,
              36.40581360592762
            ],
            [
              10.573387453912618,
              36.4056959766141
            ],
            [
              10.573527502275656,
              36.405500138916246
            ],
            [
              10.573617221078534,
              36.40518857344685
            ],
            [
              10.573935139126528,
              36.404292033064955
            ],
            [
              10.574068931253459,
              36.40378589719752
            ],
            [
              10.574382148881062,
              36.4026566324813
            ],
            [
              10.574706303254546,
              36.402070384461915
            ],
            [
              10.575456819157667,
              36.40120691755224
            ],
            [
              10.575973661399471,
              36.400656918195814
            ],
            [
              10.57625059694388,
              36.40011008829304
            ],
            [
              10.576793498197649,
              36.39847341275318
            ],
            [
              10.576836782060848,
              36.39824005451517
            ],
            [
              10.57683599929452,
              36.398201267332375
            ],
            [
              10.57509464065467,
              36.39752595023281
            ],
            [
              10.57354678383709,
              36.39692564974748
            ],
            [
              10.572337154715166,
              36.39643725427044
            ],
            [
              10.570837318703086,
              36.395836284190096
            ],
            [
              10.570204238660093,
              36.39537905985093
            ],
            [
              10.569479104146202,
              36.39511703297221
            ],
            [
              10.568749310607672,
              36.39462227731593
            ],
            [
              10.56811703088701,
              36.39420383193772
            ],
            [
              10.56704673521992,
              36.39348076503249
            ],
            [
              10.56583641325404,
              36.39295351382642
            ],
            [
              10.565246709709784,
              36.392262906350126
            ],
            [
              10.563789550436617,
              36.391389704719636
            ],
            [
              10.563011067438394,
              36.39085675438634
            ],
            [
              10.561160865071738,
              36.38952309750175
            ],
            [
              10.559598565144594,
              36.38818564869133
            ],
            [
              10.559207031369507,
              36.38780279693117
            ],
            [
              10.558190299589361,
              36.38735052761586
            ],
            [
              10.558047923572747,
              36.387429985233624
            ],
            [
              10.5571008030928,
              36.38806313214047
            ],
            [
              10.556387363268895,
              36.38838283708721
            ],
            [
              10.555577203741706,
              36.38866500312941
            ],
            [
              10.555147744265213,
              36.38878700351907
            ],
            [
              10.55481963460207,
              36.38917926365512
            ],
            [
              10.554725227076377,
              36.38925809126597
            ],
            [
              10.554680337630893,
              36.38941386142388
            ],
            [
              10.5546888243164,
              36.38984052556958
            ],
            [
              10.55480406548169,
              36.39080896434669
            ],
            [
              10.554815639790528,
              36.39139077891249
            ],
            [
              10.55453395171759,
              36.39170483033415
            ],
            [
              10.553921049427126,
              36.39225599502609
            ],
            [
              10.553639354812114,
              36.39257005103001
            ],
            [
              10.55359985912727,
              36.39299734090955
            ],
            [
              10.553654776717336,
              36.39334580397082
            ],
            [
              10.553853629106134,
              36.393692389507855
            ],
            [
              10.554149211193398,
              36.394076507083525
            ],
            [
              10.55444325323383,
              36.394383051875515
            ],
            [
              10.554492003281391,
              36.394421213389585
            ],
            [
              10.555171421253883,
              36.39480031863776
            ],
            [
              10.555367196189872,
              36.39499175090954
            ],
            [
              10.555564516314567,
              36.39526075802525
            ],
            [
              10.555717719645227,
              36.395724329363546
            ],
            [
              10.555768015616586,
              36.39584006549275
            ],
            [
              10.555982322896618,
              36.39696239542276
            ],
            [
              10.55593821273056,
              36.39715695995231
            ],
            [
              10.555801222752002,
              36.397507925007645
            ],
            [
              10.555709123233408,
              36.397703116242994
            ],
            [
              10.555870828605613,
              36.39859335035635
            ],
            [
              10.555641734784507,
              36.39913950650375
            ],
            [
              10.555566622224624,
              36.40018802081961
            ],
            [
              10.555135555887151,
              36.40023244732613
            ],
            [
              10.554552053447608,
              36.399852087645904
            ],
            [
              10.55294302719309,
              36.4009982088061
            ],
            [
              10.55280294206406,
              36.401194023439984
            ],
            [
              10.552611781998763,
              36.401235313055786
            ],
            [
              10.552419851001385,
              36.401237814754445
            ],
            [
              10.55232311482367,
              36.40120027787052
            ],
            [
              10.552083201148067,
              36.401203404363244
            ],
            [
              10.551893581552541,
              36.40132226808641
            ],
            [
              10.5516582894558,
              36.40155811620837
            ],
            [
              10.551517421671711,
              36.40171514189529
            ],
            [
              10.551328570159239,
              36.40187279239226
            ],
            [
              10.551284437795399,
              36.40206735221141
            ],
            [
              10.551239535133485,
              36.402223127670155
            ],
            [
              10.551098665336628,
              36.40238015289508
            ],
            [
              10.55090827138659,
              36.40246022750089
            ],
            [
              10.550523633223035,
              36.40242643761555
            ],
            [
              10.550282945883733,
              36.4023907729359
            ],
            [
              10.549995814345287,
              36.402433307508694
            ],
            [
              10.549709460012924,
              36.40251462894955
            ],
            [
              10.54946954199966,
              36.402517750288204
            ],
            [
              10.549229623949527,
              36.402520871145114
            ],
            [
              10.549036920409765,
              36.40248457981417
            ],
            [
              10.548893738617409,
              36.4025252395355
            ],
            [
              10.548704110837214,
              36.4026440983604
            ],
            [
              10.54856323509794,
              36.4028011207231
            ],
            [
              10.548517557768713,
              36.402918107603696
            ],
            [
              10.548326390992264,
              36.402959390501145
            ],
            [
              10.548134455365068,
              36.40296188541393
            ],
            [
              10.5479912721957,
              36.403002544081914
            ],
            [
              10.547897609882114,
              36.403120154369645
            ],
            [
              10.547899915460698,
              36.40323651742808
            ],
            [
              10.547902989586069,
              36.40339166816891
            ],
            [
              10.547953279445535,
              36.40350740760654
            ],
            [
              10.547906832275858,
              36.403585606588976
            ],
            [
              10.547810863676107,
              36.403586853765084
            ],
            [
              10.547618926458924,
              36.40358934788605
            ],
            [
              10.54747651018782,
              36.40366879365635
            ],
            [
              10.547286877449674,
              36.40378765032615
            ],
            [
              10.547047727437032,
              36.40382955453602
            ],
            [
              10.546858093638768,
              36.40394841054655
            ],
            [
              10.54662047463481,
              36.40406788937454
            ],
            [
              10.546285349914413,
              36.40411103500729
            ],
            [
              10.545806270770958,
              36.40415605139723
            ],
            [
              10.545566351337012,
              36.40415916496199
            ],
            [
              10.545228923984368,
              36.40408595104713
            ],
            [
              10.54489149710275,
              36.40401272958715
            ],
            [
              10.544603589299603,
              36.40401646365263
            ],
            [
              10.544125276258631,
              36.40410026434017
            ],
            [
              10.54379168685768,
              36.40422097846091
            ],
            [
              10.543554828518992,
              36.40437923906969
            ],
            [
              10.54336595420078,
              36.40453687744024
            ],
            [
              10.543126795443918,
              36.404578773947705
            ],
            [
              10.542934855362276,
              36.40458126059866
            ],
            [
              10.542742915257135,
              36.40458374694127
            ],
            [
              10.542503755977288,
              36.40462564221157
            ],
            [
              10.542215083915444,
              36.40459058274095
            ],
            [
              10.541783983974772,
              36.40463496176541
            ],
            [
              10.54149913494021,
              36.40479383627939
            ],
            [
              10.541166299505752,
              36.40495333435354
            ],
            [
              10.540882982342017,
              36.40518978628145
            ],
            [
              10.540691801486794,
              36.405231057219204
            ],
            [
              10.54049909874348,
              36.40519475213382
            ],
            [
              10.540256112315559,
              36.40504270391214
            ],
            [
              10.540110626792105,
              36.4049669898559
            ],
            [
              10.539773964947404,
              36.40493254502601
            ],
            [
              10.539582023692306,
              36.40493502630901
            ],
            [
              10.539054189188507,
              36.40494184819484
            ],
            [
              10.538575863672598,
              36.40502562362323
            ],
            [
              10.538048787920296,
              36.40507122898316
            ],
            [
              10.537143174350689,
              36.40539330210163
            ],
            [
              10.53686060213459,
              36.40566853271635
            ],
            [
              10.536529278977529,
              36.40590559390154
            ],
            [
              10.53595954845419,
              36.40622332443449
            ],
            [
              10.535628986760887,
              36.40649917105472
            ],
            [
              10.53534335560292,
              36.406619243400044
            ],
            [
              10.53486349104995,
              36.40662542847208
            ],
            [
              10.534433898621135,
              36.40674735711655
            ],
            [
              10.534007355773626,
              36.40702443585298
            ],
            [
              10.533724004926796,
              36.40726087145642
            ],
            [
              10.53329288427296,
              36.407305216973896
            ],
            [
              10.53281149275602,
              36.40723381803663
            ],
            [
              10.532474062595377,
              36.407160564847594
            ],
            [
              10.531850998275928,
              36.407207381367535
            ],
            [
              10.531182222959124,
              36.40737116897154
            ],
            [
              10.530137150070313,
              36.40792776872219
            ],
            [
              10.529757808929952,
              36.40816542826115
            ],
            [
              10.529182721963497,
              36.408211611394755
            ],
            [
              10.528702087108213,
              36.408178983939344
            ],
            [
              10.528031778758248,
              36.40826518148684
            ],
            [
              10.52760444564555,
              36.408503449991066
            ],
            [
              10.52703086708356,
              36.40862719895095
            ],
            [
              10.525981199965612,
              36.40895103505868
            ],
            [
              10.525411402790104,
              36.40926871334304
            ],
            [
              10.524841600985432,
              36.40958639228825
            ],
            [
              10.524459211048676,
              36.40966888317348
            ],
            [
              10.52374089576751,
              36.409755671282966
            ],
            [
              10.523166544784928,
              36.40984061063391
            ],
            [
              10.522497731227908,
              36.410004353709674
            ],
            [
              10.52207036708721,
              36.410242603009436
            ],
            [
              10.52174275721305,
              36.410673565052626
            ],
            [
              10.521510367176921,
              36.41106451195569
            ],
            [
              10.521229989195515,
              36.41145607139616
            ],
            [
              10.520942806091632,
              36.411498537184215
            ],
            [
              10.520846826545146,
              36.41149976292038
            ],
            [
              10.52065637786857,
              36.41157979041517
            ],
            [
              10.520563418839483,
              36.41173616514701
            ],
            [
              10.520566439556752,
              36.41189131765401
            ],
            [
              10.52061820562613,
              36.412084645526065
            ],
            [
              10.520572481060647,
              36.4122016226552
            ],
            [
              10.520334040131894,
              36.41228226241366
            ],
            [
              10.520238814624571,
              36.41232227581251
            ],
            [
              10.520143589017534,
              36.412362289137405
            ],
            [
              10.520049118250226,
              36.41244109052046
            ],
            [
              10.520004147554847,
              36.412596855581704
            ],
            [
              10.519910431245048,
              36.412714444994194
            ],
            [
              10.519815204924457,
              36.412754454782096
            ],
            [
              10.519623246704,
              36.412756904384935
            ],
            [
              10.519528016171662,
              36.412796917287736
            ],
            [
              10.519386312292784,
              36.412915118585
            ],
            [
              10.51929184008904,
              36.41299391939534
            ],
            [
              10.519149376914772,
              36.41307333233327
            ],
            [
              10.518958168196852,
              36.41311456908337
            ],
            [
              10.518766204944809,
              36.41311701738114
            ],
            [
              10.518574995895928,
              36.413158253524394
            ],
            [
              10.518335795758727,
              36.41320010123958
            ],
            [
              10.518194839284819,
              36.41335708938473
            ],
            [
              10.518101873324039,
              36.4135134656078
            ],
            [
              10.518008906999055,
              36.41366984176324
            ],
            [
              10.517723979282957,
              36.41382866446237
            ],
            [
              10.517437538957019,
              36.4139099102181
            ],
            [
              10.517007123773347,
              36.413992986122956
            ],
            [
              10.516816664939041,
              36.41407300769423
            ],
            [
              10.51667419720604,
              36.414152417769394
            ],
            [
              10.516579720730403,
              36.41423121651676
            ],
            [
              10.516533239733027,
              36.41430940399505
            ],
            [
              10.51634277555493,
              36.4143894248874
            ],
            [
              10.516199557739974,
              36.414430046177785
            ],
            [
              10.516055582691093,
              36.41443187916068
            ],
            [
              10.515913113507871,
              36.41451128835632
            ],
            [
              10.515771396904105,
              36.41462948558244
            ],
            [
              10.515726416500717,
              36.41478524920664
            ],
            [
              10.515680683091507,
              36.41490222461981
            ],
            [
              10.51558695749422,
              36.41501981081155
            ],
            [
              10.515493231617974,
              36.41513739693409
            ],
            [
              10.515399505398966,
              36.415254979699704
            ],
            [
              10.515353018622802,
              36.4153331700869
            ],
            [
              10.515307284292593,
              36.41545014207957
            ],
            [
              10.515020835344782,
              36.41553138221288
            ],
            [
              10.51487686225384,
              36.41553321377014
            ],
            [
              10.51463690029138,
              36.41553626606626
            ],
            [
              10.514492170834485,
              36.41549930900079
            ],
            [
              10.51430095348336,
              36.415540538471106
            ],
            [
              10.514206472910471,
              36.41561933541778
            ],
            [
              10.514160736755807,
              36.41573631029758
            ],
            [
              10.514114248386718,
              36.41581449694431
            ],
            [
              10.51411725672676,
              36.41596964980883
            ],
            [
              10.514167505741996,
              36.41608540423385
            ],
            [
              10.514219259203138,
              36.416278735056075
            ],
            [
              10.514174274844752,
              36.41643449814856
            ],
            [
              10.514081297196864,
              36.416590868149115
            ],
            [
              10.513938822052475,
              36.41667027509979
            ],
            [
              10.513557884453949,
              36.416830308538536
            ],
            [
              10.513418417430303,
              36.41706486774434
            ],
            [
              10.513374934571495,
              36.41729820700422
            ],
            [
              10.513329196263255,
              36.417415181585774
            ],
            [
              10.51323621579789,
              36.41757155097016
            ],
            [
              10.513093738064134,
              36.41765096024918
            ],
            [
              10.512855272403424,
              36.41773158556746
            ],
            [
              10.512429340637508,
              36.41804737487745
            ],
            [
              10.511854165707224,
              36.41809347642199
            ],
            [
              10.511758928615693,
              36.418133483285665
            ],
            [
              10.511663691424443,
              36.41817349007537
            ],
            [
              10.511665193283914,
              36.4182510665653
            ],
            [
              10.511667446083896,
              36.418367431298186
            ],
            [
              10.511766438433149,
              36.4185213657102
            ],
            [
              10.511720697037662,
              36.41863833972532
            ],
            [
              10.511626961067389,
              36.418755922980814
            ],
            [
              10.511484479440997,
              36.41883532712475
            ],
            [
              10.510488602567685,
              36.41946872473345
            ],
            [
              10.509917916293533,
              36.419747546788564
            ],
            [
              10.509631447673732,
              36.419828774405005
            ],
            [
              10.509344976400739,
              36.41991000137251
            ],
            [
              10.509059254192543,
              36.42003001594518
            ],
            [
              10.508916019979507,
              36.42007062881505
            ],
            [
              10.508772783513594,
              36.42011123825433
            ],
            [
              10.508726285179634,
              36.42018942295975
            ],
            [
              10.508728533754336,
              36.420305787812524
            ],
            [
              10.50882602382752,
              36.42038214812891
            ],
            [
              10.509067500739537,
              36.420456683718584
            ],
            [
              10.509262482108927,
              36.42060940368456
            ],
            [
              10.509408718636841,
              36.42072394343582
            ],
            [
              10.509412468038613,
              36.42091788477741
            ],
            [
              10.509225733288538,
              36.42119183606628
            ],
            [
              10.508751020147736,
              36.421469432921036
            ],
            [
              10.508610781154273,
              36.421665198587505
            ],
            [
              10.50832804889544,
              36.42194036466829
            ],
            [
              10.508088817783277,
              36.42198219251962
            ],
            [
              10.507850333500949,
              36.42206280821113
            ],
            [
              10.507708591013714,
              36.422180996324535
            ],
            [
              10.507329111167833,
              36.42241858725213
            ],
            [
              10.507186618419745,
              36.422497986476166
            ],
            [
              10.507140870004138,
              36.4226149588494
            ],
            [
              10.507143116412387,
              36.42273132373978
            ],
            [
              10.507098114494227,
              36.42288708113099
            ],
            [
              10.507100360860996,
              36.423003446018356
            ],
            [
              10.506814623837236,
              36.423123455501795
            ],
            [
              10.506574639663059,
              36.423126492111116
            ],
            [
              10.506334653418186,
              36.423129528264056
            ],
            [
              10.505951423575324,
              36.42317317342087
            ],
            [
              10.505808179858592,
              36.42321378273815
            ],
            [
              10.505521693996112,
              36.42329500084084
            ],
            [
              10.505474444613737,
              36.42333439601152
            ],
            [
              10.505526930128173,
              36.423566519085945
            ],
            [
              10.50543991086357,
              36.424033192614104
            ],
            [
              10.505346158983587,
              36.42415076791782
            ],
            [
              10.50520515679311,
              36.42430774151466
            ],
            [
              10.505110656460449,
              36.42438653161058
            ],
            [
              10.504774672087327,
              36.42439077806997
            ],
            [
              10.504533934200696,
              36.42435502236282
            ],
            [
              10.504293943949733,
              36.42435805450149
            ],
            [
              10.503957959573048,
              36.424362298659936
            ],
            [
              10.503670718287209,
              36.424404724127484
            ],
            [
              10.50348021994971,
              36.42448472519297
            ],
            [
              10.503290468152361,
              36.42460351431545
            ],
            [
              10.503197459275201,
              36.424759879652456
            ],
            [
              10.502960456791083,
              36.424918062537046
            ],
            [
              10.502817954929101,
              36.42499745672259
            ],
            [
              10.502627454241024,
              36.42507745647319
            ],
            [
              10.502581695447297,
              36.4251944239819
            ],
            [
              10.502541911335934,
              36.42562170162145
            ],
            [
              10.502596627799983,
              36.42597019116238
            ],
            [
              10.502745852003612,
              36.426239892385475
            ],
            [
              10.5028943304088,
              36.42647080175086
            ],
            [
              10.50289582399896,
              36.42654837844594
            ],
            [
              10.502850811667443,
              36.426704137675266
            ],
            [
              10.502756306069324,
              36.42678292599909
            ],
            [
              10.502663293660447,
              36.426939290949775
            ],
            [
              10.502478014356985,
              36.42729080899777
            ],
            [
              10.502337749392792,
              36.4274865677176
            ],
            [
              10.502056466837393,
              36.427839293103055
            ],
            [
              10.502010705768,
              36.42795626368567
            ],
            [
              10.501916197823684,
              36.42803505138315
            ],
            [
              10.501582435790864,
              36.42815565429764
            ],
            [
              10.501534435338947,
              36.428156259631386
            ],
            [
              10.501437686281205,
              36.42811868190379
            ],
            [
              10.501292940973174,
              36.42808170927965
            ],
            [
              10.50119619415369,
              36.42804413132532
            ],
            [
              10.50109944742536,
              36.42800655329019
            ],
            [
              10.501002700788185,
              36.427968975174224
            ],
            [
              10.50085869973458,
              36.42797079041045
            ],
            [
              10.500620191392967,
              36.42805139214923
            ],
            [
              10.500524936232106,
              36.428091390400326
            ],
            [
              10.50023917015109,
              36.42821138470948
            ],
            [
              10.499953405207378,
              36.42833137832678
            ],
            [
              10.499810894037564,
              36.42841076909348
            ],
            [
              10.49961963665492,
              36.42845197587165
            ],
            [
              10.499477124914819,
              36.42853136625121
            ],
            [
              10.499292572603453,
              36.42892166807852
            ],
            [
              10.499201785772643,
              36.42919439239624
            ],
            [
              10.499107275487827,
              36.42927317792844
            ],
            [
              10.498916015592965,
              36.42931438363084
            ],
            [
              10.49882150283504,
              36.42939316897085
            ],
            [
              10.498543178473318,
              36.429901043363024
            ],
            [
              10.498258147220403,
              36.43005982152281
            ],
            [
              10.49778334057874,
              36.430337376510394
            ],
            [
              10.497451794594209,
              36.43057433345238
            ],
            [
              10.497262018771643,
              36.43069311342842
            ],
            [
              10.497026473178499,
              36.430928861929424
            ],
            [
              10.4968869299669,
              36.431163403044415
            ],
            [
              10.496843391039178,
              36.4313967370773
            ],
            [
              10.496797620174823,
              36.43151370582278
            ],
            [
              10.496703846417953,
              36.431631274704785
            ],
            [
              10.496418062359707,
              36.4317512602187
            ],
            [
              10.49627554130837,
              36.43183064694744
            ],
            [
              10.496133763542193,
              36.43194882194401
            ],
            [
              10.496039246827786,
              36.4320276051602
            ],
            [
              10.496040733899678,
              36.43210518202648
            ],
            [
              10.496141943001783,
              36.43237549468263
            ],
            [
              10.496143430194751,
              36.432453071540735
            ],
            [
              10.496192921674643,
              36.432530045156156
            ],
            [
              10.496194408926728,
              36.43260762201045
            ],
            [
              10.496243899542247,
              36.43268459561216
            ],
            [
              10.496246130511185,
              36.43280096088746
            ],
            [
              10.496296363911876,
              36.43291671960958
            ],
            [
              10.496205563435755,
              36.43318944509606
            ],
            [
              10.496016522974147,
              36.43334701165627
            ],
            [
              10.495970749815404,
              36.43346398010273
            ],
            [
              10.495783195121572,
              36.433699123164956
            ],
            [
              10.495784682029395,
              36.43377670001855
            ],
            [
              10.495648847148264,
              36.43420517862359
            ],
            [
              10.495649590548348,
              36.43424396704961
            ],
            [
              10.495701313036601,
              36.43443730610481
            ],
            [
              10.49565702462744,
              36.43463185129516
            ],
            [
              10.495708003980225,
              36.43478640190742
            ],
            [
              10.496097990368805,
              36.43509188399482
            ],
            [
              10.496103195869104,
              36.43536339958753
            ],
            [
              10.495865401421833,
              36.4354827808017
            ],
            [
              10.495675610384485,
              36.43560155850509
            ],
            [
              10.495634297133636,
              36.435951257302655
            ],
            [
              10.495592240139175,
              36.43626216766103
            ],
            [
              10.49564544888641,
              36.43653308349839
            ],
            [
              10.495649166145444,
              36.43672702226264
            ],
            [
              10.495701631963223,
              36.43695914963513
            ],
            [
              10.495995618157078,
              36.43726583786317
            ],
            [
              10.496143355352544,
              36.4374579700826
            ],
            [
              10.496483116832694,
              36.43764768527867
            ],
            [
              10.49663085596638,
              36.437839816838185
            ],
            [
              10.49672984515914,
              36.43799376335185
            ],
            [
              10.496830321923342,
              36.43822528654192
            ],
            [
              10.497025325716054,
              36.43837802558705
            ],
            [
              10.497029046721925,
              36.43857196745665
            ],
            [
              10.497128036653631,
              36.43872591359488
            ],
            [
              10.497131757899245,
              36.43891985215635
            ],
            [
              10.497086728715804,
              36.43907560931812
            ],
            [
              10.496944195240124,
              36.439154997044845
            ],
            [
              10.496946427781566,
              36.43927136215656
            ],
            [
              10.496902142211958,
              36.43946590762259
            ],
            [
              10.49690437471595,
              36.43958227273045
            ],
            [
              10.496905863059062,
              36.4396598494677
            ],
            [
              10.496907351407872,
              36.43973742620389
            ],
            [
              10.496768537044808,
              36.440010752298186
            ],
            [
              10.496916281557262,
              36.440202883310995
            ],
            [
              10.497061792982533,
              36.44027864904736
            ],
            [
              10.497208050047394,
              36.44039320294438
            ],
            [
              10.497402314674284,
              36.440507152834996
            ],
            [
              10.497502053441776,
              36.44069988687979
            ],
            [
              10.497603279789917,
              36.44097019754485
            ],
            [
              10.49765650234628,
              36.441241112004505
            ],
            [
              10.49775772999545,
              36.44151142248619
            ],
            [
              10.498049508535578,
              36.44170173982263
            ],
            [
              10.498197257470572,
              36.44189386907529
            ],
            [
              10.498296999951952,
              36.442086595750425
            ],
            [
              10.498444007276056,
              36.44223993630391
            ],
            [
              10.498497231731504,
              36.442510850270814
            ],
            [
              10.498692994865607,
              36.442702374479346
            ],
            [
              10.498842983022916,
              36.44301086776122
            ],
            [
              10.498947945753617,
              36.443475118524624
            ],
            [
              10.499100174675661,
              36.44389997627068
            ],
            [
              10.499299670302298,
              36.44428544081404
            ],
            [
              10.499209612887801,
              36.44459694987917
            ],
            [
              10.499072289491762,
              36.444947858329
            ],
            [
              10.499215576563904,
              36.44490725623336
            ],
            [
              10.499456376231368,
              36.44494302113615
            ],
            [
              10.49984120662191,
              36.44497697101551
            ],
            [
              10.50017952037465,
              36.445089101197645
            ],
            [
              10.50061385497982,
              36.44520002006934
            ],
            [
              10.501192970310973,
              36.44534790938279
            ],
            [
              10.501577805301956,
              36.445381853569735
            ],
            [
              10.50200990275189,
              36.44537640254229
            ],
            [
              10.502586035218565,
              36.44536913203958
            ],
            [
              10.502969374033828,
              36.44532549529583
            ],
            [
              10.503207934064434,
              36.44524488789218
            ],
            [
              10.503398482701483,
              36.445164886346504
            ],
            [
              10.50378032448263,
              36.44504367060337
            ],
            [
              10.504113408449678,
              36.44488427204062
            ],
            [
              10.504874094748057,
              36.444486688657186
            ],
            [
              10.505252188510159,
              36.444171527359586
            ],
            [
              10.505535758352172,
              36.44393515561694
            ],
            [
              10.505726301309942,
              36.443855150466845
            ],
            [
              10.505965602636872,
              36.443813325883234
            ],
            [
              10.506156142799796,
              36.44373332008808
            ],
            [
              10.506297925751973,
              36.44361513326502
            ],
            [
              10.506439708274282,
              36.4434969462812
            ],
            [
              10.506485470932333,
              36.4433799742373
            ],
            [
              10.506530484397539,
              36.443224214003
            ],
            [
              10.50652599006147,
              36.44299148495462
            ],
            [
              10.506617514444388,
              36.442757540784704
            ],
            [
              10.506658781801239,
              36.44240783961791
            ],
            [
              10.506751052264775,
              36.44221268355169
            ],
            [
              10.50693484885948,
              36.441783589541046
            ],
            [
              10.507119388608466,
              36.441393276916166
            ],
            [
              10.50730392860296,
              36.44100296399842
            ],
            [
              10.50749071521124,
              36.44072901533391
            ],
            [
              10.507726257999497,
              36.44049324658746
            ],
            [
              10.508479381446021,
              36.439707756446545
            ],
            [
              10.509046467747284,
              36.43923499784956
            ],
            [
              10.509235492951062,
              36.43907741110504
            ],
            [
              10.509282001361825,
              36.43899922618988
            ],
            [
              10.509763569945052,
              36.43907071560525
            ],
            [
              10.510152128302318,
              36.43929857352364
            ],
            [
              10.511309556144539,
              36.43955547004731
            ],
            [
              10.51212718074172,
              36.43962268339924
            ],
            [
              10.512223195297015,
              36.43962146386813
            ],
            [
              10.512317704128884,
              36.43954266809737
            ],
            [
              10.512413720612388,
              36.43954144838945
            ],
            [
              10.512606499440114,
              36.43957779690878
            ],
            [
              10.513088828388334,
              36.439688057512775
            ],
            [
              10.513471381955785,
              36.43960560296564
            ],
            [
              10.513946936335104,
              36.43936677076779
            ],
            [
              10.514662522355769,
              36.43912488318146
            ],
            [
              10.515522122018094,
              36.43888115820856
            ],
            [
              10.51604944246839,
              36.43883564689993
            ],
            [
              10.51633823650662,
              36.438870766705996
            ],
            [
              10.516581285877901,
              36.43902286140784
            ],
            [
              10.51745521118751,
              36.439516094869404
            ],
            [
              10.517747026380443,
              36.43970635989368
            ],
            [
              10.518085340931096,
              36.43981843933803
            ],
            [
              10.519098020491764,
              36.440038307911834
            ],
            [
              10.519146027871024,
              36.44003769534683
            ],
            [
              10.519905833859683,
              36.43960122416307
            ],
            [
              10.52052538639388,
              36.43936053082678
            ],
            [
              10.520859922702773,
              36.439278662631864
            ],
            [
              10.52114796391324,
              36.43927498276672
            ],
            [
              10.521533531617997,
              36.43934765105999
            ],
            [
              10.5219190999997,
              36.43942031808968
            ],
            [
              10.52230542179715,
              36.43953177182298
            ],
            [
              10.522546213626804,
              36.43956748701527
            ],
            [
              10.522738998694185,
              36.43960381902686
            ],
            [
              10.523268590531652,
              36.439674639507444
            ],
            [
              10.523510894001708,
              36.43978793185798
            ],
            [
              10.523608427256082,
              36.439864278893815
            ],
            [
              10.52399475349796,
              36.439975727041436
            ],
            [
              10.524187540173754,
              36.44001205667076
            ],
            [
              10.52447709945757,
              36.440085944458545
            ],
            [
              10.52476590121635,
              36.44012104366329
            ],
            [
              10.525005937719682,
              36.44011796924325
            ],
            [
              10.52553249696591,
              36.44003362816689
            ],
            [
              10.52577253311418,
              36.44003055221179
            ],
            [
              10.526013327895457,
              36.44006626361896
            ],
            [
              10.526206115620619,
              36.44010258995912
            ],
            [
              10.52640042124585,
              36.440216491657026
            ],
            [
              10.526545202157996,
              36.440253432920734
            ],
            [
              10.526738749604178,
              36.44032854621359
            ],
            [
              10.526931534208334,
              36.44036487140917
            ],
            [
              10.527125082285158,
              36.440439984058756
            ],
            [
              10.527366638215607,
              36.440514480507076
            ],
            [
              10.527608194592979,
              36.44058897645464
            ],
            [
              10.52789699936212,
              36.440624068001384
            ],
            [
              10.52823229234491,
              36.44058096701284
            ],
            [
              10.528471565898426,
              36.44053909784537
            ],
            [
              10.528851825211982,
              36.44034022761865
            ],
            [
              10.529281610373358,
              36.4402183151472
            ],
            [
              10.529569653924984,
              36.440214614881505
            ],
            [
              10.529762443470558,
              36.440250935427386
            ],
            [
              10.529906461210333,
              36.440249084852184
            ],
            [
              10.530099255049638,
              36.440285404795674
            ],
            [
              10.530241751270824,
              36.440205978279046
            ],
            [
              10.530337004910175,
              36.440165956396996
            ],
            [
              10.530431497579453,
              36.44008714667669
            ],
            [
              10.53052446823202,
              36.43993076135809
            ],
            [
              10.530666206456772,
              36.43981254654053
            ],
            [
              10.53080870529839,
              36.43973311932251
            ],
            [
              10.530998449583954,
              36.439614286857164
            ],
            [
              10.531093702100234,
              36.4395742643935
            ],
            [
              10.531237722570351,
              36.439572412189335
            ],
            [
              10.531573004789637,
              36.439529302009426
            ],
            [
              10.532052310927478,
              36.43948433766051
            ],
            [
              10.532961390512035,
              36.43931744919755
            ],
            [
              10.534303283058874,
              36.439183771233935
            ],
            [
              10.534446539748664,
              36.43914312747728
            ],
            [
              10.534874782787629,
              36.43894361981321
            ],
            [
              10.535585713054086,
              36.43846888228163
            ],
            [
              10.535823452733855,
              36.43834942319449
            ],
            [
              10.536348463264837,
              36.43818746281694
            ],
            [
              10.53663497055097,
              36.438106170348654
            ],
            [
              10.537015956447823,
              36.43794606251577
            ],
            [
              10.537350467732733,
              36.437864148625295
            ],
            [
              10.53782593706194,
              36.437625223153034
            ],
            [
              10.53839358621664,
              36.437191117192775
            ],
            [
              10.539148662135837,
              36.43652180398177
            ],
            [
              10.539383329380819,
              36.43624718752487
            ],
            [
              10.53975664647357,
              36.435699198286095
            ],
            [
              10.540752481231356,
              36.435065555523565
            ],
            [
              10.541084677867415,
              36.434867268695356
            ],
            [
              10.541370401550184,
              36.43474717761962
            ],
            [
              10.541608116722607,
              36.43462770746925
            ],
            [
              10.541810093871188,
              36.43512945988854
            ]
          ]
        ],
        "type": "Polygon"
      }
    },
    {
      "type": "Feature",
      "id": "osm:relation:7104927",
      "properties": {
        "sourceId": "isie-local-sectors-2023-hammamet-nine",
        "officialCode": "156655",
        "delegationCode": "1566",
        "governorateCode": "15",
        "nameAr": "الحمامات الجوفية",
        "nameFr": "Hammamet nord",
        "sourcePdfURL": "https://www.isie.tn/wp-content/uploads/2023/CartesCirconscriptionsElectoralesLocales2023/%D9%86%D8%A7%D8%A8%D9%84%202/%D8%A7%D9%84%D8%AD%D9%85%D8%A7%D9%85%D8%A7%D8%AA/%D8%A7%D9%84%D8%AD%D9%85%D8%A7%D9%85%D8%A7%D8%AA%20%D8%A7%D9%84%D8%AC%D9%88%D9%81%D9%8A%D8%A9.pdf",
        "sourcePdfSha256": "b401485272352ae9c6eba464a2361098361b8ef1606a710e99ff3d8e06e3a66d",
        "sourceDrawingDetails": {
          "coverageProof": [
            {
              "clearancePoints": 26.643330546874946,
              "coversAllRawEdges": true,
              "geometry": {
                "coordinates": [
                  [
                    [
                      4.319079875946045,
                      590.1144409179688
                    ],
                    [
                      841.5009765625,
                      590.1144409179688
                    ],
                    [
                      841.5009765625,
                      5.0406494140625
                    ],
                    [
                      4.319079875946045,
                      5.0406494140625
                    ],
                    [
                      4.319079875946045,
                      590.1144409179688
                    ]
                  ]
                ],
                "type": "Polygon"
              },
              "kind": "viewport",
              "outsideLengthPoints": 0.0
            },
            {
              "clearancePoints": 31.684010371093787,
              "coversAllRawEdges": true,
              "geometry": {
                "coordinates": [
                  [
                    [
                      0.0,
                      0.0
                    ],
                    [
                      841.8609008789062,
                      0.0
                    ],
                    [
                      841.8609008789062,
                      596.2352294921875
                    ],
                    [
                      0.0,
                      596.2352294921875
                    ],
                    [
                      0.0,
                      0.0
                    ]
                  ]
                ],
                "type": "Polygon"
              },
              "kind": "activeClip",
              "outsideLengthPoints": 0.0
            },
            {
              "clearancePoints": 26.64336095703129,
              "coversAllRawEdges": true,
              "geometry": {
                "coordinates": [
                  [
                    [
                      4.319079875946045,
                      5.0406494140625
                    ],
                    [
                      841.8609008789062,
                      5.0406494140625
                    ],
                    [
                      841.8609008789062,
                      590.4745483398438
                    ],
                    [
                      4.319079875946045,
                      590.4745483398438
                    ],
                    [
                      4.319079875946045,
                      5.0406494140625
                    ]
                  ]
                ],
                "type": "Polygon"
              },
              "kind": "activeClip",
              "outsideLengthPoints": 0.0
            }
          ],
          "drawingIndices": [
            699
          ],
          "geometryType": "Polygon",
          "normalizationAcceptedForCandidateComparison": true,
          "normalizationDescription": "Remove exact raw A-B-A zero-area spur only (vertices768,769); all other source vertices unchanged; areal geometry exactly equals source make_valid polygonal component.",
          "polygonCount": 1,
          "rawProof": {
            "file": "C:\\Users\\barou\\Documents\\Codex\\2026-09-06\\the-android-app-app-currently-allows\\work\\hammamet-frontier11-official-maps-20260919\\invalid-source-raw-and-clip-review.json",
            "sha256": "468a9aa3832d5503a64dc84916e768553acbf5f9939ad8d751b232b004473bae"
          },
          "sourcePDF": {
            "file": "C:\\Users\\barou\\Documents\\Codex\\2026-09-06\\the-android-app-app-currently-allows\\work\\hammamet-frontier11-official-maps-20260919\\hammamet-nord.pdf",
            "sha256": "b401485272352ae9c6eba464a2361098361b8ef1606a710e99ff3d8e06e3a66d"
          },
          "sourceVertexCount": 855
        },
        "sourceGeometrySha256": "297148856fbb4de41cef03b2077cb05f91f75eaf0626d377abf7a0856d99effa"
      },
      "geometry": {
        "coordinates": [
          [
            [
              10.641464555758041,
              36.46641318791362
            ],
            [
              10.64157383881134,
              36.46632185885497
            ],
            [
              10.641684067230567,
              36.4662754312194
            ],
            [
              10.64179429703354,
              36.46622900221664
            ],
            [
              10.641901684889431,
              36.466047871130364
            ],
            [
              10.642012860041575,
              36.46604634344864
            ],
            [
              10.642232371012971,
              36.465908584519674
            ],
            [
              10.642229528661522,
              36.465773882551
            ],
            [
              10.642393449669672,
              36.46563688731724
            ],
            [
              10.642615800281572,
              36.46563383094238
            ],
            [
              10.642782563604603,
              36.46563153838423
            ],
            [
              10.642947431189375,
              36.465539443893505
            ],
            [
              10.642999228377077,
              36.46535907616771
            ],
            [
              10.643106610720187,
              36.465177944093874
            ],
            [
              10.643213994094143,
              36.464996810662385
            ],
            [
              10.643377911759535,
              36.464859815391016
            ],
            [
              10.643485294108693,
              36.46467868298022
            ],
            [
              10.643704797060565,
              36.46454092149619
            ],
            [
              10.643870609583841,
              36.46449372601469
            ],
            [
              10.643978938720714,
              36.46435749465107
            ],
            [
              10.644143802185182,
              36.464265398592104
            ],
            [
              10.644365200041843,
              36.46421743760333
            ],
            [
              10.644474476604804,
              36.46412610601922
            ],
            [
              10.644638390183498,
              36.463989107852115
            ],
            [
              10.644804200953972,
              36.4639419123599
            ],
            [
              10.644857889140829,
              36.46385134557902
            ],
            [
              10.64496716461076,
              36.46376001356585
            ],
            [
              10.64513012751367,
              36.46357811456317
            ],
            [
              10.64529403878663,
              36.46344111554152
            ],
            [
              10.645403313171952,
              36.46334978315036
            ],
            [
              10.645567223484207,
              36.46321278377269
            ],
            [
              10.645841354487859,
              36.463029352859294
            ],
            [
              10.645950627652102,
              36.46293801999164
            ],
            [
              10.645948728657658,
              36.462848218386824
            ],
            [
              10.64600336429849,
              36.462802551306275
            ],
            [
              10.646169171667667,
              36.46275535399282
            ],
            [
              10.64622095973239,
              36.46257498502339
            ],
            [
              10.646330230276105,
              36.462483651850086
            ],
            [
              10.646606258142661,
              36.46239001958756
            ],
            [
              10.646828600557532,
              36.462386955576605
            ],
            [
              10.646882285351039,
              36.462296387948875
            ],
            [
              10.64704619086111,
              36.462159387885144
            ],
            [
              10.647212946372473,
              36.46215708932418
            ],
            [
              10.647375900697044,
              36.46197518742483
            ],
            [
              10.647596339443195,
              36.461882319239265
            ],
            [
              10.647815828701262,
              36.46174455173894
            ],
            [
              10.647926046769852,
              36.46169811731299
            ],
            [
              10.648034364964422,
              36.46156188248404
            ],
            [
              10.648085195755632,
              36.46133661143212
            ],
            [
              10.648250047880934,
              36.46124450993898
            ],
            [
              10.648303731803662,
              36.46115394169557
            ],
            [
              10.648468583280154,
              36.46106183991412
            ],
            [
              10.648632483371783,
              36.46092483653344
            ],
            [
              10.64868521407667,
              36.46078936677166
            ],
            [
              10.648796382887062,
              36.46078783293918
            ],
            [
              10.648962184167306,
              36.46074063188026
            ],
            [
              10.64907049921811,
              36.46060439492231
            ],
            [
              10.649178812377302,
              36.460468159141044
            ],
            [
              10.649342709971453,
              36.46033115483496
            ],
            [
              10.649399246215447,
              36.460375288990186
            ],
            [
              10.64945482953401,
              36.46037452177248
            ],
            [
              10.649508509902445,
              36.4602839517993
            ],
            [
              10.649673358086112,
              36.46019184842309
            ],
            [
              10.649838205875039,
              36.46009974482762
            ],
            [
              10.650003053269222,
              36.46000764101292
            ],
            [
              10.650224436654256,
              36.459959670741846
            ],
            [
              10.650277163972708,
              36.45982420034237
            ],
            [
              10.650328939218598,
              36.459643829817175
            ],
            [
              10.650437250377491,
              36.45950759169379
            ],
            [
              10.650546513201895,
              36.4594162548271
            ],
            [
              10.650713262545827,
              36.4594139515241
            ],
            [
              10.65076884514149,
              36.4594131837118
            ],
            [
              10.650823475562222,
              36.459367515778624
            ],
            [
              10.65076694083553,
              36.45932338227179
            ],
            [
              10.650709454070403,
              36.45923434863763
            ],
            [
              10.650876203011174,
              36.45923204511684
            ],
            [
              10.651042951932991,
              36.459229741363224
            ],
            [
              10.65115411838511,
              36.45922820539102
            ],
            [
              10.651096629714644,
              36.45913917197287
            ],
            [
              10.651093772707267,
              36.45900446920485
            ],
            [
              10.650979751345549,
              36.458871303559754
            ],
            [
              10.651089011105725,
              36.45877996624708
            ],
            [
              10.651197319764398,
              36.458643727479064
            ],
            [
              10.651195415017828,
              36.45855392604687
            ],
            [
              10.651249092184054,
              36.458463356594436
            ],
            [
              10.65141488692159,
              36.45841615102559
            ],
            [
              10.651413934442955,
              36.45837125093642
            ],
            [
              10.651412029465554,
              36.45828144950994
            ],
            [
              10.651410124496586,
              36.45819164808201
            ],
            [
              10.651520336887865,
              36.45814521046975
            ],
            [
              10.6516880360833,
              36.45818780720687
            ],
            [
              10.651800153706406,
              36.45823117075329
            ],
            [
              10.651855735427517,
              36.45823040245619
            ],
            [
              10.651910364388185,
              36.45818473405392
            ],
            [
              10.65190941160549,
              36.45813983272715
            ],
            [
              10.651850971737595,
              36.45800589830848
            ],
            [
              10.651848113570114,
              36.4578711968132
            ],
            [
              10.652123165296823,
              36.45773265222041
            ],
            [
              10.652289910903686,
              36.457730346805924
            ],
            [
              10.652344539262412,
              36.457684678216566
            ],
            [
              10.652399167530639,
              36.457639008356416
            ],
            [
              10.652396308426864,
              36.457504305643035
            ],
            [
              10.652449032002458,
              36.45736883559434
            ],
            [
              10.652615776803035,
              36.45736652974432
            ],
            [
              10.652728845393142,
              36.45745479377658
            ],
            [
              10.652897496984481,
              36.45754228890276
            ],
            [
              10.653064242118642,
              36.457539982416854
            ],
            [
              10.65311887139782,
              36.45749431221804
            ],
            [
              10.653116011090939,
              36.45735961079745
            ],
            [
              10.653169685219634,
              36.457269040541284
            ],
            [
              10.653335476173012,
              36.45722183238862
            ],
            [
              10.653556849407614,
              36.45717385616586
            ],
            [
              10.653610522869554,
              36.45708328447792
            ],
            [
              10.653665149990692,
              36.45703761531037
            ],
            [
              10.653718824807727,
              36.45694704480302
            ],
            [
              10.653774405558657,
              36.45694627563567
            ],
            [
              10.653830940129346,
              36.456990406487584
            ],
            [
              10.653888430192914,
              36.45707943857961
            ],
            [
              10.654001499775676,
              36.45716770263067
            ],
            [
              10.65411170910185,
              36.45712126269303
            ],
            [
              10.654276545039423,
              36.457029153218286
            ],
            [
              10.654384845690288,
              36.45689291172211
            ],
            [
              10.654438518019921,
              36.45680234093411
            ],
            [
              10.65432640111287,
              36.456758979842334
            ],
            [
              10.65426891235187,
              36.45666994794213
            ],
            [
              10.654378166690696,
              36.4565786077403
            ],
            [
              10.654543955391611,
              36.45653139795907
            ],
            [
              10.654652253362336,
              36.456395156260186
            ],
            [
              10.654762461227653,
              36.45634871700044
            ],
            [
              10.654929203649594,
              36.45634640797396
            ],
            [
              10.654983829446863,
              36.456300736982996
            ],
            [
              10.654981920497557,
              36.45621093568724
            ],
            [
              10.654869805716622,
              36.45616757506666
            ],
            [
              10.654757689486663,
              36.456124213111515
            ],
            [
              10.654866942493662,
              36.45603287248818
            ],
            [
              10.654977148148006,
              36.455986431818054
            ],
            [
              10.655088309750404,
              36.45598489229897
            ],
            [
              10.655145798923087,
              36.45607392505021
            ],
            [
              10.655313496914788,
              36.456116515499794
            ],
            [
              10.655479284051104,
              36.456069305701874
            ],
            [
              10.655589489368781,
              36.45602286447434
            ],
            [
              10.655642206403485,
              36.4558873919023
            ],
            [
              10.655753366282937,
              36.45588585178884
            ],
            [
              10.655865482682433,
              36.45592921280452
            ],
            [
              10.655920107630507,
              36.45588354140325
            ],
            [
              10.655972824025838,
              36.45574806994624
            ],
            [
              10.65602649374287,
              36.455657498494375
            ],
            [
              10.656247859142535,
              36.4556095161961
            ],
            [
              10.656304395639918,
              36.455653647100014
            ],
            [
              10.656417465711776,
              36.45574190761737
            ],
            [
              10.65652862688425,
              36.455740366765774
            ],
            [
              10.656582295939932,
              36.455649795080404
            ],
            [
              10.656746170293856,
              36.45551278108752
            ],
            [
              10.656856375579416,
              36.455466338703495
            ],
            [
              10.656965625155893,
              36.455374996234944
            ],
            [
              10.657022160327108,
              36.45541912681575
            ],
            [
              10.657135232379288,
              36.455507386622635
            ],
            [
              10.65724543586696,
              36.45546094390671
            ],
            [
              10.657355640791017,
              36.45541450231766
            ],
            [
              10.657464889693465,
              36.45532315940793
            ],
            [
              10.657463933808353,
              36.455278258185714
            ],
            [
              10.6575750942603,
              36.455276716376375
            ],
            [
              10.657631629692137,
              36.45532084666204
            ],
            [
              10.657688165161446,
              36.455364975671905
            ],
            [
              10.657798369671786,
              36.45531853368335
            ],
            [
              10.657907617908656,
              36.4552271903835
            ],
            [
              10.656002808441379,
              36.45192997059486
            ],
            [
              10.65577572454092,
              36.451708546978345
            ],
            [
              10.655153873193704,
              36.45122310758818
            ],
            [
              10.654531075556827,
              36.45069276339764
            ],
            [
              10.654022300941143,
              36.450295581397285
            ],
            [
              10.653966724942176,
              36.45029635055987
            ],
            [
              10.647301792434359,
              36.45321798627833
            ],
            [
              10.634788890122485,
              36.44773063314099
            ],
            [
              10.635063938630214,
              36.44759212903726
            ],
            [
              10.635390789104985,
              36.447273258006355
            ],
            [
              10.63549911055763,
              36.447137032948156
            ],
            [
              10.635440707623808,
              36.44700309057921
            ],
            [
              10.635435993179415,
              36.44677858415741
            ],
            [
              10.635488738443694,
              36.44664311958212
            ],
            [
              10.635651689714171,
              36.44646123337088
            ],
            [
              10.635704434405971,
              36.44632576870819
            ],
            [
              10.635757180492732,
              36.44619030524983
            ],
            [
              10.635699719344348,
              36.446101263537564
            ],
            [
              10.63569594732214,
              36.445921658895735
            ],
            [
              10.635750579209482,
              36.44587599651305
            ],
            [
              10.635858896627123,
              36.44573977118357
            ],
            [
              10.636357173724646,
              36.445643122038554
            ],
            [
              10.636633155588996,
              36.44554951504881
            ],
            [
              10.636853562200614,
              36.445456668565654
            ],
            [
              10.63696187866568,
              36.445320443514994
            ],
            [
              10.636959991223325,
              36.44523063999261
            ],
            [
              10.636902531016649,
              36.44514159884155
            ],
            [
              10.636845069400193,
              36.44505255767937
            ],
            [
              10.636782891513914,
              36.444739011363396
            ],
            [
              10.6367226012346,
              36.444515266037634
            ],
            [
              10.636775342858375,
              36.44437980093932
            ],
            [
              10.636991027576467,
              36.44406244791427
            ],
            [
              10.637209543529424,
              36.44387979855921
            ],
            [
              10.637538257965923,
              36.443650724349425
            ],
            [
              10.637701198351275,
              36.4434688355303
            ],
            [
              10.637859417196175,
              36.443062440212834
            ],
            [
              10.637913100126747,
              36.442971876412436
            ],
            [
              10.637852808213257,
              36.44274813288864
            ],
            [
              10.637795348943738,
              36.44265909211148
            ],
            [
              10.637679485224913,
              36.44243610871524
            ],
            [
              10.637619194425966,
              36.442212363779575
            ],
            [
              10.637615418514946,
              36.44203275919295
            ],
            [
              10.637612586590508,
              36.44189805512565
            ],
            [
              10.637664381076183,
              36.44171768913577
            ],
            [
              10.637659661134485,
              36.441493182764475
            ],
            [
              10.637711455277417,
              36.44131281675195
            ],
            [
              10.637653997289128,
              36.44122377585532
            ],
            [
              10.637651165407766,
              36.441089073019434
            ],
            [
              10.637366706273195,
              36.44077857093048
            ],
            [
              10.636968279849821,
              36.44033488611841
            ],
            [
              10.636685713010612,
              36.44011418583875
            ],
            [
              10.636461548082156,
              36.4400274269645
            ],
            [
              10.63623643897683,
              36.43989576585858
            ],
            [
              10.636122471688605,
              36.43976258300861
            ],
            [
              10.636119642605053,
              36.43962788003648
            ],
            [
              10.636227951098018,
              36.43949165447041
            ],
            [
              10.636391829450206,
              36.43935466803288
            ],
            [
              10.63655382072463,
              36.43912788024336
            ],
            [
              10.636662129325634,
              36.43899165428779
            ],
            [
              10.63671392435578,
              36.4388112886193
            ],
            [
              10.636761947253984,
              36.43845131813672
            ],
            [
              10.636815628482996,
              36.43836075356377
            ],
            [
              10.636981390451089,
              36.43831357000743
            ],
            [
              10.63720272007413,
              36.4382656238619
            ],
            [
              10.637367539418575,
              36.43817353795157
            ],
            [
              10.637421219780313,
              36.438082974371824
            ],
            [
              10.637531413049295,
              36.43803655128753
            ],
            [
              10.637642548477652,
              36.438035028679145
            ],
            [
              10.637755573276886,
              36.438123308294294
            ],
            [
              10.63786765433204,
              36.43816668600045
            ],
            [
              10.63792605420661,
              36.43830062868108
            ],
            [
              10.638037191533455,
              36.438299105674695
            ],
            [
              10.638147383143975,
              36.43825268079879
            ],
            [
              10.638315032498188,
              36.4382952977381
            ],
            [
              10.638427114095672,
              36.43833867490342
            ],
            [
              10.638704956691145,
              36.438334866034666
            ],
            [
              10.63892722980359,
              36.438331818487036
            ],
            [
              10.63909299031828,
              36.43828463203093
            ],
            [
              10.639367998057734,
              36.438146117583614
            ],
            [
              10.639640169817577,
              36.43787289974969
            ],
            [
              10.640077151211777,
              36.437507591827234
            ],
            [
              10.640293751184522,
              36.43723513378256
            ],
            [
              10.640456672151018,
              36.43705324151482
            ],
            [
              10.640506566296335,
              36.43678307215458
            ],
            [
              10.640557405596763,
              36.43655780326963
            ],
            [
              10.640721270160165,
              36.436420812417026
            ],
            [
              10.640829567747126,
              36.436284582898836
            ],
            [
              10.640936919290082,
              36.43610345279533
            ],
            [
              10.641096053365857,
              36.43574195400402
            ],
            [
              10.641255186047959,
              36.43538045626394
            ],
            [
              10.641581961220103,
              36.43506156958328
            ],
            [
              10.641804224678433,
              36.43505851691414
            ],
            [
              10.641969030155852,
              36.434966424930955
            ],
            [
              10.642244967446642,
              36.434872805928194
            ],
            [
              10.642409771995167,
              36.43478071335669
            ],
            [
              10.64257173641396,
              36.43455391666754
            ],
            [
              10.64273559325029,
              36.43441692320107
            ],
            [
              10.642845778035541,
              36.43437049414612
            ],
            [
              10.643011527630673,
              36.434323302490064
            ],
            [
              10.643287459783714,
              36.43422968117758
            ],
            [
              10.643452261686967,
              36.43413758597537
            ],
            [
              10.643560551410095,
              36.434001355377085
            ],
            [
              10.643723458107555,
              36.43381945891903
            ],
            [
              10.643942877314968,
              36.433681698505666
            ],
            [
              10.64405116399022,
              36.43354546626412
            ],
            [
              10.644104835029964,
              36.433454899866625
            ],
            [
              10.644101992804355,
              36.43332019729081
            ],
            [
              10.643988020872508,
              36.43318702193046
            ],
            [
              10.643874049334872,
              36.4330538464485
            ],
            [
              10.64376197262004,
              36.43301047424675
            ],
            [
              10.6435397152192,
              36.433013530413426
            ],
            [
              10.643042475172171,
              36.43315510919394
            ],
            [
              10.642547126250212,
              36.43338648690173
            ],
            [
              10.642215630206744,
              36.4334808698728
            ],
            [
              10.641993371292367,
              36.43348392319461
            ],
            [
              10.641825730607854,
              36.43344131242621
            ],
            [
              10.641712708343904,
              36.433353036544595
            ],
            [
              10.64176732652539,
              36.43330737164809
            ],
            [
              10.641929289951802,
              36.43308057580738
            ],
            [
              10.641981070844103,
              36.432900208067856
            ],
            [
              10.641979178500883,
              36.4328104058312
            ],
            [
              10.641865210924426,
              36.43267722956864
            ],
            [
              10.641697572029472,
              36.43263461732182
            ],
            [
              10.64136324058434,
              36.43259429386477
            ],
            [
              10.641087310144389,
              36.4326879119325
            ],
            [
              10.64092061717704,
              36.432690200349896
            ],
            [
              10.640641849600488,
              36.432649112095646
            ],
            [
              10.640473266087504,
              36.432561597580786
            ],
            [
              10.640414866566086,
              36.432427656025006
            ],
            [
              10.640468539632531,
              36.43233709118035
            ],
            [
              10.640576832297224,
              36.43220086318159
            ],
            [
              10.640849925227245,
              36.43197254348892
            ],
            [
              10.640955378538633,
              36.431701611114704
            ],
            [
              10.641223740190732,
              36.431248784253356
            ],
            [
              10.641542932028436,
              36.43057068873071
            ],
            [
              10.641484532313479,
              36.43043674766428
            ],
            [
              10.64131500709454,
              36.430304333682685
            ],
            [
              10.641147373625753,
              36.430261720509726
            ],
            [
              10.640923231280675,
              36.430174969309185
            ],
            [
              10.641196316295202,
              36.429946648954825
            ],
            [
              10.641249041209253,
              36.42981118325481
            ],
            [
              10.641185914590208,
              36.42945273557262
            ],
            [
              10.6410126101059,
              36.42914071640921
            ],
            [
              10.640676403420711,
              36.429010588269236
            ],
            [
              10.640454157078379,
              36.42901363840501
            ],
            [
              10.640283691672952,
              36.42883632099642
            ],
            [
              10.640333582263857,
              36.42856615146917
            ],
            [
              10.640384417627123,
              36.42834088248297
            ],
            [
              10.640437144505691,
              36.428205415830156
            ],
            [
              10.640323186547478,
              36.42807223775888
            ],
            [
              10.640151778614825,
              36.42785001825609
            ],
            [
              10.64014705389753,
              36.427625511641985
            ],
            [
              10.640087714075422,
              36.427446669134326
            ],
            [
              10.63980613154964,
              36.427270875410905
            ],
            [
              10.639801407927319,
              36.42704636873608
            ],
            [
              10.639963364872632,
              36.426819575519644
            ],
            [
              10.640178990570847,
              36.42650221863981
            ],
            [
              10.640173321090527,
              36.426232810145706
            ],
            [
              10.640167651711739,
              36.42596340288576
            ],
            [
              10.640328660482268,
              36.42569170863093
            ],
            [
              10.640266487088002,
              36.42537816186949
            ],
            [
              10.640043306268089,
              36.425336310386925
            ],
            [
              10.639981132811336,
              36.42502276344382
            ],
            [
              10.64036626612503,
              36.42483782259263
            ],
            [
              10.64052821705675,
              36.42461102868681
            ],
            [
              10.640466987369502,
              36.42434238383475
            ],
            [
              10.640241919668394,
              36.424210728956204
            ],
            [
              10.640124188923073,
              36.42389794430188
            ],
            [
              10.63978233904152,
              36.4234984055156
            ],
            [
              10.639278541523492,
              36.4233256581212
            ],
            [
              10.639051590442977,
              36.42310419833994
            ],
            [
              10.638988478995742,
              36.42274574998336
            ],
            [
              10.639644778699294,
              36.4222426934644
            ],
            [
              10.64025306918678,
              36.42209960573236
            ],
            [
              10.6405788500195,
              36.421735821810515
            ],
            [
              10.640738904097315,
              36.42141922521772
            ],
            [
              10.640788790895964,
              36.42114905531664
            ],
            [
              10.64072850852336,
              36.42092531101546
            ],
            [
              10.640834895452294,
              36.42069928047292
            ],
            [
              10.641272724771383,
              36.42037887032983
            ],
            [
              10.641432773422675,
              36.42006227287935
            ],
            [
              10.641538211723761,
              36.41979133990913
            ],
            [
              10.641700149269044,
              36.41956454458087
            ],
            [
              10.641804638866756,
              36.41924870956638
            ],
            [
              10.641967520257747,
              36.41906681575127
            ],
            [
              10.642017401589417,
              36.418796645380446
            ],
            [
              10.642069172526528,
              36.41861627745492
            ],
            [
              10.64234789022495,
              36.4186573624738
            ],
            [
              10.64262755271878,
              36.41874334868905
            ],
            [
              10.643072934222353,
              36.41878214319061
            ],
            [
              10.643403420798,
              36.41864285741012
            ],
            [
              10.64339774183181,
              36.41837345024365
            ],
            [
              10.643667939485237,
              36.41801042207462
            ],
            [
              10.643777154189902,
              36.417919092072125
            ],
            [
              10.643887313833881,
              36.41787266256092
            ],
            [
              10.64416413582694,
              36.41782394101788
            ],
            [
              10.644384455797393,
              36.41773108242536
            ],
            [
              10.644550169385838,
              36.417683889427536
            ],
            [
              10.644882543214093,
              36.417634402052904
            ],
            [
              10.645158416194453,
              36.417540777698605
            ],
            [
              10.645377786539877,
              36.41740301678241
            ],
            [
              10.645538760329915,
              36.41713131478701
            ],
            [
              10.645864497618746,
              36.41676751727831
            ],
            [
              10.646028312291147,
              36.41663051874808
            ],
            [
              10.646081968573133,
              36.416539951590345
            ],
            [
              10.646245782415518,
              36.416402954025585
            ],
            [
              10.646517856466772,
              36.416129720841916
            ],
            [
              10.646681668686051,
              36.41599272271124
            ],
            [
              10.64684548030392,
              36.41585572312023
            ],
            [
              10.646954686709503,
              36.41576439037099
            ],
            [
              10.647285153349346,
              36.41562509427556
            ],
            [
              10.647395309159831,
              36.41557866287071
            ],
            [
              10.64750546480988,
              36.41553223012008
            ],
            [
              10.647615618808757,
              36.41548579853914
            ],
            [
              10.647724825326888,
              36.41539446509465
            ],
            [
              10.64777752989798,
              36.41525899548455
            ],
            [
              10.647831184779006,
              36.41516842757488
            ],
            [
              10.647828337987482,
              36.41503372359111
            ],
            [
              10.648044849405558,
              36.4147612540362
            ],
            [
              10.648209605194138,
              36.414669154412366
            ],
            [
              10.64848641279945,
              36.41462042317716
            ],
            [
              10.648705769010387,
              36.41448265643805
            ],
            [
              10.648870523406835,
              36.41439055593261
            ],
            [
              10.648924176440802,
              36.41429998756648
            ],
            [
              10.64912833678728,
              36.41344379995928
            ],
            [
              10.649288340015142,
              36.41312719404207
            ],
            [
              10.649341040463844,
              36.412991723800374
            ],
            [
              10.649336291862378,
              36.41276721766345
            ],
            [
              10.64943599500439,
              36.41222687171704
            ],
            [
              10.649427447316757,
              36.41182276113041
            ],
            [
              10.649473498462019,
              36.411372982435935
            ],
            [
              10.649571299683751,
              36.41074283409709
            ],
            [
              10.649679547566086,
              36.41060659728565
            ],
            [
              10.65017283181131,
              36.41028538989535
            ],
            [
              10.650282028197308,
              36.41019405429661
            ],
            [
              10.650332824763423,
              36.4099687826904
            ],
            [
              10.65027347676161,
              36.40978994374453
            ],
            [
              10.650266825786177,
              36.409475636625736
            ],
            [
              10.650317621983111,
              36.40925036376369
            ],
            [
              10.650314771513491,
              36.40911565981495
            ],
            [
              10.651346400513415,
              36.40797855973586
            ],
            [
              10.651616526301373,
              36.40761551357924
            ],
            [
              10.651722864634259,
              36.40738947411408
            ],
            [
              10.651830151743555,
              36.40720833380154
            ],
            [
              10.651825397008775,
              36.40698382897574
            ],
            [
              10.651707650486715,
              36.40667105538032
            ],
            [
              10.651362969535093,
              36.406136844307525
            ],
            [
              10.651248076451337,
              36.405958774114545
            ],
            [
              10.651399500945159,
              36.40523805495471
            ],
            [
              10.651783557442457,
              36.405008178139376
            ],
            [
              10.651837201012922,
              36.40491760857811
            ],
            [
              10.651442686329469,
              36.40465357143944
            ],
            [
              10.650596223053634,
              36.40403645996544
            ],
            [
              10.649866558282243,
              36.40368721629714
            ],
            [
              10.649251782611522,
              36.40351603927793
            ],
            [
              10.648978811455287,
              36.40374437608015
            ],
            [
              10.64853920927135,
              36.40397500977099
            ],
            [
              10.648211639849716,
              36.40424901124306
            ],
            [
              10.64777013391156,
              36.40438983983779
            ],
            [
              10.647104554149882,
              36.40444392391217
            ],
            [
              10.64649356912213,
              36.40445233885783
            ],
            [
              10.645768654604398,
              36.40432757663218
            ],
            [
              10.645154829024984,
              36.404201280310694
            ],
            [
              10.644651146814953,
              36.40402855219423
            ],
            [
              10.644034486146253,
              36.40376754676583
            ],
            [
              10.643640004383867,
              36.40350348294826
            ],
            [
              10.643249307288988,
              36.4034190242651
            ],
            [
              10.642912264008494,
              36.40324399847159
            ],
            [
              10.642518734082442,
              36.40302483271397
            ],
            [
              10.642295615113767,
              36.402982983721614
            ],
            [
              10.64224007249758,
              36.402983746575266
            ],
            [
              10.641860721817707,
              36.40343809931484
            ],
            [
              10.64164327175209,
              36.40366565719782
            ],
            [
              10.641646106687713,
              36.40380036185725
            ],
            [
              10.64153974483386,
              36.404026393072144
            ],
            [
              10.64137783732468,
              36.40425318794341
            ],
            [
              10.641215928891032,
              36.40447998261069
            ],
            [
              10.641164162538024,
              36.40466035040967
            ],
            [
              10.641166996723278,
              36.40479505383188
            ],
            [
              10.641280920556726,
              36.40492823366929
            ],
            [
              10.641567148545771,
              36.40532853380959
            ],
            [
              10.641627417971225,
              36.40555227851474
            ],
            [
              10.641579433534803,
              36.40591225175804
            ],
            [
              10.641529557187056,
              36.40618242233547
            ],
            [
              10.641368590336704,
              36.40645411918328
            ],
            [
              10.64126127950717,
              36.40663524945825
            ],
            [
              10.641265058938286,
              36.40681485478364
            ],
            [
              10.641380874344861,
              36.40703783707964
            ],
            [
              10.641554127721518,
              36.407349858026365
            ],
            [
              10.641610620100542,
              36.40739399733438
            ],
            [
              10.641614400440341,
              36.407573602605446
            ],
            [
              10.64161629062279,
              36.40766340523882
            ],
            [
              10.641508032255373,
              36.40779963505602
            ],
            [
              10.641343282390485,
              36.407891725363434
            ],
            [
              10.641177587267377,
              36.40793891350445
            ],
            [
              10.641011891962174,
              36.40798610266728
            ],
            [
              10.640960123121461,
              36.408166470346984
            ],
            [
              10.640962957343215,
              36.408301174950864
            ],
            [
              10.641027008362455,
              36.408704525108455
            ],
            [
              10.640978073466671,
              36.409019597371696
            ],
            [
              10.640816154466085,
              36.409246390356095
            ],
            [
              10.640760607350474,
              36.40924715263406
            ],
            [
              10.63896326571694,
              36.40832860279141
            ],
            [
              10.637449354535262,
              36.40767562997682
            ],
            [
              10.636441036299306,
              36.40728520493296
            ],
            [
              10.635656795069027,
              36.40698153479609
            ],
            [
              10.633868029064867,
              36.40646701781197
            ],
            [
              10.633475447160052,
              36.406292724252175
            ],
            [
              10.632971775222215,
              36.40611994659749
            ],
            [
              10.631851467696945,
              36.405686097821366
            ],
            [
              10.63162740672402,
              36.40559932677562
            ],
            [
              10.631458892497283,
              36.40551179741548
            ],
            [
              10.631122804125125,
              36.40538163889491
            ],
            [
              10.63056265979148,
              36.405164706264166
            ],
            [
              10.630339541751809,
              36.40512283490932
            ],
            [
              10.630228451264445,
              36.40512434956743
            ],
            [
              10.62939996608819,
              36.40536021357879
            ],
            [
              10.629344419878985,
              36.4053609704985
            ],
            [
              10.628738111834142,
              36.40559380347544
            ],
            [
              10.628406714458508,
              36.405688145956184
            ],
            [
              10.628241015471428,
              36.40573531748211
            ],
            [
              10.62791148959435,
              36.40591946190634
            ],
            [
              10.627526418440937,
              36.406104361499914
            ],
            [
              10.62741626328331,
              36.40615077584615
            ],
            [
              10.627251499436984,
              36.40624284705924
            ],
            [
              10.626865488494342,
              36.40638284231341
            ],
            [
              10.62664424153107,
              36.406430767417
            ],
            [
              10.626478539797455,
              36.40647793531003
            ],
            [
              10.626202681348142,
              36.40657151623391
            ],
            [
              10.626036042949353,
              36.406573782477025
            ],
            [
              10.625925886199644,
              36.40662019548331
            ],
            [
              10.625264010252842,
              36.406853766599575
            ],
            [
              10.623554222021305,
              36.407460882919544
            ],
            [
              10.623387581504275,
              36.40746314551452
            ],
            [
              10.623164460152415,
              36.40742125958453
            ],
            [
              10.622496030018429,
              36.40734050289304
            ],
            [
              10.621770187584348,
              36.4071706923051
            ],
            [
              10.62160261396712,
              36.40712805000348
            ],
            [
              10.620598107460964,
              36.4069170973292
            ],
            [
              10.620039844604856,
              36.406789918516786
            ],
            [
              10.61959174283173,
              36.406616331156926
            ],
            [
              10.618975140251962,
              36.40635519478204
            ],
            [
              10.618751092269552,
              36.4062683992433
            ],
            [
              10.618415952127798,
              36.40618310697802
            ],
            [
              10.617969720109903,
              36.40609931579475
            ],
            [
              10.617690128468839,
              36.406013269808795
            ],
            [
              10.617578104825382,
              36.40596987148917
            ],
            [
              10.617354990480269,
              36.405927974504706
            ],
            [
              10.616742123333923,
              36.405846433770265
            ],
            [
              10.6164634628795,
              36.40580528738601
            ],
            [
              10.61629682531338,
              36.40580753999904
            ],
            [
              10.615907074519143,
              36.40576789265685
            ],
            [
              10.615851527648346,
              36.40576864330814
            ],
            [
              10.61557379943658,
              36.405772396093866
            ],
            [
              10.615296069630132,
              36.40577614825492
            ],
            [
              10.61490631940305,
              36.40573649887537
            ],
            [
              10.614795227192511,
              36.40573799919926
            ],
            [
              10.614628589632924,
              36.40574024948102
            ],
            [
              10.614238838272922,
              36.40570059668254
            ],
            [
              10.614016655415991,
              36.40570359596186
            ],
            [
              10.613124207595929,
              36.40553598109718
            ],
            [
              10.61267891261688,
              36.40549707249085
            ],
            [
              10.612679840999252,
              36.40554197509295
            ],
            [
              10.612472509053028,
              36.40626340441473
            ],
            [
              10.611943030194656,
              36.40752815055197
            ],
            [
              10.611837503007633,
              36.4077990600689
            ],
            [
              10.61151164081209,
              36.408162768251096
            ],
            [
              10.611291305968733,
              36.408255566608176
            ],
            [
              10.611126517884445,
              36.40834761611778
            ],
            [
              10.610958946988907,
              36.40830496004656
            ],
            [
              10.610847850905689,
              36.40830645678902
            ],
            [
              10.610734901669634,
              36.40821814940569
            ],
            [
              10.610622878407872,
              36.40817474330928
            ],
            [
              10.610454380945932,
              36.40808718388194
            ],
            [
              10.610228481159435,
              36.40791056825347
            ],
            [
              10.610061838585601,
              36.407912812277914
            ],
            [
              10.609894269158742,
              36.40787015467127
            ],
            [
              10.60961653265252,
              36.40787389378823
            ],
            [
              10.609173078394745,
              36.40792477647616
            ],
            [
              10.608786098359175,
              36.4080198128224
            ],
            [
              10.608233398546282,
              36.408161992119936
            ],
            [
              10.60762700036195,
              36.408394718644594
            ],
            [
              10.607128919418049,
              36.408491244612385
            ],
            [
              10.606300322893107,
              36.40872695079517
            ],
            [
              10.605526344696514,
              36.40891700399528
            ],
            [
              10.604642190413387,
              36.40915344599282
            ],
            [
              10.603923753317561,
              36.4093427434928
            ],
            [
              10.603204388004636,
              36.409487135235885
            ],
            [
              10.60270813947514,
              36.40967344612826
            ],
            [
              10.602322064736157,
              36.4098133646966
            ],
            [
              10.601991537234609,
              36.40995253656861
            ],
            [
              10.601497125362599,
              36.41022864819736
            ],
            [
              10.60116843839061,
              36.41045762224665
            ],
            [
              10.601002711466773,
              36.410504756584714
            ],
            [
              10.60050829402937,
              36.41078086299841
            ],
            [
              10.599959244773885,
              36.411102613609984
            ],
            [
              10.599245380114848,
              36.41151639538439
            ],
            [
              10.598642611258592,
              36.411928687616644
            ],
            [
              10.59809630513941,
              36.41238513611913
            ],
            [
              10.597878701931872,
              36.412612617717286
            ],
            [
              10.597174009286498,
              36.41347541017979
            ],
            [
              10.596957319987663,
              36.41374779183732
            ],
            [
              10.596797100448098,
              36.41406433412849
            ],
            [
              10.596526693519213,
              36.41442726274245
            ],
            [
              10.5963637130368,
              36.414609097068656
            ],
            [
              10.596146098668333,
              36.414836574457105
            ],
            [
              10.59565347420296,
              36.41520246747071
            ],
            [
              10.594996021981103,
              36.41566038527937
            ],
            [
              10.593845002989353,
              36.416439282574764
            ],
            [
              10.592254108359512,
              36.41744860115996
            ],
            [
              10.591924446853302,
              36.41763265043416
            ],
            [
              10.591985502500544,
              36.41790132477363
            ],
            [
              10.59188722729279,
              36.41853143696154
            ],
            [
              10.591899146407822,
              36.419115167944014
            ],
            [
              10.591845424623482,
              36.419205713555364
            ],
            [
              10.59179536995383,
              36.41947586723007
            ],
            [
              10.591635118299948,
              36.4197924031046
            ],
            [
              10.591366501205206,
              36.42024512419371
            ],
            [
              10.590875652977592,
              36.42070080199258
            ],
            [
              10.590277347572083,
              36.42133756658638
            ],
            [
              10.590114338352809,
              36.42151939288952
            ],
            [
              10.59011983393498,
              36.421788808253126
            ],
            [
              10.590010549256215,
              36.4218800907857
            ],
            [
              10.589682695229373,
              36.42215393779206
            ],
            [
              10.589353923401905,
              36.42238288220206
            ],
            [
              10.589245553976268,
              36.422519065788315
            ],
            [
              10.589253793150089,
              36.42292318768454
            ],
            [
              10.589147252143471,
              36.42314917718436
            ],
            [
              10.588982405944734,
              36.423241197318085
            ],
            [
              10.588874033202169,
              36.42337738186097
            ],
            [
              10.588598982404749,
              36.42351577995289
            ],
            [
              10.5884332197626,
              36.423562897607425
            ],
            [
              10.588326677062913,
              36.42378888516354
            ],
            [
              10.588328507000067,
              36.423878689914226
            ],
            [
              10.588555319949826,
              36.424100249633156
            ],
            [
              10.588835864462537,
              36.4242312657765
            ],
            [
              10.58895156115334,
              36.42445430137142
            ],
            [
              10.589121902580795,
              36.42463169535302
            ],
            [
              10.589125564407267,
              36.42481130475823
            ],
            [
              10.589131057207762,
              36.42508071885528
            ],
            [
              10.589080073097675,
              36.42530596975541
            ],
            [
              10.588972614718845,
              36.42548705611277
            ],
            [
              10.588868815682691,
              36.425847751797214
            ],
            [
              10.58887247711405,
              36.426027362434965
            ],
            [
              10.58893261455237,
              36.42625113510131
            ],
            [
              10.589046483792597,
              36.426384365769174
            ],
            [
              10.589103875533754,
              36.4264734319255
            ],
            [
              10.58921682981426,
              36.42656175945123
            ],
            [
              10.589441821904948,
              36.42669351247413
            ],
            [
              10.58955569264668,
              36.42682674136228
            ],
            [
              10.590118636433123,
              36.42717857222415
            ],
            [
              10.590294483971508,
              36.427625378080315
            ],
            [
              10.590416604362087,
              36.42816272862536
            ],
            [
              10.590483162652378,
              36.42870081696117
            ],
            [
              10.590493242883708,
              36.42919474277132
            ],
            [
              10.590445927539355,
              36.42959960319842
            ],
            [
              10.5905106547612,
              36.43004788679688
            ],
            [
              10.590740243651549,
              36.43040414897917
            ],
            [
              10.591092880661657,
              36.431342660403295
            ],
            [
              10.591381708640705,
              36.431877790554275
            ],
            [
              10.591841821975915,
              36.43263521078549
            ],
            [
              10.591960292619362,
              36.43299294870516
            ],
            [
              10.59207692951848,
              36.43326088201554
            ],
            [
              10.59224454527835,
              36.43330356460587
            ],
            [
              10.592466809139847,
              36.433300603910105
            ],
            [
              10.592634425178943,
              36.43334328594518
            ],
            [
              10.59269366198973,
              36.4335221544641
            ],
            [
              10.592699168866496,
              36.43379156769999
            ],
            [
              10.59276024347014,
              36.43406024054504
            ],
            [
              10.592930615183763,
              36.43423762808611
            ],
            [
              10.593268606452476,
              36.43445769642892
            ],
            [
              10.593491791804738,
              36.43449963655234
            ],
            [
              10.593771463800751,
              36.43458573694769
            ],
            [
              10.593995568338972,
              36.434672577660585
            ],
            [
              10.594219674908402,
              36.43475941791852
            ],
            [
              10.59444745587402,
              36.435025866395016
            ],
            [
              10.5945641045408,
              36.43529379690129
            ],
            [
              10.594680752521926,
              36.43556172852994
            ],
            [
              10.59468626667604,
              36.43583114141288
            ],
            [
              10.593811878196966,
              36.43656143481606
            ],
            [
              10.593765495640096,
              36.437011197297664
            ],
            [
              10.593883980910757,
              36.437368932694724
            ],
            [
              10.59406171253413,
              36.43790553670735
            ],
            [
              10.594293179661454,
              36.43835159366219
            ],
            [
              10.594578379301518,
              36.4387071057987
            ],
            [
              10.59553134418471,
              36.43909861944749
            ],
            [
              10.5967704541131,
              36.439890531889034
            ],
            [
              10.59733444650207,
              36.440287226278826
            ],
            [
              10.597786382255853,
              36.440640502120665
            ],
            [
              10.598467056938631,
              36.44130511727759
            ],
            [
              10.598420699535728,
              36.44175488063178
            ],
            [
              10.598428070682129,
              36.4421140980245
            ],
            [
              10.598653123573957,
              36.44224583061215
            ],
            [
              10.59904028559913,
              36.442150823140565
            ],
            [
              10.599323678705762,
              36.44241651757915
            ],
            [
              10.59944496603191,
              36.44290895288305
            ],
            [
              10.599235580567862,
              36.4435405563804
            ],
            [
              10.599295764559054,
              36.443764323351644
            ],
            [
              10.599301296317783,
              36.44403373525693
            ],
            [
              10.599307750141959,
              36.44434804975369
            ],
            [
              10.599313282059866,
              36.44461746163101
            ],
            [
              10.59937346567778,
              36.444841228518804
            ],
            [
              10.599489224956416,
              36.44506425041042
            ],
            [
              10.599716132795834,
              36.4452857858564
            ],
            [
              10.599719821800335,
              36.44546539371193
            ],
            [
              10.599723510837496,
              36.44564500156171
            ],
            [
              10.599893924392173,
              36.44582237906048
            ],
            [
              10.600063416220037,
              36.44595485246919
            ],
            [
              10.600124525657606,
              36.44622352017686
            ],
            [
              10.6001847145504,
              36.446447286488684
            ],
            [
              10.600245824854667,
              36.44671595409303
            ],
            [
              10.600470895852684,
              36.4468476839768
            ],
            [
              10.600476432296487,
              36.447117095587885
            ],
            [
              10.600537544240037,
              36.44738576422309
            ],
            [
              10.60076446197394,
              36.44760729610485
            ],
            [
              10.601104380245555,
              36.44791714363514
            ],
            [
              10.601220149348126,
              36.44814016474866
            ],
            [
              10.601558224936012,
              36.44836020580354
            ],
            [
              10.601565612323197,
              36.44871942224696
            ],
            [
              10.602131541451554,
              36.44920589498927
            ],
            [
              10.602691934564367,
              36.44942295361186
            ],
            [
              10.602866060124642,
              36.449779932593366
            ],
            [
              10.603092067211225,
              36.4499565583935
            ],
            [
              10.60359134158614,
              36.44990494570002
            ],
            [
              10.604155443493367,
              36.45030160453634
            ],
            [
              10.604332353081203,
              36.45079328720693
            ],
            [
              10.604559291659571,
              36.451014812484324
            ],
            [
              10.605061348161287,
              36.45109789955097
            ],
            [
              10.605186389602176,
              36.45176993428582
            ],
            [
              10.605638428456654,
              36.4521231772035
            ],
            [
              10.605974681593032,
              36.45225340131257
            ],
            [
              10.606423946169212,
              36.45247193516809
            ],
            [
              10.606379483323675,
              36.45301150335143
            ],
            [
              10.607056634583317,
              36.45349645670667
            ],
            [
              10.607554074259427,
              36.45335502474011
            ],
            [
              10.607941280592929,
              36.45325998743662
            ],
            [
              10.608112657066911,
              36.453482251951336
            ],
            [
              10.608393338886728,
              36.45361321808108
            ],
            [
              10.609004720848539,
              36.453604988545536
            ],
            [
              10.609398423232564,
              36.45382425899277
            ],
            [
              10.60973561803668,
              36.45399937443285
            ],
            [
              10.610019089779938,
              36.45426504100766
            ],
            [
              10.610187688633024,
              36.454352597927816
            ],
            [
              10.610745353593762,
              36.45443491147468
            ],
            [
              10.611140921699974,
              36.45474397922748
            ],
            [
              10.611539282677494,
              36.455187751068145
            ],
            [
              10.611713462206135,
              36.455544715479064
            ],
            [
              10.611996946346752,
              36.455810376980864
            ],
            [
              10.612113688584332,
              36.456078287162434
            ],
            [
              10.61228601315419,
              36.45634544860786
            ],
            [
              10.612512060555678,
              36.45652205537294
            ],
            [
              10.612847413544394,
              36.45660735829329
            ],
            [
              10.61318276723567,
              36.45669266025154
            ],
            [
              10.613243002640868,
              36.456916418465546
            ],
            [
              10.613302306381097,
              36.45709527445382
            ],
            [
              10.613640454684072,
              36.45731528038807
            ],
            [
              10.613922091749522,
              36.457491133772386
            ],
            [
              10.614366754268145,
              36.457485127822245
            ],
            [
              10.61464559817548,
              36.4575262742006
            ],
            [
              10.61486886165177,
              36.4575681722335
            ],
            [
              10.615040267502016,
              36.45779042716204
            ],
            [
              10.615264462001294,
              36.457877225354665
            ],
            [
              10.615594232660923,
              36.457693111180525
            ],
            [
              10.615760981222705,
              36.457690856799175
            ],
            [
              10.615933321862915,
              36.45795801125935
            ],
            [
              10.616271481157385,
              36.45817800942716
            ],
            [
              10.616491950180887,
              36.45808519798158
            ],
            [
              10.61716547657284,
              36.45839048495697
            ],
            [
              10.617172938643892,
              36.45874969803843
            ],
            [
              10.617069232654517,
              36.45911041417561
            ],
            [
              10.617070165358976,
              36.45915531502933
            ],
            [
              10.617528831578124,
              36.459822820955324
            ],
            [
              10.61737793837049,
              36.460588403405495
            ],
            [
              10.616887001085097,
              36.46104418777554
            ],
            [
              10.617504035514408,
              36.46130532327385
            ],
            [
              10.61828316466145,
              36.46133968829406
            ],
            [
              10.61878903576839,
              36.46160232113101
            ],
            [
              10.619405148073964,
              36.461818544448874
            ],
            [
              10.620239867941445,
              36.461852144509095
            ],
            [
              10.620904091095515,
              36.46170839400297
            ],
            [
              10.621566440881221,
              36.46147483713772
            ],
            [
              10.622009253177392,
              36.461378999444555
            ],
            [
              10.622561363385238,
              36.46119184803851
            ],
            [
              10.62316718121987,
              36.46091413651528
            ],
            [
              10.623723031622111,
              36.46090658515496
            ],
            [
              10.624284501913845,
              36.46116843904369
            ],
            [
              10.624230791162137,
              36.46125899715857
            ],
            [
              10.624121494027392,
              36.46135031073546
            ],
            [
              10.623956611849405,
              36.461442379605494
            ],
            [
              10.623847314134123,
              36.46153369294296
            ],
            [
              10.623738017707035,
              36.461625006164375
            ],
            [
              10.623627782906453,
              36.46167141862311
            ],
            [
              10.623517547971566,
              36.46171783098292
            ],
            [
              10.623407314420733,
              36.461764241975736
            ],
            [
              10.623352664285344,
              36.46180989905009
            ],
            [
              10.623298952019383,
              36.46190045677426
            ],
            [
              10.623134067684427,
              36.461992524552706
            ],
            [
              10.622914533855413,
              36.46213024772691
            ],
            [
              10.62274964856902,
              36.46222231499417
            ],
            [
              10.622751520793994,
              36.462312118895994
            ],
            [
              10.622696869864047,
              36.462357774438026
            ],
            [
              10.62258663492911,
              36.46240418594969
            ],
            [
              10.622865500167203,
              36.46244531253374
            ],
            [
              10.622976672775513,
              36.46244380269116
            ],
            [
              10.62308690908966,
              36.46239739204991
            ],
            [
              10.623250857920466,
              36.46226042238015
            ],
            [
              10.62330550687918,
              36.46221476536732
            ],
            [
              10.623469454967445,
              36.46207779665945
            ],
            [
              10.623525040221477,
              36.46207704148683
            ],
            [
              10.623693670790873,
              36.46216457840773
            ],
            [
              10.62369741736645,
              36.46234418363339
            ],
            [
              10.623813273383911,
              36.46256718015473
            ],
            [
              10.623870732490886,
              36.46265622741299
            ],
            [
              10.623819830504916,
              36.46288148987953
            ],
            [
              10.623821703983001,
              36.46297129247664
            ],
            [
              10.623767991521175,
              36.46306185040144
            ],
            [
              10.623826387701499,
              36.46319579833961
            ],
            [
              10.623772675126299,
              36.46328635751407
            ],
            [
              10.623718024151101,
              36.46333201351888
            ],
            [
              10.623663374682272,
              36.46337767072604
            ],
            [
              10.62360872512338,
              36.46342332666231
            ],
            [
              10.623555010573874,
              36.46351388451959
            ],
            [
              10.623556883789758,
              36.46360368711898
            ],
            [
              10.623446647661957,
              36.463650099447335
            ],
            [
              10.623391996242555,
              36.46369575531126
            ],
            [
              10.62328175988229,
              36.463742167492285
            ],
            [
              10.623061283643985,
              36.46383499035235
            ],
            [
              10.622895458778558,
              36.463882157194845
            ],
            [
              10.622841744635046,
              36.46397271473194
            ],
            [
              10.622787094175317,
              36.46401837030993
            ],
            [
              10.622622204816993,
              36.46411043747673
            ],
            [
              10.62284642569922,
              36.46419722066629
            ],
            [
              10.623014123920344,
              36.46423985773792
            ],
            [
              10.623237409126745,
              36.46428173824405
            ],
            [
              10.623404171165806,
              36.46427947283453
            ],
            [
              10.623515346362964,
              36.46427796242514
            ],
            [
              10.623626521551842,
              36.464276451912255
            ],
            [
              10.62379234679223,
              36.4642292852937
            ],
            [
              10.62395817179787,
              36.46418211720219
            ],
            [
              10.623330458454278,
              36.46607703733045
            ],
            [
              10.625009366850968,
              36.46659318670563
            ],
            [
              10.62474079555574,
              36.46704597869716
            ],
            [
              10.625470959748556,
              36.46739536032234
            ],
            [
              10.625633976530342,
              36.46721348672576
            ],
            [
              10.625687689468728,
              36.46712292800399
            ],
            [
              10.625796054553094,
              36.46698671231995
            ],
            [
              10.62579417849757,
              36.46689690862429
            ],
            [
              10.625848829096997,
              36.46685125168341
            ],
            [
              10.625902541547811,
              36.46676069287211
            ],
            [
              10.626013720149833,
              36.46675918004738
            ],
            [
              10.62612302235048,
              36.4666678646818
            ],
            [
              10.626232322750422,
              36.46657654924216
            ],
            [
              10.626612999828787,
              36.46616714134514
            ],
            [
              10.627331895480072,
              36.46597769723587
            ],
            [
              10.62788778087791,
              36.465970125579844
            ],
            [
              10.631352086005021,
              36.469426171715625
            ],
            [
              10.631796812838148,
              36.469420099130765
            ],
            [
              10.63213129925658,
              36.46946044529783
            ],
            [
              10.632629732272346,
              36.46936380690637
            ],
            [
              10.633243115374793,
              36.469445253469274
            ],
            [
              10.63374060406828,
              36.469303710063876
            ],
            [
              10.634073205015445,
              36.46925424747845
            ],
            [
              10.63435115850385,
              36.469250445982304
            ],
            [
              10.634737462329701,
              36.46911042041908
            ],
            [
              10.635177469109108,
              36.468879829646305
            ],
            [
              10.635562825808615,
              36.46869489986657
            ],
            [
              10.636005659606198,
              36.46859900972962
            ],
            [
              10.636170541724214,
              36.46850692428869
            ],
            [
              10.636502193251337,
              36.46841255469632
            ],
            [
              10.63666518568307,
              36.468230665402146
            ],
            [
              10.636943135157383,
              36.46822685796086
            ],
            [
              10.63721636137903,
              36.46799854569744
            ],
            [
              10.637549899037849,
              36.46799397518327
            ],
            [
              10.637770367009013,
              36.467901125766176
            ],
            [
              10.638160439871026,
              36.467940691917335
            ],
            [
              10.638492086384414,
              36.46784631690548
            ],
            [
              10.638659800268952,
              36.46788893154316
            ],
            [
              10.638991445904868,
              36.46779455516299
            ],
            [
              10.63932214485088,
              36.46765527634035
            ],
            [
              10.639539771741148,
              36.46742772036016
            ],
            [
              10.63976023561769,
              36.46733486735726
            ],
            [
              10.639922271947034,
              36.46710807354602
            ],
            [
              10.640253914169321,
              36.46701369374544
            ],
            [
              10.640475322482233,
              36.46696574098645
            ],
            [
              10.640636409384037,
              36.4666940447455
            ],
            [
              10.640910565937409,
              36.4665106246411
            ],
            [
              10.641464555758041,
              36.46641318791362
            ]
          ]
        ],
        "type": "Polygon"
      }
    },
    {
      "type": "Feature",
      "id": "osm:relation:7104929",
      "properties": {
        "sourceId": "isie-local-sectors-2023-hammamet-nine",
        "officialCode": "156656",
        "delegationCode": "1566",
        "governorateCode": "15",
        "nameAr": "الحمامات الشرقية",
        "nameFr": "Hammamet est",
        "sourcePdfURL": "https://www.isie.tn/wp-content/uploads/2023/CartesCirconscriptionsElectoralesLocales2023/%D9%86%D8%A7%D8%A8%D9%84%202/%D8%A7%D9%84%D8%AD%D9%85%D8%A7%D9%85%D8%A7%D8%AA/%D8%A7%D9%84%D8%AD%D9%85%D8%A7%D9%85%D8%A7%D8%AA%20%D8%A7%D9%84%D8%B4%D8%B1%D9%82%D9%8A%D8%A9.pdf",
        "sourcePdfSha256": "ec4694b1cca6bbc83b451e5fb712ea2a3c0f3adc7a76fa61dd572c4c76363267",
        "sourceDrawingDetails": {
          "drawingIndex": 456,
          "layer": "circonscription_isie2023",
          "pdfSha256": "ec4694b1cca6bbc83b451e5fb712ea2a3c0f3adc7a76fa61dd572c4c76363267",
          "segmentCount": 164,
          "seqno": 464,
          "sourceOrigin": "frontier11-native-map-inspection",
          "sourceRingCompleteness": {
            "activeClipCount": 2,
            "activeClipOutsideAreasPoints2": [
              0.0,
              0.0
            ],
            "explicitlyClosed": true,
            "isValid": true,
            "viewportCoversCompleteRing": true
          },
          "sourceRingVertexCount": 165,
          "vertexCount": 165
        },
        "sourceGeometrySha256": "b9d61e26e1eb70308763e27820d46211780ad7b1cfb8776c070f0218cd65d846"
      },
      "geometry": {
        "coordinates": [
          [
            [
              10.642284312613413,
              36.40297049980193
            ],
            [
              10.642108360974564,
              36.40293748662532
            ],
            [
              10.641360508468452,
              36.402794227898646
            ],
            [
              10.639896453306015,
              36.40192874959059
            ],
            [
              10.638161196840036,
              36.400665535029056
            ],
            [
              10.63756209901364,
              36.40065009261755
            ],
            [
              10.636493578345279,
              36.40123136501728
            ],
            [
              10.636039485799454,
              36.401166713293854
            ],
            [
              10.63593703918006,
              36.401156302423054
            ],
            [
              10.63558613887064,
              36.40113746896237
            ],
            [
              10.63472151253238,
              36.40099575751001
            ],
            [
              10.633822497257722,
              36.400606573518125
            ],
            [
              10.633174160529183,
              36.40033203835895
            ],
            [
              10.632365230291782,
              36.40005968246779
            ],
            [
              10.631618902334633,
              36.399987178983565
            ],
            [
              10.63095672093507,
              36.399748238999585
            ],
            [
              10.630292320980516,
              36.39940306743596
            ],
            [
              10.629787735845886,
              36.39971688222284
            ],
            [
              10.629054287560333,
              36.39956154275054
            ],
            [
              10.628004143954941,
              36.398926429751725
            ],
            [
              10.626761514399002,
              36.39816404360038
            ],
            [
              10.625209120972162,
              36.39725235318562
            ],
            [
              10.625017113909736,
              36.39714869306754
            ],
            [
              10.624175112921387,
              36.396687824935206
            ],
            [
              10.623052541254735,
              36.396077259470545
            ],
            [
              10.620686243598893,
              36.39464521449993
            ],
            [
              10.619454921676269,
              36.39371730697778
            ],
            [
              10.617939485024005,
              36.393171020752774
            ],
            [
              10.616812365373532,
              36.392336133296894
            ],
            [
              10.615844941358207,
              36.392160247536374
            ],
            [
              10.613775838124514,
              36.3923769672585
            ],
            [
              10.612860022972985,
              36.39257817134003
            ],
            [
              10.61252111735696,
              36.39313762414741
            ],
            [
              10.61234181972938,
              36.39364770775173
            ],
            [
              10.611816531998345,
              36.39437495199707
            ],
            [
              10.611603884443685,
              36.39468477280501
            ],
            [
              10.611589528746247,
              36.394696771896484
            ],
            [
              10.611796355363897,
              36.394812061561886
            ],
            [
              10.612134818882158,
              36.394937389648824
            ],
            [
              10.612298093079621,
              36.39506506943475
            ],
            [
              10.612446280671056,
              36.39516933855526
            ],
            [
              10.61263948631579,
              36.39533203448588
            ],
            [
              10.612787918544676,
              36.395448106360654
            ],
            [
              10.612635133157406,
              36.39582796402324
            ],
            [
              10.61249840981681,
              36.39627844472226
            ],
            [
              10.612417643209326,
              36.396610109326474
            ],
            [
              10.612420814429338,
              36.39676354995298
            ],
            [
              10.612421058371922,
              36.39677535315488
            ],
            [
              10.61212979938594,
              36.39681468213701
            ],
            [
              10.61185728495842,
              36.397054468984756
            ],
            [
              10.611730521733984,
              36.397280492077265
            ],
            [
              10.611702541894955,
              36.397339899904324
            ],
            [
              10.611761427988181,
              36.39736272169605
            ],
            [
              10.612306981678124,
              36.3976151422813
            ],
            [
              10.612321581097843,
              36.39761494630768
            ],
            [
              10.612322068968298,
              36.39763855270923
            ],
            [
              10.611999235788813,
              36.39897701342928
            ],
            [
              10.611933064914531,
              36.39930848273431
            ],
            [
              10.61168834191548,
              36.40089382999296
            ],
            [
              10.611497653371968,
              36.40297432112151
            ],
            [
              10.611476255268789,
              36.40335241415515
            ],
            [
              10.611451443333353,
              36.40356526244825
            ],
            [
              10.611557794647219,
              36.40376454539745
            ],
            [
              10.611736663299176,
              36.40393924118738
            ],
            [
              10.611885599410757,
              36.40407892002387
            ],
            [
              10.612227031440337,
              36.404345884924886
            ],
            [
              10.612346767182682,
              36.40448595512989
            ],
            [
              10.612551466021747,
              36.405203399102746
            ],
            [
              10.61262813187839,
              36.40537946663654
            ],
            [
              10.612674131915611,
              36.40548510612122
            ],
            [
              10.61267437597413,
              36.40549690930437
            ],
            [
              10.613113631639608,
              36.40555004266698
            ],
            [
              10.614007234020187,
              36.40567971462998
            ],
            [
              10.614226984965558,
              36.405712180622686
            ],
            [
              10.614607104679827,
              36.40573068389725
            ],
            [
              10.614767717282866,
              36.405728524549055
            ],
            [
              10.614884771487509,
              36.405738756138675
            ],
            [
              10.615279737093656,
              36.40576886410163
            ],
            [
              10.615557159880387,
              36.405765132603655
            ],
            [
              10.615878874771198,
              36.40578441745199
            ],
            [
              10.615893476621967,
              36.40578422099133
            ],
            [
              10.616287953195483,
              36.40579071928206
            ],
            [
              10.616434698760159,
              36.40582416366824
            ],
            [
              10.616741813403934,
              36.405843642689504
            ],
            [
              10.617342420275763,
              36.40593000761034
            ],
            [
              10.617562418195364,
              36.4059742705589
            ],
            [
              10.617709164594936,
              36.40600771335498
            ],
            [
              10.6179734558296,
              36.40607499180891
            ],
            [
              10.618384739383869,
              36.40618751376335
            ],
            [
              10.618751975809063,
              36.40628882253835
            ],
            [
              10.618987066184003,
              36.40635649230575
            ],
            [
              10.619576999517113,
              36.40663189192128
            ],
            [
              10.620062031228771,
              36.406778832799404
            ],
            [
              10.620576021042647,
              36.40691357548169
            ],
            [
              10.621617626755867,
              36.40713564437786
            ],
            [
              10.62174953061087,
              36.40715747512476
            ],
            [
              10.622512977711605,
              36.40734787269374
            ],
            [
              10.623157406591215,
              36.4074336160568
            ],
            [
              10.62339176747102,
              36.40746586759434
            ],
            [
              10.623537289710287,
              36.40744028751191
            ],
            [
              10.625278148257875,
              36.40687364536886
            ],
            [
              10.625930285707295,
              36.4066286902754
            ],
            [
              10.626060959276824,
              36.406591501736344
            ],
            [
              10.6262062340183,
              36.40655411534038
            ],
            [
              10.626468071563895,
              36.406503343747914
            ],
            [
              10.626627701032676,
              36.406453955997314
            ],
            [
              10.626859844211664,
              36.40637997287854
            ],
            [
              10.627236766854812,
              36.40624499651585
            ],
            [
              10.627439460057065,
              36.40615960488162
            ],
            [
              10.627526080884977,
              36.40611120528631
            ],
            [
              10.627916123986001,
              36.40590521039325
            ],
            [
              10.628234392653452,
              36.40575921854191
            ],
            [
              10.628408374095153,
              36.40569782741682
            ],
            [
              10.628741733816353,
              36.40557524346595
            ],
            [
              10.629351033346888,
              36.405378075568656
            ],
            [
              10.629394588697236,
              36.40536567820183
            ],
            [
              10.63023676093181,
              36.405129927769
            ],
            [
              10.63033847451381,
              36.40510493413765
            ],
            [
              10.630588417590968,
              36.40518418477596
            ],
            [
              10.631118494725838,
              36.40538950212258
            ],
            [
              10.631442680481769,
              36.4055267746899
            ],
            [
              10.63161937487158,
              36.40559521275756
            ],
            [
              10.631855214823007,
              36.40569826616476
            ],
            [
              10.632959438235325,
              36.40612009321042
            ],
            [
              10.633459830808775,
              36.40630218976918
            ],
            [
              10.633871878936262,
              36.40645006792137
            ],
            [
              10.635665352249044,
              36.40700416713039
            ],
            [
              10.63646026008748,
              36.40730030329629
            ],
            [
              10.637476425467396,
              36.407699674000256
            ],
            [
              10.638965058204404,
              36.40834052307854
            ],
            [
              10.638979907810219,
              36.40835212681487
            ],
            [
              10.640765810545721,
              36.40923682989926
            ],
            [
              10.64081011233342,
              36.40925983738124
            ],
            [
              10.64096601198944,
              36.40903338541003
            ],
            [
              10.641002614151525,
              36.408690501504374
            ],
            [
              10.640965711634024,
              36.40832500722881
            ],
            [
              10.640976836099089,
              36.408159567535535
            ],
            [
              10.641002810317511,
              36.408005729316486
            ],
            [
              10.641162182001699,
              36.407944519317645
            ],
            [
              10.641336157345403,
              36.40788310950505
            ],
            [
              10.641480184243296,
              36.407786689602574
            ],
            [
              10.641609609381126,
              36.40769046914104
            ],
            [
              10.641636327598674,
              36.40757203983561
            ],
            [
              10.641589045177167,
              36.407407397522185
            ],
            [
              10.641558351812472,
              36.40733697866405
            ],
            [
              10.641543502034622,
              36.40732537525143
            ],
            [
              10.641391278264972,
              36.4070322968459
            ],
            [
              10.641255644045277,
              36.40683344274895
            ],
            [
              10.641251669766229,
              36.40664459454145
            ],
            [
              10.641364256521985,
              36.406442347808316
            ],
            [
              10.641518907088225,
              36.40615688013188
            ],
            [
              10.641586695512583,
              36.40590801991017
            ],
            [
              10.641608196109246,
              36.40554172831835
            ],
            [
              10.641545320478196,
              36.40533007343987
            ],
            [
              10.641288659096727,
              36.40493216462525
            ],
            [
              10.641168623271101,
              36.40478032177698
            ],
            [
              10.641151290463277,
              36.40465068812142
            ],
            [
              10.641205968342312,
              36.40447284570064
            ],
            [
              10.641376706968726,
              36.40425799776676
            ],
            [
              10.641547444646987,
              36.404043148604686
            ],
            [
              10.641615479825022,
              36.40380609134768
            ],
            [
              10.641656052308013,
              36.40365205335863
            ],
            [
              10.641841140113906,
              36.40342520219995
            ],
            [
              10.64222615906233,
              36.40298310146833
            ],
            [
              10.642284312613413,
              36.40297049980193
            ]
          ]
        ],
        "type": "Polygon"
      }
    },
    {
      "type": "Feature",
      "id": "osm:relation:7104930",
      "properties": {
        "sourceId": "isie-local-sectors-2023-hammamet-nine",
        "officialCode": "156657",
        "delegationCode": "1566",
        "governorateCode": "15",
        "nameAr": "الحمامات الغربية",
        "nameFr": "Hammamet ouest",
        "sourcePdfURL": "https://www.isie.tn/wp-content/uploads/2023/CartesCirconscriptionsElectoralesLocales2023/%D9%86%D8%A7%D8%A8%D9%84%202/%D8%A7%D9%84%D8%AD%D9%85%D8%A7%D9%85%D8%A7%D8%AA/%D8%A7%D9%84%D8%AD%D9%85%D8%A7%D9%85%D8%A7%D8%AA%20%D8%A7%D9%84%D8%BA%D8%B1%D8%A8%D9%8A%D8%A9.pdf",
        "sourcePdfSha256": "cd5756b37f9d2caf0ace95bb40b02970043822e93309c1ce57e51de2662fdbbc",
        "sourceDrawingDetails": {
          "drawingIndex": 554,
          "layer": "circonscription_isie2023",
          "pdfSha256": "cd5756b37f9d2caf0ace95bb40b02970043822e93309c1ce57e51de2662fdbbc",
          "segmentCount": 230,
          "seqno": 562,
          "sourceOrigin": "frontier8-native-map-inspection",
          "sourceRingCompleteness": {
            "activeClipCount": 2,
            "activeClipOutsideAreasPoints2": [
              0.0,
              0.0
            ],
            "explicitlyClosed": true,
            "isValid": true,
            "viewportCoversCompleteRing": true
          },
          "sourceRingVertexCount": 231,
          "vertexCount": 231
        },
        "sourceGeometrySha256": "a2eee1ca35c8a092aa12470deda99f4e0a98f0dd959c3b815801458bfccdeb1f"
      },
      "geometry": {
        "coordinates": [
          [
            [
              10.59189197805036,
              36.41910337917252
            ],
            [
              10.591880140660022,
              36.418524229770604
            ],
            [
              10.5919567633751,
              36.417889579018436
            ],
            [
              10.591929192215511,
              36.41763650345568
            ],
            [
              10.592261376723785,
              36.41745099623248
            ],
            [
              10.593853243956957,
              36.41643386307988
            ],
            [
              10.594979662921908,
              36.4156583313624
            ],
            [
              10.595641774256958,
              36.41517871056612
            ],
            [
              10.596149729753536,
              36.4148278912001
            ],
            [
              10.596391584695901,
              36.41460738499377
            ],
            [
              10.596522594518456,
              36.414442685244246
            ],
            [
              10.596827911011793,
              36.41404028840196
            ],
            [
              10.59697908394504,
              36.41376669519216
            ],
            [
              10.597175037977184,
              36.41349249849457
            ],
            [
              10.597850966435047,
              36.412596299697576
            ],
            [
              10.598070790333008,
              36.412394192808485
            ],
            [
              10.598621273536768,
              36.41193416767843
            ],
            [
              10.599261679745187,
              36.411491025897206
            ],
            [
              10.599969996800887,
              36.41108317036822
            ],
            [
              10.600501411763238,
              36.410786324174055
            ],
            [
              10.601010808240062,
              36.41050787872027
            ],
            [
              10.601144033273878,
              36.41045176466641
            ],
            [
              10.60147579290027,
              36.410248134471935
            ],
            [
              10.60200719633849,
              36.40995128335039
            ],
            [
              10.602295660552478,
              36.409820651185676
            ],
            [
              10.602673311106948,
              36.40967070779119
            ],
            [
              10.603229706466957,
              36.40950023517025
            ],
            [
              10.603898044419523,
              36.40932824182739
            ],
            [
              10.604633179517013,
              36.40913723501189
            ],
            [
              10.605524661686644,
              36.408925997811245
            ],
            [
              10.606282178281079,
              36.408734678593916
            ],
            [
              10.607128498644308,
              36.40850594098326
            ],
            [
              10.607618453755464,
              36.40837255779207
            ],
            [
              10.608241619138433,
              36.40818305090685
            ],
            [
              10.608797990850228,
              36.408012552854856
            ],
            [
              10.609154351495773,
              36.40791718751357
            ],
            [
              10.609601012339652,
              36.407856799036416
            ],
            [
              10.609892447098005,
              36.40787093571001
            ],
            [
              10.610049920132465,
              36.40790499888777
            ],
            [
              10.610207019275016,
              36.407920963516666
            ],
            [
              10.610433904929497,
              36.40806270168544
            ],
            [
              10.610592875020286,
              36.40816915746616
            ],
            [
              10.61072870784438,
              36.408239721291785
            ],
            [
              10.610864162934472,
              36.40829218667709
            ],
            [
              10.610954098553828,
              36.408309065096574
            ],
            [
              10.61111156909381,
              36.40834312688948
            ],
            [
              10.611311202426384,
              36.40824989005988
            ],
            [
              10.611488071590571,
              36.40813885965586
            ],
            [
              10.611816423952039,
              36.40777231664069
            ],
            [
              10.61192275396255,
              36.40749931762044
            ],
            [
              10.61247977821876,
              36.406278797933325
            ],
            [
              10.612666291068887,
              36.40555211927988
            ],
            [
              10.612664792831529,
              36.405479725988165
            ],
            [
              10.612618142934796,
              36.40538984490949
            ],
            [
              10.612546857481233,
              36.40519168064681
            ],
            [
              10.612330760320358,
              36.40448859441824
            ],
            [
              10.612215823299312,
              36.40434533374459
            ],
            [
              10.611874384028608,
              36.404078437522124
            ],
            [
              10.611737060315658,
              36.40393548145467
            ],
            [
              10.611554212370939,
              36.40375694018713
            ],
            [
              10.611460543173367,
              36.40355907863493
            ],
            [
              10.611478440138523,
              36.40334159352115
            ],
            [
              10.61149334302493,
              36.40297932320676
            ],
            [
              10.611696566289123,
              36.40089466279481
            ],
            [
              10.611932273607403,
              36.399298353482735
            ],
            [
              10.611992696343197,
              36.39897166791704
            ],
            [
              10.612323175625885,
              36.39762751113859
            ],
            [
              10.612322801253788,
              36.39760941278862
            ],
            [
              10.612300418724189,
              36.397609717888585
            ],
            [
              10.61175790744469,
              36.397363663296304
            ],
            [
              10.611690374437012,
              36.39734648005959
            ],
            [
              10.611625460906692,
              36.397455985282036
            ],
            [
              10.611033001322523,
              36.39804336690328
            ],
            [
              10.610722208839999,
              36.3981743238435
            ],
            [
              10.610589389446941,
              36.398248543249665
            ],
            [
              10.609188009051325,
              36.39870210038999
            ],
            [
              10.608611558337296,
              36.39898149358635
            ],
            [
              10.608079877119277,
              36.39926027535705
            ],
            [
              10.607814595092519,
              36.39942681296214
            ],
            [
              10.607748184869648,
              36.39946392262711
            ],
            [
              10.607238137684547,
              36.39970619662948
            ],
            [
              10.606906810648297,
              36.399927940090556
            ],
            [
              10.606774353926989,
              36.400020256906785
            ],
            [
              10.60644638160592,
              36.40040488314807
            ],
            [
              10.605646784943426,
              36.40072349978473
            ],
            [
              10.605335599584203,
              36.400836344732724
            ],
            [
              10.605046055172412,
              36.400912686734856
            ],
            [
              10.604511743243282,
              36.4010647642681
            ],
            [
              10.604089362612855,
              36.40121532138114
            ],
            [
              10.603913615243806,
              36.40138063605825
            ],
            [
              10.603466237545085,
              36.401404805723
            ],
            [
              10.602868478559138,
              36.401738769262835
            ],
            [
              10.602078150555457,
              36.40250982175672
            ],
            [
              10.601392312953518,
              36.40291738650226
            ],
            [
              10.601149020077896,
              36.40306550674639
            ],
            [
              10.600749753378876,
              36.40325194465674
            ],
            [
              10.600146761825263,
              36.40333251855185
            ],
            [
              10.599544144198159,
              36.403431187825255
            ],
            [
              10.599163545832365,
              36.40343633481437
            ],
            [
              10.598671752996617,
              36.40347919067993
            ],
            [
              10.59813443706848,
              36.40348645274838
            ],
            [
              10.596856460442016,
              36.403413198078574
            ],
            [
              10.595893027944516,
              36.40338999596212
            ],
            [
              10.595106852603488,
              36.40327387950331
            ],
            [
              10.594610610035552,
              36.4030995368564
            ],
            [
              10.59357780033401,
              36.40296863204126
            ],
            [
              10.591088294081795,
              36.40278491011995
            ],
            [
              10.589380530552173,
              36.40250011477692
            ],
            [
              10.587062409437262,
              36.401933832980376
            ],
            [
              10.585866281458753,
              36.401479189532566
            ],
            [
              10.584830558868976,
              36.40120341950955
            ],
            [
              10.58342855397226,
              36.40053426791492
            ],
            [
              10.58087564395625,
              36.3994279037525
            ],
            [
              10.579905660624856,
              36.399078795907315
            ],
            [
              10.578238023416937,
              36.39855796054225
            ],
            [
              10.576843076450626,
              36.39823260174508
            ],
            [
              10.57680306256109,
              36.39846848134739
            ],
            [
              10.576231558313525,
              36.400105412920574
            ],
            [
              10.575951867785035,
              36.40067035037141
            ],
            [
              10.575469951638949,
              36.40120177296734
            ],
            [
              10.574703569673076,
              36.402062844267505
            ],
            [
              10.574380181990994,
              36.40268266903533
            ],
            [
              10.574089048468267,
              36.40379085749652
            ],
            [
              10.57394293002664,
              36.404317805000524
            ],
            [
              10.57362427898748,
              36.40517290901253
            ],
            [
              10.57351891298288,
              36.40550017475812
            ],
            [
              10.573366210702305,
              36.40570134401603
            ],
            [
              10.573279212403959,
              36.405829226300256
            ],
            [
              10.573014563028648,
              36.4060318845467
            ],
            [
              10.57263869671317,
              36.40627223004323
            ],
            [
              10.57217436633908,
              36.40656806122705
            ],
            [
              10.571865663003026,
              36.40680750976408
            ],
            [
              10.570500869831505,
              36.40798426799784
            ],
            [
              10.570061463916677,
              36.408406483216325
            ],
            [
              10.569773313071709,
              36.408555137383296
            ],
            [
              10.569462771611386,
              36.40870408807068
            ],
            [
              10.568776701400212,
              36.40911146898332
            ],
            [
              10.568201117431336,
              36.40944496805125
            ],
            [
              10.567693063081942,
              36.40979567102355
            ],
            [
              10.56736521979365,
              36.410198293671215
            ],
            [
              10.567126206774399,
              36.410563532542604
            ],
            [
              10.566996960504499,
              36.4108186934833
            ],
            [
              10.566889739875661,
              36.411055460393385
            ],
            [
              10.566497626359725,
              36.41160376066492
            ],
            [
              10.566324686742755,
              36.41191381036981
            ],
            [
              10.56606436453545,
              36.41233364002133
            ],
            [
              10.566002648297042,
              36.412606008912014
            ],
            [
              10.56600846963835,
              36.4128955882919
            ],
            [
              10.566081465403341,
              36.413184276353036
            ],
            [
              10.56613134170276,
              36.41343706508131
            ],
            [
              10.566121322201505,
              36.414052716194576
            ],
            [
              10.56617520257438,
              36.41450458906625
            ],
            [
              10.566247108454974,
              36.414738980796216
            ],
            [
              10.56631901458589,
              36.4149733740007
            ],
            [
              10.566481580131276,
              36.4152608765495
            ],
            [
              10.566599363645114,
              36.41554897071456
            ],
            [
              10.56680780777628,
              36.41589017539679
            ],
            [
              10.567018074556607,
              36.41632187157366
            ],
            [
              10.56739601575631,
              36.41729444841417
            ],
            [
              10.567418408220245,
              36.41729415154307
            ],
            [
              10.567618482834414,
              36.41721908478628
            ],
            [
              10.567998060253842,
              36.417159740677505
            ],
            [
              10.568310095431249,
              36.41708318783327
            ],
            [
              10.568689671584902,
              36.41702384155248
            ],
            [
              10.56891286616374,
              36.41698467289918
            ],
            [
              10.569224169944984,
              36.41687192189873
            ],
            [
              10.569445904567957,
              36.41676035759187
            ],
            [
              10.569578434716467,
              36.41666808067701
            ],
            [
              10.569816724219391,
              36.41626664127926
            ],
            [
              10.570535591428735,
              36.41526140268796
            ],
            [
              10.570796993578496,
              36.41489586135065
            ],
            [
              10.570994868551123,
              36.41471219715856
            ],
            [
              10.571259552436404,
              36.414509542825016
            ],
            [
              10.571524964708257,
              36.41434308372066
            ],
            [
              10.571857550402063,
              36.41417573101593
            ],
            [
              10.57223564820784,
              36.41404398075634
            ],
            [
              10.572590987854555,
              36.413894426964575
            ],
            [
              10.572699291000147,
              36.41371195131491
            ],
            [
              10.572918453011095,
              36.41347369183281
            ],
            [
              10.573160371350236,
              36.41325323115298
            ],
            [
              10.573602710200113,
              36.41297579223817
            ],
            [
              10.57397933637042,
              36.41277164207075
            ],
            [
              10.574376156908826,
              36.412458599243244
            ],
            [
              10.574750949237728,
              36.41216395354378
            ],
            [
              10.574928978836985,
              36.412107271801865
            ],
            [
              10.575062958268544,
              36.41208738361819
            ],
            [
              10.575220425444554,
              36.41212149290023
            ],
            [
              10.575401382620628,
              36.41220959952009
            ],
            [
              10.575626755072626,
              36.41227901049078
            ],
            [
              10.57589617849069,
              36.41231162537646
            ],
            [
              10.576726517880546,
              36.41128676240697
            ],
            [
              10.577051709951249,
              36.41186173619988
            ],
            [
              10.577282580290651,
              36.41220262326372
            ],
            [
              10.57749802415871,
              36.41288767910615
            ],
            [
              10.577642633711251,
              36.41339264614975
            ],
            [
              10.577652163914461,
              36.413863209940544
            ],
            [
              10.577760057347284,
              36.41476694199551
            ],
            [
              10.577858394617074,
              36.416304423510276
            ],
            [
              10.578001913637394,
              36.416755093843335
            ],
            [
              10.57808119100143,
              36.41735144930389
            ],
            [
              10.578074566610226,
              36.418129984527894
            ],
            [
              10.578136954497143,
              36.41899811746224
            ],
            [
              10.578169616062205,
              36.41950457743202
            ],
            [
              10.578052494058426,
              36.42035700119876
            ],
            [
              10.577972456647627,
              36.42082875987508
            ],
            [
              10.577952996045854,
              36.420973847423284
            ],
            [
              10.577999983187276,
              36.42108183962316
            ],
            [
              10.578934624553499,
              36.42188401610563
            ],
            [
              10.578980512734564,
              36.42193771214552
            ],
            [
              10.578893139725048,
              36.42204749983291
            ],
            [
              10.578456271985848,
              36.42259643735844
            ],
            [
              10.578391291419114,
              36.42270592571996
            ],
            [
              10.578437913473591,
              36.42279582063831
            ],
            [
              10.578663320319759,
              36.42286522493205
            ],
            [
              10.578753628988167,
              36.42290022596789
            ],
            [
              10.579523098472158,
              36.42328822157116
            ],
            [
              10.579907100246931,
              36.423446021870824
            ],
            [
              10.580732022753452,
              36.42435826883656
            ],
            [
              10.580914117115094,
              36.42450066171847
            ],
            [
              10.582155327819425,
              36.42385044006858
            ],
            [
              10.584437248733533,
              36.42260695290511
            ],
            [
              10.585145006724208,
              36.42216298316487
            ],
            [
              10.586448533291922,
              36.42127653703261
            ],
            [
              10.587575096703528,
              36.42050107228095
            ],
            [
              10.589055862434934,
              36.41952169932953
            ],
            [
              10.589455607874516,
              36.41935339680024
            ],
            [
              10.589901986267229,
              36.41927498162902
            ],
            [
              10.5901027823292,
              36.419236074567955
            ],
            [
              10.591064188631647,
              36.41915072780195
            ],
            [
              10.591713208079799,
              36.4191238892815
            ],
            [
              10.59189197805036,
              36.41910337917252
            ]
          ]
        ],
        "type": "Polygon"
      }
    },
    {
      "type": "Feature",
      "id": "osm:relation:7104928",
      "properties": {
        "sourceId": "isie-local-sectors-2023-hammamet-nine",
        "officialCode": "156658",
        "delegationCode": "1566",
        "governorateCode": "15",
        "nameAr": "المرازقة",
        "nameFr": "Mrezga",
        "sourcePdfURL": "https://www.isie.tn/wp-content/uploads/2023/CartesCirconscriptionsElectoralesLocales2023/%D9%86%D8%A7%D8%A8%D9%84%202/%D8%A7%D9%84%D8%AD%D9%85%D8%A7%D9%85%D8%A7%D8%AA/%D8%A7%D9%84%D9%85%D8%B1%D8%A7%D8%B2%D9%82%D8%A9.pdf",
        "sourcePdfSha256": "b0ef5c27942408e22354193689ab78c41d68ea8bf073c51a6bd8203d4386ebe0",
        "sourceDrawingDetails": {
          "drawingIndex": 383,
          "layer": "circonscription_isie2023",
          "pdfSha256": "b0ef5c27942408e22354193689ab78c41d68ea8bf073c51a6bd8203d4386ebe0",
          "segmentCount": 412,
          "seqno": 391,
          "sourceOrigin": "runtime-selection-official-source",
          "sourceRingCompleteness": {
            "activeClipCount": 2,
            "activeClipOutsideAreasPoints2": [
              0.0,
              0.0
            ],
            "explicitlyClosed": true,
            "isValid": true,
            "viewportCoversCompleteRing": true
          },
          "sourceRingVertexCount": 413,
          "vertexCount": 413
        },
        "sourceGeometrySha256": "769f59a324561925c028c3322624ed14512c2875e199e28d65e2cd03ab2a3da4"
      },
      "geometry": {
        "coordinates": [
          [
            [
              10.653977432066064,
              36.450305580196385
            ],
            [
              10.653976741243378,
              36.45027294013323
            ],
            [
              10.655037822608728,
              36.44885424885151
            ],
            [
              10.655037131378453,
              36.44882160879789
            ],
            [
              10.655317162890723,
              36.448687112987045
            ],
            [
              10.655920388659357,
              36.448548117154495
            ],
            [
              10.656318848607954,
              36.44828137418031
            ],
            [
              10.65663927163532,
              36.44814631279413
            ],
            [
              10.657204167890784,
              36.44810579341006
            ],
            [
              10.657564991072245,
              36.44797016663224
            ],
            [
              10.657924424710465,
              36.44776925881681
            ],
            [
              10.65836604276956,
              36.447632503365526
            ],
            [
              10.658689926469576,
              36.44766063657967
            ],
            [
              10.658892613689641,
              36.44769045938754
            ],
            [
              10.659497900493651,
              36.447649365823786
            ],
            [
              10.659899809341729,
              36.44754580843193
            ],
            [
              10.660181214206068,
              36.447476581464905
            ],
            [
              10.66042430024328,
              36.44750584052277
            ],
            [
              10.660626987548007,
              36.447535657611695
            ],
            [
              10.660871457703303,
              36.44763019296142
            ],
            [
              10.661072064350792,
              36.447562092162045
            ],
            [
              10.66131306943906,
              36.44749342951794
            ],
            [
              10.661475358237329,
              36.44752380944036
            ],
            [
              10.66167665808211,
              36.44748835036295
            ],
            [
              10.661796466222286,
              36.447421377166286
            ],
            [
              10.661998456262305,
              36.44741855478481
            ],
            [
              10.662201143836297,
              36.44744836919026
            ],
            [
              10.662482546151955,
              36.44737913962217
            ],
            [
              10.663004255989543,
              36.44720859793222
            ],
            [
              10.663284958532609,
              36.44710672386239
            ],
            [
              10.663525960041833,
              36.44703805406276
            ],
            [
              10.663684774655149,
              36.44690523414217
            ],
            [
              10.663843588727335,
              36.44677241402124
            ],
            [
              10.664165385227953,
              36.44670261266822
            ],
            [
              10.664487872828285,
              36.44666545041856
            ],
            [
              10.66460698201968,
              36.446565834576816
            ],
            [
              10.664726090906695,
              36.44646621862237
            ],
            [
              10.664806191923242,
              36.44643244782884
            ],
            [
              10.665007487170108,
              36.446396980470105
            ],
            [
              10.66508550191822,
              36.44626529255501
            ],
            [
              10.665246398583378,
              36.44623039034877
            ],
            [
              10.66540799060426,
              36.446228127825535
            ],
            [
              10.665645509360228,
              36.44599625437934
            ],
            [
              10.666005608033275,
              36.445827962813944
            ],
            [
              10.666202726130892,
              36.44559665416573
            ],
            [
              10.666562825204227,
              36.44542836370471
            ],
            [
              10.666842823717896,
              36.44529383882562
            ],
            [
              10.667043418810916,
              36.44522572824908
            ],
            [
              10.667324808419254,
              36.44515648755221
            ],
            [
              10.667443908213354,
              36.44505686905471
            ],
            [
              10.667441122896603,
              36.44492630957713
            ],
            [
              10.667478734815818,
              36.444795183763425
            ],
            [
              10.667677935202368,
              36.44466179242539
            ],
            [
              10.667794251366509,
              36.44443161408556
            ],
            [
              10.668187772250294,
              36.44393635382978
            ],
            [
              10.668503978833973,
              36.44360542226079
            ],
            [
              10.668701780799646,
              36.44340674959506
            ],
            [
              10.66882157305507,
              36.44333976966479
            ],
            [
              10.669063254680873,
              36.443303728916995
            ],
            [
              10.669185140927002,
              36.44333466813609
            ],
            [
              10.669267327878714,
              36.44339881400872
            ],
            [
              10.66943030793991,
              36.443461825882615
            ],
            [
              10.669510403753575,
              36.443428052046485
            ],
            [
              10.669509009444784,
              36.443362772358945
            ],
            [
              10.669628107131894,
              36.443263151746805
            ],
            [
              10.669864907063873,
              36.4429986332715
            ],
            [
              10.670306475694801,
              36.44286183475344
            ],
            [
              10.670709041922557,
              36.442790881704695
            ],
            [
              10.671149903111706,
              36.44262144040216
            ],
            [
              10.671552467224942,
              36.442550484556776
            ],
            [
              10.671874936823981,
              36.44251330280114
            ],
            [
              10.671994728306178,
              36.44244631973295
            ],
            [
              10.67207412370984,
              36.44237990441883
            ],
            [
              10.672192518312402,
              36.4422476415485
            ],
            [
              10.672108933919286,
              36.44211822086166
            ],
            [
              10.672186234178156,
              36.441953886058656
            ],
            [
              10.672347118453203,
              36.44191897456406
            ],
            [
              10.672345023542848,
              36.441821055149305
            ],
            [
              10.672423719689563,
              36.441721999815215
            ],
            [
              10.672544207869167,
              36.44168765603379
            ],
            [
              10.672746185365309,
              36.441684815799086
            ],
            [
              10.672986462625303,
              36.44158348768004
            ],
            [
              10.673267134627094,
              36.44148159084374
            ],
            [
              10.67302406374767,
              36.44145236033005
            ],
            [
              10.672900083536941,
              36.44132350559146
            ],
            [
              10.672816498980897,
              36.44119408261926
            ],
            [
              10.672653521239724,
              36.44113107806269
            ],
            [
              10.672491241981094,
              36.44110070754975
            ],
            [
              10.6723693581451,
              36.44106977440721
            ],
            [
              10.672207777394448,
              36.44107204607958
            ],
            [
              10.672005103290639,
              36.44104224554763
            ],
            [
              10.671718846920372,
              36.440883020864035
            ],
            [
              10.673698061851711,
              36.43896151529441
            ],
            [
              10.672675646187919,
              36.43838820340168
            ],
            [
              10.67218463733271,
              36.438101260132726
            ],
            [
              10.672697882808857,
              36.4375390028201
            ],
            [
              10.67317002931966,
              36.43694466902459
            ],
            [
              10.672963873600384,
              36.43675167349543
            ],
            [
              10.673002869640422,
              36.436685825755056
            ],
            [
              10.67295968303142,
              36.43655583455606
            ],
            [
              10.672870516750727,
              36.43616529278371
            ],
            [
              10.672701264927086,
              36.43580852949759
            ],
            [
              10.672616988716522,
              36.43564646627581
            ],
            [
              10.67257240691945,
              36.43545119521173
            ],
            [
              10.673365582369236,
              36.43475440013438
            ],
            [
              10.673841194467373,
              36.4343232632035
            ],
            [
              10.674039658654202,
              36.43415722217185
            ],
            [
              10.674628055737458,
              36.43333270184062
            ],
            [
              10.675177448408672,
              36.43257402722622
            ],
            [
              10.67529442478408,
              36.4323764819741
            ],
            [
              10.675527676418454,
              36.43194875134694
            ],
            [
              10.676271297641051,
              36.430828189696726
            ],
            [
              10.676584618953976,
              36.43036668184929
            ],
            [
              10.676781667646152,
              36.43013535697106
            ],
            [
              10.676978015245783,
              36.429871391995846
            ],
            [
              10.67709428328035,
              36.4296412080899
            ],
            [
              10.677209150549514,
              36.42934574172905
            ],
            [
              10.67736440584192,
              36.42904970579755
            ],
            [
              10.677363705765375,
              36.42901706600605
            ],
            [
              10.679153421510938,
              36.42957950891522
            ],
            [
              10.67923490062416,
              36.429611011236304
            ],
            [
              10.679665860775618,
              36.42898458386032
            ],
            [
              10.680099618958485,
              36.42848871404098
            ],
            [
              10.680413609670767,
              36.42805983654559
            ],
            [
              10.680609939780147,
              36.42779586596085
            ],
            [
              10.680767984976981,
              36.42763038491662
            ],
            [
              10.682185440938232,
              36.42591257422452
            ],
            [
              10.683172641455611,
              36.42485382526532
            ],
            [
              10.68313085012956,
              36.42478911720652
            ],
            [
              10.683090463601754,
              36.42478968856877
            ],
            [
              10.68239968000969,
              36.424603561252496
            ],
            [
              10.681339809346868,
              36.42416145200104
            ],
            [
              10.680318940901232,
              36.42365348018976
            ],
            [
              10.678976393819529,
              36.42321533891792
            ],
            [
              10.677756425193477,
              36.422840755918266
            ],
            [
              10.676943814186274,
              36.422623664862385
            ],
            [
              10.67637002273354,
              36.4222399576264
            ],
            [
              10.675146586151262,
              36.42170214509707
            ],
            [
              10.673799909576672,
              36.4210681045138
            ],
            [
              10.673023523660383,
              36.42065458111121
            ],
            [
              10.672819513696275,
              36.420559503347576
            ],
            [
              10.672205372934055,
              36.42017634009008
            ],
            [
              10.671421333232018,
              36.41940376367516
            ],
            [
              10.67097153214594,
              36.41914888394376
            ],
            [
              10.670479956418095,
              36.41882929229243
            ],
            [
              10.669943131091877,
              36.41828178541935
            ],
            [
              10.669573411316744,
              36.41799312643685
            ],
            [
              10.669323450869948,
              36.41763748649488
            ],
            [
              10.66915634763364,
              36.417378632870715
            ],
            [
              10.668245651386146,
              36.4163466187539
            ],
            [
              10.666521086945027,
              36.41503214616893
            ],
            [
              10.664874568599755,
              36.413585961971584
            ],
            [
              10.664463814684932,
              36.41326521083162
            ],
            [
              10.662489476208428,
              36.41159502914451
            ],
            [
              10.661542715018912,
              36.4107593612438
            ],
            [
              10.66121136312156,
              36.41037218992824
            ],
            [
              10.658829921942056,
              36.408544381776565
            ],
            [
              10.657347956421384,
              36.40722638874221
            ],
            [
              10.656030312763715,
              36.40603669466399
            ],
            [
              10.655579257790485,
              36.40571647255358
            ],
            [
              10.655049526213359,
              36.405495292710484
            ],
            [
              10.654733409343448,
              36.405826188161946
            ],
            [
              10.654412460587412,
              36.40592860073946
            ],
            [
              10.65400800067853,
              36.405901573778074
            ],
            [
              10.652867788560071,
              36.40546031939227
            ],
            [
              10.652091666900619,
              36.40504664920126
            ],
            [
              10.651846650041374,
              36.4049194512375
            ],
            [
              10.651767273775105,
              36.404985852959214
            ],
            [
              10.651409390293228,
              36.40525201973563
            ],
            [
              10.651262345126385,
              36.40593970851882
            ],
            [
              10.651347920217267,
              36.406167070247626
            ],
            [
              10.651722334837523,
              36.40668426628901
            ],
            [
              10.651809289802202,
              36.40697690827819
            ],
            [
              10.651814111591113,
              36.40720539062584
            ],
            [
              10.651736799448855,
              36.40736971336769
            ],
            [
              10.651621175026627,
              36.407632517561865
            ],
            [
              10.651346102074202,
              36.40799548436038
            ],
            [
              10.650318976052013,
              36.4090871761313
            ],
            [
              10.650282038170994,
              36.40925093793527
            ],
            [
              10.650286855888577,
              36.40947942037158
            ],
            [
              10.650252670746632,
              36.40977374354858
            ],
            [
              10.650297179752133,
              36.409969025560926
            ],
            [
              10.650260929734774,
              36.41016542769087
            ],
            [
              10.650142547082847,
              36.41029766914267
            ],
            [
              10.649664182602782,
              36.41059814881748
            ],
            [
              10.64958686279151,
              36.41076247027839
            ],
            [
              10.6494787938836,
              36.4113843136569
            ],
            [
              10.649447356945949,
              36.411809198006516
            ],
            [
              10.649448044903163,
              36.411841838354825
            ],
            [
              10.649456300476222,
              36.412233522519934
            ],
            [
              10.649306472049748,
              36.412790644800424
            ],
            [
              10.649310599604116,
              36.41298648686917
            ],
            [
              10.649272970090147,
              36.41311760524878
            ],
            [
              10.649118323902316,
              36.41344624765374
            ],
            [
              10.64889323007344,
              36.41426561436541
            ],
            [
              10.648855599377342,
              36.414396735386646
            ],
            [
              10.648735832689768,
              36.414463694888184
            ],
            [
              10.64849629184228,
              36.41459761363915
            ],
            [
              10.648174611090848,
              36.414667370076145
            ],
            [
              10.648015145348948,
              36.41476752868659
            ],
            [
              10.647859803361415,
              36.415063526469666
            ],
            [
              10.647821483162371,
              36.415162004079
            ],
            [
              10.647783850276847,
              36.41529312480031
            ],
            [
              10.647705147547565,
              36.415392164423984
            ],
            [
              10.647625757334405,
              36.415458563641025
            ],
            [
              10.64754637041015,
              36.41552496276056
            ],
            [
              10.647385524314624,
              36.41555983990727
            ],
            [
              10.647265067420026,
              36.415594157635255
            ],
            [
              10.646985824980478,
              36.41576127296131
            ],
            [
              10.646826355466944,
              36.41586143006157
            ],
            [
              10.646707955161483,
              36.41599366840134
            ],
            [
              10.646509475706237,
              36.41615966476861
            ],
            [
              10.646232289777435,
              36.41642469953295
            ],
            [
              10.646073508020708,
              36.416557496005304
            ],
            [
              10.645994111803672,
              36.41662389423743
            ],
            [
              10.645836015806687,
              36.41678933078982
            ],
            [
              10.645560884703407,
              36.41715228246142
            ],
            [
              10.645364458982474,
              36.41741619541563
            ],
            [
              10.64516460045768,
              36.41751690890087
            ],
            [
              10.644843590608192,
              36.417619297099456
            ],
            [
              10.644562280911103,
              36.417688485786094
            ],
            [
              10.644401432322317,
              36.417723358999034
            ],
            [
              10.644161187997323,
              36.417824629021986
            ],
            [
              10.643920257237097,
              36.41789325816985
            ],
            [
              10.643799791691706,
              36.41792757256514
            ],
            [
              10.643680697433823,
              36.41802716765966
            ],
            [
              10.643404866423452,
              36.41835747701106
            ],
            [
              10.643410351201261,
              36.41861860029836
            ],
            [
              10.643090708750371,
              36.41878626471602
            ],
            [
              10.64260541250284,
              36.41876031628034
            ],
            [
              10.642360366395666,
              36.41863309982516
            ],
            [
              10.642036611340634,
              36.41860491889623
            ],
            [
              10.642000333824052,
              36.41880131892205
            ],
            [
              10.641965432947726,
              36.419062996937264
            ],
            [
              10.641808004971471,
              36.419261068910664
            ],
            [
              10.641693015481737,
              36.41955650194795
            ],
            [
              10.641536270697532,
              36.41978721402361
            ],
            [
              10.641421279527147,
              36.42008264958643
            ],
            [
              10.641265902421782,
              36.42037864220444
            ],
            [
              10.640828511901693,
              36.42071117445932
            ],
            [
              10.640711466625996,
              36.42090868802714
            ],
            [
              10.64079771388523,
              36.42116869480976
            ],
            [
              10.64076211685265,
              36.421397734925634
            ],
            [
              10.640567036840782,
              36.421726921317024
            ],
            [
              10.640211092237562,
              36.42209097804442
            ],
            [
              10.639649110265603,
              36.422261974377065
            ],
            [
              10.638972121681393,
              36.42272840153206
            ],
            [
              10.639020028905742,
              36.423086890186504
            ],
            [
              10.639267136003076,
              36.42331203178348
            ],
            [
              10.639755879309197,
              36.42350119532702
            ],
            [
              10.640128256559583,
              36.42392050754625
            ],
            [
              10.640214505669952,
              36.42418051735578
            ],
            [
              10.640460250746575,
              36.4243403781775
            ],
            [
              10.64050611416966,
              36.42460094464567
            ],
            [
              10.640389743674039,
              36.42483109841514
            ],
            [
              10.639949587720494,
              36.42503306345641
            ],
            [
              10.640036521971902,
              36.42532571376112
            ],
            [
              10.640280217011215,
              36.42538765356569
            ],
            [
              10.640367152941893,
              36.42568030357138
            ],
            [
              10.640170688992349,
              36.425944211372084
            ],
            [
              10.640176848841879,
              36.426237972404984
            ],
            [
              10.640182324390263,
              36.426499095769415
            ],
            [
              10.639946838123704,
              36.42682884093772
            ],
            [
              10.639789391706527,
              36.4270269105043
            ],
            [
              10.639794181752345,
              36.4272553906963
            ],
            [
              10.640121396215715,
              36.427446778836476
            ],
            [
              10.640124818460334,
              36.427609980912095
            ],
            [
              10.640129609649136,
              36.42783846380999
            ],
            [
              10.64033634635869,
              36.4280641594183
            ],
            [
              10.640419862911173,
              36.42819360714529
            ],
            [
              10.640382896621379,
              36.428357366139345
            ],
            [
              10.64034729932541,
              36.428586405933274
            ],
            [
              10.640271996897223,
              36.42884864305049
            ],
            [
              10.640477367590162,
              36.42900906026167
            ],
            [
              10.640679315520199,
              36.42900627510652
            ],
            [
              10.641005168092457,
              36.42913237699805
            ],
            [
              10.64121396577142,
              36.42945599481903
            ],
            [
              10.641261890320916,
              36.4298144817957
            ],
            [
              10.641183850143626,
              36.42994615785365
            ],
            [
              10.640905916937438,
              36.430178538161265
            ],
            [
              10.64110923428556,
              36.430241033020984
            ],
            [
              10.64131255537295,
              36.430303527478124
            ],
            [
              10.64147685667817,
              36.43043185969361
            ],
            [
              10.641519987412853,
              36.43056186383746
            ],
            [
              10.641211249050196,
              36.43125176755033
            ],
            [
              10.640978493271954,
              36.43171207626468
            ],
            [
              10.640821726708198,
              36.431942787576155
            ],
            [
              10.640584173300988,
              36.43217461015311
            ],
            [
              10.640466423167805,
              36.43233948323269
            ],
            [
              10.640428085946299,
              36.432437961413065
            ],
            [
              10.640471216186116,
              36.432567965910195
            ],
            [
              10.640634151486651,
              36.4326310183942
            ],
            [
              10.64091826151331,
              36.432692399127724
            ],
            [
              10.641079139053724,
              36.43265752991819
            ],
            [
              10.641361194198213,
              36.43262098848051
            ],
            [
              10.641684325699128,
              36.432616529299736
            ],
            [
              10.64188765348214,
              36.43267902258439
            ],
            [
              10.642011569339394,
              36.432807911380316
            ],
            [
              10.642013625459443,
              36.432905832445456
            ],
            [
              10.641936269024312,
              36.433070149331
            ],
            [
              10.641779499286047,
              36.43330085912832
            ],
            [
              10.641740478041847,
              36.43336669732866
            ],
            [
              10.641782925734235,
              36.43346406090812
            ],
            [
              10.641984885071883,
              36.4334612732542
            ],
            [
              10.64222791829453,
              36.43349056801423
            ],
            [
              10.64254831080969,
              36.43335554502421
            ],
            [
              10.643069289138081,
              36.43315245105257
            ],
            [
              10.643551931236374,
              36.43304783671703
            ],
            [
              10.643712808188019,
              36.433012963970086
            ],
            [
              10.643875750309142,
              36.433076011885966
            ],
            [
              10.643999666548803,
              36.43320489579045
            ],
            [
              10.644083194928799,
              36.43333434055242
            ],
            [
              10.644085253690545,
              36.43343226150719
            ],
            [
              10.644046920603914,
              36.433530740730546
            ],
            [
              10.643928489796313,
              36.43366297673808
            ],
            [
              10.643729960703398,
              36.43382896930339
            ],
            [
              10.643571826299612,
              36.433994403406146
            ],
            [
              10.643454080002142,
              36.43415927929504
            ],
            [
              10.643293883034833,
              36.434226789357076
            ],
            [
              10.643013194904537,
              36.43432861890617
            ],
            [
              10.642852311426507,
              36.434363488060036
            ],
            [
              10.642732505903835,
              36.43443044227876
            ],
            [
              10.642573679083238,
              36.434563234839146
            ],
            [
              10.642375833794409,
              36.43476186554912
            ],
            [
              10.642217005693785,
              36.43489465766021
            ],
            [
              10.641976706288085,
              36.43499592441994
            ],
            [
              10.641775428301704,
              36.43503135250722
            ],
            [
              10.641574150119725,
              36.43506678025942
            ],
            [
              10.64125717447852,
              36.43536500258833
            ],
            [
              10.64106343058086,
              36.43575947063856
            ],
            [
              10.640909396557824,
              36.4361207435335
            ],
            [
              10.640832034837029,
              36.436285059757935
            ],
            [
              10.640713594385591,
              36.436417289993706
            ],
            [
              10.64055476010057,
              36.43655008001404
            ],
            [
              10.640519160502379,
              36.436779119639134
            ],
            [
              10.640443851807612,
              36.43704135670473
            ],
            [
              10.640286385278115,
              36.43723942434882
            ],
            [
              10.640049499422846,
              36.437503889239764
            ],
            [
              10.639653090644332,
              36.43786850220084
            ],
            [
              10.639335412082817,
              36.43813407939669
            ],
            [
              10.639056074733599,
              36.43830117801455
            ],
            [
              10.638935575595756,
              36.43833548547317
            ],
            [
              10.638693210574303,
              36.43833882478428
            ],
            [
              10.638450159839834,
              36.438309526010535
            ],
            [
              10.638328292521852,
              36.43827855486015
            ],
            [
              10.638166714772474,
              36.43828078031307
            ],
            [
              10.638045531448826,
              36.43828244925932
            ],
            [
              10.637964744273367,
              36.438283561798265
            ],
            [
              10.637841509647647,
              36.43818730935847
            ],
            [
              10.637758669675886,
              36.43809050059369
            ],
            [
              10.637636119280783,
              36.43802688832224
            ],
            [
              10.637514936319654,
              36.43802855671999
            ],
            [
              10.637395120488266,
              36.438095505798756
            ],
            [
              10.63735677679565,
              36.438193983070825
            ],
            [
              10.637196567837128,
              36.438261487989514
            ],
            [
              10.636995962394423,
              36.43832954867018
            ],
            [
              10.636794673205747,
              36.43836496584509
            ],
            [
              10.6367563286851,
              36.43846344570905
            ],
            [
              10.636682374055288,
              36.438790958719196
            ],
            [
              10.636646077265668,
              36.43898735703433
            ],
            [
              10.636568705545406,
              36.43915167069437
            ],
            [
              10.636411224965226,
              36.439349736280406
            ],
            [
              10.636212665290513,
              36.43951571419098
            ],
            [
              10.636133924287298,
              36.439614746788195
            ],
            [
              10.636136656619016,
              36.43974530844279
            ],
            [
              10.636220862704558,
              36.43990739913675
            ],
            [
              10.636465967528682,
              36.44003462632563
            ],
            [
              10.636669992666354,
              36.44012976847041
            ],
            [
              10.636957544718065,
              36.44035435994151
            ],
            [
              10.637371068971747,
              36.44080576241922
            ],
            [
              10.637618913413128,
              36.44106354863715
            ],
            [
              10.637662728097943,
              36.441226194347294
            ],
            [
              10.637705175413132,
              36.44132355927475
            ],
            [
              10.637668881993784,
              36.44151995776204
            ],
            [
              10.637632588352195,
              36.4417163534701
            ],
            [
              10.637596294604268,
              36.441912751932115
            ],
            [
              10.6375990296154,
              36.44204331344098
            ],
            [
              10.637643528667201,
              36.44223859949503
            ],
            [
              10.637687344158966,
              36.44240124514737
            ],
            [
              10.637813320839228,
              36.442628056232934
            ],
            [
              10.637856453052459,
              36.442758061429615
            ],
            [
              10.637901637128373,
              36.442985987705384
            ],
            [
              10.637863291914242,
              36.443084465107304
            ],
            [
              10.637668829168303,
              36.44344629047485
            ],
            [
              10.637512026940028,
              36.44367699789391
            ],
            [
              10.637233347972536,
              36.44387673032461
            ],
            [
              10.636995066808536,
              36.44407590886911
            ],
            [
              10.636758833093356,
              36.444373008119854
            ],
            [
              10.636721854415248,
              36.444536765918
            ],
            [
              10.636766351176147,
              36.4447320494973
            ],
            [
              10.636813585658176,
              36.445057897261755
            ],
            [
              10.636896430513236,
              36.44515470644023
            ],
            [
              10.636979277289335,
              36.445251515530906
            ],
            [
              10.6369409298929,
              36.445349992658066
            ],
            [
              10.636821787753354,
              36.44544958172566
            ],
            [
              10.636621847121134,
              36.445550282546684
            ],
            [
              10.636340426053689,
              36.445619454321765
            ],
            [
              10.635858380728987,
              36.44575668184922
            ],
            [
              10.635739234906556,
              36.44585627267006
            ],
            [
              10.635660487132839,
              36.44595530226401
            ],
            [
              10.635663219304526,
              36.44608586381053
            ],
            [
              10.635746748698843,
              36.44621531414096
            ],
            [
              10.635708399301151,
              36.44631379090798
            ],
            [
              10.63563101718584,
              36.44647810402318
            ],
            [
              10.63547283709976,
              36.44664352818554
            ],
            [
              10.63543585475074,
              36.44680728285402
            ],
            [
              10.635439952577892,
              36.44700312516662
            ],
            [
              10.635483764851475,
              36.447165771575406
            ],
            [
              10.635365301054224,
              36.44729799966041
            ],
            [
              10.635047570212915,
              36.44756356637612
            ],
            [
              10.634768872950849,
              36.44776329617869
            ],
            [
              10.64728974681512,
              36.45320626593495
            ],
            [
              10.653977432066064,
              36.450305580196385
            ]
          ]
        ],
        "type": "Polygon"
      }
    },
    {
      "type": "Feature",
      "id": "osm:relation:7104932",
      "properties": {
        "sourceId": "isie-local-sectors-2023-hammamet-nine",
        "officialCode": "156659",
        "delegationCode": "1566",
        "governorateCode": "15",
        "nameAr": "ياسمين الحمامات",
        "nameFr": "Yasmin hammamet",
        "sourcePdfURL": "https://www.isie.tn/wp-content/uploads/2023/CartesCirconscriptionsElectoralesLocales2023/%D9%86%D8%A7%D8%A8%D9%84%202/%D8%A7%D9%84%D8%AD%D9%85%D8%A7%D9%85%D8%A7%D8%AA/%D9%8A%D8%A7%D8%B3%D9%85%D9%8A%D9%86%20%D8%A7%D9%84%D8%AD%D9%85%D8%A7%D9%85%D8%A7%D8%AA.pdf",
        "sourcePdfSha256": "a056ddb414929e42bd20b4eac4ab6ce9d36ec799823300430ff470312f7780cc",
        "sourceDrawingDetails": {
          "drawingIndex": 467,
          "layer": "circonscription_isie2023",
          "pdfSha256": "a056ddb414929e42bd20b4eac4ab6ce9d36ec799823300430ff470312f7780cc",
          "segmentCount": 438,
          "seqno": 475,
          "sourceRingCompleteness": {
            "activeClipCount": 2,
            "activeClipOutsideAreasPoints2": [
              0.0,
              0.0
            ],
            "explicitlyClosed": true,
            "isValid": true,
            "viewportCoversCompleteRing": true
          },
          "sourceRingVertexCount": 439,
          "vertexCount": 439
        },
        "sourceGeometrySha256": "1c3f64db70357364c5518524e3d721c901c47683b731a6cf76c708ca2fd30770"
      },
      "geometry": {
        "coordinates": [
          [
            [
              10.514305976558083,
              36.415547919343965
            ],
            [
              10.514508597846335,
              36.41547941487684
            ],
            [
              10.514631576682849,
              36.41551082432723
            ],
            [
              10.514836115429253,
              36.41554119970466
            ],
            [
              10.51499923504657,
              36.415539131650064
            ],
            [
              10.515282775909405,
              36.41543663165029
            ],
            [
              10.51536241707257,
              36.415336716981976
            ],
            [
              10.515401278297949,
              36.41523731944577
            ],
            [
              10.515480919112012,
              36.41513740470351
            ],
            [
              10.515601339353559,
              36.41503697267721
            ],
            [
              10.515680340080742,
              36.41490409768916
            ],
            [
              10.51571855760028,
              36.4147717399809
            ],
            [
              10.515797557872418,
              36.414638864920526
            ],
            [
              10.515917337226652,
              36.41450547247582
            ],
            [
              10.516038395713242,
              36.414438000152124
            ],
            [
              10.51620087309446,
              36.41440297039423
            ],
            [
              10.516363350322331,
              36.41436794041838
            ],
            [
              10.5165251874237,
              36.414299950114305
            ],
            [
              10.516605465860893,
              36.41423299477277
            ],
            [
              10.516644324987599,
              36.41413359686408
            ],
            [
              10.516806161351274,
              36.4140656061936
            ],
            [
              10.517008776485726,
              36.41399709760756
            ],
            [
              10.517415282876238,
              36.413925999668415
            ],
            [
              10.517699455025454,
              36.41385645420948
            ],
            [
              10.518021843315902,
              36.4136545552634
            ],
            [
              10.518100838436363,
              36.413521673185706
            ],
            [
              10.51817855221233,
              36.41332288205331
            ],
            [
              10.518339744791858,
              36.413221929276034
            ],
            [
              10.518583134907674,
              36.41315289993106
            ],
            [
              10.518745604906877,
              36.413117866835506
            ],
            [
              10.518990276282898,
              36.41311475683679
            ],
            [
              10.519111970919313,
              36.413080241572025
            ],
            [
              10.519273802858132,
              36.413012247645995
            ],
            [
              10.519394214893648,
              36.412911811950224
            ],
            [
              10.519514626619276,
              36.412811376138635
            ],
            [
              10.519636320535776,
              36.41277686035414
            ],
            [
              10.519799434010231,
              36.41277478587733
            ],
            [
              10.519879704576308,
              36.412707828463915
            ],
            [
              10.520000118811058,
              36.41260739213737
            ],
            [
              10.520037686549456,
              36.412442073128375
            ],
            [
              10.520117960030525,
              36.41237511552001
            ],
            [
              10.52023901148843,
              36.412307639075685
            ],
            [
              10.520319926185454,
              36.41227364140145
            ],
            [
              10.520562669844574,
              36.41217164805851
            ],
            [
              10.520601522948127,
              36.41207224897093
            ],
            [
              10.520556895229413,
              36.41187500750679
            ],
            [
              10.520554328815296,
              36.41174317005028
            ],
            [
              10.520673453929323,
              36.411576813003194
            ],
            [
              10.520835281357725,
              36.41150881704887
            ],
            [
              10.520916836726089,
              36.41150777905043
            ],
            [
              10.521241770901618,
              36.41143770643612
            ],
            [
              10.52152015221492,
              36.411071511673576
            ],
            [
              10.521716334429279,
              36.410673397625295
            ],
            [
              10.522074980497164,
              36.41024024297081
            ],
            [
              10.522478253697377,
              36.41000432804678
            ],
            [
              10.523209662911693,
              36.409863134204215
            ],
            [
              10.523737832274762,
              36.409757498659886
            ],
            [
              10.524429103206295,
              36.40964977741324
            ],
            [
              10.524835582860954,
              36.4095786548019
            ],
            [
              10.525441439115083,
              36.409274208314244
            ],
            [
              10.525965090812013,
              36.40893784313055
            ],
            [
              10.527019470851458,
              36.40862766030738
            ],
            [
              10.527628533548683,
              36.408488002928394
            ],
            [
              10.52803242509579,
              36.4082850297528
            ],
            [
              10.52872367621956,
              36.40817728405821
            ],
            [
              10.529213630865078,
              36.40820398334936
            ],
            [
              10.529743067292108,
              36.40816423880249
            ],
            [
              10.53014630585344,
              36.40792829869464
            ],
            [
              10.531196132397977,
              36.40738736293757
            ],
            [
              10.531886081441412,
              36.40721367932666
            ],
            [
              10.532497059770357,
              36.40717287731141
            ],
            [
              10.532824554699193,
              36.40723461335253
            ],
            [
              10.53327502274369,
              36.40732773889391
            ],
            [
              10.533722252976267,
              36.40725606332855
            ],
            [
              10.534003149152705,
              36.40702168048245
            ],
            [
              10.534446496115288,
              36.40675224294051
            ],
            [
              10.5348523029131,
              36.40664812968074
            ],
            [
              10.535341597919953,
              36.406641844182204
            ],
            [
              10.53562443051502,
              36.4065063372513
            ],
            [
              10.535944796881989,
              36.406205506313555
            ],
            [
              10.536510455764523,
              36.40593448904937
            ],
            [
              10.536872239033361,
              36.40566609130666
            ],
            [
              10.537152464585803,
              36.40539874438877
            ],
            [
              10.538043656667808,
              36.40509056395797
            ],
            [
              10.538572420485957,
              36.40501782096942
            ],
            [
              10.539019635418693,
              36.40494612591622
            ],
            [
              10.539549696149724,
              36.40493929826415
            ],
            [
              10.539794339503842,
              36.40493614624702
            ],
            [
              10.540080399490535,
              36.40496542814943
            ],
            [
              10.540285568552832,
              36.40502872018831
            ],
            [
              10.540492687580281,
              36.40519089124281
            ],
            [
              10.540697207580726,
              36.40522122276012
            ],
            [
              10.54090042761631,
              36.40518563435205
            ],
            [
              10.541181944546516,
              36.404984195009426
            ],
            [
              10.541504233793937,
              36.40478222907812
            ],
            [
              10.541787048525656,
              36.40464670792046
            ],
            [
              10.542193484295098,
              36.40457552714033
            ],
            [
              10.542480194353677,
              36.404637763069566
            ],
            [
              10.542724185613364,
              36.40460164531129
            ],
            [
              10.542927402994366,
              36.40456605350948
            ],
            [
              10.543131922142168,
              36.40459638087491
            ],
            [
              10.543375261837848,
              36.40452730204377
            ],
            [
              10.543576525240868,
              36.40439283269375
            ],
            [
              10.543777136643438,
              36.40422540047813
            ],
            [
              10.54414149197423,
              36.40408882039037
            ],
            [
              10.544588695731594,
              36.40401710471171
            ],
            [
              10.544874108924105,
              36.40401341534717
            ],
            [
              10.545201599053943,
              36.40407511754619
            ],
            [
              10.545529082756557,
              36.40413681892319
            ],
            [
              10.545815148365872,
              36.404166087015994
            ],
            [
              10.546303124120142,
              36.404093837511724
            ],
            [
              10.54658788493176,
              36.4040571843399
            ],
            [
              10.54687134035495,
              36.40395461109592
            ],
            [
              10.547031822852016,
              36.403820661066725
            ],
            [
              10.547275809121912,
              36.40378453411186
            ],
            [
              10.54743629056531,
              36.40365058356021
            ],
            [
              10.547598729992353,
              36.40361551187473
            ],
            [
              10.547802595224836,
              36.4036128715707
            ],
            [
              10.547883488344127,
              36.40357885566577
            ],
            [
              10.547922955404337,
              36.40351240816486
            ],
            [
              10.547920343489539,
              36.40338056942022
            ],
            [
              10.547917731647074,
              36.40324873346616
            ],
            [
              10.547874346983162,
              36.40311742283625
            ],
            [
              10.547994053327743,
              36.402983999683016
            ],
            [
              10.548156484184979,
              36.402948927363575
            ],
            [
              10.548320228072452,
              36.40297977410226
            ],
            [
              10.548522785132977,
              36.40291121324702
            ],
            [
              10.548560944856273,
              36.40277884618931
            ],
            [
              10.548680649502943,
              36.40264542238082
            ],
            [
              10.548882552003363,
              36.4025439012626
            ],
            [
              10.5490449884218,
              36.40250882767358
            ],
            [
              10.549208731685779,
              36.40253967320943
            ],
            [
              10.549453366402954,
              36.40253650158522
            ],
            [
              10.549698001081861,
              36.40253332946014
            ],
            [
              10.549981446681034,
              36.40243074903641
            ],
            [
              10.550266199400358,
              36.40239408726704
            ],
            [
              10.550512141634782,
              36.4024568327905
            ],
            [
              10.550879086166143,
              36.40245207126064
            ],
            [
              10.55108163946522,
              36.40238350614437
            ],
            [
              10.55124211144723,
              36.402249553465346
            ],
            [
              10.551320384054724,
              36.4020836967308
            ],
            [
              10.551315803410237,
              36.4018529792413
            ],
            [
              10.551517045848268,
              36.40171849414503
            ],
            [
              10.55163608926702,
              36.40155210787106
            ],
            [
              10.551876138396066,
              36.401318213899685
            ],
            [
              10.552077378543283,
              36.4011837306971
            ],
            [
              10.552281236991513,
              36.401181082899534
            ],
            [
              10.552445633402094,
              36.40124488366694
            ],
            [
              10.552608720262107,
              36.401242764950815
            ],
            [
              10.552811268832311,
              36.40117419699818
            ],
            [
              10.55297042518643,
              36.40097432006355
            ],
            [
              10.554579641262913,
              36.399865451977014
            ],
            [
              10.555117534753848,
              36.40025406840636
            ],
            [
              10.555564705056916,
              36.40018231233476
            ],
            [
              10.555625250651989,
              36.39912654692282
            ],
            [
              10.555900144676988,
              36.39859548101526
            ],
            [
              10.55567857783565,
              36.397708228580804
            ],
            [
              10.555796950259248,
              36.397508878813724
            ],
            [
              10.555952810575826,
              36.39714420016859
            ],
            [
              10.555990298912855,
              36.39697887138741
            ],
            [
              10.555764143586389,
              36.39586090436189
            ],
            [
              10.555720750386357,
              36.3957295966453
            ],
            [
              10.555588603643221,
              36.39523679452863
            ],
            [
              10.555379513601165,
              36.39497577067452
            ],
            [
              10.555172392474116,
              36.39481362527236
            ],
            [
              10.55451223287792,
              36.39442659873072
            ],
            [
              10.5544701537057,
              36.39436120972749
            ],
            [
              10.554138110550737,
              36.39406881457325
            ],
            [
              10.553845527238536,
              36.393709971891425
            ],
            [
              10.553675249310125,
              36.39334953575843
            ],
            [
              10.553587162895948,
              36.393020999131615
            ],
            [
              10.553660180807006,
              36.39259146650124
            ],
            [
              10.553939653677844,
              36.39229111957786
            ],
            [
              10.554539359763773,
              36.391689896433775
            ],
            [
              10.554818826074175,
              36.39138954756762
            ],
            [
              10.554807680980137,
              36.39082923357281
            ],
            [
              10.554706482539968,
              36.38984150741744
            ],
            [
              10.554697960947154,
              36.38941303467421
            ],
            [
              10.554735448846154,
              36.38924770610589
            ],
            [
              10.554815668559822,
              36.38918072619734
            ],
            [
              10.555133923336895,
              36.38878096743309
            ],
            [
              10.555538951472753,
              36.388643824009705
            ],
            [
              10.556390417603325,
              36.3884019648255
            ],
            [
              10.557077512987584,
              36.38809630193606
            ],
            [
              10.558042729415913,
              36.3874243627985
            ],
            [
              10.558163051830098,
              36.38732388972391
            ],
            [
              10.558065101422565,
              36.386500962082
            ],
            [
              10.557606191880767,
              36.385979455194345
            ],
            [
              10.557149914317222,
              36.38558978491528
            ],
            [
              10.55665025309753,
              36.3850688022545
            ],
            [
              10.556149942598099,
              36.384514857635985
            ],
            [
              10.555487251357738,
              36.38399599229154
            ],
            [
              10.555234152712572,
              36.383570701832426
            ],
            [
              10.554447871734716,
              36.382987504862854
            ],
            [
              10.553741161333116,
              36.38230436075787
            ],
            [
              10.553321103087812,
              36.38168342674182
            ],
            [
              10.552655837078238,
              36.38103270827953
            ],
            [
              10.552321896186209,
              36.380641426694055
            ],
            [
              10.551943927305476,
              36.3800858745355
            ],
            [
              10.55144433666038,
              36.37956487073725
            ],
            [
              10.550904646234265,
              36.37907735327463
            ],
            [
              10.550071810409726,
              36.378198013068555
            ],
            [
              10.54839574133596,
              36.37591196479368
            ],
            [
              10.548268245887916,
              36.375649869923194
            ],
            [
              10.54814336094084,
              36.37551961423488
            ],
            [
              10.54822031061865,
              36.3752878396259
            ],
            [
              10.548255196852628,
              36.374990673196024
            ],
            [
              10.548453114654858,
              36.37469139782014
            ],
            [
              10.549137512913854,
              36.37425394276696
            ],
            [
              10.549501067349077,
              36.374084389410925
            ],
            [
              10.549533336578513,
              36.373655386171194
            ],
            [
              10.549359208338227,
              36.373097185000724
            ],
            [
              10.548889342736215,
              36.37201532010722
            ],
            [
              10.54838134436651,
              36.371065825777436
            ],
            [
              10.547835211620429,
              36.37024869043958
            ],
            [
              10.547284527241725,
              36.36920083302901
            ],
            [
              10.547076196167435,
              36.36897275658507
            ],
            [
              10.546831666293725,
              36.36897592083936
            ],
            [
              10.546712659585063,
              36.369142302254495
            ],
            [
              10.546796776365364,
              36.36927308162028
            ],
            [
              10.547082714224935,
              36.369302355474595
            ],
            [
              10.547376475317686,
              36.36972713605085
            ],
            [
              10.54701163237994,
              36.36983076291031
            ],
            [
              10.545159016459689,
              36.37097564589199
            ],
            [
              10.544547031610684,
              36.37095058614497
            ],
            [
              10.544057308288087,
              36.37092394416856
            ],
            [
              10.543729958971868,
              36.370862235155485
            ],
            [
              10.543196879509257,
              36.370704276171764
            ],
            [
              10.542742063846282,
              36.37038046311624
            ],
            [
              10.542328657397054,
              36.3700890823749
            ],
            [
              10.542162386025867,
              36.369926385707856
            ],
            [
              10.541663583113484,
              36.36943829969104
            ],
            [
              10.541620879151061,
              36.36933993975632
            ],
            [
              10.541538069659184,
              36.36927507090229
            ],
            [
              10.54137245119779,
              36.36914533859745
            ],
            [
              10.541123375082423,
              36.36891777131607
            ],
            [
              10.54091375698292,
              36.36862375819203
            ],
            [
              10.540706736886928,
              36.36846158461684
            ],
            [
              10.540499068639777,
              36.368266450662055
            ],
            [
              10.54041366533818,
              36.36806974097723
            ],
            [
              10.54020405225709,
              36.367775726449025
            ],
            [
              10.540038439104032,
              36.3676459865465
            ],
            [
              10.539875421419385,
              36.367648086436404
            ],
            [
              10.539390259437203,
              36.367852144868685
            ],
            [
              10.539105626050711,
              36.36788877802007
            ],
            [
              10.536523879473622,
              36.36927369161274
            ],
            [
              10.536321397217986,
              36.36934222506905
            ],
            [
              10.535480420281166,
              36.37011130224674
            ],
            [
              10.535440958328886,
              36.37017774584359
            ],
            [
              10.535360740447599,
              36.370244712871916
            ],
            [
              10.535239766527921,
              36.3703122032521
            ],
            [
              10.535159548335304,
              36.37037917015121
            ],
            [
              10.534955768632425,
              36.37038178682608
            ],
            [
              10.534627134725746,
              36.37025413248109
            ],
            [
              10.534586378842318,
              36.37025465566067
            ],
            [
              10.534091494449653,
              36.36996429192323
            ],
            [
              10.53376157124212,
              36.36977071493227
            ],
            [
              10.533720815594304,
              36.36977123781066
            ],
            [
              10.533720169408785,
              36.36973827771796
            ],
            [
              10.533680059945434,
              36.369771760675135
            ],
            [
              10.533639304295514,
              36.36977228352572
            ],
            [
              10.53214554957312,
              36.370516741711285
            ],
            [
              10.532025217834232,
              36.37061718902153
            ],
            [
              10.531982525295724,
              36.37051883097303
            ],
            [
              10.531899076847207,
              36.37042099517008
            ],
            [
              10.531858320824673,
              36.37042151742109
            ],
            [
              10.531817564801088,
              36.37042203965822
            ],
            [
              10.531736698115514,
              36.3704560442103
            ],
            [
              10.531091055699049,
              36.37079399891999
            ],
            [
              10.530042997258787,
              36.37140084843891
            ],
            [
              10.529761572045183,
              36.37160226037659
            ],
            [
              10.5293623822179,
              36.37203595145798
            ],
            [
              10.529002656733443,
              36.37240320527722
            ],
            [
              10.5287639114826,
              36.37270297417535
            ],
            [
              10.52812210075855,
              36.37323867160178
            ],
            [
              10.527039666400418,
              36.374175618469884
            ],
            [
              10.526479345046878,
              36.37471026621588
            ],
            [
              10.526439229914567,
              36.374743746847955
            ],
            [
              10.525598093385769,
              36.3755127546889
            ],
            [
              10.525237048862502,
              36.37581407737964
            ],
            [
              10.525036467368894,
              36.37598147842487
            ],
            [
              10.524835885016062,
              36.37614887914898
            ],
            [
              10.52459518845995,
              36.37634975675617
            ],
            [
              10.523673135947293,
              36.37715275438393
            ],
            [
              10.52222631837371,
              36.378226170197934
            ],
            [
              10.521145026565653,
              36.37922898663178
            ],
            [
              10.51950009255357,
              36.38060160635397
            ],
            [
              10.517896506430889,
              36.38200665266705
            ],
            [
              10.516412591630127,
              36.383278280463934
            ],
            [
              10.515810730405383,
              36.38378044024458
            ],
            [
              10.51432610965578,
              36.385019083036205
            ],
            [
              10.51364652509626,
              36.38572002707569
            ],
            [
              10.513606398818172,
              36.38575350359886
            ],
            [
              10.51348793385864,
              36.38595281403241
            ],
            [
              10.513368830271387,
              36.38611916124818
            ],
            [
              10.513328703725891,
              36.38615264047718
            ],
            [
              10.513168834885652,
              36.38631950640604
            ],
            [
              10.512686673402039,
              36.386688258898765
            ],
            [
              10.512123618136364,
              36.387091001268296
            ],
            [
              10.511842086615658,
              36.3872923729172
            ],
            [
              10.511801958757818,
              36.38732584886245
            ],
            [
              10.511761830865591,
              36.38735932479484
            ],
            [
              10.511561190888612,
              36.38752670426384
            ],
            [
              10.508750875501107,
              36.389804056658896
            ],
            [
              10.506984473522415,
              36.39124397639748
            ],
            [
              10.5064646608122,
              36.3917780235926
            ],
            [
              10.50642452834571,
              36.39181149781381
            ],
            [
              10.506383760678244,
              36.39181201163323
            ],
            [
              10.506182462653962,
              36.39194642208852
            ],
            [
              10.506065239717364,
              36.392211646401364
            ],
            [
              10.505907249662698,
              36.39247738145559
            ],
            [
              10.50574862196307,
              36.39271015873628
            ],
            [
              10.505386786726175,
              36.39297846381943
            ],
            [
              10.505066352026732,
              36.39327921208649
            ],
            [
              10.504745916650233,
              36.39357996230837
            ],
            [
              10.504466245870512,
              36.39388019855877
            ],
            [
              10.504306344146409,
              36.39404705320072
            ],
            [
              10.504145805738514,
              36.39418094725193
            ],
            [
              10.503985266780198,
              36.39431484109718
            ],
            [
              10.503823460654528,
              36.39438281109417
            ],
            [
              10.503420207853457,
              36.39461866302852
            ],
            [
              10.503057721910984,
              36.39485400094147
            ],
            [
              10.502857045777182,
              36.39502136644146
            ],
            [
              10.502455687472587,
              36.395356096519365
            ],
            [
              10.502456954600556,
              36.39542201458308
            ],
            [
              10.502416186701765,
              36.39542252707014
            ],
            [
              10.500611300307831,
              36.396994713964546
            ],
            [
              10.503591786448279,
              36.39929800346041
            ],
            [
              10.503592420609559,
              36.39933096385024
            ],
            [
              10.50312091359896,
              36.400260006482775
            ],
            [
              10.504401978319402,
              36.40113403021758
            ],
            [
              10.504443385455788,
              36.40116647732882
            ],
            [
              10.504402612865343,
              36.401166990585004
            ],
            [
              10.504159882363854,
              36.401268950920354
            ],
            [
              10.503917783833225,
              36.401403871170444
            ],
            [
              10.503597309937645,
              36.40170461881446
            ],
            [
              10.503357747230202,
              36.401971376669024
            ],
            [
              10.503075506019574,
              36.40213976855634
            ],
            [
              10.502916217172187,
              36.402339581980115
            ],
            [
              10.502836572446489,
              36.402439488617006
            ],
            [
              10.502879881466413,
              36.40257081741205
            ],
            [
              10.50300600541033,
              36.40276703859787
            ],
            [
              10.503172269539707,
              36.40292978920294
            ],
            [
              10.50325825534756,
              36.40315948609425
            ],
            [
              10.503304102045695,
              36.40342265618265
            ],
            [
              10.503390088833239,
              36.40365235293899
            ],
            [
              10.503311711737437,
              36.403818180626565
            ],
            [
              10.503355654785777,
              36.40398246677923
            ],
            [
              10.50335628895582,
              36.40401542714674
            ],
            [
              10.502166240916578,
              36.40363477425343
            ],
            [
              10.501796741567476,
              36.40350754475587
            ],
            [
              10.501680121053727,
              36.4038057254098
            ],
            [
              10.501601740086775,
              36.40397154926481
            ],
            [
              10.501404203007306,
              36.404303714688105
            ],
            [
              10.501206664284151,
              36.40463587980568
            ],
            [
              10.501011025200686,
              36.40506692299413
            ],
            [
              10.500815382353265,
              36.40549796869746
            ],
            [
              10.500652284390434,
              36.4055000168715
            ],
            [
              10.500408900743604,
              36.40556900955481
            ],
            [
              10.500165516650787,
              36.40563800175112
            ],
            [
              10.49992149935325,
              36.40567403305035
            ],
            [
              10.499717625921496,
              36.40567659172319
            ],
            [
              10.49943156810255,
              36.40564721289352
            ],
            [
              10.499105369601127,
              36.40565130527535
            ],
            [
              10.498737762006048,
              36.40562294773658
            ],
            [
              10.498412195622333,
              36.40565999865415
            ],
            [
              10.498005077016217,
              36.40569807097958
            ],
            [
              10.497678246278078,
              36.40566919902612
            ],
            [
              10.497561606939437,
              36.40596737599171
            ],
            [
              10.497141503095005,
              36.407456210322
            ],
            [
              10.497142134720653,
              36.407489170764144
            ],
            [
              10.496942043817663,
              36.40768948749018
            ],
            [
              10.496307934436114,
              36.40865350846167
            ],
            [
              10.495910897125688,
              36.40921893842446
            ],
            [
              10.49562987733542,
              36.40945323437288
            ],
            [
              10.495346961376114,
              36.409588648339934
            ],
            [
              10.494296215460546,
              36.41009631740069
            ],
            [
              10.493975038615215,
              36.41036407720735
            ],
            [
              10.49377430373008,
              36.41053142839211
            ],
            [
              10.4936538613486,
              36.410631838961244
            ],
            [
              10.49357482664283,
              36.410764700231866
            ],
            [
              10.493413605784442,
              36.41086562023112
            ],
            [
              10.493212866679524,
              36.41103297053734
            ],
            [
              10.492895463525738,
              36.41149849044779
            ],
            [
              10.492815166897575,
              36.41156543027882
            ],
            [
              10.492735499992023,
              36.41166533054366
            ],
            [
              10.492338423527773,
              36.412230749277846
            ],
            [
              10.49312392394697,
              36.412781398881144
            ],
            [
              10.493826619862826,
              36.41326714164523
            ],
            [
              10.494324164831799,
              36.413689509127714
            ],
            [
              10.494738265568397,
              36.41401401327531
            ],
            [
              10.495361314402713,
              36.41459964234543
            ],
            [
              10.496604282539653,
              36.41560609906434
            ],
            [
              10.496282460412313,
              36.415840907568516
            ],
            [
              10.49616201339094,
              36.415941320696916
            ],
            [
              10.496121864207902,
              36.41597478612648
            ],
            [
              10.496162644691413,
              36.415974275519424
            ],
            [
              10.496325766615184,
              36.41597223295203
            ],
            [
              10.4970158741508,
              36.4157987531773
            ],
            [
              10.49774675865212,
              36.415624752747455
            ],
            [
              10.498397344093704,
              36.41551769143937
            ],
            [
              10.499210415475599,
              36.415375619775936
            ],
            [
              10.50006426373058,
              36.41523303070884
            ],
            [
              10.500512208960695,
              36.415194438227275
            ],
            [
              10.501001567087414,
              36.41518829216653
            ],
            [
              10.50157375408443,
              36.41524703986844
            ],
            [
              10.502268912423684,
              36.4153372071612
            ],
            [
              10.502965342499724,
              36.4154932909651
            ],
            [
              10.503578311283102,
              36.41555151605128
            ],
            [
              10.504068942168528,
              36.415611277937664
            ],
            [
              10.504557667164903,
              36.415572156955946
            ],
            [
              10.505168096651953,
              36.415498532717706
            ],
            [
              10.505940373881177,
              36.41535692917653
            ],
            [
              10.50650938444154,
              36.41525085182281
            ],
            [
              10.507079667095066,
              36.415210692267536
            ],
            [
              10.507813064990483,
              36.415168471824224
            ],
            [
              10.508628025003226,
              36.41512521715564
            ],
            [
              10.509361420918502,
              36.41508298723637
            ],
            [
              10.509972480129944,
              36.415042298804565
            ],
            [
              10.510461833444444,
              36.415036114020005
            ],
            [
              10.510911047972362,
              36.41506340302503
            ],
            [
              10.511197781541183,
              36.41512571358112
            ],
            [
              10.511566071655597,
              36.41518699177903
            ],
            [
              10.511896138118976,
              36.415380625468465
            ],
            [
              10.512392517376876,
              36.4157369945393
            ],
            [
              10.512848759277414,
              36.41612683230884
            ],
            [
              10.513302447751153,
              36.41638483324395
            ],
            [
              10.513591104274088,
              36.41654601831268
            ],
            [
              10.51379692315609,
              36.41664231569243
            ],
            [
              10.513919903583112,
              36.41667372583397
            ],
            [
              10.514081747647577,
              36.41660573870646
            ],
            [
              10.514200893858701,
              36.416439387752796
            ],
            [
              10.514238478970343,
              36.41627407029671
            ],
            [
              10.514153084276629,
              36.416077343033145
            ],
            [
              10.514109748214496,
              36.41594602482171
            ],
            [
              10.514147972214783,
              36.41581366193311
            ],
            [
              10.514146055317058,
              36.41571478710483
            ],
            [
              10.514184918278358,
              36.41561538993006
            ],
            [
              10.514305976558083,
              36.415547919343965
            ]
          ]
        ],
        "type": "Polygon"
      }
    }
  ]
}
