{
  "type": "FeatureCollection",
  "sourceId": "isie-local-sectors-2023-bembla-seven-source-review",
  "reviewedDate": "2026-09-08",
  "status": "SOURCE_QUALIFIED_CANDIDATES_PENDING_IMPORT_AND_CONFLICT_DECISION",
  "features": [
    {
      "type": "Feature",
      "id": "osm:relation:7107801",
      "properties": {
        "sourceId": "isie-local-sectors-2023-bembla-seven-source-review",
        "officialCode": "325751",
        "nameAr": "بنبلة",
        "nameFr": "Bembla",
        "governorateCode": "32",
        "governorateAr": "المنستير",
        "governorateFr": "Monastir",
        "delegationCode": "3257",
        "parentAr": "بنبلة",
        "parentFr": "Bembla",
        "expectedOriginalTags": {
          "admin_level": "6",
          "boundary": "administrative",
          "name": "بنبلة",
          "name:ar": "بنبلة",
          "name:fr": "Bembla",
          "ref:tn:codegeo": "325751"
        },
        "sourceOriginalGeometrySha256": "9d76ec70798da948de6d6f40cc1b69a84dbcdbdd6cb76542790719c4c5f989c0",
        "sourcePdfURL": "https://www.isie.tn/wp-content/uploads/2023/CartesCirconscriptionsElectoralesLocales2023/%D8%A7%D9%84%D9%85%D9%86%D8%B3%D8%AA%D9%8A%D8%B1/%D8%A8%D9%86%D8%A8%D9%84%D8%A9/%D8%A8%D9%86%D8%A8%D9%84%D8%A9.pdf",
        "sourcePdfSha256": "7f7bad2f2522e2365f2d78d3479a748cd1e97aeb815a90dc624b1e29866c0cc7",
        "sourcePdfFile": "work\\bembla-reference-review\\bembla.pdf",
        "sourcePdfRenderFile": "work\\bembla-reference-review\\bembla.png",
        "sourcePdfRenderSha256": "79cf8e636a78dc87f3c32a29f5cd07fb4354c4afca9171e51eb68448c45af1f2",
        "sourceMapTitleAr": "بنبلة",
        "sourceDrawingIndices": [
          484
        ],
        "sourceVectorLayer": "circonscription_isie2023",
        "sourceCrsEpsg": 32632,
        "sourceCrsWkt": "PROJCS[\"WGS_1984_UTM_Zone_32N\",GEOGCS[\"GCS_WGS_1984\",DATUM[\"D_WGS_1984\",SPHEROID[\"WGS_1984\",6378137.0,298.257223563]],PRIMEM[\"Greenwich\",0.0],UNIT[\"Degree\",0.0174532925199433]],PROJECTION[\"Transverse_Mercator\"],PARAMETER[\"False_Easting\",500000.0],PARAMETER[\"False_Northing\",0.0],PARAMETER[\"Central_Meridian\",9.0],PARAMETER[\"Scale_Factor\",0.9996],PARAMETER[\"Latitude_Of_Origin\",0.0],UNIT[\"Meter\",1.0]]",
        "sourceControlPointMaxResidualMeters": 0.14491923570456627,
        "sourceControlPointsLatLon": [
          [
            35.68232,
            10.75099
          ],
          [
            35.73274,
            10.7521
          ],
          [
            35.73142,
            10.84061
          ],
          [
            35.681,
            10.83945
          ]
        ],
        "sourceLocalControlPoints": [
          [
            0.0,
            1.0
          ],
          [
            0.0,
            0.0
          ],
          [
            1.0,
            0.0
          ],
          [
            1.0,
            1.0
          ]
        ],
        "sourceViewportBBox": [
          4.31908,
          590.46173,
          841.50095,
          5.38791
        ],
        "sourceAffineMetersFromPagePoints": [
          [
            9.56577441305048,
            8.236653736504701e-05
          ],
          [
            -0.0005898882354813395,
            -9.562563546214733
          ],
          [
            658410.1776628434,
            3955769.4783156835
          ]
        ],
        "sourceGeometrySha256": "67c71ab8c0846fb3e5a4afaf82160136059d0572c30d5cbdf172bdabc065ba8e",
        "reviewedDate": "2026-09-08",
        "administrativeScope": {
          "conclusion": "whole_imada",
          "officialCode": "325751",
          "pdfPage": 16,
          "jortPage": 5113,
          "imadaName": "بنبلة",
          "circleName": "بنبلة",
          "decree": {
            "file": "work\\electoral-circle-semantics\\decree2023-590.pdf",
            "sha256": "bfb3fe752b9900eaf873198b009968243f1b0bd2c119836cfd4fbbfc07e1e10f",
            "url": "https://www.isie.tn/wp-content/uploads/2023/09/Decret2023_590Arabe.pdf"
          },
          "reviewedRender": {
            "file": "work\\electoral-circle-semantics\\page-16.png",
            "sha256": "77ad7bb058aa2eaed1e384d29bc35e05feeb48f47182f1b6da70dd81c39c0b63"
          },
          "personallyViewed": true
        },
        "currentOfficialIdentity": {
          "governorateCode": "32",
          "governorateFr": "Monastir",
          "governorateAr": "المنستير",
          "delegationCode": "3257",
          "delegationFr": "Bembla",
          "delegationAr": "بنبلة",
          "sectorCode": "325751",
          "sectorFr": "Bembla",
          "sectorAr": "بنبلة",
          "sourceRows": {
            "Population_Secteur_Age_Sexe_Dynamique.xlsx": 37263,
            "Nombre_de_Logements_par_Secteurs.xlsx": 1765,
            "Nombre_de_menages_par_Secteurs.xlsx": 1763
          }
        },
        "boundaryManipulation": "None. Original complete native path transformed through its own PDF controls; no cleanup, snap, union, clipping, invented connector or hole removal.",
        "sourceQualification": "full_native_whole_imada_source_reviewed_pending_cluster_decision"
      },
      "geometry": {
        "type": "Polygon",
        "coordinates": [
          [
            [
              10.802628333219367,
              35.70983319208837
            ],
            [
              10.802927768493948,
              35.709611440549324
            ],
            [
              10.803117983198684,
              35.709608591431234
            ],
            [
              10.803713336505314,
              35.7090099498096
            ],
            [
              10.80430868419568,
              35.70841130539545
            ],
            [
              10.804730659709879,
              35.70856016780944
            ],
            [
              10.806585696540887,
              35.70645279428897
            ],
            [
              10.806739963638881,
              35.706543593463905
            ],
            [
              10.80708655320037,
              35.7067246172998
            ],
            [
              10.807549378118507,
              35.70699701187147
            ],
            [
              10.807821294379584,
              35.707241233673045
            ],
            [
              10.80801642543601,
              35.70745556999912
            ],
            [
              10.808723689819464,
              35.70843816259178
            ],
            [
              10.809187937551476,
              35.708772602800465
            ],
            [
              10.809558501409068,
              35.70833250174954
            ],
            [
              10.809744488930319,
              35.70814347700544
            ],
            [
              10.809781123195613,
              35.70808084999306
            ],
            [
              10.809893137527919,
              35.70798605150992
            ],
            [
              10.814495305640955,
              35.70285756994829
            ],
            [
              10.811640929023925,
              35.70116242854445
            ],
            [
              10.81159937451744,
              35.70100786315123
            ],
            [
              10.81138312039927,
              35.69986270831894
            ],
            [
              10.811135877608354,
              35.69902840058784
            ],
            [
              10.809779927371645,
              35.69796245872327
            ],
            [
              10.808153544186549,
              35.696714336313796
            ],
            [
              10.80871214019102,
              35.69617829644803
            ],
            [
              10.808555775613698,
              35.69599441636462
            ],
            [
              10.808436744957406,
              35.695778937086956
            ],
            [
              10.808433229575428,
              35.69562379895484
            ],
            [
              10.80857904621183,
              35.695342267499925
            ],
            [
              10.80884037595955,
              35.69512107417124
            ],
            [
              10.80902351637167,
              35.69480794323432
            ],
            [
              10.809730014456473,
              35.69408344721724
            ],
            [
              10.810067407584649,
              35.69386110791558
            ],
            [
              10.807614269464624,
              35.691383877225455
            ],
            [
              10.804734502974181,
              35.68854053003503
            ],
            [
              10.805281139972417,
              35.68747704034183
            ],
            [
              10.805984101633529,
              35.68659742778682
            ],
            [
              10.80635248011252,
              35.68606425177868
            ],
            [
              10.8069061018298,
              35.6853110272504
            ],
            [
              10.80749352986438,
              35.684371068558775
            ],
            [
              10.80759708560943,
              35.68390394033181
            ],
            [
              10.807594275827405,
              35.68377982952353
            ],
            [
              10.807026625921058,
              35.683912502707756
            ],
            [
              10.8065336314035,
              35.68398197668805
            ],
            [
              10.805241996606528,
              35.684063424863545
            ],
            [
              10.804599681239521,
              35.68425928258662
            ],
            [
              10.80332135124069,
              35.684930237888175
            ],
            [
              10.8015569940821,
              35.685980906775484
            ],
            [
              10.799300964452007,
              35.68716305696925
            ],
            [
              10.800505859352162,
              35.68829345616148
            ],
            [
              10.799317480909144,
              35.68958378743986
            ],
            [
              10.798760964898909,
              35.69021286551781
            ],
            [
              10.79779584846006,
              35.691282578617916
            ],
            [
              10.797647903787364,
              35.69147101720314
            ],
            [
              10.797613363236108,
              35.69162672423878
            ],
            [
              10.797692227506241,
              35.6917496998045
            ],
            [
              10.798310563991828,
              35.692174998852195
            ],
            [
              10.798464800391205,
              35.692265809821265
            ],
            [
              10.798505631761579,
              35.69238935292571
            ],
            [
              10.79813437021241,
              35.69279839556676
            ],
            [
              10.797912453425802,
              35.69308105397771
            ],
            [
              10.79638862877251,
              35.69468674577581
            ],
            [
              10.795869390310182,
              35.69528421633857
            ],
            [
              10.79598699038867,
              35.69543765339144
            ],
            [
              10.795353637495058,
              35.69603682402487
            ],
            [
              10.794644895857932,
              35.69666815609677
            ],
            [
              10.794155998983179,
              35.69692374893237
            ],
            [
              10.794077131375408,
              35.6968007711875
            ],
            [
              10.792720349929304,
              35.69737966820883
            ],
            [
              10.792958330496571,
              35.69781065734912
            ],
            [
              10.79208486347531,
              35.6978857389779
            ],
            [
              10.791957796399897,
              35.69900500789198
            ],
            [
              10.791690832759608,
              35.698977942970664
            ],
            [
              10.791547042870855,
              35.69935253934874
            ],
            [
              10.79114046144073,
              35.699886236939946
            ],
            [
              10.790953054229822,
              35.70001317807738
            ],
            [
              10.790356271153424,
              35.70054970507791
            ],
            [
              10.7901730411506,
              35.70086281248656
            ],
            [
              10.789204901529393,
              35.70180834760121
            ],
            [
              10.78878785795763,
              35.701876621579686
            ],
            [
              10.788266430772662,
              35.702380980465826
            ],
            [
              10.78826990795839,
              35.702536120144934
            ],
            [
              10.787898551142515,
              35.70294513336526
            ],
            [
              10.788554967134615,
              35.70336991584412
            ],
            [
              10.787848892130542,
              35.70412531961454
            ],
            [
              10.787403526616842,
              35.70462854523124
            ],
            [
              10.786994111623907,
              35.70503811816816
            ],
            [
              10.786398657954145,
              35.705636682802975
            ],
            [
              10.785618539733198,
              35.70648628731715
            ],
            [
              10.785059024296483,
              35.70699119497685
            ],
            [
              10.784651667939766,
              35.70749384701896
            ],
            [
              10.784096299991772,
              35.70818491839209
            ],
            [
              10.783724202487848,
              35.708562891750226
            ],
            [
              10.783094120161905,
              35.709317142207205
            ],
            [
              10.782686739963872,
              35.70981978810582
            ],
            [
              10.782427372494377,
              35.71013400888374
            ],
            [
              10.78168036160705,
              35.71076583302191
            ],
            [
              10.781379474997951,
              35.71092547742976
            ],
            [
              10.780479581611536,
              35.71152851572736
            ],
            [
              10.779729776002922,
              35.71203621627479
            ],
            [
              10.779278086314685,
              35.71226015897309
            ],
            [
              10.778450792406954,
              35.71270692051354
            ],
            [
              10.777884961772502,
              35.71293254702536
            ],
            [
              10.777543940993157,
              35.71299965731739
            ],
            [
              10.777128210585138,
              35.71312994884505
            ],
            [
              10.797864125509836,
              35.72976879506924
            ],
            [
              10.798495166668864,
              35.72736943869994
            ],
            [
              10.799004076424954,
              35.72630654261089
            ],
            [
              10.800071122279574,
              35.72467660948836
            ],
            [
              10.801702549146803,
              35.72275887951718
            ],
            [
              10.802732846232589,
              35.72119155226913
            ],
            [
              10.80330513141148,
              35.71956900322807
            ],
            [
              10.803524446477638,
              35.717486166529
            ],
            [
              10.803566154770012,
              35.71596467913358
            ],
            [
              10.803771970218596,
              35.71496837776756
            ],
            [
              10.804240589621468,
              35.71381294637869
            ],
            [
              10.802906214645528,
              35.713708787778984
            ],
            [
              10.802217904005046,
              35.713563904757656
            ],
            [
              10.801449298017545,
              35.71323399325305
            ],
            [
              10.800873726506643,
              35.71302533883158
            ],
            [
              10.800071988357969,
              35.712913178474956
            ],
            [
              10.800636352367567,
              35.71262539403297
            ],
            [
              10.800784326836977,
              35.71243695410077
            ],
            [
              10.801233848365356,
              35.71211984678389
            ],
            [
              10.801906726925349,
              35.711582130068145
            ],
            [
              10.80209414230937,
              35.711455171814805
            ],
            [
              10.802392179501727,
              35.71117136619135
            ],
            [
              10.802500701197332,
              35.710921436009365
            ],
            [
              10.801925144065288,
              35.71071278613893
            ],
            [
              10.802069607136124,
              35.71036920645859
            ],
            [
              10.802219677278567,
              35.71027384525923
            ],
            [
              10.802333102780482,
              35.71024110886105
            ],
            [
              10.802628333219367,
              35.70983319208837
            ]
          ]
        ]
      }
    },
    {
      "type": "Feature",
      "id": "osm:relation:7107800",
      "properties": {
        "sourceId": "isie-local-sectors-2023-bembla-seven-source-review",
        "officialCode": "325752",
        "nameAr": "بنبلة الغربية",
        "nameFr": "Bembla ouest",
        "governorateCode": "32",
        "governorateAr": "المنستير",
        "governorateFr": "Monastir",
        "delegationCode": "3257",
        "parentAr": "بنبلة",
        "parentFr": "Bembla",
        "expectedOriginalTags": {
          "admin_level": "6",
          "boundary": "administrative",
          "name": "بنبلة الغربية",
          "name:ar": "بنبلة الغربية",
          "name:fr": "Bembla Ouest",
          "ref:tn:codegeo": "325752"
        },
        "sourceOriginalGeometrySha256": "330506c39150af7b48f0e5c82a952809a98f50bed1a5e446060638fe78fa78eb",
        "sourcePdfURL": "https://www.isie.tn/wp-content/uploads/2023/CartesCirconscriptionsElectoralesLocales2023/%D8%A7%D9%84%D9%85%D9%86%D8%B3%D8%AA%D9%8A%D8%B1/%D8%A8%D9%86%D8%A8%D9%84%D8%A9/%D8%A8%D9%86%D8%A8%D9%84%D8%A9%20%D8%A7%D9%84%D8%BA%D8%B1%D8%A8%D9%8A%D8%A9.pdf",
        "sourcePdfSha256": "96942571e3a51de0848eda272687c4f7284fb3d04b99f64faded14d05f460c2e",
        "sourcePdfFile": "work\\bembla-reference-review\\bembla-ouest.pdf",
        "sourcePdfRenderFile": "work\\bembla-reference-review\\bembla-ouest.png",
        "sourcePdfRenderSha256": "c52df3c31c14d9b44c99184c5bf5097d69340b82baadf996065aeb41166844d7",
        "sourceMapTitleAr": "بنبلة الغربية",
        "sourceDrawingIndices": [
          736
        ],
        "sourceVectorLayer": "circonscription_isie2023",
        "sourceCrsEpsg": 32632,
        "sourceCrsWkt": "PROJCS[\"WGS_1984_UTM_Zone_32N\",GEOGCS[\"GCS_WGS_1984\",DATUM[\"D_WGS_1984\",SPHEROID[\"WGS_1984\",6378137.0,298.257223563]],PRIMEM[\"Greenwich\",0.0],UNIT[\"Degree\",0.0174532925199433]],PROJECTION[\"Transverse_Mercator\"],PARAMETER[\"False_Easting\",500000.0],PARAMETER[\"False_Northing\",0.0],PARAMETER[\"Central_Meridian\",9.0],PARAMETER[\"Scale_Factor\",0.9996],PARAMETER[\"Latitude_Of_Origin\",0.0],UNIT[\"Meter\",1.0]]",
        "sourceControlPointMaxResidualMeters": 0.19461849246270635,
        "sourceControlPointsLatLon": [
          [
            35.65892,
            10.74131
          ],
          [
            35.71623,
            10.74256
          ],
          [
            35.71473,
            10.84313
          ],
          [
            35.65743,
            10.84181
          ]
        ],
        "sourceLocalControlPoints": [
          [
            0.0,
            1.0
          ],
          [
            0.0,
            0.0
          ],
          [
            1.0,
            0.0
          ],
          [
            1.0,
            1.0
          ]
        ],
        "sourceViewportBBox": [
          4.31908,
          590.46173,
          841.50095,
          5.38791
        ],
        "sourceAffineMetersFromPagePoints": [
          [
            10.871148267734323,
            0.00028075003048910085
          ],
          [
            -0.0004437745410541538,
            -10.868299161658797
          ],
          [
            657574.3244364875,
            3953929.0428964673
          ]
        ],
        "sourceGeometrySha256": "679709cda4a4f7a69fa7a400b26ef07887c0dc345544ce20244716a57f47bdc4",
        "reviewedDate": "2026-09-08",
        "administrativeScope": {
          "conclusion": "whole_imada",
          "officialCode": "325752",
          "pdfPage": 17,
          "jortPage": 5114,
          "imadaName": "بنبلة الغربية",
          "circleName": "بنبلة الغربية",
          "decree": {
            "file": "work\\electoral-circle-semantics\\decree2023-590.pdf",
            "sha256": "bfb3fe752b9900eaf873198b009968243f1b0bd2c119836cfd4fbbfc07e1e10f",
            "url": "https://www.isie.tn/wp-content/uploads/2023/09/Decret2023_590Arabe.pdf"
          },
          "reviewedRender": {
            "file": "work\\electoral-circle-semantics\\page-17.png",
            "sha256": "2210a9242033464ee345d78db8f683995fd659381e26d81cc92f589b8be90c10"
          },
          "personallyViewed": true
        },
        "currentOfficialIdentity": {
          "governorateCode": "32",
          "governorateFr": "Monastir",
          "governorateAr": "المنستير",
          "delegationCode": "3257",
          "delegationFr": "Bembla",
          "delegationAr": "بنبلة",
          "sectorCode": "325752",
          "sectorFr": "Bembla ouest",
          "sectorAr": "بنبلة الغربية",
          "sourceRows": {
            "Population_Secteur_Age_Sexe_Dynamique.xlsx": 37297,
            "Nombre_de_Logements_par_Secteurs.xlsx": 1767,
            "Nombre_de_menages_par_Secteurs.xlsx": 1765
          }
        },
        "boundaryManipulation": "None. Original complete native path transformed through its own PDF controls; no cleanup, snap, union, clipping, invented connector or hole removal.",
        "sourceQualification": "full_native_whole_imada_source_reviewed_pending_cluster_decision"
      },
      "geometry": {
        "type": "Polygon",
        "coordinates": [
          [
            [
              10.791532347953725,
              35.699353498819626
            ],
            [
              10.791696564559743,
              35.69896301964736
            ],
            [
              10.791956729118475,
              35.69899442757099
            ],
            [
              10.792061893305275,
              35.69789929756207
            ],
            [
              10.792968101716387,
              35.69781526490543
            ],
            [
              10.792699236334526,
              35.69739594789693
            ],
            [
              10.794112295351578,
              35.6967752222497
            ],
            [
              10.79415869067351,
              35.69691563418802
            ],
            [
              10.79467187868812,
              35.69666105760571
            ],
            [
              10.795350045289881,
              35.696051259933526
            ],
            [
              10.795984978335328,
              35.695442102860014
            ],
            [
              10.79585133440949,
              35.695267712455085
            ],
            [
              10.79640059736763,
              35.69469510331945
            ],
            [
              10.797921039747733,
              35.69308499640906
            ],
            [
              10.798130815608104,
              35.69279965524923
            ],
            [
              10.798511113671882,
              35.692405939755794
            ],
            [
              10.798464713747833,
              35.69226552954159
            ],
            [
              10.79833265739629,
              35.69216167095582
            ],
            [
              10.797674764405627,
              35.69174816939273
            ],
            [
              10.797585934762516,
              35.69164366514104
            ],
            [
              10.797625193106771,
              35.691466697431686
            ],
            [
              10.797794125223893,
              35.691287795341324
            ],
            [
              10.798764474585326,
              35.690215026367845
            ],
            [
              10.799312889124161,
              35.68960714350543
            ],
            [
              10.80049454686038,
              35.688319547344044
            ],
            [
              10.799301330038087,
              35.687173248318
            ],
            [
              10.801522654158529,
              35.6859759453976
            ],
            [
              10.803315682586783,
              35.68496139341795
            ],
            [
              10.804802588855933,
              35.67996517495081
            ],
            [
              10.805833868444365,
              35.675857669408174
            ],
            [
              10.806402246622369,
              35.67422643865602
            ],
            [
              10.813425467613062,
              35.67510872124245
            ],
            [
              10.813550315302468,
              35.67489518438816
            ],
            [
              10.814790756319052,
              35.674312092004385
            ],
            [
              10.81478035193051,
              35.67385365532587
            ],
            [
              10.814640304076887,
              35.6733971734086
            ],
            [
              10.814550674040458,
              35.673257417062146
            ],
            [
              10.814371414996957,
              35.67297790712119
            ],
            [
              10.813613576858081,
              35.6719662956212
            ],
            [
              10.813566364325812,
              35.671790623819334
            ],
            [
              10.813646393762037,
              35.67150721126749
            ],
            [
              10.813641595222192,
              35.67129562487975
            ],
            [
              10.814022517411367,
              35.67093713162245
            ],
            [
              10.814193770552482,
              35.6708640014397
            ],
            [
              10.81470992866612,
              35.670750402622865
            ],
            [
              10.814749940938144,
              35.67060869452965
            ],
            [
              10.814699526100869,
              35.67029196565212
            ],
            [
              10.81474113860451,
              35.67022078632555
            ],
            [
              10.815214879341198,
              35.6701431004104
            ],
            [
              10.814976406979925,
              35.66915895418706
            ],
            [
              10.814705130942981,
              35.66863389482459
            ],
            [
              10.814653917758871,
              35.668281901391374
            ],
            [
              10.814653117650405,
              35.66824663699476
            ],
            [
              10.814781152762299,
              35.66817415662536
            ],
            [
              10.814824364534413,
              35.66817350606921
            ],
            [
              10.815037222281862,
              35.66802919549581
            ],
            [
              10.814557893333935,
              35.66786002957508
            ],
            [
              10.814077766503342,
              35.66765559726979
            ],
            [
              10.813512018818201,
              35.667487727587634
            ],
            [
              10.812859051462764,
              35.667285893445424
            ],
            [
              10.81255178438685,
              35.66707885221542
            ],
            [
              10.812072466090491,
              35.66690967903753
            ],
            [
              10.811547542514415,
              35.66663535687199
            ],
            [
              10.810406495480947,
              35.6658764192772
            ],
            [
              10.809922408196785,
              35.66549564705186
            ],
            [
              10.809354290732351,
              35.66522196352181
            ],
            [
              10.809275049019002,
              35.66554064126839
            ],
            [
              10.809066972327168,
              35.665896528938546
            ],
            [
              10.808519585536208,
              35.66653971616216
            ],
            [
              10.807888158577562,
              35.66728999083993
            ],
            [
              10.807582490440199,
              35.66715346872379
            ],
            [
              10.807530512777266,
              35.6667662096778
            ],
            [
              10.80739848859009,
              35.66666235973917
            ],
            [
              10.807306488589488,
              35.666416806596835
            ],
            [
              10.806652754959588,
              35.66617967037186
            ],
            [
              10.806477522027167,
              35.66607646694258
            ],
            [
              10.806510378904552,
              35.66561737999287
            ],
            [
              10.806290344167257,
              35.66544429462143
            ],
            [
              10.806069514133826,
              35.66523594423328
            ],
            [
              10.805890303226489,
              35.66495641692427
            ],
            [
              10.805755896021754,
              35.66474677721334
            ],
            [
              10.805452628903206,
              35.664716037050624
            ],
            [
              10.805320610937736,
              35.664612190599335
            ],
            [
              10.80423001814519,
              35.66416992310557
            ],
            [
              10.803926753770696,
              35.66413918499198
            ],
            [
              10.803577901729044,
              35.664003298558555
            ],
            [
              10.803228248553834,
              35.6638321465406
            ],
            [
              10.803053025078318,
              35.66372893780784
            ],
            [
              10.802690658909818,
              35.662993549643986
            ],
            [
              10.802513054139398,
              35.66278454604539
            ],
            [
              10.80212337719213,
              35.66275509529997
            ],
            [
              10.80177770757218,
              35.66276026212076
            ],
            [
              10.801514481847477,
              35.66258781917687
            ],
            [
              10.801424887057058,
              35.66244804581547
            ],
            [
              10.801206460072162,
              35.66234548585024
            ],
            [
              10.80080964097078,
              35.66199864847524
            ],
            [
              10.80055118199821,
              35.66203778553388
            ],
            [
              10.800283203165968,
              35.66165374541952
            ],
            [
              10.800012049436916,
              35.66112864577126
            ],
            [
              10.799705624476696,
              35.66095683770956
            ],
            [
              10.799569653667843,
              35.66067665484358
            ],
            [
              10.797084185557894,
              35.661630921387186
            ],
            [
              10.79597026380274,
              35.66207084016294
            ],
            [
              10.795074745767405,
              35.66261332669696
            ],
            [
              10.794777819316225,
              35.66286467778139
            ],
            [
              10.79457285176978,
              35.663361601419176
            ],
            [
              10.79431913095752,
              35.66361231421312
            ],
            [
              10.7939813613499,
              35.66397010704529
            ],
            [
              10.793899686491116,
              35.664182982002544
            ],
            [
              10.793654659310787,
              35.66482160059621
            ],
            [
              10.793447304490918,
              35.665212728088804
            ],
            [
              10.793236788935298,
              35.665462795886995
            ],
            [
              10.792688484437706,
              35.666070652908594
            ],
            [
              10.791718326262979,
              35.667143370912605
            ],
            [
              10.790650667682115,
              35.667723657321396
            ],
            [
              10.789918433023567,
              35.66784036166254
            ],
            [
              10.789790374788387,
              35.667912816220316
            ],
            [
              10.789753475761062,
              35.668195576843964
            ],
            [
              10.789673363982535,
              35.668478979001954
            ],
            [
              10.789724468058974,
              35.66883098624071
            ],
            [
              10.789601142694414,
              35.66911502691791
            ],
            [
              10.789563453521302,
              35.669362522587356
            ],
            [
              10.78956739906698,
              35.66953884697373
            ],
            [
              10.789143157146231,
              35.66989790726322
            ],
            [
              10.788624597308385,
              35.66990560264439
            ],
            [
              10.788023556476878,
              35.67009090223317
            ],
            [
              10.786585698685874,
              35.6695830749509
            ],
            [
              10.786370420365493,
              35.66962154195551
            ],
            [
              10.786161442721678,
              35.66994212511902
            ],
            [
              10.785995680759186,
              35.670262070643346
            ],
            [
              10.785700272572704,
              35.670583936534854
            ],
            [
              10.785272858415334,
              35.67080192697457
            ],
            [
              10.784974296804398,
              35.6709827313801
            ],
            [
              10.784847803133944,
              35.67112571083198
            ],
            [
              10.784513898204711,
              35.671659800560874
            ],
            [
              10.783874335840657,
              35.67205730663998
            ],
            [
              10.783406839953907,
              35.67241699018898
            ],
            [
              10.78376435807223,
              35.67294084940612
            ],
            [
              10.78416194893139,
              35.67332300791402
            ],
            [
              10.784205951070133,
              35.67335763322393
            ],
            [
              10.784295529275406,
              35.67349741370225
            ],
            [
              10.784649906174952,
              35.67388020716531
            ],
            [
              10.785581845007046,
              35.674959977138634
            ],
            [
              10.786072185655431,
              35.675622967629664
            ],
            [
              10.787035558483023,
              35.67617311115505
            ],
            [
              10.787690902097408,
              35.676480879601016
            ],
            [
              10.785952888378068,
              35.678023536402854
            ],
            [
              10.785380819627072,
              35.67757341590129
            ],
            [
              10.78444420482238,
              35.67822226093704
            ],
            [
              10.78413380978157,
              35.67787409295238
            ],
            [
              10.783502014502018,
              35.6766840390101
            ],
            [
              10.782966898312266,
              35.67595115004877
            ],
            [
              10.780877558572826,
              35.67725199183414
            ],
            [
              10.780610399801182,
              35.67690317263837
            ],
            [
              10.780311805025057,
              35.6770839662593
            ],
            [
              10.779159120744275,
              35.67579575682738
            ],
            [
              10.777929364191403,
              35.676872194702256
            ],
            [
              10.776359315972728,
              35.6782005750973
            ],
            [
              10.776320015568697,
              35.67837753740515
            ],
            [
              10.775981320599316,
              35.678700017903104
            ],
            [
              10.775683491565292,
              35.67891606257759
            ],
            [
              10.77500217796716,
              35.67938469377549
            ],
            [
              10.773771528354528,
              35.68042583260045
            ],
            [
              10.772277055446445,
              35.679318963535934
            ],
            [
              10.771046618564764,
              35.67841985887519
            ],
            [
              10.769376229469987,
              35.677174433257925
            ],
            [
              10.76861313482562,
              35.67785588919404
            ],
            [
              10.768928924224724,
              35.67845095572927
            ],
            [
              10.769151259321697,
              35.67872990600201
            ],
            [
              10.76937281542357,
              35.67897358760935
            ],
            [
              10.769551934745547,
              35.679253171448195
            ],
            [
              10.769873983027361,
              35.68013035956751
            ],
            [
              10.770108820127376,
              35.68097354776205
            ],
            [
              10.770425414795644,
              35.6816038745815
            ],
            [
              10.770881052779563,
              35.68265547730304
            ],
            [
              10.771064091026174,
              35.683111384138584
            ],
            [
              10.771605407919546,
              35.68412644799916
            ],
            [
              10.771973067598784,
              35.68510878568488
            ],
            [
              10.77261258737862,
              35.686651549629026
            ],
            [
              10.772870359237055,
              35.6865772049568
            ],
            [
              10.77299611573451,
              35.686398972035526
            ],
            [
              10.773420512969732,
              35.68603996208801
            ],
            [
              10.774226081456488,
              35.685322577115514
            ],
            [
              10.774436710971505,
              35.68507254009945
            ],
            [
              10.77473377898681,
              35.68482123295021
            ],
            [
              10.774773868440246,
              35.68467953323306
            ],
            [
              10.774763689083981,
              35.68422109026431
            ],
            [
              10.774804561333706,
              35.684114658598
            ],
            [
              10.774927177464052,
              35.68379536352371
            ],
            [
              10.7752117118519,
              35.68297981408591
            ],
            [
              10.775421549165587,
              35.6826945134344
            ],
            [
              10.77554651082712,
              35.682481013004534
            ],
            [
              10.775585814573404,
              35.68230405095749
            ],
            [
              10.775622764476292,
              35.68202129373787
            ],
            [
              10.775706074974893,
              35.68187895995293
            ],
            [
              10.775746157847605,
              35.68173726298048
            ],
            [
              10.77574145756471,
              35.68152567255116
            ],
            [
              10.775732840506503,
              35.681137756743354
            ],
            [
              10.775908069561096,
              35.681241004891895
            ],
            [
              10.776171305761169,
              35.68141350914109
            ],
            [
              10.776303316094642,
              35.68151739356651
            ],
            [
              10.776524117802996,
              35.681725798984196
            ],
            [
              10.776830576981641,
              35.681897664655324
            ],
            [
              10.777052165081448,
              35.68214133406695
            ],
            [
              10.777271398659309,
              35.682279207961905
            ],
            [
              10.77744506386134,
              35.682311923652875
            ],
            [
              10.778455606470084,
              35.68303782238845
            ],
            [
              10.778116116987734,
              35.68332504396312
            ],
            [
              10.777056768345838,
              35.684293132595606
            ],
            [
              10.775700321443756,
              35.685512525769674
            ],
            [
              10.775702671868922,
              35.685618320917506
            ],
            [
              10.776977281503017,
              35.686551999998116
            ],
            [
              10.778912033256727,
              35.688005071514105
            ],
            [
              10.779921877281405,
              35.68869568987492
            ],
            [
              10.780050762791053,
              35.68865850979105
            ],
            [
              10.78144962577518,
              35.68740316479837
            ],
            [
              10.783120417429739,
              35.688648409213215
            ],
            [
              10.78527302575416,
              35.69016870217732
            ],
            [
              10.785449862577623,
              35.690342465027946
            ],
            [
              10.785493874923233,
              35.690377089487555
            ],
            [
              10.785713937221539,
              35.69055021152471
            ],
            [
              10.785757949795254,
              35.690584835879974
            ],
            [
              10.786284523401958,
              35.69092979721245
            ],
            [
              10.786415774249386,
              35.6909984047427
            ],
            [
              10.78685590716893,
              35.69134464476186
            ],
            [
              10.787471310740731,
              35.69179411009145
            ],
            [
              10.788041914012116,
              35.692173686872856
            ],
            [
              10.78830600131423,
              35.69238142426195
            ],
            [
              10.788569300710753,
              35.692553899253106
            ],
            [
              10.789052677163397,
              35.69289948910089
            ],
            [
              10.78962487536626,
              35.69334958734315
            ],
            [
              10.78958480859944,
              35.693491285202896
            ],
            [
              10.788560806573102,
              35.694106187078745
            ],
            [
              10.788091629729255,
              35.694395361173875
            ],
            [
              10.787668046793753,
              35.69478968355619
            ],
            [
              10.787243667273728,
              35.695148742815185
            ],
            [
              10.786776056772945,
              35.69550844159626
            ],
            [
              10.786012160443459,
              35.696154738873815
            ],
            [
              10.784992035919723,
              35.69694593587791
            ],
            [
              10.783499527154339,
              35.697885219540204
            ],
            [
              10.782602743685963,
              35.698392356357104
            ],
            [
              10.781614775412347,
              35.698689178837135
            ],
            [
              10.78105594291582,
              35.698838545531615
            ],
            [
              10.780930186380399,
              35.6990167865725
            ],
            [
              10.780894818624365,
              35.69937007115015
            ],
            [
              10.780232229175276,
              35.70068508851155
            ],
            [
              10.779344034271226,
              35.701580118985966
            ],
            [
              10.77879303377763,
              35.70208212166379
            ],
            [
              10.77849669880937,
              35.70236870756332
            ],
            [
              10.77820350194518,
              35.70279634939427
            ],
            [
              10.777570731757713,
              35.703511215139066
            ],
            [
              10.776936377554708,
              35.704155545031085
            ],
            [
              10.776345245656493,
              35.70479923449352
            ],
            [
              10.775331970555971,
              35.705907738784596
            ],
            [
              10.775121291814816,
              35.70615777504545
            ],
            [
              10.774405918497365,
              35.707050223826805
            ],
            [
              10.773605623727974,
              35.708014468462004
            ],
            [
              10.773393367976519,
              35.70819397200813
            ],
            [
              10.77292640578711,
              35.708588885091146
            ],
            [
              10.772670129582329,
              35.70873376159566
            ],
            [
              10.772203941446973,
              35.70916393703414
            ],
            [
              10.777135697640132,
              35.713112802751425
            ],
            [
              10.777522474573113,
              35.71300126798309
            ],
            [
              10.77786679882387,
              35.71292563484512
            ],
            [
              10.778467397244217,
              35.71270511248693
            ],
            [
              10.779279463584913,
              35.712269805950754
            ],
            [
              10.779707107996908,
              35.71205183742541
            ],
            [
              10.78047435207608,
              35.711546632164136
            ],
            [
              10.781368929694487,
              35.71093371033428
            ],
            [
              10.78166843177169,
              35.710788176280325
            ],
            [
              10.78243249888552,
              35.71014190006391
            ],
            [
              10.782684824785632,
              35.70982068528631
            ],
            [
              10.783106150720446,
              35.70932058104498
            ],
            [
              10.783738129881042,
              35.70857042212575
            ],
            [
              10.784118568631971,
              35.70817674896391
            ],
            [
              10.784622404647246,
              35.70749903867779
            ],
            [
              10.785043706581234,
              35.70699892816649
            ],
            [
              10.785594699144005,
              35.70649689740174
            ],
            [
              10.786397197888396,
              35.70563837154259
            ],
            [
              10.786989037972287,
              35.70502989670163
            ],
            [
              10.787412679963465,
              35.704635572645145
            ],
            [
              10.787833949802534,
              35.704135456061124
            ],
            [
              10.788552303903188,
              35.703383993856825
            ],
            [
              10.787893575003352,
              35.702935176033435
            ],
            [
              10.78827396715347,
              35.70254149074022
            ],
            [
              10.788270809231241,
              35.702400434895445
            ],
            [
              10.788777733813403,
              35.70186376448341
            ],
            [
              10.789209249476471,
              35.70182208162125
            ],
            [
              10.79018299962187,
              35.7008904353815
            ],
            [
              10.790348806361752,
              35.700570484235215
            ],
            [
              10.790941370420345,
              35.69999725907551
            ],
            [
              10.791111916399679,
              35.69988889499666
            ],
            [
              10.791532347953725,
              35.699353498819626
            ]
          ]
        ]
      }
    },
    {
      "type": "Feature",
      "id": "osm:relation:7105910",
      "properties": {
        "sourceId": "isie-local-sectors-2023-bembla-seven-source-review",
        "officialCode": "325159",
        "nameAr": "خنيس الشمالية",
        "nameFr": "Khenis Nord",
        "governorateCode": "32",
        "governorateAr": "المنستير",
        "governorateFr": "Monastir",
        "delegationCode": "3251",
        "parentAr": "المنستير",
        "parentFr": "Monastir",
        "expectedOriginalTags": {
          "admin_level": "6",
          "boundary": "administrative",
          "name": "خنيس الشمالية",
          "name:ar": "خنيس الشمالية",
          "name:fr": "Khenis Nord",
          "ref:tn:codegeo": "325159"
        },
        "sourceOriginalGeometrySha256": "38449dd752847427ce879a00a815c2dd78079a6cb29f9dc89a3b6949ccaa0cb2",
        "sourcePdfURL": "https://www.isie.tn/wp-content/uploads/2023/CartesCirconscriptionsElectoralesLocales2023/%D8%A7%D9%84%D9%85%D9%86%D8%B3%D8%AA%D9%8A%D8%B1/%D8%A7%D9%84%D9%85%D9%86%D8%B3%D8%AA%D9%8A%D8%B1/%D8%AE%D9%86%D9%8A%D8%B3%20%D8%A7%D9%84%D8%B4%D9%85%D8%A7%D9%84%D9%8A%D8%A9.pdf",
        "sourcePdfSha256": "75f8cacf27c61be3e54a05af78f3c824fd35283e5a1d8861520512bd8563e0c4",
        "sourcePdfFile": "work\\bembla-five-neighbor-review\\khenis-nord.pdf",
        "sourcePdfRenderFile": "work\\bembla-five-neighbor-review\\khenis-nord.png",
        "sourcePdfRenderSha256": "b934719e4969dc8f6ab7ce8b909c6053e2380dcebc2d68306cc13076e66c7027",
        "sourceMapTitleAr": "خنيس الشمالية",
        "sourceDrawingIndices": [
          241
        ],
        "sourceVectorLayer": "circonscription_isie2023",
        "sourceCrsEpsg": 32632,
        "sourceCrsWkt": "PROJCS[\"WGS_1984_UTM_Zone_32N\",GEOGCS[\"GCS_WGS_1984\",DATUM[\"D_WGS_1984\",SPHEROID[\"WGS_1984\",6378137.0,298.257223563]],PRIMEM[\"Greenwich\",0.0],UNIT[\"Degree\",0.0174532925199433]],PROJECTION[\"Transverse_Mercator\"],PARAMETER[\"False_Easting\",500000.0],PARAMETER[\"False_Northing\",0.0],PARAMETER[\"Central_Meridian\",9.0],PARAMETER[\"Scale_Factor\",0.9996],PARAMETER[\"Latitude_Of_Origin\",0.0],UNIT[\"Meter\",1.0]]",
        "sourceControlPointMaxResidualMeters": 0.26349042718400767,
        "sourceControlPointsLatLon": [
          [
            35.70498,
            10.74589
          ],
          [
            35.75209,
            10.74691
          ],
          [
            35.75086,
            10.82963
          ],
          [
            35.70375,
            10.82855
          ]
        ],
        "sourceLocalControlPoints": [
          [
            0.0,
            1.0
          ],
          [
            0.0,
            0.0
          ],
          [
            1.0,
            0.0
          ],
          [
            1.0,
            1.0
          ]
        ],
        "sourceViewportBBox": [
          4.31908,
          590.46173,
          841.50095,
          5.38791
        ],
        "sourceAffineMetersFromPagePoints": [
          [
            8.936913049169759,
            -0.00014547827007129607
          ],
          [
            0.0004647615232897806,
            -8.934768710372737
          ],
          [
            657905.627850632,
            3957904.364777259
          ]
        ],
        "sourceGeometrySha256": "59be7d18b4d12a7c4d39f59f432bd582a41c0b676aac901ce5e6384bc8ed9ebd",
        "reviewedDate": "2026-09-08",
        "administrativeScope": {
          "conclusion": "whole_imada",
          "officialCode": "325159",
          "pdfPage": 16,
          "jortPage": 5113,
          "imadaName": "خنيس الشمالية",
          "circleName": "خنيس الشمالية",
          "decree": {
            "file": "work\\electoral-circle-semantics\\decree2023-590.pdf",
            "sha256": "bfb3fe752b9900eaf873198b009968243f1b0bd2c119836cfd4fbbfc07e1e10f",
            "url": "https://www.isie.tn/wp-content/uploads/2023/09/Decret2023_590Arabe.pdf"
          },
          "reviewedRender": {
            "file": "work\\electoral-circle-semantics\\page-16.png",
            "sha256": "77ad7bb058aa2eaed1e384d29bc35e05feeb48f47182f1b6da70dd81c39c0b63"
          },
          "personallyViewed": true
        },
        "currentOfficialIdentity": {
          "governorateCode": "32",
          "governorateFr": "Monastir",
          "governorateAr": "المنستير",
          "delegationCode": "3251",
          "delegationFr": "Monastir",
          "delegationAr": "المنستير",
          "sectorCode": "325159",
          "sectorFr": "Khenis Nord",
          "sectorAr": "خنيس الشمالية",
          "sourceRows": {
            "Population_Secteur_Age_Sexe_Dynamique.xlsx": 36243,
            "Nombre_de_Logements_par_Secteurs.xlsx": 1710,
            "Nombre_de_menages_par_Secteurs.xlsx": 1708
          }
        },
        "boundaryManipulation": "None. Original complete native path transformed through its own PDF controls; no cleanup, snap, union, clipping, invented connector or hole removal.",
        "sourceQualification": "full_native_whole_imada_source_reviewed_pending_cluster_decision"
      },
      "geometry": {
        "type": "Polygon",
        "coordinates": [
          [
            [
              10.799328563221204,
              35.741746934991035
            ],
            [
              10.801619347458457,
              35.73605755843095
            ],
            [
              10.80328263743295,
              35.72936254639205
            ],
            [
              10.804379504557081,
              35.72595304598951
            ],
            [
              10.806264554487706,
              35.72438771567538
            ],
            [
              10.806828758706196,
              35.72417623262852
            ],
            [
              10.809329797257865,
              35.72312359795078
            ],
            [
              10.809611564016315,
              35.723003354518866
            ],
            [
              10.810034860607695,
              35.72285197879228
            ],
            [
              10.811691852497566,
              35.72221800882245
            ],
            [
              10.81197426718101,
              35.72212675299192
            ],
            [
              10.812080254292635,
              35.722096152322436
            ],
            [
              10.812432446668813,
              35.721945842684526
            ],
            [
              10.812820845926646,
              35.721823983859025
            ],
            [
              10.813244135830272,
              35.72167259707713
            ],
            [
              10.813631877045252,
              35.72152174522503
            ],
            [
              10.813666768684499,
              35.72149221837417
            ],
            [
              10.814195384794363,
              35.721281238211574
            ],
            [
              10.814371808074618,
              35.72122057447911
            ],
            [
              10.815676538441902,
              35.72073686905377
            ],
            [
              10.816415797722307,
              35.720406695693
            ],
            [
              10.816627763727372,
              35.720345491565006
            ],
            [
              10.816614635203145,
              35.71976568534285
            ],
            [
              10.817176234957845,
              35.717872177935654
            ],
            [
              10.818309225828974,
              35.71452001222975
            ],
            [
              10.817697100366281,
              35.71418126564076
            ],
            [
              10.817332471804704,
              35.71378077356129
            ],
            [
              10.816603888088206,
              35.71300877852329
            ],
            [
              10.816524927101103,
              35.71266196959397
            ],
            [
              10.81622089978238,
              35.711796551807375
            ],
            [
              10.815755565500139,
              35.71165857961265
            ],
            [
              10.81550414396858,
              35.71154637793871
            ],
            [
              10.815288921330254,
              35.711462627031416
            ],
            [
              10.815180326628004,
              35.71137726567967
            ],
            [
              10.81510727461907,
              35.71129136755245
            ],
            [
              10.814820312641158,
              35.71117969859291
            ],
            [
              10.814404945578795,
              35.71167897313465
            ],
            [
              10.813779598262249,
              35.71232641925496
            ],
            [
              10.813328675730336,
              35.712826226650996
            ],
            [
              10.81298324496104,
              35.71170042354559
            ],
            [
              10.812835180584193,
              35.71144165530897
            ],
            [
              10.81265353901222,
              35.71127039196851
            ],
            [
              10.81203819504617,
              35.71078666459933
            ],
            [
              10.811280029781583,
              35.71027608310593
            ],
            [
              10.80918395849028,
              35.708770629108386
            ],
            [
              10.808714733244448,
              35.70845868505587
            ],
            [
              10.808015939032648,
              35.707425185646834
            ],
            [
              10.80779812321534,
              35.7072254581846
            ],
            [
              10.80754411494637,
              35.70699727403917
            ],
            [
              10.807076217843203,
              35.70674330422424
            ],
            [
              10.806751784675232,
              35.706545177401836
            ],
            [
              10.806607012689307,
              35.706431351262665
            ],
            [
              10.804699220902359,
              35.70854803539201
            ],
            [
              10.804305006464608,
              35.708408950545774
            ],
            [
              10.803713832200353,
              35.70899783155242
            ],
            [
              10.803123300474452,
              35.709615695638014
            ],
            [
              10.802945590697473,
              35.70961836107779
            ],
            [
              10.802630270825341,
              35.70982609316422
            ],
            [
              10.802319512396855,
              35.71023675935092
            ],
            [
              10.80221353663373,
              35.71026734867011
            ],
            [
              10.802073971287708,
              35.71038544285734
            ],
            [
              10.801938961710876,
              35.710706471895506
            ],
            [
              10.802512192598767,
              35.71090088112079
            ],
            [
              10.802375887881889,
              35.71116392664145
            ],
            [
              10.802097405222213,
              35.71142910599231
            ],
            [
              10.80192294581415,
              35.711576723586894
            ],
            [
              10.801259994144479,
              35.71213766582045
            ],
            [
              10.800804438767255,
              35.71243449593296
            ],
            [
              10.800631275696206,
              35.712640093213416
            ],
            [
              10.800068434380382,
              35.71290952715035
            ],
            [
              10.80085299274045,
              35.71301377544271
            ],
            [
              10.801461787601498,
              35.713207656614095
            ],
            [
              10.802216666226286,
              35.71357334729902
            ],
            [
              10.802895247372247,
              35.71370817387241
            ],
            [
              10.80424916905227,
              35.71383285937758
            ],
            [
              10.803776969517418,
              35.71497096338333
            ],
            [
              10.803550312877489,
              35.71596037447767
            ],
            [
              10.803513757765346,
              35.71749794118125
            ],
            [
              10.803275654088564,
              35.719560539116976
            ],
            [
              10.802743390570555,
              35.72119254212909
            ],
            [
              10.801711489677924,
              35.72274503455639
            ],
            [
              10.800083681662409,
              35.72468344761731
            ],
            [
              10.798981881509238,
              35.726294962405284
            ],
            [
              10.798508240128825,
              35.72737506396366
            ],
            [
              10.797886733602938,
              35.729791389716816
            ],
            [
              10.777140192321141,
              35.71313468378573
            ],
            [
              10.772217228313147,
              35.70917628828402
            ],
            [
              10.768005137541055,
              35.7068022610726
            ],
            [
              10.765887964688524,
              35.70752939580765
            ],
            [
              10.765325673650134,
              35.70782766098559
            ],
            [
              10.764906183903724,
              35.708152827797456
            ],
            [
              10.7644524229554,
              35.7085364926301
            ],
            [
              10.763754320057062,
              35.70912675064548
            ],
            [
              10.763087292100298,
              35.70951354423152
            ],
            [
              10.76062983166462,
              35.71094158949293
            ],
            [
              10.756572157878391,
              35.71398801524283
            ],
            [
              10.759031134639859,
              35.715866095913434
            ],
            [
              10.758110149865411,
              35.717648605704866
            ],
            [
              10.758249186157517,
              35.719125603089005
            ],
            [
              10.761576149114113,
              35.72165793676956
            ],
            [
              10.760460240718311,
              35.7226603078716
            ],
            [
              10.761833365443492,
              35.72365520466064
            ],
            [
              10.772718722928031,
              35.73509533390374
            ],
            [
              10.777534155030951,
              35.74375332149441
            ],
            [
              10.790000746179693,
              35.749310321531254
            ],
            [
              10.791679096353686,
              35.748009296134335
            ],
            [
              10.793180250108943,
              35.74673988772618
            ],
            [
              10.794707178023032,
              35.74503507804631
            ],
            [
              10.79633066612197,
              35.746054829213584
            ],
            [
              10.796633792647452,
              35.74529628828768
            ],
            [
              10.79683284338126,
              35.74465530676857
            ],
            [
              10.797865111239542,
              35.74310285301175
            ],
            [
              10.797934274474454,
              35.74301481714475
            ],
            [
              10.798071299985969,
              35.74278076405913
            ],
            [
              10.798137855597707,
              35.74257676569117
            ],
            [
              10.79838089926892,
              35.74231212788337
            ],
            [
              10.798624591728696,
              35.74207647777829
            ],
            [
              10.798976252935491,
              35.74189721157556
            ],
            [
              10.799187639269846,
              35.74180704574455
            ],
            [
              10.799328563221204,
              35.741746934991035
            ]
          ]
        ]
      }
    },
    {
      "type": "Feature",
      "id": "osm:relation:7105911",
      "properties": {
        "sourceId": "isie-local-sectors-2023-bembla-seven-source-review",
        "officialCode": "325158",
        "nameAr": "خنيس",
        "nameFr": "Khenis sud",
        "governorateCode": "32",
        "governorateAr": "المنستير",
        "governorateFr": "Monastir",
        "delegationCode": "3251",
        "parentAr": "المنستير",
        "parentFr": "Monastir",
        "expectedOriginalTags": {
          "admin_level": "6",
          "boundary": "administrative",
          "name": "خنيس",
          "name:ar": "خنيس",
          "name:fr": "Khenis",
          "ref:tn:codegeo": "325158"
        },
        "sourceOriginalGeometrySha256": "56f611e218e08ac054f152a52ca416c11723acaf0c32b6d1072ede4721f20b5b",
        "sourcePdfURL": "https://www.isie.tn/wp-content/uploads/2023/CartesCirconscriptionsElectoralesLocales2023/%D8%A7%D9%84%D9%85%D9%86%D8%B3%D8%AA%D9%8A%D8%B1/%D8%A7%D9%84%D9%85%D9%86%D8%B3%D8%AA%D9%8A%D8%B1/%D8%AE%D9%86%D9%8A%D8%B3.pdf",
        "sourcePdfSha256": "fad0318ae637985900695ad4a92175fd353125be9a120393588f437b9e329992",
        "sourcePdfFile": "work\\bembla-five-neighbor-review\\khenis.pdf",
        "sourcePdfRenderFile": "work\\bembla-five-neighbor-review\\khenis.png",
        "sourcePdfRenderSha256": "57aa7473d3fd2d075d9ffb9bab9c318d9b79e4eed3bcb3d0c219d2fdc98c0cfd",
        "sourceMapTitleAr": "خنيس",
        "sourceDrawingIndices": [
          294
        ],
        "sourceVectorLayer": "circonscription_isie2023",
        "sourceCrsEpsg": 32632,
        "sourceCrsWkt": "PROJCS[\"WGS_1984_UTM_Zone_32N\",GEOGCS[\"GCS_WGS_1984\",DATUM[\"D_WGS_1984\",SPHEROID[\"WGS_1984\",6378137.0,298.257223563]],PRIMEM[\"Greenwich\",0.0],UNIT[\"Degree\",0.0174532925199433]],PROJECTION[\"Transverse_Mercator\"],PARAMETER[\"False_Easting\",500000.0],PARAMETER[\"False_Northing\",0.0],PARAMETER[\"Central_Meridian\",9.0],PARAMETER[\"Scale_Factor\",0.9996],PARAMETER[\"Latitude_Of_Origin\",0.0],UNIT[\"Meter\",1.0]]",
        "sourceControlPointMaxResidualMeters": 0.22945838370281593,
        "sourceControlPointsLatLon": [
          [
            35.69189,
            10.79309
          ],
          [
            35.72205,
            10.79376
          ],
          [
            35.72125,
            10.8467
          ],
          [
            35.69109,
            10.846
          ]
        ],
        "sourceLocalControlPoints": [
          [
            0.0,
            1.0
          ],
          [
            0.0,
            0.0
          ],
          [
            1.0,
            0.0
          ],
          [
            1.0,
            1.0
          ]
        ],
        "sourceViewportBBox": [
          4.31908,
          590.46173,
          841.50095,
          5.38791
        ],
        "sourceAffineMetersFromPagePoints": [
          [
            5.721616759164564,
            6.630879853537312e-05
          ],
          [
            0.0001123275237659982,
            -5.720156145640431
          ],
          [
            662216.7423999582,
            3954632.3764157547
          ]
        ],
        "sourceGeometrySha256": "39892278a2f0b4137b8783ad0241ba61822ceee351fb234900655aa01777c298",
        "reviewedDate": "2026-09-08",
        "administrativeScope": {
          "conclusion": "whole_imada",
          "officialCode": "325158",
          "pdfPage": 16,
          "jortPage": 5113,
          "imadaName": "خنيس",
          "circleName": "خنيس",
          "decree": {
            "file": "work\\electoral-circle-semantics\\decree2023-590.pdf",
            "sha256": "bfb3fe752b9900eaf873198b009968243f1b0bd2c119836cfd4fbbfc07e1e10f",
            "url": "https://www.isie.tn/wp-content/uploads/2023/09/Decret2023_590Arabe.pdf"
          },
          "reviewedRender": {
            "file": "work\\electoral-circle-semantics\\page-16.png",
            "sha256": "77ad7bb058aa2eaed1e384d29bc35e05feeb48f47182f1b6da70dd81c39c0b63"
          },
          "personallyViewed": true
        },
        "currentOfficialIdentity": {
          "governorateCode": "32",
          "governorateFr": "Monastir",
          "governorateAr": "المنستير",
          "delegationCode": "3251",
          "delegationFr": "Monastir",
          "delegationAr": "المنستير",
          "sectorCode": "325158",
          "sectorFr": "Khenis sud",
          "sectorAr": "خنيس",
          "sourceRows": {
            "Population_Secteur_Age_Sexe_Dynamique.xlsx": 36209,
            "Nombre_de_Logements_par_Secteurs.xlsx": 1709,
            "Nombre_de_menages_par_Secteurs.xlsx": 1707
          }
        },
        "boundaryManipulation": "None. Original complete native path transformed through its own PDF controls; no cleanup, snap, union, clipping, invented connector or hole removal.",
        "sourceQualification": "full_native_whole_imada_source_reviewed_pending_cluster_decision"
      },
      "geometry": {
        "type": "Polygon",
        "coordinates": [
          [
            [
              10.825603219825332,
              35.716670034064805
            ],
            [
              10.825210701015422,
              35.71442946002782
            ],
            [
              10.825333883236867,
              35.71084428852597
            ],
            [
              10.826031404009484,
              35.707491768771696
            ],
            [
              10.827943760497305,
              35.70152151535532
            ],
            [
              10.831200683537292,
              35.698631371448315
            ],
            [
              10.830206700028658,
              35.69795953009585
            ],
            [
              10.830650277384441,
              35.69745149529199
            ],
            [
              10.828523629933908,
              35.695014479452595
            ],
            [
              10.828339087481872,
              35.69490588310749
            ],
            [
              10.828153275780357,
              35.69474160959706
            ],
            [
              10.828060158556296,
              35.69465019114837
            ],
            [
              10.827666214994386,
              35.69434054183849
            ],
            [
              10.827295866794493,
              35.69406766598958
            ],
            [
              10.826937364482868,
              35.694314469441636
            ],
            [
              10.826063138924601,
              35.69390070208736
            ],
            [
              10.825371340424258,
              35.693502732532984
            ],
            [
              10.824993466430241,
              35.69389835231261
            ],
            [
              10.82410711655853,
              35.69495150342636
            ],
            [
              10.824015692749859,
              35.694934318759096
            ],
            [
              10.823693809948798,
              35.69479066580069
            ],
            [
              10.823583436014985,
              35.694940865811006
            ],
            [
              10.823493278969329,
              35.69497936404333
            ],
            [
              10.823378262608571,
              35.69492540956894
            ],
            [
              10.822913970121228,
              35.69452397746656
            ],
            [
              10.822404183948173,
              35.69412323201143
            ],
            [
              10.822267261198052,
              35.69410673773436
            ],
            [
              10.822109697669848,
              35.69418338789916
            ],
            [
              10.821952555661351,
              35.6942785979352
            ],
            [
              10.821793304316898,
              35.69428100741989
            ],
            [
              10.821586445778006,
              35.69419130462247
            ],
            [
              10.820964604310316,
              35.693866516968114
            ],
            [
              10.82066253034411,
              35.69359258781662
            ],
            [
              10.820636829752129,
              35.69346301119332
            ],
            [
              10.820546251335193,
              35.69348294713243
            ],
            [
              10.820406801238121,
              35.693355090165866
            ],
            [
              10.820261453664472,
              35.692967391722576
            ],
            [
              10.819674170504527,
              35.69316193255258
            ],
            [
              10.819644679233482,
              35.69386790061713
            ],
            [
              10.819510284885805,
              35.69396276374515
            ],
            [
              10.818897296457745,
              35.6940277240558
            ],
            [
              10.81842038699217,
              35.694072059893436
            ],
            [
              10.818055963193403,
              35.694058996159086
            ],
            [
              10.81746403958927,
              35.694049365272555
            ],
            [
              10.816963116744564,
              35.6940383583749
            ],
            [
              10.816529182810017,
              35.693970639426325
            ],
            [
              10.816776067767435,
              35.69381838300575
            ],
            [
              10.815971826911655,
              35.69347775453594
            ],
            [
              10.815786883886457,
              35.69335057816892
            ],
            [
              10.815170534329674,
              35.693267038324606
            ],
            [
              10.814782946085918,
              35.69323574731082
            ],
            [
              10.814530175678764,
              35.69312815765246
            ],
            [
              10.814232746111607,
              35.69305837327118
            ],
            [
              10.813956809023528,
              35.69293256493766
            ],
            [
              10.813868328987901,
              35.69304529666473
            ],
            [
              10.813801758839745,
              35.69312056534216
            ],
            [
              10.813666938605014,
              35.69319686196178
            ],
            [
              10.813601207897241,
              35.6933092508528
            ],
            [
              10.813464707764618,
              35.69331130662031
            ],
            [
              10.813371188725878,
              35.69320131607862
            ],
            [
              10.81318961047763,
              35.693222616846896
            ],
            [
              10.813053949960839,
              35.6932617924725
            ],
            [
              10.812917030149423,
              35.69324528745119
            ],
            [
              10.81277927101632,
              35.69319166193739
            ],
            [
              10.81268869068604,
              35.69321159200946
            ],
            [
              10.812508369129201,
              35.693288572292936
            ],
            [
              10.812307816568891,
              35.69347725571494
            ],
            [
              10.812106002529955,
              35.693610258334466
            ],
            [
              10.811816544780312,
              35.69389310812135
            ],
            [
              10.811679204706737,
              35.693858044687055
            ],
            [
              10.811493009119204,
              35.69367518101695
            ],
            [
              10.811355250115833,
              35.69362155386984
            ],
            [
              10.811262152860891,
              35.69353012180158
            ],
            [
              10.811170313770004,
              35.69349437020342
            ],
            [
              10.811077216874278,
              35.6934029379797
            ],
            [
              10.811029620300982,
              35.69331082137533
            ],
            [
              10.81098160457189,
              35.69320014456164
            ],
            [
              10.810802540902156,
              35.693332802867225
            ],
            [
              10.810577974501562,
              35.69346614509998
            ],
            [
              10.810465900594819,
              35.69354209616144
            ],
            [
              10.810332335629065,
              35.6936740696961
            ],
            [
              10.810063524258553,
              35.693863775636004
            ],
            [
              10.809750048969102,
              35.69409128209892
            ],
            [
              10.809014787804275,
              35.694789290560976
            ],
            [
              10.808840323077185,
              35.69512610519882
            ],
            [
              10.808595091451407,
              35.69535258670585
            ],
            [
              10.808419367738841,
              35.695633723324804
            ],
            [
              10.808445467277588,
              35.695781863290655
            ],
            [
              10.808563827458944,
              35.69598431703054
            ],
            [
              10.80872769002035,
              35.69618608557839
            ],
            [
              10.808171060644243,
              35.69673287216066
            ],
            [
              10.809791705728266,
              35.69795247599477
            ],
            [
              10.811158776935374,
              35.699027339745165
            ],
            [
              10.811382836951026,
              35.69987802544181
            ],
            [
              10.811590442834733,
              35.70100745355839
            ],
            [
              10.8116165513663,
              35.70115559247291
            ],
            [
              10.814477322401236,
              35.7028577574104
            ],
            [
              10.809881950818125,
              35.707995551948024
            ],
            [
              10.809792612672574,
              35.70807116073077
            ],
            [
              10.809748361785191,
              35.708127525265844
            ],
            [
              10.80957093844677,
              35.708334423102826
            ],
            [
              10.809171419235907,
              35.708786020647395
            ],
            [
              10.811299228742389,
              35.710276471017
            ],
            [
              10.812039138209968,
              35.710785195579334
            ],
            [
              10.812642104349482,
              35.71127741249029
            ],
            [
              10.812828345176248,
              35.71146027102394
            ],
            [
              10.812993509810608,
              35.71171771395358
            ],
            [
              10.813337709834853,
              35.71284507917296
            ],
            [
              10.8137814734578,
              35.712337102237434
            ],
            [
              10.814427088420883,
              35.7116961167252
            ],
            [
              10.814824908290232,
              35.71117026202512
            ],
            [
              10.815100912736842,
              35.711296066092395
            ],
            [
              10.815171280636758,
              35.71138783571494
            ],
            [
              10.815309491739288,
              35.711460017484335
            ],
            [
              10.815494056562393,
              35.71156863293359
            ],
            [
              10.815769222067159,
              35.71165731522693
            ],
            [
              10.816228111095397,
              35.71181748944671
            ],
            [
              10.816520111994405,
              35.712648571242504
            ],
            [
              10.816619551470495,
              35.71301839914553
            ],
            [
              10.817319900804788,
              35.71378761531441
            ],
            [
              10.817692835545834,
              35.71417187968918
            ],
            [
              10.818315670489344,
              35.71453380060423
            ],
            [
              10.81718497272743,
              35.71787425082441
            ],
            [
              10.816613054142012,
              35.719758086130454
            ],
            [
              10.816603768117018,
              35.7203523478601
            ],
            [
              10.825603219825332,
              35.716670034064805
            ]
          ]
        ]
      }
    },
    {
      "type": "Feature",
      "id": "osm:relation:7107799",
      "properties": {
        "sourceId": "isie-local-sectors-2023-bembla-seven-source-review",
        "officialCode": "325753",
        "nameAr": "المنارة",
        "nameFr": "El manara",
        "governorateCode": "32",
        "governorateAr": "المنستير",
        "governorateFr": "Monastir",
        "delegationCode": "3257",
        "parentAr": "بنبلة",
        "parentFr": "Bembla",
        "expectedOriginalTags": {
          "admin_level": "6",
          "boundary": "administrative",
          "name": "المنارة",
          "name:ar": "المنارة",
          "name:fr": "El Manara",
          "ref:tn:codegeo": "325753"
        },
        "sourceOriginalGeometrySha256": "09bc0807bd0d6342e99ff944b07cf3e89265bddd8a2f262a3197b2f64f332a4d",
        "sourcePdfURL": "https://www.isie.tn/wp-content/uploads/2023/CartesCirconscriptionsElectoralesLocales2023/%D8%A7%D9%84%D9%85%D9%86%D8%B3%D8%AA%D9%8A%D8%B1/%D8%A8%D9%86%D8%A8%D9%84%D8%A9/%D8%A7%D9%84%D9%85%D9%86%D8%A7%D8%B1%D8%A9.pdf",
        "sourcePdfSha256": "f8d2d82f3586c3cb323cf0a9f7d3176bfa4c2b7417a0b6cda24a564326b00ee0",
        "sourcePdfFile": "work\\bembla-five-neighbor-review\\el-manara.pdf",
        "sourcePdfRenderFile": "work\\bembla-five-neighbor-review\\el-manara.png",
        "sourcePdfRenderSha256": "a03bad77375ce6de1f19bc58dc61ae9f185ac4071e0b72e7ef7bc98a5d84765e",
        "sourceMapTitleAr": "المنارة - (بنبلة)",
        "sourceDrawingIndices": [
          649
        ],
        "sourceVectorLayer": "circonscription_isie2023",
        "sourceCrsEpsg": 32632,
        "sourceCrsWkt": "PROJCS[\"WGS_1984_UTM_Zone_32N\",GEOGCS[\"GCS_WGS_1984\",DATUM[\"D_WGS_1984\",SPHEROID[\"WGS_1984\",6378137.0,298.257223563]],PRIMEM[\"Greenwich\",0.0],UNIT[\"Degree\",0.0174532925199433]],PROJECTION[\"Transverse_Mercator\"],PARAMETER[\"False_Easting\",500000.0],PARAMETER[\"False_Northing\",0.0],PARAMETER[\"Central_Meridian\",9.0],PARAMETER[\"Scale_Factor\",0.9996],PARAMETER[\"Latitude_Of_Origin\",0.0],UNIT[\"Meter\",1.0]]",
        "sourceControlPointMaxResidualMeters": 0.19099783616454535,
        "sourceControlPointsLatLon": [
          [
            35.66987,
            10.73151
          ],
          [
            35.71165,
            10.73242
          ],
          [
            35.71057,
            10.80575
          ],
          [
            35.66879,
            10.80481
          ]
        ],
        "sourceLocalControlPoints": [
          [
            0.0,
            1.0
          ],
          [
            0.0,
            0.0
          ],
          [
            1.0,
            0.0
          ],
          [
            1.0,
            1.0
          ]
        ],
        "sourceViewportBBox": [
          4.31908,
          590.46173,
          841.50095,
          5.38791
        ],
        "sourceAffineMetersFromPagePoints": [
          [
            7.927342130924153,
            -0.0003391272474473363
          ],
          [
            -0.0003729538098014018,
            -7.923774958775539
          ],
          [
            656678.5676408286,
            3953390.1535624517
          ]
        ],
        "sourceGeometrySha256": "9616c65e05daeec67b82b985171889b8378b908fae2310dcee06b7bace85aa01",
        "reviewedDate": "2026-09-08",
        "administrativeScope": {
          "conclusion": "whole_imada",
          "officialCode": "325753",
          "pdfPage": 16,
          "jortPage": 5113,
          "imadaName": "المنارة",
          "circleName": "المنارة - (بنبلة)",
          "decree": {
            "file": "work\\electoral-circle-semantics\\decree2023-590.pdf",
            "sha256": "bfb3fe752b9900eaf873198b009968243f1b0bd2c119836cfd4fbbfc07e1e10f",
            "url": "https://www.isie.tn/wp-content/uploads/2023/09/Decret2023_590Arabe.pdf"
          },
          "reviewedRender": {
            "file": "work\\electoral-circle-semantics\\page-16.png",
            "sha256": "77ad7bb058aa2eaed1e384d29bc35e05feeb48f47182f1b6da70dd81c39c0b63"
          },
          "personallyViewed": true
        },
        "currentOfficialIdentity": {
          "governorateCode": "32",
          "governorateFr": "Monastir",
          "governorateAr": "المنستير",
          "delegationCode": "3257",
          "delegationFr": "Bembla",
          "delegationAr": "بنبلة",
          "sectorCode": "325753",
          "sectorFr": "El manara",
          "sectorAr": "المنارة",
          "sourceRows": {
            "Population_Secteur_Age_Sexe_Dynamique.xlsx": 37331,
            "Nombre_de_Logements_par_Secteurs.xlsx": 1769,
            "Nombre_de_menages_par_Secteurs.xlsx": 1767
          }
        },
        "boundaryManipulation": "None. Original complete native path transformed through its own PDF controls; no cleanup, snap, union, clipping, invented connector or hole removal.",
        "sourceQualification": "full_native_whole_imada_source_reviewed_pending_cluster_decision"
      },
      "geometry": {
        "type": "Polygon",
        "coordinates": [
          [
            [
              10.763549514520356,
              35.67179526423402
            ],
            [
              10.762845464952393,
              35.67131693437992
            ],
            [
              10.761913123020353,
              35.6719221618741
            ],
            [
              10.76113550236668,
              35.67239651663008
            ],
            [
              10.759986507463125,
              35.67318493760519
            ],
            [
              10.758122858360029,
              35.67444676119545
            ],
            [
              10.755824162276648,
              35.67599783348683
            ],
            [
              10.755483152905366,
              35.6762600127038
            ],
            [
              10.754307610721602,
              35.67728024486248
            ],
            [
              10.753597998693357,
              35.67798503013021
            ],
            [
              10.752582239980326,
              35.6791057896028
            ],
            [
              10.75141281790384,
              35.68040881537919
            ],
            [
              10.750674454274163,
              35.681242597706756
            ],
            [
              10.749997418876395,
              35.68199832811144
            ],
            [
              10.749044033247339,
              35.68309242778797
            ],
            [
              10.748861119157574,
              35.68337800492892
            ],
            [
              10.74851385603057,
              35.68479762191263
            ],
            [
              10.747643117144092,
              35.688230962160716
            ],
            [
              10.74939188198959,
              35.68889991357725
            ],
            [
              10.752980746767891,
              35.691522367759866
            ],
            [
              10.75578293992039,
              35.69420765663376
            ],
            [
              10.757608925265318,
              35.69407806091869
            ],
            [
              10.759922455091694,
              35.69460998986629
            ],
            [
              10.762651979631052,
              35.6982735063966
            ],
            [
              10.766759829869388,
              35.7043599919792
            ],
            [
              10.768011881682293,
              35.70678487490659
            ],
            [
              10.772227568230663,
              35.709166019408165
            ],
            [
              10.772659243945728,
              35.708722419948586
            ],
            [
              10.77294013257107,
              35.708589680215354
            ],
            [
              10.773404467691721,
              35.708197034033674
            ],
            [
              10.77362115710456,
              35.7080137985533
            ],
            [
              10.77438817982118,
              35.70705085487968
            ],
            [
              10.775124804455084,
              35.70613979858744
            ],
            [
              10.77534034099089,
              35.70590513885541
            ],
            [
              10.77632514201724,
              35.70481036858254
            ],
            [
              10.776940771191327,
              35.704132561862764
            ],
            [
              10.777588490015859,
              35.70347999603147
            ],
            [
              10.778203523218684,
              35.70277647268751
            ],
            [
              10.778509606809733,
              35.70236043216042
            ],
            [
              10.778818551085427,
              35.702072946351855
            ],
            [
              10.779375676386438,
              35.701601745262764
            ],
            [
              10.78020618825094,
              35.7006635477868
            ],
            [
              10.780902565457117,
              35.69936726452247
            ],
            [
              10.78092663487341,
              35.699032558650096
            ],
            [
              10.781080236553692,
              35.69885024810933
            ],
            [
              10.781612686535336,
              35.69868803266533
            ],
            [
              10.782583005967522,
              35.69836499919093
            ],
            [
              10.78348683233419,
              35.697888633195866
            ],
            [
              10.785010746984879,
              35.69694009804777
            ],
            [
              10.786002209151903,
              35.69615378090838
            ],
            [
              10.786776446535544,
              35.695525003642956
            ],
            [
              10.787209119652914,
              35.69513277658138
            ],
            [
              10.787642939410338,
              35.69479196917783
            ],
            [
              10.78810712555142,
              35.694399271908416
            ],
            [
              10.788573028895957,
              35.69408370249969
            ],
            [
              10.789599973555658,
              35.6934768615946
            ],
            [
              10.789628614121119,
              35.693347839064245
            ],
            [
              10.789051451592949,
              35.69291921799
            ],
            [
              10.788570007748103,
              35.69254060420952
            ],
            [
              10.788313820498594,
              35.69236438648837
            ],
            [
              10.788025533280743,
              35.692162929303464
            ],
            [
              10.787481058526811,
              35.69178524966261
            ],
            [
              10.78687239869146,
              35.69135708663464
            ],
            [
              10.786391549438028,
              35.69100417406321
            ],
            [
              10.786295265110374,
              35.690928449182564
            ],
            [
              10.78575138695664,
              35.69057647386154
            ],
            [
              10.785719292532255,
              35.69055123206064
            ],
            [
              10.78549463212743,
              35.69037453919546
            ],
            [
              10.785462537864722,
              35.69034929732059
            ],
            [
              10.785269398139054,
              35.6901721352662
            ],
            [
              10.783123159819285,
              35.68866088364887
            ],
            [
              10.781455511362884,
              35.68739968412664
            ],
            [
              10.780064674032475,
              35.68865482875802
            ],
            [
              10.779908224468613,
              35.688708586518835
            ],
            [
              10.778915108579556,
              35.68800316975642
            ],
            [
              10.776959298311942,
              35.686540422031285
            ],
            [
              10.775677427731676,
              35.685607777712086
            ],
            [
              10.775707231421732,
              35.68553017930116
            ],
            [
              10.77703562141977,
              35.68430172555323
            ],
            [
              10.778117554522463,
              35.683334101738886
            ],
            [
              10.778425857511005,
              35.68302090522289
            ],
            [
              10.777432826798881,
              35.68231547100723
            ],
            [
              10.777274100196948,
              35.68226638424722
            ],
            [
              10.777050625310258,
              35.68214109569754
            ],
            [
              10.776824864395284,
              35.681912965831714
            ],
            [
              10.776505127234731,
              35.68171194298122
            ],
            [
              10.776312028360943,
              35.681534765136554
            ],
            [
              10.776183105763744,
              35.68140807612629
            ],
            [
              10.775895462442083,
              35.68123229607498
            ],
            [
              10.775735596171591,
              35.68113178344426
            ],
            [
              10.775744166117866,
              35.68151744517947
            ],
            [
              10.775748736822365,
              35.68172313142741
            ],
            [
              10.775689131984036,
              35.68187832827309
            ],
            [
              10.775598010414742,
              35.6820339911482
            ],
            [
              10.77557220678025,
              35.68229156282825
            ],
            [
              10.775544689138417,
              35.68247200215705
            ],
            [
              10.775423192421373,
              35.682679552514486
            ],
            [
              10.775240946198663,
              35.682990877841675
            ],
            [
              10.774943481729094,
              35.68379256926968
            ],
            [
              10.774824837037974,
              35.68412867299589
            ],
            [
              10.774764089267322,
              35.68423244564193
            ],
            [
              10.774773797692367,
              35.68466952894489
            ],
            [
              10.774745132865377,
              35.684798548754415
            ],
            [
              10.774436240213552,
              35.68508602553628
            ],
            [
              10.774220754376639,
              35.68532068289191
            ],
            [
              10.773448790165508,
              35.68605222140624
            ],
            [
              10.77301495352872,
              35.686392978473094
            ],
            [
              10.772860785247211,
              35.68654957029651
            ],
            [
              10.772610922962764,
              35.686656136295426
            ],
            [
              10.771977290046658,
              35.68509662055934
            ],
            [
              10.771608931568966,
              35.68412472738469
            ],
            [
              10.771082430147635,
              35.6831294463139
            ],
            [
              10.770883071501322,
              35.68266944027993
            ],
            [
              10.77041791338777,
              35.681596095516525
            ],
            [
              10.770088511115576,
              35.680957970484194
            ],
            [
              10.769849676253312,
              35.68013847905977
            ],
            [
              10.769546676873718,
              35.67926849187319
            ],
            [
              10.769350752872578,
              35.678962747777035
            ],
            [
              10.76912502528678,
              35.678734602425024
            ],
            [
              10.768929104258996,
              35.678428857533014
            ],
            [
              10.768600865713735,
              35.67784214918642
            ],
            [
              10.768401535655059,
              35.67738214005052
            ],
            [
              10.768167851989523,
              35.67679403996602
            ],
            [
              10.76800231658153,
              35.6764364073615
            ],
            [
              10.767804131107134,
              35.67602781876469
            ],
            [
              10.7676272269687,
              35.67515596929204
            ],
            [
              10.7674054922907,
              35.67510779446047
            ],
            [
              10.767210155627364,
              35.67482775708076
            ],
            [
              10.766919145165048,
              35.67449768855203
            ],
            [
              10.766054644020386,
              35.673893146914246
            ],
            [
              10.765540206149158,
              35.67343776403889
            ],
            [
              10.765217124054262,
              35.67308244337255
            ],
            [
              10.764928398977556,
              35.67285521339437
            ],
            [
              10.764381893899667,
              35.67237458164882
            ],
            [
              10.764220357236738,
              35.67219691971739
            ],
            [
              10.763932770206054,
              35.67202110915641
            ],
            [
              10.763549514520356,
              35.67179526423402
            ]
          ]
        ]
      }
    },
    {
      "type": "Feature",
      "id": "osm:relation:7107974",
      "properties": {
        "sourceId": "isie-local-sectors-2023-bembla-seven-source-review",
        "officialCode": "325754",
        "nameAr": "منزل النور",
        "nameFr": "Menzel en-nour",
        "governorateCode": "32",
        "governorateAr": "المنستير",
        "governorateFr": "Monastir",
        "delegationCode": "3257",
        "parentAr": "بنبلة",
        "parentFr": "Bembla",
        "expectedOriginalTags": {
          "admin_level": "6",
          "boundary": "administrative",
          "name": "منزل النور",
          "name:ar": "منزل النور",
          "name:fr": "Menzel Ennour",
          "ref:tn:codegeo": "325754"
        },
        "sourceOriginalGeometrySha256": "e743e28a66062b33f1e2ae2fe6cf8860bc494edefda7cb36400308e7b954c7fa",
        "sourcePdfURL": "https://www.isie.tn/wp-content/uploads/2023/CartesCirconscriptionsElectoralesLocales2023/%D8%A7%D9%84%D9%85%D9%86%D8%B3%D8%AA%D9%8A%D8%B1/%D8%A8%D9%86%D8%A8%D9%84%D8%A9/%D9%85%D9%86%D8%B2%D9%84%20%D8%A7%D9%84%D9%86%D9%88%D8%B1.pdf",
        "sourcePdfSha256": "d60db5d8777fa661d497e05cabe1c3c102f2dbea9a961a5c4f892c537aa7dc45",
        "sourcePdfFile": "work\\bembla-five-neighbor-review\\menzel-ennour.pdf",
        "sourcePdfRenderFile": "work\\bembla-five-neighbor-review\\menzel-ennour.png",
        "sourcePdfRenderSha256": "24c32463b99edfccddca4100026dabaf2c7b0a4ac7e4af305edfe8f88f1ab2ca",
        "sourceMapTitleAr": "منزل النور",
        "sourceDrawingIndices": [
          399
        ],
        "sourceVectorLayer": "circonscription_isie2023",
        "sourceCrsEpsg": 32632,
        "sourceCrsWkt": "PROJCS[\"WGS_1984_UTM_Zone_32N\",GEOGCS[\"GCS_WGS_1984\",DATUM[\"D_WGS_1984\",SPHEROID[\"WGS_1984\",6378137.0,298.257223563]],PRIMEM[\"Greenwich\",0.0],UNIT[\"Degree\",0.0174532925199433]],PROJECTION[\"Transverse_Mercator\"],PARAMETER[\"False_Easting\",500000.0],PARAMETER[\"False_Northing\",0.0],PARAMETER[\"Central_Meridian\",9.0],PARAMETER[\"Scale_Factor\",0.9996],PARAMETER[\"Latitude_Of_Origin\",0.0],UNIT[\"Meter\",1.0]]",
        "sourceControlPointMaxResidualMeters": 0.24951727715616742,
        "sourceControlPointsLatLon": [
          [
            35.64757,
            10.73923
          ],
          [
            35.68668,
            10.74008
          ],
          [
            35.68566,
            10.80869
          ],
          [
            35.64656,
            10.80781
          ]
        ],
        "sourceLocalControlPoints": [
          [
            0.0,
            1.0
          ],
          [
            0.0,
            0.0
          ],
          [
            1.0,
            0.0
          ],
          [
            1.0,
            1.0
          ]
        ],
        "sourceViewportBBox": [
          4.31908,
          590.46173,
          841.50095,
          5.38791
        ],
        "sourceAffineMetersFromPagePoints": [
          [
            7.419192051648625,
            -0.0005516227100855948
          ],
          [
            5.6621447583893314e-05,
            -7.41643342657153
          ],
          [
            657422.959060045,
            3950629.7676063115
          ]
        ],
        "sourceGeometrySha256": "2568de75454ed2b3791b3b3ce80d51aebd1fb93624d09b7424d01552fe05d445",
        "reviewedDate": "2026-09-08",
        "administrativeScope": {
          "conclusion": "whole_imada",
          "officialCode": "325754",
          "pdfPage": 17,
          "jortPage": 5114,
          "imadaName": "منزل النور",
          "circleName": "منزل النور",
          "decree": {
            "file": "work\\electoral-circle-semantics\\decree2023-590.pdf",
            "sha256": "bfb3fe752b9900eaf873198b009968243f1b0bd2c119836cfd4fbbfc07e1e10f",
            "url": "https://www.isie.tn/wp-content/uploads/2023/09/Decret2023_590Arabe.pdf"
          },
          "reviewedRender": {
            "file": "work\\electoral-circle-semantics\\page-17.png",
            "sha256": "2210a9242033464ee345d78db8f683995fd659381e26d81cc92f589b8be90c10"
          },
          "personallyViewed": true
        },
        "currentOfficialIdentity": {
          "governorateCode": "32",
          "governorateFr": "Monastir",
          "governorateAr": "المنستير",
          "delegationCode": "3257",
          "delegationFr": "Bembla",
          "delegationAr": "بنبلة",
          "sectorCode": "325754",
          "sectorFr": "Menzel en-nour",
          "sectorAr": "منزل النور",
          "sourceRows": {
            "Population_Secteur_Age_Sexe_Dynamique.xlsx": 37365,
            "Nombre_de_Logements_par_Secteurs.xlsx": 1771,
            "Nombre_de_menages_par_Secteurs.xlsx": 1769
          }
        },
        "boundaryManipulation": "None. Original complete native path transformed through its own PDF controls; no cleanup, snap, union, clipping, invented connector or hole removal.",
        "sourceQualification": "full_native_whole_imada_source_reviewed_pending_cluster_decision"
      },
      "geometry": {
        "type": "Polygon",
        "coordinates": [
          [
            [
              10.761914919436894,
              35.671915350050526
            ],
            [
              10.76284545778517,
              35.671299854815445
            ],
            [
              10.763534897721824,
              35.67179523862636
            ],
            [
              10.763923067165505,
              35.672006180784685
            ],
            [
              10.764222228099635,
              35.67219435701051
            ],
            [
              10.764403421435462,
              35.672384270883896
            ],
            [
              10.76494488767686,
              35.67285774953917
            ],
            [
              10.765215090910559,
              35.67307042415552
            ],
            [
              10.765518500649403,
              35.67345111707996
            ],
            [
              10.766059448161128,
              35.67390052552212
            ],
            [
              10.766899052368547,
              35.67451403761829
            ],
            [
              10.767200881851643,
              35.67482253164289
            ],
            [
              10.767384210237417,
              35.67510869748612
            ],
            [
              10.767651246529663,
              35.6751769777174
            ],
            [
              10.767817818898223,
              35.67604113122548
            ],
            [
              10.76797431172313,
              35.67644805660044
            ],
            [
              10.7681592365995,
              35.676806415201476
            ],
            [
              10.768408463391712,
              35.677404550322535
            ],
            [
              10.768594987881928,
              35.67783510421518
            ],
            [
              10.769377004334194,
              35.67717360694337
            ],
            [
              10.771056874319497,
              35.67842463920957
            ],
            [
              10.772286381597688,
              35.67932122089
            ],
            [
              10.773756676379369,
              35.680430877207904
            ],
            [
              10.775002074103694,
              35.679377327901925
            ],
            [
              10.77570036287541,
              35.67893368052617
            ],
            [
              10.775960487350225,
              35.67868910176851
            ],
            [
              10.776308026066422,
              35.67839508415896
            ],
            [
              10.776362216508641,
              35.67817762854022
            ],
            [
              10.777926646528309,
              35.67687859637357
            ],
            [
              10.779141369776337,
              35.67577731306033
            ],
            [
              10.780320486893016,
              35.67705972009124
            ],
            [
              10.780641183060036,
              35.676886449302195
            ],
            [
              10.780856196360208,
              35.677268413096265
            ],
            [
              10.782950884044247,
              35.67593736549085
            ],
            [
              10.783498370284681,
              35.67667546629562
            ],
            [
              10.784145061718835,
              35.67789353542895
            ],
            [
              10.784446971541273,
              35.678201983712675
            ],
            [
              10.785406356226135,
              35.67756181602458
            ],
            [
              10.785977473447822,
              35.678034755763704
            ],
            [
              10.787683841205144,
              35.676492759397014
            ],
            [
              10.787027462595212,
              35.67616553352035
            ],
            [
              10.786070794857993,
              35.67560205163299
            ],
            [
              10.785554930470116,
              35.674959781581286
            ],
            [
              10.784675513093417,
              35.67388961930302
            ],
            [
              10.784313031706393,
              35.67350985528177
            ],
            [
              10.78419184666971,
              35.673367224013965
            ],
            [
              10.784131789812388,
              35.67331997285312
            ],
            [
              10.783769308670099,
              35.67294020912509
            ],
            [
              10.783403619372042,
              35.672416054918344
            ],
            [
              10.783896962303926,
              35.67204762921392
            ],
            [
              10.78450773432496,
              35.67165338108369
            ],
            [
              10.784850387597542,
              35.67114275753087
            ],
            [
              10.78496514177497,
              35.6709966139802
            ],
            [
              10.785285803704669,
              35.670823333676196
            ],
            [
              10.785693332162415,
              35.67057653912842
            ],
            [
              10.786011310729673,
              35.670282932367385
            ],
            [
              10.786150728980978,
              35.66991976982992
            ],
            [
              10.78635073724412,
              35.66962791977375
            ],
            [
              10.786585592058822,
              35.66957627507761
            ],
            [
              10.788012988145166,
              35.67008458756832
            ],
            [
              10.78859906386827,
              35.669907339757934
            ],
            [
              10.789129370385798,
              35.669875354294106
            ],
            [
              10.789564224995114,
              35.669531849077224
            ],
            [
              10.789589957054165,
              35.66936295960775
            ],
            [
              10.789613540731693,
              35.66909781021441
            ],
            [
              10.789725060723264,
              35.66880727559686
            ],
            [
              10.789658559530624,
              35.668471255548795
            ],
            [
              10.789770078583961,
              35.6681807208907
            ],
            [
              10.789793661486131,
              35.66791557143978
            ],
            [
              10.789938967163177,
              35.667817114179954
            ],
            [
              10.790644591706227,
              35.66771028712412
            ],
            [
              10.79172392028294,
              35.66716456685773
            ],
            [
              10.792672895475565,
              35.666067123218525
            ],
            [
              10.79321921740205,
              35.665433068522404
            ],
            [
              10.793449754989556,
              35.66518889736328
            ],
            [
              10.793648110524249,
              35.66482484277048
            ],
            [
              10.793899522581931,
              35.66419519871086
            ],
            [
              10.793983146373364,
              35.66397729713481
            ],
            [
              10.794328942586048,
              35.66361103518692
            ],
            [
              10.794588417345453,
              35.66334235634158
            ],
            [
              10.794784070975775,
              35.66285797791807
            ],
            [
              10.79504408535416,
              35.66261336048397
            ],
            [
              10.796005360838313,
              35.66206937218034
            ],
            [
              10.79708672817827,
              35.66161986633479
            ],
            [
              10.799572719025578,
              35.660667825568915
            ],
            [
              10.799384454796137,
              35.66016513313891
            ],
            [
              10.799204289253273,
              35.66002340192745
            ],
            [
              10.79925894663018,
              35.659830001908595
            ],
            [
              10.799104491699543,
              35.659519377341624
            ],
            [
              10.79907230556709,
              35.65939949787821
            ],
            [
              10.798889983746063,
              35.65916150856926
            ],
            [
              10.79879720440213,
              35.65897032062977
            ],
            [
              10.798702267282586,
              35.658682879115084
            ],
            [
              10.798438500105014,
              35.65875905315003
            ],
            [
              10.797611781129376,
              35.658723303389245
            ],
            [
              10.796993625288783,
              35.658780716401225
            ],
            [
              10.797313672883266,
              35.65858333943631
            ],
            [
              10.797456795653785,
              35.658388614036866
            ],
            [
              10.797572048304646,
              35.658266523776184
            ],
            [
              10.797776840530673,
              35.65819123590676
            ],
            [
              10.798008962016269,
              35.65801924791708
            ],
            [
              10.79830166982385,
              35.65791856830919
            ],
            [
              10.798793236519307,
              35.65747789208291
            ],
            [
              10.79902427444129,
              35.657257773451875
            ],
            [
              10.799221506848058,
              35.65684558377882
            ],
            [
              10.799507196626534,
              35.656432064240406
            ],
            [
              10.799652469612207,
              35.656333593986666
            ],
            [
              10.80059710980597,
              35.656367557298694
            ],
            [
              10.800921460313809,
              35.65636268618837
            ],
            [
              10.801361595010642,
              35.65625978489594
            ],
            [
              10.80217423424774,
              35.655669836347194
            ],
            [
              10.799978231429137,
              35.65507693878312
            ],
            [
              10.79911828194702,
              35.65487319221871
            ],
            [
              10.798438488075663,
              35.65481117252274
            ],
            [
              10.797022092274982,
              35.654784262964775
            ],
            [
              10.796430757895006,
              35.654720906138714
            ],
            [
              10.795985781256748,
              35.65460720930008
            ],
            [
              10.795512930677269,
              35.65456614776942
            ],
            [
              10.79483583296585,
              35.65462442780465
            ],
            [
              10.793659630741193,
              35.65478646317889
            ],
            [
              10.793593665305396,
              35.65447450917614
            ],
            [
              10.793466039402285,
              35.65404311476715
            ],
            [
              10.793282133158058,
              35.653732922478326
            ],
            [
              10.793036030818433,
              35.65327922475532
            ],
            [
              10.79294542363045,
              35.6531842894799
            ],
            [
              10.792557812830067,
              35.65299750640912
            ],
            [
              10.792342277207533,
              35.652591495244266
            ],
            [
              10.792220574011607,
              35.65242480862481
            ],
            [
              10.79195145107435,
              35.652260322979885
            ],
            [
              10.791709122461105,
              35.65197507365636
            ],
            [
              10.791169261235385,
              35.65157390586162
            ],
            [
              10.79093016022847,
              35.65143304601005
            ],
            [
              10.790753251678606,
              35.6514356880966
            ],
            [
              10.7901608718855,
              35.65132416643076
            ],
            [
              10.79010029695623,
              35.65125285717776
            ],
            [
              10.790328652697973,
              35.65091243225638
            ],
            [
              10.790003253702979,
              35.65086914505371
            ],
            [
              10.78973735586351,
              35.65084904144924
            ],
            [
              10.789294550772794,
              35.65083157715899
            ],
            [
              10.788998632095335,
              35.650787847322874
            ],
            [
              10.788290466398996,
              35.65077433803825
            ],
            [
              10.787730800834682,
              35.65080675583712
            ],
            [
              10.787671831677605,
              35.65080763498177
            ],
            [
              10.786783007230946,
              35.65062830204697
            ],
            [
              10.786546595215139,
              35.650607751997335
            ],
            [
              10.786338596398123,
              35.650538633073175
            ],
            [
              10.785925818310133,
              35.65054478159417
            ],
            [
              10.785806809160427,
              35.650498408888204
            ],
            [
              10.785717284624598,
              35.650451596981014
            ],
            [
              10.785185493158608,
              35.650411370099135
            ],
            [
              10.784594198005108,
              35.65034795387038
            ],
            [
              10.784505209465943,
              35.65032520564668
            ],
            [
              10.784494506555319,
              35.649843917469504
            ],
            [
              10.7844596709616,
              35.64960371009534
            ],
            [
              10.784371753495467,
              35.649629090977385
            ],
            [
              10.784342269295864,
              35.64962952971856
            ],
            [
              10.783843717531445,
              35.64975731025565
            ],
            [
              10.783696296248996,
              35.64975950324986
            ],
            [
              10.783399314384203,
              35.64966763018237
            ],
            [
              10.783042295366004,
              35.64952850394551
            ],
            [
              10.782657397165396,
              35.64946200885556
            ],
            [
              10.782243549864594,
              35.64942001538559
            ],
            [
              10.781568624646304,
              35.649574480421826
            ],
            [
              10.779353575864581,
              35.64943886163357
            ],
            [
              10.779235639019241,
              35.649440611633196
            ],
            [
              10.778728006458037,
              35.64915927154568
            ],
            [
              10.778608469889877,
              35.649088826839446
            ],
            [
              10.777981841857455,
              35.648761103266175
            ],
            [
              10.77827226106755,
              35.64988820921958
            ],
            [
              10.778069602835945,
              35.650059722705976
            ],
            [
              10.777077791819154,
              35.65055587362619
            ],
            [
              10.776377620527304,
              35.650903264799524
            ],
            [
              10.775737475516422,
              35.65129790825654
            ],
            [
              10.775503728292197,
              35.65139766007999
            ],
            [
              10.77504101806399,
              35.65181374097657
            ],
            [
              10.774431943416765,
              35.65228013550232
            ],
            [
              10.77419818914819,
              35.65237988494087
            ],
            [
              10.773254659372848,
              35.65239384227192
            ],
            [
              10.772836546841125,
              35.65215929873196
            ],
            [
              10.772052137768986,
              35.65270049150607
            ],
            [
              10.770683313783138,
              35.65349103320192
            ],
            [
              10.7700704842368,
              35.653788953141266
            ],
            [
              10.769824511058252,
              35.65333520622756
            ],
            [
              10.769333637069947,
              35.652475838081294
            ],
            [
              10.768842771459061,
              35.65161646959118
            ],
            [
              10.768448859325394,
              35.651140827132885
            ],
            [
              10.768224115279683,
              35.65164966294913
            ],
            [
              10.768114128500855,
              35.652012374442066
            ],
            [
              10.767402639901226,
              35.654526414087734
            ],
            [
              10.767058009431347,
              35.65628878952932
            ],
            [
              10.767030642636191,
              35.656385483365426
            ],
            [
              10.766853190883102,
              35.65636402583938
            ],
            [
              10.766023320595998,
              35.656183673126385
            ],
            [
              10.765788484628821,
              35.656235275093444
            ],
            [
              10.76558419452935,
              35.65633457410866
            ],
            [
              10.764914996445876,
              35.65675365940745
            ],
            [
              10.764673279239963,
              35.65649241829034
            ],
            [
              10.7645547993383,
              35.656470091438685
            ],
            [
              10.764203603319007,
              35.65659562068197
            ],
            [
              10.76379501664916,
              35.65679421315155
            ],
            [
              10.763418033507211,
              35.65708863000085
            ],
            [
              10.763156350198848,
              35.657260986986884
            ],
            [
              10.762806203519993,
              35.65743464410466
            ],
            [
              10.76257083541091,
              35.65746217708187
            ],
            [
              10.76164721550359,
              35.65704244387943
            ],
            [
              10.761233336803633,
              35.65700037902262
            ],
            [
              10.760996382084807,
              35.65695571426689
            ],
            [
              10.759980619071623,
              35.6563688148111
            ],
            [
              10.759503021716558,
              35.656111027360495
            ],
            [
              10.758734252390918,
              35.65602601602088
            ],
            [
              10.758288257347726,
              35.655864048704494
            ],
            [
              10.757749058370257,
              35.65548679213572
            ],
            [
              10.757213026872176,
              35.65525392471077
            ],
            [
              10.756558525006415,
              35.654998715831454
            ],
            [
              10.754892012790902,
              35.654325013638555
            ],
            [
              10.754181184782432,
              35.65419097942553
            ],
            [
              10.753677813920238,
              35.654102052199164
            ],
            [
              10.753406091716386,
              35.65516522047928
            ],
            [
              10.753129628988763,
              35.65601180729913
            ],
            [
              10.752614634500876,
              35.656741515075865
            ],
            [
              10.75212701609083,
              35.65737452988361
            ],
            [
              10.751239169996204,
              35.658591131864846
            ],
            [
              10.748588173801798,
              35.661470394637554
            ],
            [
              10.747709668674077,
              35.663120143236235
            ],
            [
              10.747809551999019,
              35.66499635194969
            ],
            [
              10.747244254762766,
              35.667484071561226
            ],
            [
              10.74595606896796,
              35.667936146228364
            ],
            [
              10.745536744847582,
              35.66900144828673
            ],
            [
              10.74572850724762,
              35.67780922257392
            ],
            [
              10.747887307878985,
              35.679390623693024
            ],
            [
              10.747561051769882,
              35.682019290283534
            ],
            [
              10.74780478670847,
              35.68372488760342
            ],
            [
              10.748506849105162,
              35.684797910748415
            ],
            [
              10.748888833041264,
              35.68337205812425
            ],
            [
              10.749030542220384,
              35.683105191645964
            ],
            [
              10.750009794689975,
              35.68200763475804
            ],
            [
              10.75067192226312,
              35.681251716827155
            ],
            [
              10.751420947015445,
              35.68042230780697
            ],
            [
              10.752601869308311,
              35.67910512784722
            ],
            [
              10.753609994359563,
              35.67798304755278
            ],
            [
              10.754332098374762,
              35.67727437768761
            ],
            [
              10.755490282178181,
              35.67627044666385
            ],
            [
              10.755808922352683,
              35.67600098107945
            ],
            [
              10.75813521509071,
              35.674450316168645
            ],
            [
              10.759995339971109,
              35.67317124681253
            ],
            [
              10.76112918621911,
              35.67240834591379
            ],
            [
              10.761914919436894,
              35.671915350050526
            ]
          ]
        ]
      }
    },
    {
      "type": "Feature",
      "id": "osm:relation:7109599",
      "properties": {
        "sourceId": "isie-local-sectors-2023-bembla-seven-source-review",
        "officialCode": "326255",
        "nameAr": "بوضر",
        "nameFr": "Bodher",
        "governorateCode": "32",
        "governorateAr": "المنستير",
        "governorateFr": "Monastir",
        "delegationCode": "3262",
        "parentAr": "قصيبة المديوني",
        "parentFr": "Ksibet el mediouni",
        "expectedOriginalTags": {
          "admin_level": "6",
          "boundary": "administrative",
          "name": "بوضر",
          "name:ar": "بوضر",
          "name:fr": "Bodher",
          "ref:tn:codegeo": "326255"
        },
        "sourceOriginalGeometrySha256": "c941c86d50fbcd2d8efd4b0387dbc8a0e58e1770e64da88441cd36cae1a643e4",
        "sourcePdfURL": "https://www.isie.tn/wp-content/uploads/2023/CartesCirconscriptionsElectoralesLocales2023/%D8%A7%D9%84%D9%85%D9%86%D8%B3%D8%AA%D9%8A%D8%B1/%D9%82%D8%B5%D9%8A%D8%A8%D8%A9%20%D8%A7%D9%84%D9%85%D8%AF%D9%8A%D9%88%D9%86%D9%8A/%D8%A8%D9%88%D8%B6%D8%B1.pdf",
        "sourcePdfSha256": "3783e032c7c8185c1ea8e1d9158d2376e752234cc0c77d51064c379795925109",
        "sourcePdfFile": "work\\bembla-five-neighbor-review\\bodher.pdf",
        "sourcePdfRenderFile": "work\\bembla-five-neighbor-review\\bodher.png",
        "sourcePdfRenderSha256": "dcb9d1072b2a722d452d0133a327fbd2f71984b71963f1f68758bb28cd0ac9b6",
        "sourceMapTitleAr": "بوضر",
        "sourceDrawingIndices": [
          278
        ],
        "sourceVectorLayer": "circonscription_isie2023",
        "sourceCrsEpsg": 32632,
        "sourceCrsWkt": "PROJCS[\"WGS_1984_UTM_Zone_32N\",GEOGCS[\"GCS_WGS_1984\",DATUM[\"D_WGS_1984\",SPHEROID[\"WGS_1984\",6378137.0,298.257223563]],PRIMEM[\"Greenwich\",0.0],UNIT[\"Degree\",0.0174532925199433]],PROJECTION[\"Transverse_Mercator\"],PARAMETER[\"False_Easting\",500000.0],PARAMETER[\"False_Northing\",0.0],PARAMETER[\"Central_Meridian\",9.0],PARAMETER[\"Scale_Factor\",0.9996],PARAMETER[\"Latitude_Of_Origin\",0.0],UNIT[\"Meter\",1.0]]",
        "sourceControlPointMaxResidualMeters": 0.3195573789025596,
        "sourceControlPointsLatLon": [
          [
            35.63988,
            10.78159
          ],
          [
            35.67299,
            10.78233
          ],
          [
            35.67212,
            10.84042
          ],
          [
            35.639,
            10.83966
          ]
        ],
        "sourceLocalControlPoints": [
          [
            0.0,
            1.0
          ],
          [
            0.0,
            0.0
          ],
          [
            1.0,
            0.0
          ],
          [
            1.0,
            1.0
          ]
        ],
        "sourceViewportBBox": [
          4.31908,
          590.46173,
          841.50095,
          5.38791
        ],
        "sourceAffineMetersFromPagePoints": [
          [
            6.282850626153406,
            -0.00017723051576266853
          ],
          [
            -0.00033486051916042925,
            -6.280526950573403
          ],
          [
            661278.8878710138,
            3949174.58981651
          ]
        ],
        "sourceGeometrySha256": "1d475b10985fe0dd91d08ce79d3a47232c30e1e3739cbe7fac3e689ff1f8b09c",
        "reviewedDate": "2026-09-08",
        "administrativeScope": {
          "conclusion": "whole_imada",
          "officialCode": "326255",
          "pdfPage": 18,
          "jortPage": 5115,
          "imadaName": "بوضر",
          "circleName": "بوضر",
          "decree": {
            "file": "work\\electoral-circle-semantics\\decree2023-590.pdf",
            "sha256": "bfb3fe752b9900eaf873198b009968243f1b0bd2c119836cfd4fbbfc07e1e10f",
            "url": "https://www.isie.tn/wp-content/uploads/2023/09/Decret2023_590Arabe.pdf"
          },
          "reviewedRender": {
            "file": "work\\electoral-circle-semantics\\page-18.png",
            "sha256": "1f0801e5adc23c32ca4adb68002439e387ca19818c1aaafbe1fd3fd3d442d6b7"
          },
          "personallyViewed": true
        },
        "currentOfficialIdentity": {
          "governorateCode": "32",
          "governorateFr": "Monastir",
          "governorateAr": "المنستير",
          "delegationCode": "3262",
          "delegationFr": "Ksibet el mediouni",
          "delegationAr": "قصيبة المديوني",
          "sectorCode": "326255",
          "sectorFr": "Bodher",
          "sectorAr": "بوضر",
          "sourceRows": {
            "Population_Secteur_Age_Sexe_Dynamique.xlsx": 38487,
            "Nombre_de_Logements_par_Secteurs.xlsx": 1831,
            "Nombre_de_menages_par_Secteurs.xlsx": 1827
          }
        },
        "boundaryManipulation": "None. Original complete native path transformed through its own PDF controls; no cleanup, snap, union, clipping, invented connector or hole removal.",
        "sourceQualification": "full_native_whole_imada_source_reviewed_pending_cluster_decision"
      },
      "geometry": {
        "type": "Polygon",
        "coordinates": [
          [
            [
              10.831158650310597,
              35.66585772533737
            ],
            [
              10.833972337984514,
              35.6643674694957
            ],
            [
              10.833689233470984,
              35.66400485389375
            ],
            [
              10.832840857190723,
              35.662957755745566
            ],
            [
              10.833230593065737,
              35.66252372128446
            ],
            [
              10.833325339285876,
              35.66229803715204
            ],
            [
              10.833470495476472,
              35.66209197113819
            ],
            [
              10.833612374980307,
              35.66174325560411
            ],
            [
              10.833248760484661,
              35.661137242262136
            ],
            [
              10.833544676697926,
              35.66096964580254
            ],
            [
              10.833914566005658,
              35.66076015104208
            ],
            [
              10.834039421645375,
              35.66075824608788
            ],
            [
              10.83438527689473,
              35.66058988562717
            ],
            [
              10.834680721006999,
              35.66040190825395
            ],
            [
              10.834977099125222,
              35.66025468665568
            ],
            [
              10.835100550702686,
              35.66019164593026
            ],
            [
              10.835346981276574,
              35.66004518767814
            ],
            [
              10.835765403607878,
              35.65977378845151
            ],
            [
              10.837096029054306,
              35.65897881764353
            ],
            [
              10.837159703102314,
              35.658488597386985
            ],
            [
              10.837155020857344,
              35.65828481525061
            ],
            [
              10.83694214976066,
              35.65771727974346
            ],
            [
              10.836965247244974,
              35.657635385290234
            ],
            [
              10.837410963013694,
              35.65746549027271
            ],
            [
              10.837264105987709,
              35.656509625825066
            ],
            [
              10.837177491886862,
              35.65600131691495
            ],
            [
              10.837165787358321,
              35.65549186308162
            ],
            [
              10.837248810193065,
              35.65475672230527
            ],
            [
              10.837249902282355,
              35.653717052864
            ],
            [
              10.837171407996362,
              35.65247474741148
            ],
            [
              10.837073565860482,
              35.65147736200007
            ],
            [
              10.837064672341219,
              35.65109017546429
            ],
            [
              10.83710758722057,
              35.65078373877848
            ],
            [
              10.837106651098914,
              35.650742984025634
            ],
            [
              10.836927195027052,
              35.6505418740343
            ],
            [
              10.836620565076576,
              35.650240777996984
            ],
            [
              10.835827385138076,
              35.649417093379434
            ],
            [
              10.835596129601665,
              35.649135230656
            ],
            [
              10.835413875245425,
              35.64881184681955
            ],
            [
              10.834672530318624,
              35.64806890429542
            ],
            [
              10.833450750716084,
              35.647068274319594
            ],
            [
              10.832842211273842,
              35.64666984832292
            ],
            [
              10.832358039930217,
              35.64624913479906
            ],
            [
              10.83156121123426,
              35.64526239425302
            ],
            [
              10.830535515584407,
              35.64409566394662
            ],
            [
              10.83062817001622,
              35.6426876613286
            ],
            [
              10.829806637026218,
              35.64280209457773
            ],
            [
              10.82913722907989,
              35.64301613170996
            ],
            [
              10.828886640597066,
              35.642979172977206
            ],
            [
              10.828538984315793,
              35.64306600274025
            ],
            [
              10.828417416020532,
              35.64321054973748
            ],
            [
              10.827742413837749,
              35.643180042328034
            ],
            [
              10.827294426740876,
              35.64324800829018
            ],
            [
              10.826727193633241,
              35.643562409906394
            ],
            [
              10.826597871236224,
              35.64446133292156
            ],
            [
              10.826354257749651,
              35.64473004304019
            ],
            [
              10.826489790495417,
              35.6451968494215
            ],
            [
              10.826290994077628,
              35.64524064032337
            ],
            [
              10.826093588765952,
              35.64534556612021
            ],
            [
              10.825973408130706,
              35.645551244256
            ],
            [
              10.8259290569642,
              35.64579654324937
            ],
            [
              10.82616771278213,
              35.6464044800721
            ],
            [
              10.825425685068305,
              35.64672152903751
            ],
            [
              10.825380401654728,
              35.64692607107871
            ],
            [
              10.824911608650277,
              35.64717781167326
            ],
            [
              10.824194075271118,
              35.647474097640604
            ],
            [
              10.823351231513492,
              35.6477518945397
            ],
            [
              10.822930972675277,
              35.64794173680051
            ],
            [
              10.822600825666177,
              35.64770211696057
            ],
            [
              10.822374263496782,
              35.64762400969061
            ],
            [
              10.822124591456353,
              35.647627794081764
            ],
            [
              10.821952606074223,
              35.64775271338779
            ],
            [
              10.82098213484183,
              35.6479101151983
            ],
            [
              10.820781004690504,
              35.647852005157006
            ],
            [
              10.820648282779256,
              35.647507462328434
            ],
            [
              10.820396291959208,
              35.64740935092241
            ],
            [
              10.820264963759454,
              35.64712594463595
            ],
            [
              10.820113770187382,
              35.647067077343436
            ],
            [
              10.81988164841326,
              35.64674442559216
            ],
            [
              10.81958197986188,
              35.645648147772036
            ],
            [
              10.818628207433097,
              35.646539152966156
            ],
            [
              10.81811733453692,
              35.64713805697181
            ],
            [
              10.817682286444665,
              35.64777658339998
            ],
            [
              10.817029926709676,
              35.64874455882575
            ],
            [
              10.816618438826449,
              35.649321570712154
            ],
            [
              10.81640437289624,
              35.64979366940008
            ],
            [
              10.816316070677273,
              35.65030463860282
            ],
            [
              10.816328103395067,
              35.65083447728808
            ],
            [
              10.816202799232634,
              35.65081598667723
            ],
            [
              10.815722389498289,
              35.65055823250276
            ],
            [
              10.8154440385976,
              35.650399352529575
            ],
            [
              10.815367283900864,
              35.65031896971157
            ],
            [
              10.815557314480523,
              35.64988800673785
            ],
            [
              10.815431086790051,
              35.64982875656588
            ],
            [
              10.815222555357966,
              35.649444583127575
            ],
            [
              10.815167994772148,
              35.64924155216933
            ],
            [
              10.81506349899798,
              35.64903927510683
            ],
            [
              10.814909995342425,
              35.64887850876549
            ],
            [
              10.814707479608606,
              35.64875925302323
            ],
            [
              10.814602985699846,
              35.64855697722016
            ],
            [
              10.814291818363268,
              35.64805203822579
            ],
            [
              10.814060642921783,
              35.647770129957834
            ],
            [
              10.813853972171625,
              35.64746746600659
            ],
            [
              10.813722204593233,
              35.64716367338887
            ],
            [
              10.81350814449553,
              35.646534954114145
            ],
            [
              10.810936141350131,
              35.645452525074944
            ],
            [
              10.804679580901148,
              35.64267225225018
            ],
            [
              10.804246282626448,
              35.64339224584183
            ],
            [
              10.803250395078956,
              35.64352950032317
            ],
            [
              10.801648248948274,
              35.644470869412864
            ],
            [
              10.801003709740252,
              35.644684380254155
            ],
            [
              10.800362377563754,
              35.645040540198664
            ],
            [
              10.799745545775684,
              35.6453759427432
            ],
            [
              10.79864083001493,
              35.646228279323175
            ],
            [
              10.798270904948994,
              35.64643766868222
            ],
            [
              10.797850129488467,
              35.646607046280046
            ],
            [
              10.797281379035173,
              35.64686017691388
            ],
            [
              10.796907785991342,
              35.64690653258097
            ],
            [
              10.796461577825482,
              35.64705589996645
            ],
            [
              10.79611523975383,
              35.6472037719536
            ],
            [
              10.795748049508724,
              35.64753542441558
            ],
            [
              10.79535543013969,
              35.64784707171785
            ],
            [
              10.794836599192493,
              35.64809944547194
            ],
            [
              10.79347525738734,
              35.648649785013
            ],
            [
              10.792709932389386,
              35.64904852398998
            ],
            [
              10.791863759765672,
              35.649183452683914
            ],
            [
              10.791488782686745,
              35.6491686556401
            ],
            [
              10.791115631187628,
              35.6492353724861
            ],
            [
              10.790965822373812,
              35.64923760439136
            ],
            [
              10.790286209620557,
              35.649003100345254
            ],
            [
              10.78991168952774,
              35.6490086771331
            ],
            [
              10.789589841405762,
              35.64913578210345
            ],
            [
              10.789071438397446,
              35.64940851051739
            ],
            [
              10.788452246631438,
              35.649641965058215
            ],
            [
              10.788124014826831,
              35.6494837630907
            ],
            [
              10.787137504574291,
              35.64892763806939
            ],
            [
              10.78688691409219,
              35.6488905918907
            ],
            [
              10.786513759389383,
              35.64895729281911
            ],
            [
              10.785992615508995,
              35.6491077353334
            ],
            [
              10.785249940330662,
              35.649404164708905
            ],
            [
              10.78448001845499,
              35.64959906607686
            ],
            [
              10.784485474825015,
              35.6498436121286
            ],
            [
              10.784496387684877,
              35.65033270074541
            ],
            [
              10.784596716191562,
              35.650351598724086
            ],
            [
              10.785197779687898,
              35.6504242150408
            ],
            [
              10.7856976049913,
              35.65043717717618
            ],
            [
              10.785823813047804,
              35.65049645913561
            ],
            [
              10.785924597064378,
              35.650535733083906
            ],
            [
              10.786324094233416,
              35.6505297974657
            ],
            [
              10.786525662901361,
              35.65060834441997
            ],
            [
              10.786775804415234,
              35.65062501236539
            ],
            [
              10.787653803067425,
              35.65079542948974
            ],
            [
              10.787729164606507,
              35.65081469437614
            ],
            [
              10.788302987197088,
              35.65078577405961
            ],
            [
              10.78900210724528,
              35.650775372007864
            ],
            [
              10.789303097681296,
              35.65083204908732
            ],
            [
              10.789752988938732,
              35.650845737542916
            ],
            [
              10.790003130515856,
              35.65086239875542
            ],
            [
              10.790329090548907,
              35.650918701451644
            ],
            [
              10.790086703179512,
              35.65124848002495
            ],
            [
              10.790163433598998,
              35.65132887794497
            ],
            [
              10.790739995831848,
              35.65142221852635
            ],
            [
              10.790940202742659,
              35.65143962158884
            ],
            [
              10.791167660637258,
              35.65155854434651
            ],
            [
              10.791701592249073,
              35.651978684335
            ],
            [
              10.7919576738618,
              35.65226026508096
            ],
            [
              10.792236443892845,
              35.652439577505575
            ],
            [
              10.792339973211133,
              35.652601118361154
            ],
            [
              10.792573831697485,
              35.65300534061118
            ],
            [
              10.792927512704177,
              35.653183536006246
            ],
            [
              10.793029674687387,
              35.653283939973825
            ],
            [
              10.79328987820852,
              35.65374892611438
            ],
            [
              10.793446093820268,
              35.65403199147805
            ],
            [
              10.793580997578696,
              35.65447845891526
            ],
            [
              10.793687733257185,
              35.65478264941777
            ],
            [
              10.794858109455433,
              35.65462248142432
            ],
            [
              10.795505948194773,
              35.65455165018851
            ],
            [
              10.795982202695864,
              35.65462607784566
            ],
            [
              10.796433946056474,
              35.654721255432925
            ],
            [
              10.797010081410715,
              35.654794186316074
            ],
            [
              10.798434270742023,
              35.654813658815755
            ],
            [
              10.799135257044309,
              35.65488470982167
            ],
            [
              10.799988813443525,
              35.65507578709771
            ],
            [
              10.802175420474509,
              35.65567497450857
            ],
            [
              10.801364267227775,
              35.656257925081995
            ],
            [
              10.800917098837648,
              35.65636655278049
            ],
            [
              10.800592029164946,
              35.656351036923944
            ],
            [
              10.79966767420281,
              35.65634449375675
            ],
            [
              10.7995196873315,
              35.65642825127214
            ],
            [
              10.799204245996949,
              35.65684068157602
            ],
            [
              10.799013653063252,
              35.65725124438222
            ],
            [
              10.798793962440401,
              35.65747877098403
            ],
            [
              10.798304176673048,
              35.657914195031125
            ],
            [
              10.798006819112244,
              35.65802056904242
            ],
            [
              10.797760778090177,
              35.658187333130215
            ],
            [
              10.797587814948367,
              35.65827146185893
            ],
            [
              10.797465710547952,
              35.658395600873604
            ],
            [
              10.797320008093516,
              35.65858124915382
            ],
            [
              10.796999966887586,
              35.65878988745999
            ],
            [
              10.797622866849414,
              35.65871941896494
            ],
            [
              10.79844782417273,
              35.658747850155045
            ],
            [
              10.798696157620128,
              35.658682976185204
            ],
            [
              10.798802460315219,
              35.65896678257472
            ],
            [
              10.798881958599791,
              35.65916944796011
            ],
            [
              10.79908677068116,
              35.65939062155255
            ],
            [
              10.799089980678199,
              35.659533272042864
            ],
            [
              10.799246687262263,
              35.65983670906046
            ],
            [
              10.799200872039895,
              35.6600208626325
            ],
            [
              10.799379339874719,
              35.66018127519866
            ],
            [
              10.799565148786431,
              35.66066774385428
            ],
            [
              10.799696429127891,
              35.66095117533918
            ],
            [
              10.80000021851249,
              35.66113009598934
            ],
            [
              10.800311808634245,
              35.66165545068854
            ],
            [
              10.800569789067266,
              35.662018523624155
            ],
            [
              10.800819047709243,
              35.66199440403425
            ],
            [
              10.801201432838075,
              35.66233522790291
            ],
            [
              10.80140350545236,
              35.66243412709505
            ],
            [
              10.80150706770803,
              35.66259565715206
            ],
            [
              10.801760920806105,
              35.66277532158512
            ],
            [
              10.802135044396433,
              35.66274932747516
            ],
            [
              10.802485573985383,
              35.66278484246654
            ],
            [
              10.802665432135694,
              35.663006385504346
            ],
            [
              10.803031130999871,
              35.66371439045494
            ],
            [
              10.80323366894802,
              35.663833663238705
            ],
            [
              10.803587420054622,
              35.66401182493364
            ],
            [
              10.803915282455675,
              35.66414960315449
            ],
            [
              10.804240846150215,
              35.66418548760915
            ],
            [
              10.805299355848344,
              35.66459768709403
            ],
            [
              10.805451953820898,
              35.664717707841
            ],
            [
              10.805752547576319,
              35.66475396322472
            ],
            [
              10.805882015266654,
              35.66495587275673
            ],
            [
              10.80606280855938,
              35.66521816558566
            ],
            [
              10.806268117704251,
              35.665459705967116
            ],
            [
              10.806521071378853,
              35.66559860259282
            ],
            [
              10.80650669125255,
              35.666067682545304
            ],
            [
              10.80663386006193,
              35.666167698437675
            ],
            [
              10.807314124046727,
              35.66642248242991
            ],
            [
              10.80741908592434,
              35.66664514237042
            ],
            [
              10.807547178465278,
              35.66678591427261
            ],
            [
              10.807605881530211,
              35.6671723532904
            ],
            [
              10.807883355529373,
              35.667290492687535
            ],
            [
              10.808541038813987,
              35.66654672394572
            ],
            [
              10.809075689679617,
              35.66588634533776
            ],
            [
              10.809268094042016,
              35.665557283817165
            ],
            [
              10.809385578247499,
              35.665229348110564
            ],
            [
              10.809916004601126,
              35.665486372922615
            ],
            [
              10.810424692152983,
              35.665886419160366
            ],
            [
              10.811565565470419,
              35.666623489003975
            ],
            [
              10.812046987235824,
              35.66692201359198
            ],
            [
              10.812550611100432,
              35.66709788705194
            ],
            [
              10.812879425110232,
              35.667276396883665
            ],
            [
              10.813170783382985,
              35.66690506594042
            ],
            [
              10.81331923642545,
              35.666841670084814
            ],
            [
              10.814277003784504,
              35.666113728538456
            ],
            [
              10.815488182568199,
              35.665545035595
            ],
            [
              10.816797383988899,
              35.66489330736253
            ],
            [
              10.8181851890208,
              35.66440345777814
            ],
            [
              10.820357495359643,
              35.66655181213806
            ],
            [
              10.821292644562156,
              35.667026893531315
            ],
            [
              10.822096429766964,
              35.66721856513288
            ],
            [
              10.822925196148443,
              35.66740985069751
            ],
            [
              10.823883944178652,
              35.66782339915969
            ],
            [
              10.824692399317593,
              35.668218834447714
            ],
            [
              10.825245075544316,
              35.668353140463815
            ],
            [
              10.825975358158127,
              35.668607058104215
            ],
            [
              10.82660622018387,
              35.66888286758744
            ],
            [
              10.827137652642447,
              35.66918056716358
            ],
            [
              10.827257863016085,
              35.66897488940023
            ],
            [
              10.826755420013543,
              35.667759406006645
            ],
            [
              10.826467673885418,
              35.66719299001823
            ],
            [
              10.82586629036901,
              35.666019776464445
            ],
            [
              10.825781131598369,
              35.66557259323633
            ],
            [
              10.825711637937879,
              35.66471746585713
            ],
            [
              10.825410881557888,
              35.66358045334555
            ],
            [
              10.825600420349728,
              35.663129097752915
            ],
            [
              10.826055036313146,
              35.66334643151815
            ],
            [
              10.826659021631741,
              35.66354110654057
            ],
            [
              10.826936039011086,
              35.66363882336804
            ],
            [
              10.827064159876244,
              35.66377957369353
            ],
            [
              10.827216321816435,
              35.66387918763371
            ],
            [
              10.827394853875294,
              35.66403955663443
            ],
            [
              10.827675139424658,
              35.66427991800685
            ],
            [
              10.828505751278653,
              35.66455268063889
            ],
            [
              10.82906353233816,
              35.664911129243784
            ],
            [
              10.82950578762233,
              35.66567904115337
            ],
            [
              10.829894373593865,
              35.666284685341644
            ],
            [
              10.831158650310597,
              35.66585772533737
            ]
          ]
        ]
      }
    }
  ],
  "limitations": [
    "All seven are unedited whole-imada native source polygons, not a seamless administrative partition.",
    "Residual overlaps and old-neighbor disagreements are quantified separately; no import is authorized by this file."
  ]
}
