{
  "type": "FeatureCollection",
  "status": "REVIEWED_SOURCE_PROPOSAL_NOT_GENERATED_OR_INSTALLED",
  "features": [
    {
      "type": "Feature",
      "id": "osm:relation:7113965",
      "properties": {
        "id": "osm:relation:7113965",
        "officialCode": "325552",
        "nameAr": "بني حسان الجوفية",
        "nameFr": "Beni Hassen Nord",
        "governorateCode": "32",
        "delegationCode": "3255",
        "parentAr": "معتمدية بني حسان",
        "expectedOriginalTags": {
          "admin_level": "6",
          "boundary": "administrative",
          "name": "بني حسان الجوفية",
          "name:ar": "بني حسان الجوفية",
          "name:fr": "Beni Hassen Nord",
          "ref:tn:codegeo": "325552"
        },
        "originalGeometrySha256": "311c6c5f95b0e23a5db7ffe2f1f1292ab9eeba612e680714c2825ab80c008352",
        "currentAliases": [
          "Beni Hassen Nord"
        ],
        "sourcePdfURL": "https://www.isie.tn/wp-content/uploads/2023/CartesCirconscriptionsElectoralesLocales2023/%D8%A7%D9%84%D9%85%D9%86%D8%B3%D8%AA%D9%8A%D8%B1/%D8%A8%D9%86%D9%8A%20%D8%AD%D8%B3%D8%A7%D9%86/%D8%A8%D9%86%D9%8A%20%D8%AD%D8%B3%D8%A7%D9%86%20%D8%A7%D9%84%D8%AC%D9%88%D9%81%D9%8A%D8%A9.pdf",
        "sourcePdfSha256": "b96cb1f726ba7add3b1d804ae57ebcf7be1652d7d2e15d3d2b74c571463708d7",
        "sourceDrawingIndices": [
          498
        ],
        "sourceVectorLayer": "circonscription_isie2023",
        "sourceCrsEpsg": 32632,
        "sourceGeometrySha256": "b26277bef2419102697f44b3f725f56361fdc64e8aa47d7b740911eb1f103e90",
        "sourceControlPointMaxResidualMeters": 0.19637556755499236,
        "sourceExtraction": {
          "file": "outputs\\beni-hassan-five-geopdf-source-data.json",
          "sha256": "b4b60892875f64969b0eb259b32fa54138d23eb646181b1f61ca0d1811f9358a"
        },
        "rawNativePath": {
          "file": "work\\beni-hassan-five-native-source-review\\beni-hassen-nord-raw-native-path.json",
          "sha256": "85eddce92165341c16685163090ad51990e1ee4a8ca33d2c126dbea89d50ed6a"
        },
        "administrativeScope": {
          "conclusion": "whole_imada",
          "pdfPage": 17,
          "jortPage": 5114,
          "imadaName": "بني حسان الجوفية",
          "circleName": "بني حسان الجوفية",
          "decree": {
            "file": "work\\electoral-circle-semantics\\decree2023-590.pdf",
            "sha256": "bfb3fe752b9900eaf873198b009968243f1b0bd2c119836cfd4fbbfc07e1e10f"
          },
          "render": {
            "file": "work\\beni-hassan-five-native-source-review\\decree-17.png",
            "sha256": "2210a9242033464ee345d78db8f683995fd659381e26d81cc92f589b8be90c10"
          },
          "personallyViewed": true
        },
        "officialRegistryIdentity": {
          "governorateCode": "32",
          "governorateFr": "Monastir",
          "governorateAr": "المنستير",
          "delegationCode": "3255",
          "delegationFr": "Beni hassen",
          "delegationAr": "بني حسان",
          "sectorCode": "325552",
          "sectorFr": "Beni hassen nord",
          "sectorAr": "بني حسان الجوفية",
          "sourceRows": {
            "Population_Secteur_Age_Sexe_Dynamique.xlsx": 36821,
            "Nombre_de_Logements_par_Secteurs.xlsx": 1741,
            "Nombre_de_menages_par_Secteurs.xlsx": 1739
          }
        },
        "geometryPolicy": "Exact whole closed native outline; no clipping, repair, snap, buffer or invented connecting border.",
        "officialRegistryNameAr": "بني حسان الجوفية",
        "officialRegistryNameFr": "Beni hassen nord",
        "sourceId": "isie-local-sectors-2023-beni-hassan",
        "parentFr": "Délégation Beni Hassen"
      },
      "geometry": {
        "type": "Polygon",
        "coordinates": [
          [
            [
              10.81598280379616,
              35.59653952075269
            ],
            [
              10.815951011126842,
              35.59633938490547
            ],
            [
              10.816894744209339,
              35.59583477794285
            ],
            [
              10.817487858653497,
              35.59551377659691
            ],
            [
              10.817703079098818,
              35.59537678954517
            ],
            [
              10.818163302329125,
              35.5952138178198
            ],
            [
              10.818488138350531,
              35.59509746711653
            ],
            [
              10.81913228188754,
              35.59461965093512
            ],
            [
              10.820150773389503,
              35.59380182591998
            ],
            [
              10.820455359771346,
              35.59399784271799
            ],
            [
              10.820564473589728,
              35.59399619544878
            ],
            [
              10.820814504660396,
              35.59419303493162
            ],
            [
              10.821283771360807,
              35.5944311420009
            ],
            [
              10.821699484952665,
              35.5947146391032
            ],
            [
              10.822309679942913,
              35.59515122933772
            ],
            [
              10.822888072060977,
              35.59538767893107
            ],
            [
              10.823076003787065,
              35.59525109870028
            ],
            [
              10.823126030502833,
              35.59504972796067
            ],
            [
              10.823177063886893,
              35.594892922959055
            ],
            [
              10.823448335841793,
              35.59482194979445
            ],
            [
              10.823639790233528,
              35.594841345082166
            ],
            [
              10.823608986569841,
              35.594685777496004
            ],
            [
              10.823661025956614,
              35.59457353806366
            ],
            [
              10.823851976159412,
              35.594570650158495
            ],
            [
              10.824012625695921,
              35.59443447735142
            ],
            [
              10.824120228785468,
              35.59436597823742
            ],
            [
              10.82425359902376,
              35.5942302196525
            ],
            [
              10.82430211101059,
              35.59396199989321
            ],
            [
              10.82429757733862,
              35.59376145407506
            ],
            [
              10.824184938161451,
              35.59360712650819
            ],
            [
              10.824933108312605,
              35.59290480315986
            ],
            [
              10.825370559926398,
              35.592942763237716
            ],
            [
              10.82542108370065,
              35.59276367454376
            ],
            [
              10.825472111309084,
              35.59260686868904
            ],
            [
              10.825739345088643,
              35.59235762770046
            ],
            [
              10.825873717623583,
              35.592266433169975
            ],
            [
              10.825977282838412,
              35.59201966966844
            ],
            [
              10.826107620858757,
              35.591750210174084
            ],
            [
              10.826291504568283,
              35.59143535865797
            ],
            [
              10.82642133642308,
              35.59114361789449
            ],
            [
              10.826525402944712,
              35.590919136823246
            ],
            [
              10.82682242715486,
              35.59078089661954
            ],
            [
              10.826736560484035,
              35.59060387343224
            ],
            [
              10.826508257037746,
              35.5901615235831
            ],
            [
              10.826335014209942,
              35.589740627992484
            ],
            [
              10.826193587711133,
              35.5895198647729
            ],
            [
              10.825943054940376,
              35.589300755294595
            ],
            [
              10.824978295122726,
              35.588869548889306
            ],
            [
              10.82442873259861,
              35.58869954011597
            ],
            [
              10.823743796573039,
              35.58857615898975
            ],
            [
              10.822757315509294,
              35.58839045857501
            ],
            [
              10.821800122285719,
              35.58829346964415
            ],
            [
              10.821470792828977,
              35.58820928213018
            ],
            [
              10.820781848170366,
              35.587907620373805
            ],
            [
              10.820063115345562,
              35.58749494962379
            ],
            [
              10.81959188421137,
              35.58716770442585
            ],
            [
              10.818757537605059,
              35.58646699488461
            ],
            [
              10.81713892007405,
              35.58486418817803
            ],
            [
              10.816639939444924,
              35.584515056559766
            ],
            [
              10.815560671732912,
              35.583840305216754
            ],
            [
              10.815170303093915,
              35.58346724162619
            ],
            [
              10.815107236222545,
              35.583089253143605
            ],
            [
              10.815106735228401,
              35.58306697012124
            ],
            [
              10.81506893980767,
              35.58259943710628
            ],
            [
              10.814918039545304,
              35.581955283479886
            ],
            [
              10.814654267975527,
              35.579930816165216
            ],
            [
              10.81456293182693,
              35.57950867129427
            ],
            [
              10.814387272660817,
              35.57897634194546
            ],
            [
              10.81401769934636,
              35.578313183527264
            ],
            [
              10.813957646471884,
              35.57806889218655
            ],
            [
              10.813812771512328,
              35.57769213101054
            ],
            [
              10.813690671102611,
              35.577114413757336
            ],
            [
              10.81366089585664,
              35.57700340854774
            ],
            [
              10.813653388742042,
              35.57666916448585
            ],
            [
              10.813650385913911,
              35.57653546610002
            ],
            [
              10.813639876171496,
              35.57606752172449
            ],
            [
              10.813638875298725,
              35.57602295748016
            ],
            [
              10.813682905805974,
              35.575554192966365
            ],
            [
              10.813708681332331,
              35.575486933602306
            ],
            [
              10.813674898549626,
              35.575197665758914
            ],
            [
              10.813607848062224,
              35.574641409068654
            ],
            [
              10.813542795669461,
              35.57417428652235
            ],
            [
              10.813540794131182,
              35.57408515611181
            ],
            [
              10.813280338299737,
              35.57342035385898
            ],
            [
              10.813077931460606,
              35.572910714498434
            ],
            [
              10.812814982895176,
              35.57213449733043
            ],
            [
              10.812660123103315,
              35.57131207393786
            ],
            [
              10.812267833324677,
              35.57084986746239
            ],
            [
              10.811821504450402,
              35.57041076004311
            ],
            [
              10.811433719303116,
              35.570149098577446
            ],
            [
              10.811267600114022,
              35.570040139999506
            ],
            [
              10.81087981848819,
              35.56977847474104
            ],
            [
              10.810740968887577,
              35.569669107910165
            ],
            [
              10.810516312887751,
              35.56938270195161
            ],
            [
              10.810314436369204,
              35.56889533990558
            ],
            [
              10.81022613415055,
              35.56860688689717
            ],
            [
              10.810080796194912,
              35.56820783840237
            ],
            [
              10.80999099777965,
              35.56785253571945
            ],
            [
              10.809878923192057,
              35.56772047351744
            ],
            [
              10.809767348206897,
              35.567610694343074
            ],
            [
              10.809546195816306,
              35.56748026824707
            ],
            [
              10.809023084943995,
              35.5672652117027
            ],
            [
              10.808968046726386,
              35.56724374266066
            ],
            [
              10.808802433628598,
              35.56715706732889
            ],
            [
              10.808444437690735,
              35.56700640037787
            ],
            [
              10.808141981783496,
              35.56689948113688
            ],
            [
              10.80803041028646,
              35.566789700236356
            ],
            [
              10.807835534911655,
              35.56661429576537
            ],
            [
              10.807724462876974,
              35.56652679772678
            ],
            [
              10.807611396641017,
              35.566350166871636
            ],
            [
              10.807127032097448,
              35.566647202433415
            ],
            [
              10.806795812341964,
              35.56647383870883
            ],
            [
              10.806518138243664,
              35.5662550908715
            ],
            [
              10.806080335454608,
              35.56619477450376
            ],
            [
              10.805205231892675,
              35.56609642010852
            ],
            [
              10.804739168229544,
              35.5659919404275
            ],
            [
              10.80430087033013,
              35.565909338070085
            ],
            [
              10.803263648736326,
              35.565880266205205
            ],
            [
              10.80241830612959,
              35.56589289991625
            ],
            [
              10.801246726039905,
              35.56595498081533
            ],
            [
              10.799886246782565,
              35.5661090279122
            ],
            [
              10.799261533964513,
              35.56622980078366
            ],
            [
              10.79771115107153,
              35.566431240920615
            ],
            [
              10.796858365614185,
              35.566109586237154
            ],
            [
              10.795066551055557,
              35.56526692924993
            ],
            [
              10.794572244671517,
              35.565118248793596
            ],
            [
              10.794134950017547,
              35.56508017190936
            ],
            [
              10.793343655067227,
              35.56506964725552
            ],
            [
              10.789912200921066,
              35.565321227163174
            ],
            [
              10.789475894921368,
              35.56532770012181
            ],
            [
              10.788106519356152,
              35.56508051691782
            ],
            [
              10.787371733688111,
              35.56515827830964
            ],
            [
              10.786991936696614,
              35.56525306791441
            ],
            [
              10.786748978982775,
              35.56536812036705
            ],
            [
              10.786292300388267,
              35.56568695384255
            ],
            [
              10.785703703487712,
              35.56620835130368
            ],
            [
              10.785704688572036,
              35.5662529181932
            ],
            [
              10.785789945253832,
              35.56640769126584
            ],
            [
              10.785873723333804,
              35.566495613957166
            ],
            [
              10.786178616257144,
              35.56671400716881
            ],
            [
              10.786263381655216,
              35.56684649641843
            ],
            [
              10.78632235571354,
              35.567046239717925
            ],
            [
              10.786433897674733,
              35.56715604158828
            ],
            [
              10.78657468221037,
              35.56735457317736
            ],
            [
              10.78660737309722,
              35.56759928702027
            ],
            [
              10.786560226232352,
              35.56793434241436
            ],
            [
              10.786645978138116,
              35.568111398184236
            ],
            [
              10.786869560364979,
              35.56835328446871
            ],
            [
              10.787015277624016,
              35.568774647728695
            ],
            [
              10.78724675233053,
              35.56937306595215
            ],
            [
              10.788007225053962,
              35.57045403934008
            ],
            [
              10.78867801049241,
              35.57117968610664
            ],
            [
              10.788791043177769,
              35.5713563356118
            ],
            [
              10.788876805058994,
              35.57153338943166
            ],
            [
              10.788852987169959,
              35.571689777588915
            ],
            [
              10.788830652003318,
              35.57191301397483
            ],
            [
              10.788969476919767,
              35.572022406776554
            ],
            [
              10.78891740049732,
              35.57213463262736
            ],
            [
              10.788702683870937,
              35.57229385173336
            ],
            [
              10.788570767023902,
              35.57249642416609
            ],
            [
              10.788546456043742,
              35.57263052886103
            ],
            [
              10.788494874412091,
              35.572765037899266
            ],
            [
              10.788498328462344,
              35.57292102160368
            ],
            [
              10.788528066327865,
              35.57303203418012
            ],
            [
              10.788503262824156,
              35.57314385357087
            ],
            [
              10.788347526018988,
              35.5735028119641
            ],
            [
              10.788322721031584,
              35.573614633226775
            ],
            [
              10.788353446935934,
              35.57377021258632
            ],
            [
              10.788330122117499,
              35.5739488840009
            ],
            [
              10.788282485415316,
              35.57426166004317
            ],
            [
              10.788204615727151,
              35.574441140078235
            ],
            [
              10.788207575999152,
              35.574574838491785
            ],
            [
              10.788214483474041,
              35.57488680585141
            ],
            [
              10.788217443811158,
              35.57502050425434
            ],
            [
              10.788138586556402,
              35.57515541748734
            ],
            [
              10.788169312825291,
              35.57531099684917
            ],
            [
              10.788009131773634,
              35.57546940628544
            ],
            [
              10.787930273756002,
              35.57560431939548
            ],
            [
              10.787741337902537,
              35.575696282625
            ],
            [
              10.788060578296522,
              35.57656088386525
            ],
            [
              10.788911470608847,
              35.576793464604854
            ],
            [
              10.789375111999703,
              35.57678658729021
            ],
            [
              10.7895343063643,
              35.57658360933588
            ],
            [
              10.789698930963795,
              35.57662574814542
            ],
            [
              10.789918595703044,
              35.57668936064582
            ],
            [
              10.790245872207718,
              35.5766845035216
            ],
            [
              10.790382236238653,
              35.576682479474925
            ],
            [
              10.79057561788861,
              35.576791062259815
            ],
            [
              10.79098520691806,
              35.57680727182966
            ],
            [
              10.791178095395033,
              35.576893570273334
            ],
            [
              10.791261397506965,
              35.576959205227375
            ],
            [
              10.791291140894364,
              35.57707021689616
            ],
            [
              10.79140418805898,
              35.57724686337633
            ],
            [
              10.79148847937766,
              35.577357062932194
            ],
            [
              10.791600044257393,
              35.577466859200825
            ],
            [
              10.791629295093793,
              35.57755558741008
            ],
            [
              10.791577714678997,
              35.57769009573378
            ],
            [
              10.79160745997044,
              35.57780110727384
            ],
            [
              10.792298690618821,
              35.5782143605536
            ],
            [
              10.793232914605332,
              35.57851254394449
            ],
            [
              10.793619694697899,
              35.578729697601375
            ],
            [
              10.794032263090298,
              35.57887959630828
            ],
            [
              10.793653898007161,
              35.579041258234305
            ],
            [
              10.793357845489878,
              35.57922398579965
            ],
            [
              10.793226920833254,
              35.579471127800176
            ],
            [
              10.79287631890385,
              35.57965466521678
            ],
            [
              10.79266208455373,
              35.57983617487363
            ],
            [
              10.792029267866612,
              35.580826364194806
            ],
            [
              10.79189635860226,
              35.58098437351413
            ],
            [
              10.791624602757942,
              35.58103299197208
            ],
            [
              10.791273990310858,
              35.58121652498507
            ],
            [
              10.790846000503889,
              35.581601820024744
            ],
            [
              10.789857585705246,
              35.58255269829198
            ],
            [
              10.789164237418536,
              35.58327628515855
            ],
            [
              10.788708951209268,
              35.58366197771156
            ],
            [
              10.788576524471392,
              35.583842266967736
            ],
            [
              10.788470877915518,
              35.58399986829754
            ],
            [
              10.787938692195514,
              35.58460960497893
            ],
            [
              10.787860812713697,
              35.58478908481201
            ],
            [
              10.787727888800648,
              35.58494708797338
            ],
            [
              10.78740551293942,
              35.58517477276019
            ],
            [
              10.78666249961153,
              35.58612198827521
            ],
            [
              10.786424410702839,
              35.58645987514689
            ],
            [
              10.786240871691186,
              35.586796951748205
            ],
            [
              10.786162000371178,
              35.58693186386829
            ],
            [
              10.78602759068572,
              35.58702301709901
            ],
            [
              10.785840598097776,
              35.587204111484034
            ],
            [
              10.785710129817508,
              35.58747352943558
            ],
            [
              10.78587379039566,
              35.58747110606371
            ],
            [
              10.786253198445685,
              35.587354033884445
            ],
            [
              10.786362305305513,
              35.587352417840954
            ],
            [
              10.786690611076427,
              35.587392135844446
            ],
            [
              10.786907838317907,
              35.58734433616008
            ],
            [
              10.787123584173774,
              35.587229686059324
            ],
            [
              10.787448437073508,
              35.58711342044222
            ],
            [
              10.787611108706821,
              35.58706642805958
            ],
            [
              10.787827839791605,
              35.586996343429306
            ],
            [
              10.788019269338765,
              35.587015796158234
            ],
            [
              10.788268707505516,
              35.58719042115647
            ],
            [
              10.788483957260626,
              35.58705348723879
            ],
            [
              10.78881818914922,
              35.5873605975111
            ],
            [
              10.789174266452896,
              35.5874221874518
            ],
            [
              10.789621560667483,
              35.58790594321949
            ],
            [
              10.790121437707908,
              35.588299756027695
            ],
            [
              10.790537511164082,
              35.588605648355234
            ],
            [
              10.7913587879657,
              35.58872719407074
            ],
            [
              10.791551704824776,
              35.58881349092543
            ],
            [
              10.791785750381148,
              35.58952331229448
            ],
            [
              10.791975702546157,
              35.589475908675375
            ],
            [
              10.79238783049182,
              35.5896035279452
            ],
            [
              10.792774661986893,
              35.58982068435084
            ],
            [
              10.793660412590034,
              35.59038706813228
            ],
            [
              10.794404832477834,
              35.590732641984616
            ],
            [
              10.79422478602934,
              35.591225714457785
            ],
            [
              10.79505154575876,
              35.59159234965041
            ],
            [
              10.796334105843618,
              35.59159554261714
            ],
            [
              10.79696100136142,
              35.591563912407125
            ],
            [
              10.797887956127422,
              35.591527805887594
            ],
            [
              10.798135937655237,
              35.591635561615064
            ],
            [
              10.798419144640274,
              35.5920994392131
            ],
            [
              10.798559011386445,
              35.59225338748758
            ],
            [
              10.798780713404565,
              35.59240611495774
            ],
            [
              10.799195845775435,
              35.5926674092423
            ],
            [
              10.799389774894907,
              35.59279825742172
            ],
            [
              10.80013374367229,
              35.59312151307744
            ],
            [
              10.80027162719738,
              35.59318632651915
            ],
            [
              10.800873740368317,
              35.593266498671504
            ],
            [
              10.801369727061045,
              35.59348199473414
            ],
            [
              10.801753614602376,
              35.59356542203553
            ],
            [
              10.80197234086328,
              35.593584444441255
            ],
            [
              10.802188579170307,
              35.59349205073419
            ],
            [
              10.802350259958223,
              35.59340047395549
            ],
            [
              10.802863073854201,
              35.59314761206687
            ],
            [
              10.803378874332864,
              35.593028446825386
            ],
            [
              10.804003286122397,
              35.59288536409674
            ],
            [
              10.80430185314158,
              35.592814025593746
            ],
            [
              10.80530117844795,
              35.5923532600649
            ],
            [
              10.806272214317215,
              35.59184832707342
            ],
            [
              10.807270021225762,
              35.591320696511254
            ],
            [
              10.8076191398466,
              35.5910702696605
            ],
            [
              10.808013007247325,
              35.59159933688173
            ],
            [
              10.808241212552568,
              35.59204172460375
            ],
            [
              10.808585026973523,
              35.59277215527283
            ],
            [
              10.80964208279494,
              35.59367020807884
            ],
            [
              10.810057757614217,
              35.59395374476647
            ],
            [
              10.81061382616166,
              35.594413498315866
            ],
            [
              10.810784998703932,
              35.59474528432369
            ],
            [
              10.810798499233071,
              35.59534692616799
            ],
            [
              10.812043064437024,
              35.59608610520356
            ],
            [
              10.812740064034795,
              35.59674434530248
            ],
            [
              10.813670068797775,
              35.59684181379387
            ],
            [
              10.814287754016165,
              35.597612686286695
            ],
            [
              10.81598280379616,
              35.59653952075269
            ]
          ]
        ]
      }
    },
    {
      "type": "Feature",
      "id": "osm:relation:7113975",
      "properties": {
        "id": "osm:relation:7113975",
        "officialCode": "325551",
        "nameAr": "بني حسان القبلية",
        "nameFr": "Beni Hassen Sud",
        "governorateCode": "32",
        "delegationCode": "3255",
        "parentAr": "معتمدية بني حسان",
        "expectedOriginalTags": {
          "admin_level": "6",
          "boundary": "administrative",
          "name": "بني حسان القبلية",
          "name:ar": "بني حسان القبلية",
          "name:fr": "Beni Hassen Sud",
          "ref:tn:codegeo": "325551"
        },
        "originalGeometrySha256": "ed2cebe0d92622eb7e02dad8b649aa3917d8d3bbe8faa34fdc4bf0ae1e77bd50",
        "currentAliases": [
          "Beni Hassen Sud"
        ],
        "sourcePdfURL": "https://www.isie.tn/wp-content/uploads/2023/CartesCirconscriptionsElectoralesLocales2023/%D8%A7%D9%84%D9%85%D9%86%D8%B3%D8%AA%D9%8A%D8%B1/%D8%A8%D9%86%D9%8A%20%D8%AD%D8%B3%D8%A7%D9%86/%D8%A8%D9%86%D9%8A%20%D8%AD%D8%B3%D8%A7%D9%86%20%D8%A7%D9%84%D9%82%D8%A8%D9%84%D9%8A%D8%A9.pdf",
        "sourcePdfSha256": "0cb95fbbb3e3c572c92c68daf9801342e443df5994a987ce11f445863f3b7022",
        "sourceDrawingIndices": [
          884
        ],
        "sourceVectorLayer": "circonscription_isie2023",
        "sourceCrsEpsg": 32632,
        "sourceGeometrySha256": "facd2b3e65fe20a89269988fb915bf5fc4abff0f9b98d281057507a43244b845",
        "sourceControlPointMaxResidualMeters": 0.13906950984343927,
        "sourceExtraction": {
          "file": "outputs\\beni-hassan-five-geopdf-source-data.json",
          "sha256": "b4b60892875f64969b0eb259b32fa54138d23eb646181b1f61ca0d1811f9358a"
        },
        "rawNativePath": {
          "file": "work\\beni-hassan-five-native-source-review\\beni-hassen-sud-raw-native-path.json",
          "sha256": "e7eb8a0e25d7ab9fedc8ef10bd56b3bfd4db3e60d987ddbfa0c094e83167aa6a"
        },
        "administrativeScope": {
          "conclusion": "whole_imada",
          "pdfPage": 17,
          "jortPage": 5114,
          "imadaName": "بني حسان القبلية",
          "circleName": "بني حسان القبلية",
          "decree": {
            "file": "work\\electoral-circle-semantics\\decree2023-590.pdf",
            "sha256": "bfb3fe752b9900eaf873198b009968243f1b0bd2c119836cfd4fbbfc07e1e10f"
          },
          "render": {
            "file": "work\\beni-hassan-five-native-source-review\\decree-17.png",
            "sha256": "2210a9242033464ee345d78db8f683995fd659381e26d81cc92f589b8be90c10"
          },
          "personallyViewed": true
        },
        "officialRegistryIdentity": {
          "governorateCode": "32",
          "governorateFr": "Monastir",
          "governorateAr": "المنستير",
          "delegationCode": "3255",
          "delegationFr": "Beni hassen",
          "delegationAr": "بني حسان",
          "sectorCode": "325551",
          "sectorFr": "Beni hassen sud",
          "sectorAr": "بني حسان القبلية",
          "sourceRows": {
            "Population_Secteur_Age_Sexe_Dynamique.xlsx": 36787,
            "Nombre_de_Logements_par_Secteurs.xlsx": 1739,
            "Nombre_de_menages_par_Secteurs.xlsx": 1737
          }
        },
        "geometryPolicy": "Exact whole closed native outline; no clipping, repair, snap, buffer or invented connecting border.",
        "officialRegistryNameAr": "بني حسان القبلية",
        "officialRegistryNameFr": "Beni hassen sud",
        "sourceId": "isie-local-sectors-2023-beni-hassan",
        "parentFr": "Délégation Beni Hassen"
      },
      "geometry": {
        "type": "Polygon",
        "coordinates": [
          [
            [
              10.83442730152777,
              35.591373328855916
            ],
            [
              10.834676890117588,
              35.59116171101577
            ],
            [
              10.835194997061588,
              35.591569426927926
            ],
            [
              10.83551763296842,
              35.591772313598014
            ],
            [
              10.835902667245884,
              35.59192229422097
            ],
            [
              10.836479629159651,
              35.592121295500725
            ],
            [
              10.836925878550351,
              35.592166432788
            ],
            [
              10.837302623791329,
              35.59195286729818
            ],
            [
              10.837808897873924,
              35.59184122650687
            ],
            [
              10.83799489838043,
              35.591630573615916
            ],
            [
              10.839024030063197,
              35.59213436673733
            ],
            [
              10.839601000583428,
              35.5923333527812
            ],
            [
              10.839369213675115,
              35.59332398813032
            ],
            [
              10.839060793551386,
              35.5937443255014
            ],
            [
              10.840405507490697,
              35.59413937463649
            ],
            [
              10.841208328105857,
              35.593088035014645
            ],
            [
              10.841203579007766,
              35.592880306322
            ],
            [
              10.84150723458841,
              35.592252226358376
            ],
            [
              10.841749680720309,
              35.591728988146215
            ],
            [
              10.841994499341407,
              35.59130961822949
            ],
            [
              10.842112156423694,
              35.59089219564376
            ],
            [
              10.842295767413384,
              35.59057766775397
            ],
            [
              10.842666538839929,
              35.59010441445338
            ],
            [
              10.842277949106807,
              35.589798661057465
            ],
            [
              10.840859039659582,
              35.58893719408874
            ],
            [
              10.840340922639665,
              35.5885295027239
            ],
            [
              10.839821624652071,
              35.58806987449005
            ],
            [
              10.839495435696717,
              35.58771119570458
            ],
            [
              10.838911385518777,
              35.58720060107236
            ],
            [
              10.838261396240433,
              35.586587110461814
            ],
            [
              10.837484276001756,
              35.585975554087284
            ],
            [
              10.836511694982686,
              35.585159171018006
            ],
            [
              10.835927682383028,
              35.584648560592086
            ],
            [
              10.83560389155896,
              35.584393739358305
            ],
            [
              10.835021073242205,
              35.583935058763856
            ],
            [
              10.834632531488287,
              35.58362927440748
            ],
            [
              10.83437232273219,
              35.58337347982572
            ],
            [
              10.834046177431684,
              35.58301478472252
            ],
            [
              10.83384837461553,
              35.58270608460258
            ],
            [
              10.833847192492508,
              35.582654149925055
            ],
            [
              10.83403671940293,
              35.582599307356105
            ],
            [
              10.834285100452185,
              35.58233575614707
            ],
            [
              10.834472272158202,
              35.582177047828786
            ],
            [
              10.834721833151107,
              35.58196543044414
            ],
            [
              10.83490308922199,
              35.58154704381048
            ],
            [
              10.834961930464107,
              35.58133833533654
            ],
            [
              10.834956016582707,
              35.58107866204704
            ],
            [
              10.834947737376204,
              35.580715123823495
            ],
            [
              10.835060687122567,
              35.580089968139525
            ],
            [
              10.835178366704474,
              35.57967255100339
            ],
            [
              10.835354883958182,
              35.57904642510052
            ],
            [
              10.835474926811594,
              35.57873288143096
            ],
            [
              10.835658538583187,
              35.578418363109684
            ],
            [
              10.835780945656424,
              35.57820868408853
            ],
            [
              10.835706727828041,
              35.57774224231591
            ],
            [
              10.835705544721744,
              35.57769030764962
            ],
            [
              10.835824401136431,
              35.577324824596936
            ],
            [
              10.836188064553797,
              35.57653998718763
            ],
            [
              10.836435237007226,
              35.57622449740295
            ],
            [
              10.836620023285587,
              35.57596191243202
            ],
            [
              10.837048424417054,
              35.5752280367187
            ],
            [
              10.837360340739382,
              35.57496350901001
            ],
            [
              10.83753920044862,
              35.574441249545146
            ],
            [
              10.837154248538836,
              35.57429127132945
            ],
            [
              10.836899982155638,
              35.574295154466114
            ],
            [
              10.836705731536018,
              35.57414226246506
            ],
            [
              10.836765747226831,
              35.57398549223849
            ],
            [
              10.836637430952726,
              35.573935498778184
            ],
            [
              10.836316049280247,
              35.573784547165744
            ],
            [
              10.835798055520959,
              35.5733768316791
            ],
            [
              10.83534599795446,
              35.57307201336804
            ],
            [
              10.835149388163986,
              35.57281524920657
            ],
            [
              10.835397736673118,
              35.572551696308146
            ],
            [
              10.835072815536774,
              35.57224494132916
            ],
            [
              10.834878573386606,
              35.572092046080684
            ],
            [
              10.834486545124472,
              35.57163045030619
            ],
            [
              10.834028593717395,
              35.57106595269177
            ],
            [
              10.833306954899363,
              35.570089854154965
            ],
            [
              10.834422718838312,
              35.568825981674905
            ],
            [
              10.834732256059235,
              35.56845759143336
            ],
            [
              10.835230111014118,
              35.567982422006644
            ],
            [
              10.83566439893648,
              35.56750822498789
            ],
            [
              10.836410570675692,
              35.566769497384634
            ],
            [
              10.836596519886504,
              35.56655884744407
            ],
            [
              10.836844845118357,
              35.566295292021906
            ],
            [
              10.837277930994858,
              35.56576915489016
            ],
            [
              10.83771456277071,
              35.56539881606984
            ],
            [
              10.83777574373131,
              35.56529397585469
            ],
            [
              10.837962870046475,
              35.56513525867646
            ],
            [
              10.838211186488989,
              35.564871700644396
            ],
            [
              10.838397126694947,
              35.56466104813415
            ],
            [
              10.839705791646093,
              35.56349808559323
            ],
            [
              10.841516943947406,
              35.562067654692086
            ],
            [
              10.843453944786637,
              35.560583316116094
            ],
            [
              10.84463060907564,
              35.559214512787804
            ],
            [
              10.845425913942677,
              35.557851544027336
            ],
            [
              10.845848200566685,
              35.556857967469156
            ],
            [
              10.846385026158499,
              35.55253765673875
            ],
            [
              10.846762091442088,
              35.54957056765748
            ],
            [
              10.84711958738534,
              35.54852602785621
            ],
            [
              10.846293490544259,
              35.54853870649568
            ],
            [
              10.845526197277973,
              35.54834266614214
            ],
            [
              10.844953097135178,
              35.54829950201814
            ],
            [
              10.84456825973233,
              35.5481495435325
            ],
            [
              10.844186985564512,
              35.54815538779476
            ],
            [
              10.843046722063939,
              35.548328717472366
            ],
            [
              10.842285357336642,
              35.54839232994867
            ],
            [
              10.842027615771997,
              35.548240417261695
            ],
            [
              10.84164635140398,
              35.54824625333871
            ],
            [
              10.840237678970354,
              35.547800229474824
            ],
            [
              10.83870311470362,
              35.547408065619805
            ],
            [
              10.837676925049262,
              35.54700812333764
            ],
            [
              10.83652130190686,
              35.54650623740112
            ],
            [
              10.83342295280709,
              35.547228875597554
            ],
            [
              10.831651946471489,
              35.54761951421026
            ],
            [
              10.83004091798657,
              35.546656924489156
            ],
            [
              10.828428761345632,
              35.54564237661716
            ],
            [
              10.827782729028181,
              35.54518461417255
            ],
            [
              10.826999032476007,
              35.544261365252936
            ],
            [
              10.827182605213615,
              35.54394685509363
            ],
            [
              10.826666030693334,
              35.543591030946345
            ],
            [
              10.82648128086864,
              35.543853600744214
            ],
            [
              10.824935110782343,
              35.54294190878026
            ],
            [
              10.824417378018506,
              35.54253413475572
            ],
            [
              10.823905520243839,
              35.54238603489867
            ],
            [
              10.822246398548724,
              35.542099452475185
            ],
            [
              10.822108760103392,
              35.54163395855951
            ],
            [
              10.82185576730121,
              35.54168974229742
            ],
            [
              10.821087409762828,
              35.54144160717387
            ],
            [
              10.82044965932301,
              35.54134735071548
            ],
            [
              10.81949302810997,
              35.54120595973641
            ],
            [
              10.819171810010264,
              35.54105495677701
            ],
            [
              10.819295379212718,
              35.54089722914203
            ],
            [
              10.82011086733413,
              35.54041732323201
            ],
            [
              10.820297974057429,
              35.54025863354821
            ],
            [
              10.820287430417936,
              35.539791219004954
            ],
            [
              10.819924051848382,
              35.53777054145371
            ],
            [
              10.820031217481006,
              35.536885720986476
            ],
            [
              10.820018334316275,
              35.53631443515646
            ],
            [
              10.819879548936294,
              35.535797002108744
            ],
            [
              10.81968074184872,
              35.53543633603931
            ],
            [
              10.818584242511196,
              35.53472556616626
            ],
            [
              10.817421882745558,
              35.53391187852817
            ],
            [
              10.817098359598626,
              35.53365699772695
            ],
            [
              10.816774838496888,
              35.53340211598632
            ],
            [
              10.816124302326118,
              35.53273654714561
            ],
            [
              10.81599255948886,
              35.532530722167984
            ],
            [
              10.815743095026448,
              35.53274229932402
            ],
            [
              10.815308865101908,
              35.53321642946364
            ],
            [
              10.815057060905998,
              35.53332412960248
            ],
            [
              10.814800585421512,
              35.53322409541991
            ],
            [
              10.814480580939914,
              35.533125014144424
            ],
            [
              10.813922772160643,
              35.533756857993566
            ],
            [
              10.813990976370683,
              35.53396364300915
            ],
            [
              10.813995645207017,
              35.53417138569443
            ],
            [
              10.813748504457337,
              35.534486825916666
            ],
            [
              10.81356139728306,
              35.53464550556202
            ],
            [
              10.813246050071594,
              35.534754163973254
            ],
            [
              10.813058941274836,
              35.53491284287955
            ],
            [
              10.812362373472157,
              35.53502724183335
            ],
            [
              10.81223180755525,
              35.53487334827861
            ],
            [
              10.811912959800893,
              35.53482619611493
            ],
            [
              10.811723516556247,
              35.53488100157429
            ],
            [
              10.81159411238384,
              35.534779043096336
            ],
            [
              10.811402337868211,
              35.534729976578824
            ],
            [
              10.811214059913427,
              35.534836716984834
            ],
            [
              10.810896378026788,
              35.534841497860455
            ],
            [
              10.810577531025087,
              35.534794342136806
            ],
            [
              10.80348293871321,
              35.53017313392301
            ],
            [
              10.79846836217309,
              35.5275985543909
            ],
            [
              10.7981426095982,
              35.52723974758261
            ],
            [
              10.796533541427369,
              35.526328619191574
            ],
            [
              10.796780727427908,
              35.5260132082133
            ],
            [
              10.797090279842262,
              35.52564491202989
            ],
            [
              10.797338617735234,
              35.52538143622487
            ],
            [
              10.797586954019087,
              35.52511795994491
            ],
            [
              10.797198842854295,
              35.52481203509664
            ],
            [
              10.796749522665351,
              35.52461092972808
            ],
            [
              10.796297888499849,
              35.52430595016946
            ],
            [
              10.796108458175123,
              35.52436073956669
            ],
            [
              10.794876020749944,
              35.523236147848856
            ],
            [
              10.79416221334816,
              35.522571394711036
            ],
            [
              10.795028505622454,
              35.52151940716615
            ],
            [
              10.79457574138715,
              35.5211624839735
            ],
            [
              10.795130154289993,
              35.520374922002325
            ],
            [
              10.794423300561583,
              35.52002178743094
            ],
            [
              10.794165737925123,
              35.519869766374356
            ],
            [
              10.79365061553332,
              35.51956572251387
            ],
            [
              10.79307312535117,
              35.51931455908167
            ],
            [
              10.7930119066991,
              35.51941937820744
            ],
            [
              10.792560321417596,
              35.51911438304837
            ],
            [
              10.79206249628485,
              35.51958937837766
            ],
            [
              10.79161206023048,
              35.51933631611169
            ],
            [
              10.791225151620104,
              35.519082306719206
            ],
            [
              10.789812651218412,
              35.5184279222041
            ],
            [
              10.789764089229179,
              35.51910404124377
            ],
            [
              10.78971667762857,
              35.51983209670365
            ],
            [
              10.78953645936569,
              35.52030235874382
            ],
            [
              10.789483291199016,
              35.5207707316307
            ],
            [
              10.788614631540993,
              35.52171879952161
            ],
            [
              10.7878684128852,
              35.52245723696401
            ],
            [
              10.787060946002608,
              35.523300486531696
            ],
            [
              10.786126404733492,
              35.52414561673388
            ],
            [
              10.78481641207945,
              35.5252560675196
            ],
            [
              10.784504502514109,
              35.525520460707135
            ],
            [
              10.784193743943506,
              35.52583678964926
            ],
            [
              10.782636447590432,
              35.52726260929666
            ],
            [
              10.782016041042606,
              35.52794719416301
            ],
            [
              10.780985781418682,
              35.52733900578818
            ],
            [
              10.781029318077064,
              35.52931259011436
            ],
            [
              10.780738001307162,
              35.53051183393053
            ],
            [
              10.780680195143994,
              35.53077245286992
            ],
            [
              10.780574894728131,
              35.531761129245126
            ],
            [
              10.78058176812216,
              35.532072744697864
            ],
            [
              10.78047760836078,
              35.53311335754344
            ],
            [
              10.78036771610961,
              35.533894287094995
            ],
            [
              10.780198871748334,
              35.53488389407214
            ],
            [
              10.780142206841148,
              35.535196453743566
            ],
            [
              10.779918979380872,
              35.53660250200042
            ],
            [
              10.779870329758111,
              35.53727861344522
            ],
            [
              10.779881783426063,
              35.53779797958349
            ],
            [
              10.779852605065555,
              35.539357013164555
            ],
            [
              10.77967343517078,
              35.53987919855115
            ],
            [
              10.778221689389472,
              35.54322567832423
            ],
            [
              10.777800910245988,
              35.544322915578924
            ],
            [
              10.7776205729397,
              35.5447931571949
            ],
            [
              10.777312000837858,
              35.54521334364901
            ],
            [
              10.776684548804216,
              35.545586284772305
            ],
            [
              10.77649734122774,
              35.54574490947551
            ],
            [
              10.776260310063943,
              35.546527711664645
            ],
            [
              10.776078816056454,
              35.54694601897767
            ],
            [
              10.776085676004232,
              35.547257638807636
            ],
            [
              10.776218485199424,
              35.5475154458719
            ],
            [
              10.776926659549181,
              35.547920613105354
            ],
            [
              10.777315955826923,
              35.54827853330939
            ],
            [
              10.777646284857564,
              35.54884514176075
            ],
            [
              10.777913066951918,
              35.54941268822417
            ],
            [
              10.77843977834465,
              35.550236159559184
            ],
            [
              10.77864874919015,
              35.55106432154785
            ],
            [
              10.77865562012471,
              35.55137594072993
            ],
            [
              10.778468403594195,
              35.551534568627666
            ],
            [
              10.778155229546396,
              35.55174701130995
            ],
            [
              10.777969155812265,
              35.551957570615926
            ],
            [
              10.777850069154745,
              35.552323004593156
            ],
            [
              10.777678873140802,
              35.553208742941564
            ],
            [
              10.77769260859893,
              35.55383197699259
            ],
            [
              10.777953684893637,
              35.55413983979896
            ],
            [
              10.77840427973636,
              35.55439294730638
            ],
            [
              10.778346452274667,
              35.554653569261134
            ],
            [
              10.777919900201143,
              35.55549112404621
            ],
            [
              10.777607854370865,
              35.55575550217906
            ],
            [
              10.7774841800645,
              35.55591318974251
            ],
            [
              10.777425204151813,
              35.556121874788595
            ],
            [
              10.777429782460805,
              35.55632962087542
            ],
            [
              10.77699748820248,
              35.55690749013327
            ],
            [
              10.776874955257064,
              35.557117113657256
            ],
            [
              10.776752421691462,
              35.55732673706818
            ],
            [
              10.776387107929095,
              35.5580594796541
            ],
            [
              10.77652566043804,
              35.5585769635998
            ],
            [
              10.776665356476595,
              35.55914638825238
            ],
            [
              10.77627994954162,
              35.561853647794216
            ],
            [
              10.776611475590638,
              35.56247219295755
            ],
            [
              10.776629784997779,
              35.5633031767491
            ],
            [
              10.776455124402522,
              35.5640330990454
            ],
            [
              10.77602850425319,
              35.5648706523436
            ],
            [
              10.775723282695806,
              35.56544664092629
            ],
            [
              10.775738153213432,
              35.56612181525796
            ],
            [
              10.774696467175461,
              35.567903597938766
            ],
            [
              10.775707761415532,
              35.567628907042284
            ],
            [
              10.776338818705334,
              35.56741177656831
            ],
            [
              10.777798480366258,
              35.56728630652636
            ],
            [
              10.778432963252978,
              35.56722497456841
            ],
            [
              10.779193424847975,
              35.5671098227343
            ],
            [
              10.780458945710656,
              35.56683133187953
            ],
            [
              10.781346527988196,
              35.566714284969386
            ],
            [
              10.782425940272123,
              35.56664634262711
            ],
            [
              10.783253395605202,
              35.56668603251427
            ],
            [
              10.783952582697784,
              35.56667566568473
            ],
            [
              10.784775444984234,
              35.56650760007851
            ],
            [
              10.785723121841583,
              35.5662337739956
            ],
            [
              10.786283672980256,
              35.56570591884749
            ],
            [
              10.78672169828735,
              35.56538769414519
            ],
            [
              10.786973641353338,
              35.565280045315646
            ],
            [
              10.787352700625107,
              35.56517050736114
            ],
            [
              10.78811313049524,
              35.56505530448845
            ],
            [
              10.78945482211877,
              35.56534706903266
            ],
            [
              10.789899750491433,
              35.565340449755695
            ],
            [
              10.79332742395017,
              35.56508158771066
            ],
            [
              10.794153709515871,
              35.56506926707947
            ],
            [
              10.794599791238706,
              35.565114566464814
            ],
            [
              10.79504818604432,
              35.56526373607347
            ],
            [
              10.796847563493197,
              35.56612007681443
            ],
            [
              10.797680811821301,
              35.56641934243032
            ],
            [
              10.799266372472482,
              35.56623978262115
            ],
            [
              10.799899669017883,
              35.56612640247966
            ],
            [
              10.801230972524372,
              35.565950616506576
            ],
            [
              10.802437469643145,
              35.565880592207286
            ],
            [
              10.80326376466062,
              35.56586820881918
            ],
            [
              10.804281904765013,
              35.56590489563244
            ],
            [
              10.804729152414483,
              35.566002092951955
            ],
            [
              10.80523996771597,
              35.566098334680625
            ],
            [
              10.806068590545243,
              35.566189798861906
            ],
            [
              10.806514683378204,
              35.56623505814722
            ],
            [
              10.806774742913575,
              35.566490917927304
            ],
            [
              10.807096042771532,
              35.56664194661698
            ],
            [
              10.807597548691176,
              35.566322693498996
            ],
            [
              10.807729329608916,
              35.56652852555814
            ],
            [
              10.807795220327042,
              35.5666314415237
            ],
            [
              10.807989399271886,
              35.56678438248184
            ],
            [
              10.808118852311498,
              35.56688634293261
            ],
            [
              10.808438991201713,
              35.566985436762884
            ],
            [
              10.808825017957123,
              35.56718744513983
            ],
            [
              10.80895330730035,
              35.567237469106175
            ],
            [
              10.80901803474459,
              35.56728844880013
            ],
            [
              10.809531194146471,
              35.56748854295684
            ],
            [
              10.809787774776959,
              35.56758858918497
            ],
            [
              10.80985483499547,
              35.567743439404346
            ],
            [
              10.80998429180986,
              35.56784539331805
            ],
            [
              10.810119579914224,
              35.56820702893023
            ],
            [
              10.810192472519336,
              35.56862155633425
            ],
            [
              10.8103254303194,
              35.56887932065032
            ],
            [
              10.810527784901169,
              35.56939580544949
            ],
            [
              10.810724308914368,
              35.569652608102395
            ],
            [
              10.810853770068604,
              35.569754565330044
            ],
            [
              10.811240983125874,
              35.57000850075134
            ],
            [
              10.811435176815168,
              35.5701614356407
            ],
            [
              10.811822399031016,
              35.570415368983916
            ],
            [
              10.812277859011965,
              35.57087608498626
            ],
            [
              10.81266975902945,
              35.571337752565576
            ],
            [
              10.81281441024957,
              35.57211486746458
            ],
            [
              10.813086197170147,
              35.57289006142247
            ],
            [
              10.813288580508935,
              35.573406540436366
            ],
            [
              10.813558034268974,
              35.57407786670952
            ],
            [
              10.813560371579019,
              35.57418173738593
            ],
            [
              10.813634457231089,
              35.57464819256353
            ],
            [
              10.813647313397475,
              35.57521948118162
            ],
            [
              10.813716725589826,
              35.575478199303944
            ],
            [
              10.813719063225442,
              35.57558206994706
            ],
            [
              10.813664845117065,
              35.575998511021446
            ],
            [
              10.813666013922315,
              35.57605044634024
            ],
            [
              10.81361296402169,
              35.576518818291625
            ],
            [
              10.813616470413228,
              35.5766746242376
            ],
            [
              10.813623483277112,
              35.57698623611651
            ],
            [
              10.813689390556773,
              35.57708914821305
            ],
            [
              10.813830557415299,
              35.577710454689395
            ],
            [
              10.813965881086848,
              35.57807208001651
            ],
            [
              10.814035297164915,
              35.578330797735795
            ],
            [
              10.814368351918969,
              35.57900116213587
            ],
            [
              10.81457076041885,
              35.579517633398
            ],
            [
              10.814643688684257,
              35.579932156388296
            ],
            [
              10.814943599222952,
              35.58195378964039
            ],
            [
              10.815084785915387,
              35.58257509363128
            ],
            [
              10.815096486006377,
              35.58309444141942
            ],
            [
              10.815168250932281,
              35.5834570284703
            ],
            [
              10.815559061388454,
              35.58386675263368
            ],
            [
              10.816655053330376,
              35.58452559032434
            ],
            [
              10.817171856460764,
              35.584881448617075
            ],
            [
              10.818734013081482,
              35.58646836899551
            ],
            [
              10.819576935260477,
              35.587182958468055
            ],
            [
              10.820092589538529,
              35.58748686823378
            ],
            [
              10.820801334529511,
              35.58789176253268
            ],
            [
              10.82144415963875,
              35.58819374535681
            ],
            [
              10.821764399400848,
              35.58829280044412
            ],
            [
              10.822783995309607,
              35.58838125714419
            ],
            [
              10.823742371904748,
              35.588574539029324
            ],
            [
              10.824445262556274,
              35.5887197364678
            ],
            [
              10.824957414568384,
              35.58886782423731
            ],
            [
              10.825921687906886,
              35.58932076274414
            ],
            [
              10.826180713208645,
              35.58952464072844
            ],
            [
              10.826312581273989,
              35.589730440362395
            ],
            [
              10.826512740386049,
              35.59014302235161
            ],
            [
              10.826714079492717,
              35.59060753873673
            ],
            [
              10.826844767653295,
              35.59076141173324
            ],
            [
              10.827239207808981,
              35.59132689910519
            ],
            [
              10.827434662459781,
              35.59153174004548
            ],
            [
              10.827692520290176,
              35.59168367960074
            ],
            [
              10.828981823892239,
              35.592443368606766
            ],
            [
              10.829693005155125,
              35.59295207723582
            ],
            [
              10.830407747081178,
              35.59361657644015
            ],
            [
              10.830733921722306,
              35.593975279997856
            ],
            [
              10.830995335869419,
              35.594283015995146
            ],
            [
              10.831191988273664,
              35.59453978489808
            ],
            [
              10.832689609818132,
              35.59327010815993
            ],
            [
              10.83281322776924,
              35.59311237516329
            ],
            [
              10.832869717738978,
              35.59279979844034
            ],
            [
              10.833680903510217,
              35.59211204850442
            ],
            [
              10.833550194887573,
              35.591958183495834
            ],
            [
              10.834051744316591,
              35.59163881994816
            ],
            [
              10.83442730152777,
              35.591373328855916
            ]
          ]
        ]
      }
    },
    {
      "type": "Feature",
      "id": "osm:relation:7114530",
      "properties": {
        "id": "osm:relation:7114530",
        "officialCode": "325554",
        "nameAr": "الجنائحة",
        "nameFr": "EL Jnaïha",
        "governorateCode": "32",
        "delegationCode": "3255",
        "parentAr": "معتمدية بني حسان",
        "expectedOriginalTags": {
          "admin_level": "6",
          "boundary": "administrative",
          "name": "الجنائحة",
          "name:ar": "الجنائحة",
          "name:fr": "EL Jnaïha",
          "ref:tn:codegeo": "325554"
        },
        "originalGeometrySha256": "ee1fb9780324aa9854444cbe0265b1d34e2dc150aed1ff2fab3f504881374c2c",
        "currentAliases": [
          "EL Jnaïha"
        ],
        "sourcePdfURL": "https://www.isie.tn/wp-content/uploads/2023/CartesCirconscriptionsElectoralesLocales2023/%D8%A7%D9%84%D9%85%D9%86%D8%B3%D8%AA%D9%8A%D8%B1/%D8%A8%D9%86%D9%8A%20%D8%AD%D8%B3%D8%A7%D9%86/%D8%A7%D9%84%D8%AC%D9%86%D8%A7%D8%A6%D8%AD%D8%A9.pdf",
        "sourcePdfSha256": "1ad725198cab584c936a65b426fd2741d5708420ae075f60b44e9e949b88107d",
        "sourceDrawingIndices": [
          441
        ],
        "sourceVectorLayer": "circonscription_isie2023",
        "sourceCrsEpsg": 32632,
        "sourceGeometrySha256": "1fe5a9ce35d890b55506c0e96b9546ba718b03434db1b68669bd90fc2dd39f35",
        "sourceControlPointMaxResidualMeters": 0.1833755451714134,
        "sourceExtraction": {
          "file": "outputs\\beni-hassan-five-geopdf-source-data.json",
          "sha256": "b4b60892875f64969b0eb259b32fa54138d23eb646181b1f61ca0d1811f9358a"
        },
        "rawNativePath": {
          "file": "work\\beni-hassan-five-native-source-review\\el-jnaieha-raw-native-path.json",
          "sha256": "36883fa16f0775f4af87822727d6429cf14f386c3c87220e80b9959c9184830b"
        },
        "administrativeScope": {
          "conclusion": "whole_imada",
          "pdfPage": 17,
          "jortPage": 5114,
          "imadaName": "الجنائحة",
          "circleName": "الجنائحة",
          "decree": {
            "file": "work\\electoral-circle-semantics\\decree2023-590.pdf",
            "sha256": "bfb3fe752b9900eaf873198b009968243f1b0bd2c119836cfd4fbbfc07e1e10f"
          },
          "render": {
            "file": "work\\beni-hassan-five-native-source-review\\decree-17.png",
            "sha256": "2210a9242033464ee345d78db8f683995fd659381e26d81cc92f589b8be90c10"
          },
          "personallyViewed": true
        },
        "officialRegistryIdentity": {
          "governorateCode": "32",
          "governorateFr": "Monastir",
          "governorateAr": "المنستير",
          "delegationCode": "3255",
          "delegationFr": "Beni hassen",
          "delegationAr": "بني حسان",
          "sectorCode": "325554",
          "sectorFr": "El jnaiha",
          "sectorAr": "الجنائحة",
          "sourceRows": {
            "Population_Secteur_Age_Sexe_Dynamique.xlsx": 36889,
            "Nombre_de_Logements_par_Secteurs.xlsx": 1745,
            "Nombre_de_menages_par_Secteurs.xlsx": 1743
          }
        },
        "geometryPolicy": "Exact whole closed native outline; no clipping, repair, snap, buffer or invented connecting border.",
        "officialRegistryNameAr": "الجنائحة",
        "officialRegistryNameFr": "El jnaiha",
        "sourceId": "isie-local-sectors-2023-beni-hassan",
        "parentFr": "Délégation Beni Hassen"
      },
      "geometry": {
        "type": "Polygon",
        "coordinates": [
          [
            [
              10.777921581273725,
              35.549446183323994
            ],
            [
              10.77763594899421,
              35.54885633369959
            ],
            [
              10.777305726085338,
              35.548304266303425
            ],
            [
              10.77693418337261,
              35.54793845481549
            ],
            [
              10.776243079167545,
              35.54750308823264
            ],
            [
              10.77605649639832,
              35.54728306230004
            ],
            [
              10.776093719643189,
              35.54691122727944
            ],
            [
              10.77626719886855,
              35.54653738224172
            ],
            [
              10.77647708234578,
              35.545754584850286
            ],
            [
              10.776700070912907,
              35.54556565487861
            ],
            [
              10.77732771171805,
              35.54518511657457
            ],
            [
              10.777592014727576,
              35.54480993111275
            ],
            [
              10.777809255687085,
              35.54436118400554
            ],
            [
              10.77823799850921,
              35.54320386708364
            ],
            [
              10.779663675849985,
              35.53987836542808
            ],
            [
              10.779833842220555,
              35.539356048138316
            ],
            [
              10.779890204352165,
              35.53779580073666
            ],
            [
              10.779834125133412,
              35.53731395414493
            ],
            [
              10.779954771026231,
              35.53660672219422
            ],
            [
              10.780150646322278,
              35.53519293126644
            ],
            [
              10.780234082699037,
              35.53485754159863
            ],
            [
              10.780395204890311,
              35.53392694052403
            ],
            [
              10.780467970128328,
              35.53310902746338
            ],
            [
              10.780580398740248,
              35.532030628560456
            ],
            [
              10.78057465388592,
              35.531770810009064
            ],
            [
              10.780689542105128,
              35.530803761696596
            ],
            [
              10.780729205521483,
              35.5305432727401
            ],
            [
              10.78101997624459,
              35.52931372385172
            ],
            [
              10.781021881636796,
              35.52734586139861
            ],
            [
              10.781989375681862,
              35.52796276644254
            ],
            [
              10.782655691231039,
              35.52728459782972
            ],
            [
              10.784167441445513,
              35.52581421971548
            ],
            [
              10.784524930030557,
              35.52554902816054
            ],
            [
              10.784836184652585,
              35.52524739061457
            ],
            [
              10.78612906897831,
              35.52415151102305
            ],
            [
              10.787019042359912,
              35.523321497034914
            ],
            [
              10.787908177416046,
              35.52245435370768
            ],
            [
              10.788618145596732,
              35.521701250963716
            ],
            [
              10.789460194305418,
              35.520760539655335
            ],
            [
              10.789540281357752,
              35.52027667389688
            ],
            [
              10.78971199627576,
              35.519828577772344
            ],
            [
              10.789741732183188,
              35.51912268761903
            ],
            [
              10.789816869146817,
              35.51841612380433
            ],
            [
              10.789979508438027,
              35.51755974215717
            ],
            [
              10.790081901623179,
              35.51603593715109
            ],
            [
              10.790114108019921,
              35.5154413940069
            ],
            [
              10.79008442398589,
              35.51410519060261
            ],
            [
              10.790114156707995,
              35.51339929987628
            ],
            [
              10.790190111722485,
              35.512729849155576
            ],
            [
              10.790271013060226,
              35.51228309952042
            ],
            [
              10.790287551569813,
              35.51098334189934
            ],
            [
              10.79016955012608,
              35.50975983547703
            ],
            [
              10.79006062098063,
              35.5089446143514
            ],
            [
              10.789919487290415,
              35.50872393354903
            ],
            [
              10.789732958664613,
              35.50850392596496
            ],
            [
              10.789412716376145,
              35.5083972886792
            ],
            [
              10.789087531541789,
              35.50806794905775
            ],
            [
              10.78889853534348,
              35.50773658930497
            ],
            [
              10.788709540885229,
              35.50740523548523
            ],
            [
              10.788612161432509,
              35.507109646055056
            ],
            [
              10.788559353936993,
              35.50677626665471
            ],
            [
              10.78813927308952,
              35.506262685234205
            ],
            [
              10.787906545216725,
              35.50600623012745
            ],
            [
              10.78743696331732,
              35.505307733831515
            ],
            [
              10.787838100093111,
              35.50496762815391
            ],
            [
              10.787924771509426,
              35.504780704374326
            ],
            [
              10.78792147850392,
              35.50463223655501
            ],
            [
              10.787824105707063,
              35.50433664617649
            ],
            [
              10.787866206287038,
              35.50418750571433
            ],
            [
              10.787900074554994,
              35.503667195633774
            ],
            [
              10.787985921177167,
              35.503443148562994
            ],
            [
              10.787661585954918,
              35.50315092105098
            ],
            [
              10.787159796866396,
              35.50304696699966
            ],
            [
              10.786615906702343,
              35.503092150936446
            ],
            [
              10.785899493509003,
              35.503548307051766
            ],
            [
              10.78540921274029,
              35.50396398384858
            ],
            [
              10.785142606695043,
              35.50422783287148
            ],
            [
              10.785244901700569,
              35.50474612776917
            ],
            [
              10.785300981947508,
              35.50522797089606
            ],
            [
              10.785216770155095,
              35.50552625027505
            ],
            [
              10.785085519492041,
              35.50575096720998
            ],
            [
              10.784816441120233,
              35.505903464615834
            ],
            [
              10.784501145519403,
              35.50601951583678
            ],
            [
              10.783868091063475,
              35.50614026473789
            ],
            [
              10.783366287402723,
              35.50603629534794
            ],
            [
              10.783140135988427,
              35.50607676702477
            ],
            [
              10.782685373622094,
              35.50604635791116
            ],
            [
              10.782367611946114,
              35.5060510524862
            ],
            [
              10.781959881660724,
              35.506094204206555
            ],
            [
              10.78150675627991,
              35.50613802484039
            ],
            [
              10.781281427586244,
              35.50621561008741
            ],
            [
              10.781147704172165,
              35.5063289718212
            ],
            [
              10.781108050625985,
              35.506589461526424
            ],
            [
              10.781388618990174,
              35.506956611248874
            ],
            [
              10.781528906071818,
              35.507140185800935
            ],
            [
              10.781533007866024,
              35.507325764852276
            ],
            [
              10.78144632307643,
              35.50751269700099
            ],
            [
              10.781268018676206,
              35.507663840000504
            ],
            [
              10.781043505710306,
              35.5077785419888
            ],
            [
              10.780772772581805,
              35.50785679658491
            ],
            [
              10.780408787956729,
              35.50782503913638
            ],
            [
              10.780270141748602,
              35.50771569744416
            ],
            [
              10.779991211088552,
              35.507422779346165
            ],
            [
              10.77966442883827,
              35.507019185104156
            ],
            [
              10.779389603626754,
              35.50691185095437
            ],
            [
              10.779070199483348,
              35.50684230270637
            ],
            [
              10.778935652668103,
              35.50691854497418
            ],
            [
              10.778759805975584,
              35.50718104198496
            ],
            [
              10.778584777201532,
              35.507480655888465
            ],
            [
              10.77831731797194,
              35.507707367239966
            ],
            [
              10.77764211851537,
              35.507977221719095
            ],
            [
              10.777099824749216,
              35.50809659811502
            ],
            [
              10.776962818997271,
              35.50806148681755
            ],
            [
              10.776644234080248,
              35.508029049330524
            ],
            [
              10.77650722862035,
              35.50799393750587
            ],
            [
              10.776412346818297,
              35.507809688473294
            ],
            [
              10.77645283423286,
              35.50758632336561
            ],
            [
              10.776538716723591,
              35.50736228353744
            ],
            [
              10.776671630341532,
              35.50721180952915
            ],
            [
              10.77702824255091,
              35.50690952399877
            ],
            [
              10.77711166777884,
              35.50657413231937
            ],
            [
              10.777012695026597,
              35.506204297884594
            ],
            [
              10.77691617791894,
              35.505945814831
            ],
            [
              10.776823752342246,
              35.505872917535086
            ],
            [
              10.776551388762297,
              35.505876928201126
            ],
            [
              10.776239352088906,
              35.506141426882444
            ],
            [
              10.775616907905254,
              35.50674465635009
            ],
            [
              10.77543778025208,
              35.50685868005668
            ],
            [
              10.775213256862395,
              35.50697337143524
            ],
            [
              10.774899580739946,
              35.50716363239617
            ],
            [
              10.774905301969797,
              35.507423446518345
            ],
            [
              10.774819414831024,
              35.50764748531444
            ],
            [
              10.774687314238799,
              35.50783507459478
            ],
            [
              10.774327416766813,
              35.50798888475163
            ],
            [
              10.773875092274169,
              35.50806979433497
            ],
            [
              10.77351192906777,
              35.50807513318143
            ],
            [
              10.773326262330203,
              35.50789221607594
            ],
            [
              10.773135697365364,
              35.5074866015329
            ],
            [
              10.77294595068732,
              35.507118097557544
            ],
            [
              10.772897289687675,
              35.50697029563955
            ],
            [
              10.772939419272875,
              35.50682115960973
            ],
            [
              10.772936153601465,
              35.50667269062995
            ],
            [
              10.772752940478568,
              35.50660112421554
            ],
            [
              10.772525148851496,
              35.506567341673474
            ],
            [
              10.772298989633786,
              35.50660779321312
            ],
            [
              10.771850753902738,
              35.50687428131533
            ],
            [
              10.77144627525302,
              35.50706586684253
            ],
            [
              10.771267140738013,
              35.507179884538594
            ],
            [
              10.770904792672209,
              35.507222332758715
            ],
            [
              10.770723210772108,
              35.50722499782122
            ],
            [
              10.77040707677579,
              35.50730389555218
            ],
            [
              10.7699060957757,
              35.50723698716607
            ],
            [
              10.769494276785029,
              35.50709451054664
            ],
            [
              10.769219460000796,
              35.50698715288767
            ],
            [
              10.769038693095952,
              35.507026932720024
            ],
            [
              10.769042766275067,
              35.50721251932478
            ],
            [
              10.769094682828479,
              35.50750878591633
            ],
            [
              10.769235754442253,
              35.50772949291013
            ],
            [
              10.769286038855208,
              35.507951531091486
            ],
            [
              10.76906150324038,
              35.508066211335645
            ],
            [
              10.76860836155853,
              35.508109983947655
            ],
            [
              10.767577276496894,
              35.50871916226177
            ],
            [
              10.766940103220964,
              35.5086542368322
            ],
            [
              10.766760958610124,
              35.50876824809064
            ],
            [
              10.766671792911497,
              35.50884381230371
            ],
            [
              10.766769095046484,
              35.50913942164358
            ],
            [
              10.766727766562855,
              35.509325673181436
            ],
            [
              10.766367032867384,
              35.50944234281331
            ],
            [
              10.765866858220667,
              35.50941253526373
            ],
            [
              10.765592850989387,
              35.50934228684105
            ],
            [
              10.765316405255197,
              35.50916068563303
            ],
            [
              10.764944290718736,
              35.508757707605064
            ],
            [
              10.764763517494634,
              35.50879748119196
            ],
            [
              10.76463220391888,
              35.50902217754828
            ],
            [
              10.764504952702879,
              35.50943246076583
            ],
            [
              10.764378516628403,
              35.50987985805494
            ],
            [
              10.764156405810228,
              35.510105881683444
            ],
            [
              10.763931044239058,
              35.51018343531462
            ],
            [
              10.763387088543439,
              35.51022851618235
            ],
            [
              10.763354685018419,
              35.51082305517168
            ],
            [
              10.763404955634442,
              35.51104509610881
            ],
            [
              10.762767766300867,
              35.51098014908586
            ],
            [
              10.762913702889247,
              35.5114235681372
            ],
            [
              10.762605658320874,
              35.51187362030791
            ],
            [
              10.761876039516569,
              35.51173576041196
            ],
            [
              10.761423679576563,
              35.511816621053626
            ],
            [
              10.761660407622722,
              35.51225871607175
            ],
            [
              10.761077530571782,
              35.51260138933443
            ],
            [
              10.760632463306619,
              35.51301630421839
            ],
            [
              10.760733804199095,
              35.513497505973014
            ],
            [
              10.76102323373183,
              35.5142729964632
            ],
            [
              10.761489397270706,
              35.514823126966675
            ],
            [
              10.761913417245035,
              35.51552238808515
            ],
            [
              10.76183316699185,
              35.51600624050932
            ],
            [
              10.761529968621867,
              35.51667899474989
            ],
            [
              10.761221901129604,
              35.51712904060901
            ],
            [
              10.761008685783008,
              35.51776334743953
            ],
            [
              10.761110036098094,
              35.51824454828004
            ],
            [
              10.76130138069031,
              35.51868730584994
            ],
            [
              10.760905741084633,
              35.51928714956934
            ],
            [
              10.76100384770272,
              35.51961987443331
            ],
            [
              10.761099521300787,
              35.51984125641124
            ],
            [
              10.761332215594837,
              35.52009776075764
            ],
            [
              10.761423833021,
              35.52013355230648
            ],
            [
              10.761482216985963,
              35.52072676766071
            ],
            [
              10.761628978174516,
              35.52120730466262
            ],
            [
              10.761769247380876,
              35.521390899231605
            ],
            [
              10.761862490004567,
              35.52150092514577
            ],
            [
              10.761958168319872,
              35.52172230309813
            ],
            [
              10.762143843229616,
              35.52190523713652
            ],
            [
              10.76232627101864,
              35.521939701404854
            ],
            [
              10.762420327088233,
              35.5220868441999
            ],
            [
              10.762423575179694,
              35.522235310497194
            ],
            [
              10.762298730647547,
              35.52275694353048
            ],
            [
              10.76169634973469,
              35.52428803713393
            ],
            [
              10.761354213186628,
              35.52525838978631
            ],
            [
              10.761187198006718,
              35.525929154197016
            ],
            [
              10.76102180326472,
              35.52667414996152
            ],
            [
              10.760854782800113,
              35.527344910779256
            ],
            [
              10.761129659868006,
              35.52745228548197
            ],
            [
              10.761334016009894,
              35.52848891612606
            ],
            [
              10.761354309683224,
              35.529416849639034
            ],
            [
              10.76140783575524,
              35.529787356774115
            ],
            [
              10.761513265988777,
              35.53045414250217
            ],
            [
              10.761523820351572,
              35.53093666459791
            ],
            [
              10.761488965705823,
              35.5314198529534
            ],
            [
              10.761459793934268,
              35.53216285936277
            ],
            [
              10.761475220229677,
              35.532868088368524
            ],
            [
              10.76152956179327,
              35.53327571247589
            ],
            [
              10.761449296125953,
              35.533759563860094
            ],
            [
              10.761499578560226,
              35.53398160452516
            ],
            [
              10.761649615552924,
              35.534610605854375
            ],
            [
              10.761626129871656,
              35.535613432980774
            ],
            [
              10.761591275024115,
              35.53609662104873
            ],
            [
              10.761662674726368,
              35.537283707808726
            ],
            [
              10.761545114998514,
              35.53813939200677
            ],
            [
              10.76146971841136,
              35.53884594683203
            ],
            [
              10.761533811044691,
              35.539698977704475
            ],
            [
              10.761543557019989,
              35.54014438493263
            ],
            [
              10.76206991982317,
              35.541361953792745
            ],
            [
              10.762118588427617,
              35.541509756048946
            ],
            [
              10.76212265084269,
              35.54169534228403
            ],
            [
              10.761949923085323,
              35.542106286141525
            ],
            [
              10.761955610057798,
              35.542366106866794
            ],
            [
              10.761916697739835,
              35.54266370826479
            ],
            [
              10.761880218503393,
              35.54307265828404
            ],
            [
              10.761931321486186,
              35.543331815480954
            ],
            [
              10.762170590006862,
              35.54388525310324
            ],
            [
              10.76227848409645,
              35.54466338769622
            ],
            [
              10.762240380950836,
              35.54499810322187
            ],
            [
              10.762160923537735,
              35.54551907161698
            ],
            [
              10.76208228161949,
              35.54607715396428
            ],
            [
              10.762002822413965,
              35.54659812222614
            ],
            [
              10.76196553018891,
              35.546969957984594
            ],
            [
              10.76197040564875,
              35.547192661282345
            ],
            [
              10.761891757417251,
              35.54775074349864
            ],
            [
              10.761813108328216,
              35.54830882879171
            ],
            [
              10.761693101611586,
              35.54905316043198
            ],
            [
              10.761654182298997,
              35.54935076160719
            ],
            [
              10.761656619805523,
              35.5494621132318
            ],
            [
              10.761620950149302,
              35.54990818006459
            ],
            [
              10.761672057588381,
              35.55016733699034
            ],
            [
              10.762536657294778,
              35.55022896150195
            ],
            [
              10.763895999587994,
              35.550060569851574
            ],
            [
              10.764625967564866,
              35.550198406643545
            ],
            [
              10.765262659339694,
              35.550226217271806
            ],
            [
              10.76540217201603,
              35.55037269114995
            ],
            [
              10.765811765658242,
              35.55040382324517
            ],
            [
              10.766266779489419,
              35.5504342886951
            ],
            [
              10.766499582501366,
              35.55069078194885
            ],
            [
              10.767316324447156,
              35.55064168280662
            ],
            [
              10.767678869330346,
              35.55059924311699
            ],
            [
              10.768090095617536,
              35.5507045984113
            ],
            [
              10.768408035851,
              35.5506999363877
            ],
            [
              10.768680552141873,
              35.55069593975714
            ],
            [
              10.76890520464551,
              35.550581260694294
            ],
            [
              10.76903738479718,
              35.550393676603406
            ],
            [
              10.769212536051624,
              35.5500940748724
            ],
            [
              10.76930011120378,
              35.54994427392019
            ],
            [
              10.769838611913485,
              35.54963933976672
            ],
            [
              10.770154914789945,
              35.54956043917999
            ],
            [
              10.770606658248573,
              35.54944242021258
            ],
            [
              10.770833754554566,
              35.54943908564375
            ],
            [
              10.771060850823252,
              35.549435750647504
            ],
            [
              10.771284679366492,
              35.54928395030792
            ],
            [
              10.771464721953103,
              35.5492070476506
            ],
            [
              10.771962693742712,
              35.549125473572126
            ],
            [
              10.772204501436253,
              35.54979023926744
            ],
            [
              10.773861685813024,
              35.550768356893585
            ],
            [
              10.773866594783078,
              35.55099105547314
            ],
            [
              10.773238074847445,
              35.55133446022033
            ],
            [
              10.77315377721012,
              35.55163273169098
            ],
            [
              10.773298217834181,
              35.552001894469846
            ],
            [
              10.773765514859198,
              35.552589085514576
            ],
            [
              10.774315476834223,
              35.55280376539952
            ],
            [
              10.774463199210537,
              35.55332139735924
            ],
            [
              10.774888362042299,
              35.55405771957466
            ],
            [
              10.774809799171447,
              35.55461581036823
            ],
            [
              10.774591693495731,
              35.55502743262225
            ],
            [
              10.77469072880732,
              35.55539726471613
            ],
            [
              10.775157233775596,
              35.55594733234099
            ],
            [
              10.775887275775638,
              35.55608509863047
            ],
            [
              10.776074702752274,
              35.5563422407608
            ],
            [
              10.775682279024629,
              35.557090592796015
            ],
            [
              10.776384934643724,
              35.558045595749974
            ],
            [
              10.776778175581116,
              35.55733435215764
            ],
            [
              10.776864104216429,
              35.55711031234783
            ],
            [
              10.776996275641888,
              35.556922726238994
            ],
            [
              10.777437388893453,
              35.556322161843504
            ],
            [
              10.777478711861804,
              35.55613590803717
            ],
            [
              10.777473791901448,
              35.55591320693853
            ],
            [
              10.777605959892206,
              35.555725613931465
            ],
            [
              10.777918993343732,
              35.555498225242914
            ],
            [
              10.778354349822562,
              35.55463784617381
            ],
            [
              10.778394029222634,
              35.55437735840761
            ],
            [
              10.777934893515038,
              35.55416135523246
            ],
            [
              10.777745822144443,
              35.55382998227338
            ],
            [
              10.777686464129834,
              35.55319966520462
            ],
            [
              10.77784846347926,
              35.55230618518161
            ],
            [
              10.777976524498602,
              35.55193300753201
            ],
            [
              10.77815328536156,
              35.551707627473476
            ],
            [
              10.778467126302097,
              35.55151735766331
            ],
            [
              10.778690945828963,
              35.55136554070816
            ],
            [
              10.778684382576447,
              35.5510686058683
            ],
            [
              10.778438416300352,
              35.55021827064372
            ],
            [
              10.777921581273725,
              35.549446183323994
            ]
          ]
        ]
      }
    },
    {
      "type": "Feature",
      "id": "osm:relation:7114531",
      "properties": {
        "id": "osm:relation:7114531",
        "officialCode": "325555",
        "nameAr": "الغنادة",
        "nameFr": "Ghnada",
        "governorateCode": "32",
        "delegationCode": "3255",
        "parentAr": "معتمدية بني حسان",
        "expectedOriginalTags": {
          "admin_level": "6",
          "boundary": "administrative",
          "name": "الغنادة",
          "name:ar": "الغنادة",
          "name:fr": "Ghnada",
          "ref:tn:codegeo": "325555"
        },
        "originalGeometrySha256": "6f1fa7ca07a652fc39cadf98f8c5c1fc9aa4e7824bdb2581452d25581abe84ea",
        "currentAliases": [
          "Ghenada",
          "Ghnada"
        ],
        "sourcePdfURL": "https://www.isie.tn/wp-content/uploads/2023/CartesCirconscriptionsElectoralesLocales2023/%D8%A7%D9%84%D9%85%D9%86%D8%B3%D8%AA%D9%8A%D8%B1/%D8%A8%D9%86%D9%8A%20%D8%AD%D8%B3%D8%A7%D9%86/%D8%A7%D9%84%D8%BA%D9%86%D8%A7%D8%AF%D8%A9.pdf",
        "sourcePdfSha256": "4e13a286c20ab30b624f6b5ee107e23df9f3e40e3bb15fa5843437c7bc80c56e",
        "sourceDrawingIndices": [
          689
        ],
        "sourceVectorLayer": "circonscription_isie2023",
        "sourceCrsEpsg": 32632,
        "sourceGeometrySha256": "7e0ee6ef08c1df6c7b07858479b2c863ea4bbaaddd243f7ab357a7f4d0b701c5",
        "sourceControlPointMaxResidualMeters": 0.17454276965395563,
        "sourceExtraction": {
          "file": "outputs\\beni-hassan-five-geopdf-source-data.json",
          "sha256": "b4b60892875f64969b0eb259b32fa54138d23eb646181b1f61ca0d1811f9358a"
        },
        "rawNativePath": {
          "file": "work\\beni-hassan-five-native-source-review\\el-ghnada-raw-native-path.json",
          "sha256": "1f46925a6f26d6977bbbe216f82059a2e9f33a7192156fd3704c8f8cfd81826f"
        },
        "administrativeScope": {
          "conclusion": "whole_imada",
          "pdfPage": 17,
          "jortPage": 5114,
          "imadaName": "الغنادة",
          "circleName": "الغنادة",
          "decree": {
            "file": "work\\electoral-circle-semantics\\decree2023-590.pdf",
            "sha256": "bfb3fe752b9900eaf873198b009968243f1b0bd2c119836cfd4fbbfc07e1e10f"
          },
          "render": {
            "file": "work\\beni-hassan-five-native-source-review\\decree-17.png",
            "sha256": "2210a9242033464ee345d78db8f683995fd659381e26d81cc92f589b8be90c10"
          },
          "personallyViewed": true
        },
        "officialRegistryIdentity": {
          "governorateCode": "32",
          "governorateFr": "Monastir",
          "governorateAr": "المنستير",
          "delegationCode": "3255",
          "delegationFr": "Beni hassen",
          "delegationAr": "بني حسان",
          "sectorCode": "325555",
          "sectorFr": "Ghnada",
          "sectorAr": "الغنادة",
          "sourceRows": {
            "Population_Secteur_Age_Sexe_Dynamique.xlsx": 36923,
            "Nombre_de_Logements_par_Secteurs.xlsx": 1747,
            "Nombre_de_menages_par_Secteurs.xlsx": 1745
          }
        },
        "geometryPolicy": "Exact whole closed native outline; no clipping, repair, snap, buffer or invented connecting border.",
        "officialRegistryNameAr": "الغنادة",
        "officialRegistryNameFr": "Ghnada",
        "sourceId": "isie-local-sectors-2023-beni-hassan",
        "parentFr": "Délégation Beni Hassen"
      },
      "geometry": {
        "type": "Polygon",
        "coordinates": [
          [
            [
              10.728148436630732,
              35.52579370919713
            ],
            [
              10.72831096493909,
              35.525701726965586
            ],
            [
              10.729517897188455,
              35.52572922611075
            ],
            [
              10.727168483951036,
              35.52356652298087
            ],
            [
              10.7269463376457,
              35.523435233354
            ],
            [
              10.726226048087302,
              35.523086958807966
            ],
            [
              10.72600198372441,
              35.52286604479455
            ],
            [
              10.725666369699125,
              35.522557082357466
            ],
            [
              10.725273063164105,
              35.52211446640332
            ],
            [
              10.724599930245658,
              35.5214069057973
            ],
            [
              10.724212400859086,
              35.52123315383995
            ],
            [
              10.723936410709252,
              35.52114745432105
            ],
            [
              10.723439246365077,
              35.5209752728066
            ],
            [
              10.723046918557221,
              35.52057746028056
            ],
            [
              10.722091127469161,
              35.519470506250926
            ],
            [
              10.72153150150584,
              35.51894060502965
            ],
            [
              10.721418044809779,
              35.518762926173906
            ],
            [
              10.721246903088595,
              35.518451596229376
            ],
            [
              10.721242115012865,
              35.518227542897556
            ],
            [
              10.721283520402954,
              35.51759939960357
            ],
            [
              10.721222005330707,
              35.517286502854176
            ],
            [
              10.72116336340497,
              35.51710804035729
            ],
            [
              10.721091316987183,
              35.516302221425725
            ],
            [
              10.721019272266167,
              35.51549639850938
            ],
            [
              10.720896493647102,
              35.51231557891212
            ],
            [
              10.720926414153428,
              35.51114970113729
            ],
            [
              10.720907270555053,
              35.510253471325925
            ],
            [
              10.721010183995967,
              35.50993822485765
            ],
            [
              10.721106396056495,
              35.509309301640144
            ],
            [
              10.721027660335507,
              35.508189800928015
            ],
            [
              10.721019046044773,
              35.507786497353784
            ],
            [
              10.72144025581606,
              35.50697362560101
            ],
            [
              10.7215989255072,
              35.506702410775475
            ],
            [
              10.721810483372506,
              35.50634078564757
            ],
            [
              10.721859542372243,
              35.50607113330439
            ],
            [
              10.721908601080921,
              35.50580148093895
            ],
            [
              10.721846137095708,
              35.50544377602864
            ],
            [
              10.721838477077224,
              35.50508528395502
            ],
            [
              10.721825072370228,
              35.50445792277141
            ],
            [
              10.72170302037821,
              35.50387694333592
            ],
            [
              10.721357932695021,
              35.50311984616621
            ],
            [
              10.721178213657742,
              35.502405214320746
            ],
            [
              10.72099084278746,
              35.501332085781655
            ],
            [
              10.720811131632212,
              35.50061745298281
            ],
            [
              10.720625684030528,
              35.49963394647501
            ],
            [
              10.720393094175822,
              35.49900971846964
            ],
            [
              10.720218185319393,
              35.49851913828402
            ],
            [
              10.720154779483167,
              35.49811662011329
            ],
            [
              10.72013469737533,
              35.49717557638937
            ],
            [
              10.720018407841238,
              35.49686346361388
            ],
            [
              10.719840628926466,
              35.49623844778638
            ],
            [
              10.719489859203549,
              35.4952124769266
            ],
            [
              10.71936401765459,
              35.494452243021314
            ],
            [
              10.719358283223748,
              35.49418337312658
            ],
            [
              10.718953689677965,
              35.49320299355718
            ],
            [
              10.71877783899926,
              35.49266760248755
            ],
            [
              10.718576200001046,
              35.4909222916745
            ],
            [
              10.718510899626123,
              35.49043014836178
            ],
            [
              10.718332193648342,
              35.489760321038304
            ],
            [
              10.717991977144514,
              35.489227268540354
            ],
            [
              10.71781614248538,
              35.4886918715095
            ],
            [
              10.71722336496354,
              35.4865935373933
            ],
            [
              10.7170870656469,
              35.4853403696635
            ],
            [
              10.716853594744343,
              35.484671319710806
            ],
            [
              10.716558661952716,
              35.483689367102905
            ],
            [
              10.716442407662187,
              35.48337724547832
            ],
            [
              10.716099371541175,
              35.48270975056769
            ],
            [
              10.715244198824479,
              35.481153045091176
            ],
            [
              10.714675366453156,
              35.48017498152017
            ],
            [
              10.714558172441594,
              35.47981804568988
            ],
            [
              10.71444288458279,
              35.47955073724467
            ],
            [
              10.71432474020208,
              35.479148989218615
            ],
            [
              10.714093216483121,
              35.478569552098676
            ],
            [
              10.71309755752744,
              35.47813545992503
            ],
            [
              10.712207683747874,
              35.477520550718594
            ],
            [
              10.71154360807367,
              35.477216206177744
            ],
            [
              10.711154410926172,
              35.476952780491516
            ],
            [
              10.71081810009806,
              35.47659895554769
            ],
            [
              10.710555580782245,
              35.4771405840952
            ],
            [
              10.710131552774895,
              35.47781898441932
            ],
            [
              10.710077717527845,
              35.47786457387319
            ],
            [
              10.709652732008545,
              35.47849815686553
            ],
            [
              10.709654631680706,
              35.4785877846527
            ],
            [
              10.709546009759004,
              35.478634147350334
            ],
            [
              10.709274929473962,
              35.478772472975024
            ],
            [
              10.709221093032973,
              35.47881805827272
            ],
            [
              10.70916630707566,
              35.4788188353424
            ],
            [
              10.708894276028103,
              35.47891234433766
            ],
            [
              10.708730867227127,
              35.47895948704552
            ],
            [
              10.708676081159824,
              35.47896026389532
            ],
            [
              10.708567467517629,
              35.479006629405255
            ],
            [
              10.708405956563206,
              35.47914339571945
            ],
            [
              10.708352119456888,
              35.47918898444552
            ],
            [
              10.707868531608577,
              35.4796440939888
            ],
            [
              10.70726018835287,
              35.47938376154657
            ],
            [
              10.707204453490123,
              35.47933972569107
            ],
            [
              10.70675857677534,
              35.47898743784766
            ],
            [
              10.706310808063138,
              35.47854552408292
            ],
            [
              10.7058025729571,
              35.47783551528551
            ],
            [
              10.705745892365757,
              35.47774666660195
            ],
            [
              10.70540770628914,
              35.47730319804836
            ],
            [
              10.705292452234827,
              35.477035876003924
            ],
            [
              10.705068576799297,
              35.47681491629721
            ],
            [
              10.705067629689669,
              35.47677010798077
            ],
            [
              10.704731345552384,
              35.47641626148993
            ],
            [
              10.704396020471647,
              35.47610722596364
            ],
            [
              10.70366679023031,
              35.4753106817961
            ],
            [
              10.703444816563577,
              35.475179343083795
            ],
            [
              10.702889412565344,
              35.47482858832568
            ],
            [
              10.70283368325262,
              35.474784550264374
            ],
            [
              10.7022187737799,
              35.47421050535827
            ],
            [
              10.701438580202689,
              35.47359397286356
            ],
            [
              10.700363714782682,
              35.47459529856924
            ],
            [
              10.700309875910753,
              35.47464088378063
            ],
            [
              10.700141748253737,
              35.4744639535589
            ],
            [
              10.699474908961903,
              35.47402510367444
            ],
            [
              10.699526859892583,
              35.47388989429923
            ],
            [
              10.699796053512223,
              35.473661969744086
            ],
            [
              10.700011407314607,
              35.47347962969197
            ],
            [
              10.700388274290402,
              35.4731605413247
            ],
            [
              10.700982367828766,
              35.47274872717822
            ],
            [
              10.70103715919176,
              35.472747953806625
            ],
            [
              10.70119678090834,
              35.47252157275648
            ],
            [
              10.701411174212353,
              35.47229441824133
            ],
            [
              10.69801667957959,
              35.46983206776507
            ],
            [
              10.697641703751277,
              35.47024078099022
            ],
            [
              10.697427295485731,
              35.47046792915392
            ],
            [
              10.697373457556976,
              35.470513513054094
            ],
            [
              10.697318686184625,
              35.47051428445892
            ],
            [
              10.696711387105097,
              35.470298707927014
            ],
            [
              10.695716861216088,
              35.469909274846536
            ],
            [
              10.695874609182443,
              35.46959327571176
            ],
            [
              10.695708385444748,
              35.4695059633785
            ],
            [
              10.695597883709556,
              35.46946269248615
            ],
            [
              10.695487382089588,
              35.46941942148898
            ],
            [
              10.695320217593206,
              35.46928729620073
            ],
            [
              10.69526543770455,
              35.46928806678154
            ],
            [
              10.695209716355494,
              35.4692440249372
            ],
            [
              10.695098273839568,
              35.46915594116533
            ],
            [
              10.694763947749214,
              35.46889168918407
            ],
            [
              10.694597726625314,
              35.46880437523714
            ],
            [
              10.69437390805151,
              35.468583393878696
            ],
            [
              10.69421239237893,
              35.46872014150273
            ],
            [
              10.694157612843451,
              35.46872091157013
            ],
            [
              10.694159494558525,
              35.46881053642698
            ],
            [
              10.694110359973111,
              35.46908018104168
            ],
            [
              10.694111300815853,
              35.46912499346871
            ],
            [
              10.693363192035141,
              35.47003202043513
            ],
            [
              10.693310292449695,
              35.47012241501841
            ],
            [
              10.69277000834473,
              35.47048861033624
            ],
            [
              10.692608486188115,
              35.470625355952464
            ],
            [
              10.692555590027387,
              35.47071575016523
            ],
            [
              10.692500809091529,
              35.47071651951801
            ],
            [
              10.692446963484912,
              35.4707621013646
            ],
            [
              10.69206726020926,
              35.47094672815693
            ],
            [
              10.691904796251729,
              35.471038660417
            ],
            [
              10.691525085905138,
              35.47122329322685
            ],
            [
              10.69224852140389,
              35.47175104476848
            ],
            [
              10.692471403433014,
              35.47192721743326
            ],
            [
              10.692695235885571,
              35.47214820196122
            ],
            [
              10.692805735266067,
              35.47219147550056
            ],
            [
              10.693029564726043,
              35.47241245941841
            ],
            [
              10.692549692020581,
              35.47304675896459
            ],
            [
              10.69249490485858,
              35.47304752842349
            ],
            [
              10.69210955208948,
              35.47296328852932
            ],
            [
              10.692053829781758,
              35.472919245275484
            ],
            [
              10.691227396029497,
              35.4727067178283
            ],
            [
              10.690806046609646,
              35.4735194918962
            ],
            [
              10.690754076482419,
              35.47365469798701
            ],
            [
              10.690381867317456,
              35.474197819665754
            ],
            [
              10.690169305720696,
              35.474514580597074
            ],
            [
              10.689901019985477,
              35.47478729695195
            ],
            [
              10.689847174887321,
              35.47483287765929
            ],
            [
              10.689631793887246,
              35.47501520026179
            ],
            [
              10.689577948485365,
              35.475060780855706
            ],
            [
              10.689360689432718,
              35.475153478021035
            ],
            [
              10.689306843783708,
              35.47519905849972
            ],
            [
              10.689198213972636,
              35.47524540689404
            ],
            [
              10.688873261927972,
              35.475429264010145
            ],
            [
              10.688436868446475,
              35.475525030426375
            ],
            [
              10.688492590707401,
              35.47556907533772
            ],
            [
              10.688438744284564,
              35.47561465544711
            ],
            [
              10.68838489780098,
              35.47566023553379
            ],
            [
              10.688330113393176,
              35.4756610030858
            ],
            [
              10.688057129034712,
              35.47570965299134
            ],
            [
              10.688002344584115,
              35.4757104203955
            ],
            [
              10.688003282267415,
              35.47575523291471
            ],
            [
              10.687625415710206,
              35.47602947921742
            ],
            [
              10.687461998979277,
              35.4760765895163
            ],
            [
              10.687243797455526,
              35.476124474262875
            ],
            [
              10.687189017345665,
              35.476125241240524
            ],
            [
              10.687134227943458,
              35.4761260083234
            ],
            [
              10.686967999416442,
              35.47603868414675
            ],
            [
              10.68680458689172,
              35.476085793500985
            ],
            [
              10.68664210654506,
              35.47617771904961
            ],
            [
              10.686318081497877,
              35.476406382070216
            ],
            [
              10.685993118006714,
              35.47659023170368
            ],
            [
              10.685938332900408,
              35.476590998187305
            ],
            [
              10.68571825600973,
              35.47654925130754
            ],
            [
              10.685607749453165,
              35.476505971430264
            ],
            [
              10.685716383126357,
              35.47645962617498
            ],
            [
              10.685765549367018,
              35.47618998439589
            ],
            [
              10.685382996326389,
              35.476240160995275
            ],
            [
              10.684893676188866,
              35.47642630624831
            ],
            [
              10.684838891162732,
              35.47642707222981
            ],
            [
              10.684509245194283,
              35.476386855002026
            ],
            [
              10.684179599518048,
              35.47634663686402
            ],
            [
              10.684133234582397,
              35.47675071594338
            ],
            [
              10.684202054023546,
              35.47742213543426
            ],
            [
              10.684204860930254,
              35.477556573215956
            ],
            [
              10.68420860350143,
              35.47773582358659
            ],
            [
              10.684266196474443,
              35.47786949563733
            ],
            [
              10.684330339737274,
              35.47831685575487
            ],
            [
              10.684620181617595,
              35.47907483656257
            ],
            [
              10.684735371203725,
              35.479342180088175
            ],
            [
              10.684921262658422,
              35.48037056712869
            ],
            [
              10.684978858858164,
              35.48050423869874
            ],
            [
              10.685094051854085,
              35.48077158173204
            ],
            [
              10.68509498809816,
              35.48081639428079
            ],
            [
              10.685156330074186,
              35.48112931592389
            ],
            [
              10.685161011549752,
              35.48135337864362
            ],
            [
              10.685344104784464,
              35.48224732682713
            ],
            [
              10.685408258400694,
              35.48269468200113
            ],
            [
              10.685641460106195,
              35.48336380428555
            ],
            [
              10.685644270024481,
              35.483498241835
            ],
            [
              10.68564520666804,
              35.48354305435077
            ],
            [
              10.68565457321732,
              35.48399117948895
            ],
            [
              10.68577258410458,
              35.48439295905025
            ],
            [
              10.685950071137695,
              35.4850180305173
            ],
            [
              10.68589621714679,
              35.48506360963698
            ],
            [
              10.685574033238243,
              35.485381896317094
            ],
            [
              10.68541246964254,
              35.485518629335736
            ],
            [
              10.685305696855757,
              35.48565459960813
            ],
            [
              10.685091213800355,
              35.485881727379486
            ],
            [
              10.6846083885074,
              35.486381560432626
            ],
            [
              10.683965859997091,
              35.48710775172891
            ],
            [
              10.683697517256537,
              35.4873804554086
            ],
            [
              10.68342916806941,
              35.4876531585943
            ],
            [
              10.683321453690336,
              35.48774431469692
            ],
            [
              10.682677032554052,
              35.488380870704
            ],
            [
              10.683236190133936,
              35.488910963964265
            ],
            [
              10.682377258651202,
              35.48977464677119
            ],
            [
              10.682323399511398,
              35.489820224404106
            ],
            [
              10.680939535207107,
              35.489167154775174
            ],
            [
              10.680829013472863,
              35.48912387101152
            ],
            [
              10.679721940136323,
              35.48860140611397
            ],
            [
              10.679278926193359,
              35.488383453168275
            ],
            [
              10.678504357076468,
              35.48803564090624
            ],
            [
              10.6775059663949,
              35.48746681543917
            ],
            [
              10.677007239893417,
              35.487204803918914
            ],
            [
              10.676951515386737,
              35.48716075383137
            ],
            [
              10.676451860868335,
              35.48685392720178
            ],
            [
              10.676118449459203,
              35.48663443732848
            ],
            [
              10.675950352028456,
              35.48645747288476
            ],
            [
              10.675894628611735,
              35.48641342227366
            ],
            [
              10.675450705612718,
              35.48615064184927
            ],
            [
              10.675119161568297,
              35.486020774509036
            ],
            [
              10.6746223127513,
              35.48584837810601
            ],
            [
              10.6745675210426,
              35.4858491395992
            ],
            [
              10.674071609401894,
              35.48572155735738
            ],
            [
              10.67407067902895,
              35.48567674079316
            ],
            [
              10.673850582494293,
              35.485634976629306
            ],
            [
              10.673684347579167,
              35.485547634420215
            ],
            [
              10.673463321542188,
              35.4854610529556
            ],
            [
              10.673130853593213,
              35.48528636718225
            ],
            [
              10.67307513249758,
              35.48524231519595
            ],
            [
              10.672798387061857,
              35.48511168044816
            ],
            [
              10.672301553214686,
              35.48493927790442
            ],
            [
              10.6721975462071,
              35.485209671807844
            ],
            [
              10.672100972111712,
              35.48583856812048
            ],
            [
              10.671682146528035,
              35.48678571935199
            ],
            [
              10.67163014103411,
              35.48692091796735
            ],
            [
              10.671525200617038,
              35.487146502323114
            ],
            [
              10.671419330756388,
              35.48732727378116
            ],
            [
              10.671316246918778,
              35.48764248359933
            ],
            [
              10.671160226599481,
              35.488048078950804
            ],
            [
              10.670956840359713,
              35.48881292894303
            ],
            [
              10.670748812449217,
              35.489353722067285
            ],
            [
              10.670490624930423,
              35.490119338721136
            ],
            [
              10.67023428939154,
              35.490974576694455
            ],
            [
              10.670242644576216,
              35.49137789201094
            ],
            [
              10.670199917410372,
              35.491961214352976
            ],
            [
              10.670044812241033,
              35.49241162117188
            ],
            [
              10.669938932581804,
              35.49259239145859
            ],
            [
              10.669840477993239,
              35.49313166413147
            ],
            [
              10.669688153131759,
              35.49371650514373
            ],
            [
              10.669637068378906,
              35.49389651577036
            ],
            [
              10.669322203586264,
              35.49457326003666
            ],
            [
              10.66849089214599,
              35.496781229324974
            ],
            [
              10.668385931135127,
              35.497006811185564
            ],
            [
              10.668068262602446,
              35.49754911782288
            ],
            [
              10.667803535570574,
              35.498001035636385
            ],
            [
              10.667648406653402,
              35.498451439622755
            ],
            [
              10.667649333818703,
              35.4984962524406
            ],
            [
              10.667598241887584,
              35.49867626227354
            ],
            [
              10.667135628685672,
              35.50016190753162
            ],
            [
              10.667084530048642,
              35.50034191722355
            ],
            [
              10.666983272870135,
              35.50074674537073
            ],
            [
              10.666877376057618,
              35.50092751321552
            ],
            [
              10.666829988280618,
              35.50128677400609
            ],
            [
              10.666743552663561,
              35.50240860700363
            ],
            [
              10.666302347564388,
              35.502280233613135
            ],
            [
              10.666191814878934,
              35.50223693680112
            ],
            [
              10.66613701180633,
              35.50223769476801
            ],
            [
              10.66613608535324,
              35.502192881943465
            ],
            [
              10.66563915318454,
              35.50202045116822
            ],
            [
              10.665419946055051,
              35.502023481802254
            ],
            [
              10.665202581457265,
              35.502116137860604
            ],
            [
              10.664993558044635,
              35.50261210905437
            ],
            [
              10.664995409712203,
              35.502701734749
            ],
            [
              10.664829147955816,
              35.50261438126829
            ],
            [
              10.664222609198804,
              35.50244345934037
            ],
            [
              10.664002470840135,
              35.50240167462436
            ],
            [
              10.663128397683822,
              35.502548221855804
            ],
            [
              10.66301879094278,
              35.50254973499319
            ],
            [
              10.661254925392738,
              35.50208098930944
            ],
            [
              10.660594517899865,
              35.50195561746963
            ],
            [
              10.660483988597028,
              35.5019123191263
            ],
            [
              10.660044641391933,
              35.501873548410416
            ],
            [
              10.659771553939596,
              35.50192213690968
            ],
            [
              10.659375015106457,
              35.50130003994091
            ],
            [
              10.659093621907365,
              35.50094531001505
            ],
            [
              10.658870722912775,
              35.50076908054006
            ],
            [
              10.658814998218466,
              35.500725018354075
            ],
            [
              10.658759273663161,
              35.50068095993875
            ],
            [
              10.658470508449813,
              35.49996772809201
            ],
            [
              10.65835721674047,
              35.49978998482727
            ],
            [
              10.658243925542125,
              35.49961224143754
            ],
            [
              10.657960704506504,
              35.49916788615072
            ],
            [
              10.657845571622063,
              35.498900516248234
            ],
            [
              10.657729513224856,
              35.49858833322494
            ],
            [
              10.657616229828148,
              35.4984105890643
            ],
            [
              10.657615308237947,
              35.49836577601729
            ],
            [
              10.657558664442426,
              35.498276903920114
            ],
            [
              10.65721880442986,
              35.49774367447923
            ],
            [
              10.657163082842882,
              35.497699615225905
            ],
            [
              10.657103676201082,
              35.49747630368605
            ],
            [
              10.656988548767151,
              35.4972089327509
            ],
            [
              10.656756454254273,
              35.49658456809387
            ],
            [
              10.656520679844254,
              35.49578094667019
            ],
            [
              10.656403715331322,
              35.49542394879595
            ],
            [
              10.65634523580859,
              35.49524544976623
            ],
            [
              10.65628859571931,
              35.49515657693105
            ],
            [
              10.655837320620263,
              35.49453522315614
            ],
            [
              10.655611688009317,
              35.494224543610656
            ],
            [
              10.655443613342275,
              35.49404755386685
            ],
            [
              10.654884596107117,
              35.49351732438155
            ],
            [
              10.65477316148359,
              35.493429203403664
            ],
            [
              10.654327427744725,
              35.493076718352306
            ],
            [
              10.653770263139538,
              35.492636109585206
            ],
            [
              10.653378415795485,
              35.49223805539139
            ],
            [
              10.652597483933599,
              35.4915763862929
            ],
            [
              10.65231615555929,
              35.491221638279114
            ],
            [
              10.652091464376683,
              35.490955768390535
            ],
            [
              10.651642081708633,
              35.49042401967063
            ],
            [
              10.651641163706538,
              35.4903792064288
            ],
            [
              10.651586370605008,
              35.4903799575383
            ],
            [
              10.651306886576133,
              35.49011483336917
            ],
            [
              10.651085870180838,
              35.49002821064527
            ],
            [
              10.65053608332363,
              35.48994609181442
            ],
            [
              10.649820080499987,
              35.48977659490642
            ],
            [
              10.64954702196936,
              35.48982515946854
            ],
            [
              10.648940614409545,
              35.48965415678968
            ],
            [
              10.648775312997508,
              35.489611593108265
            ],
            [
              10.648609095461905,
              35.48952421587855
            ],
            [
              10.647833725922878,
              35.48913139004713
            ],
            [
              10.647446500666565,
              35.48895738566452
            ],
            [
              10.647114986868594,
              35.48882744048983
            ],
            [
              10.647004484745707,
              35.48878412139196
            ],
            [
              10.646561553384736,
              35.488566049701916
            ],
            [
              10.646229127695069,
              35.488391292424396
            ],
            [
              10.646228212689328,
              35.488346475246786
            ],
            [
              10.646173418495191,
              35.488347223893165
            ],
            [
              10.646117709433655,
              35.48830315913267
            ],
            [
              10.645840079818663,
              35.488127652103195
            ],
            [
              10.645560624562187,
              35.4878625137717
            ],
            [
              10.645504916169328,
              35.4878184487067
            ],
            [
              10.645338705767085,
              35.48773106674983
            ],
            [
              10.645116787687314,
              35.487599619297384
            ],
            [
              10.644560626993794,
              35.4872037786131
            ],
            [
              10.644450126161825,
              35.487160460896966
            ],
            [
              10.643895796566712,
              35.48685424385984
            ],
            [
              10.644323176700945,
              35.48631050125866
            ],
            [
              10.644695758754786,
              35.485767508977986
            ],
            [
              10.644803515623767,
              35.485676386233926
            ],
            [
              10.64495966347383,
              35.48527082519834
            ],
            [
              10.645064676875428,
              35.4850452619482
            ],
            [
              10.64511672626676,
              35.48491007357676
            ],
            [
              10.64527195917719,
              35.484459694908715
            ],
            [
              10.645324007879376,
              35.48432450645475
            ],
            [
              10.64526921639026,
              35.48432525461749
            ],
            [
              10.644722217667383,
              35.48437754828871
            ],
            [
              10.64461263458197,
              35.484379044044786
            ],
            [
              10.641513237104757,
              35.48558677866979
            ],
            [
              10.640589061156424,
              35.48595797320276
            ],
            [
              10.640154367429304,
              35.48614319114947
            ],
            [
              10.64018444740098,
              35.48762203752986
            ],
            [
              10.640167938869213,
              35.48950494343661
            ],
            [
              10.640084784100397,
              35.49080602687396
            ],
            [
              10.638085994011446,
              35.500336281151256
            ],
            [
              10.635677413862327,
              35.511306481904086
            ],
            [
              10.63976344252301,
              35.51273017373458
            ],
            [
              10.64002928646246,
              35.51232312254902
            ],
            [
              10.642167809090322,
              35.51233881212682
            ],
            [
              10.642405323917917,
              35.51323208860522
            ],
            [
              10.644003074079938,
              35.51361372353848
            ],
            [
              10.645546942296892,
              35.514040895101886
            ],
            [
              10.64720228509822,
              35.514556177418214
            ],
            [
              10.647502745343873,
              35.5131624753256
            ],
            [
              10.648990893065951,
              35.5135455428951
            ],
            [
              10.649650460754865,
              35.51362616289867
            ],
            [
              10.650347397750823,
              35.51285457935772
            ],
            [
              10.651459226909713,
              35.5136013771932
            ],
            [
              10.651842905280944,
              35.51359611612121
            ],
            [
              10.653022079669523,
              35.51227999521005
            ],
            [
              10.653356459391421,
              35.512544359914564
            ],
            [
              10.65352640948784,
              35.51281098099158
            ],
            [
              10.654746967877058,
              35.513511426013466
            ],
            [
              10.655196503078052,
              35.514043157205364
            ],
            [
              10.656160540742354,
              35.51559879896625
            ],
            [
              10.65660456981358,
              35.51586164647835
            ],
            [
              10.656942661099901,
              35.51630524832887
            ],
            [
              10.657829812611933,
              35.51678612255426
            ],
            [
              10.658660310799208,
              35.51717811907268
            ],
            [
              10.658883256259685,
              35.51735435105702
            ],
            [
              10.65949359141939,
              35.517704548146185
            ],
            [
              10.661052399817118,
              35.51884852184054
            ],
            [
              10.661661830992527,
              35.519153894502125
            ],
            [
              10.662712556415777,
              35.519587645617094
            ],
            [
              10.664092184267483,
              35.52001684737016
            ],
            [
              10.664755524453602,
              35.52027663368685
            ],
            [
              10.665971654213573,
              35.52075289505713
            ],
            [
              10.666807800894627,
              35.521413708993634
            ],
            [
              10.66780933413984,
              35.522117048467926
            ],
            [
              10.669029228677934,
              35.522772531803376
            ],
            [
              10.670106046242006,
              35.52181626968813
            ],
            [
              10.67092921990477,
              35.52184968148067
            ],
            [
              10.671695712519481,
              35.52179421585387
            ],
            [
              10.672074773913335,
              35.52156483044084
            ],
            [
              10.672338617990613,
              35.52106808714272
            ],
            [
              10.674052802961583,
              35.521761476770074
            ],
            [
              10.674151256446727,
              35.521222206725504
            ],
            [
              10.674573010315736,
              35.52040948549133
            ],
            [
              10.675110909538295,
              35.51990892948145
            ],
            [
              10.675320842632612,
              35.51945775507456
            ],
            [
              10.675639474291952,
              35.51896024647266
            ],
            [
              10.676396612558904,
              35.51845663077698
            ],
            [
              10.676990229329636,
              35.51800011270514
            ],
            [
              10.677531830786627,
              35.51767879256889
            ],
            [
              10.678232264852596,
              35.51708630820417
            ],
            [
              10.678551803210686,
              35.5166336011043
            ],
            [
              10.679090582229147,
              35.516177840898855
            ],
            [
              10.679855148935722,
              35.51603270388547
            ],
            [
              10.680455276783174,
              35.515889852543715
            ],
            [
              10.680831475150423,
              35.51552600371933
            ],
            [
              10.681095246218526,
              35.51502924280279
            ],
            [
              10.681237233849796,
              35.513951454248435
            ],
            [
              10.684165610615876,
              35.5150311769262
            ],
            [
              10.684600347392188,
              35.51484579591956
            ],
            [
              10.685320392198866,
              35.51519432664814
            ],
            [
              10.685886325144711,
              35.51603808567573
            ],
            [
              10.686605443102202,
              35.516341796027184
            ],
            [
              10.687987947980723,
              35.51690515925833
            ],
            [
              10.689033142434702,
              35.51706980861294
            ],
            [
              10.689851564636998,
              35.51687902773484
            ],
            [
              10.690237131775348,
              35.51696326845221
            ],
            [
              10.690466726609584,
              35.517453121441925
            ],
            [
              10.690589520050805,
              35.518078952868194
            ],
            [
              10.69097979769347,
              35.518387251698854
            ],
            [
              10.691319969765381,
              35.51892037569103
            ],
            [
              10.692171357114619,
              35.520297998584425
            ],
            [
              10.693651346303298,
              35.52027719641075
            ],
            [
              10.695231535349615,
              35.51980671662908
            ],
            [
              10.697518613212837,
              35.5190573002216
            ],
            [
              10.69927547500657,
              35.51916700264905
            ],
            [
              10.70057113259802,
              35.51820738943291
            ],
            [
              10.701013421706147,
              35.51838044507897
            ],
            [
              10.701502952522826,
              35.51819422962124
            ],
            [
              10.701834670519897,
              35.51832401890945
            ],
            [
              10.701993427933354,
              35.5180528241128
            ],
            [
              10.702320401248665,
              35.517958552821476
            ],
            [
              10.702597306667544,
              35.518089114681565
            ],
            [
              10.703033914130389,
              35.51799329166682
            ],
            [
              10.703080199193813,
              35.51758920994019
            ],
            [
              10.703405283178896,
              35.517405311948586
            ],
            [
              10.703667023178982,
              35.51681888558161
            ],
            [
              10.704477822740458,
              35.51626951165482
            ],
            [
              10.704596928906998,
              35.51671607864255
            ],
            [
              10.704719830044866,
              35.51734188893353
            ],
            [
              10.70478886917187,
              35.51801329041592
            ],
            [
              10.704848424423275,
              35.5182365736577
            ],
            [
              10.705015708719529,
              35.51836867765162
            ],
            [
              10.70534933030939,
              35.51858808068842
            ],
            [
              10.705736817889495,
              35.51876189471552
            ],
            [
              10.706232975079228,
              35.51888934288951
            ],
            [
              10.706726294302769,
              35.51888235355657
            ],
            [
              10.70694744664729,
              35.51896887005394
            ],
            [
              10.707500329529147,
              35.519185159459326
            ],
            [
              10.70788782438554,
              35.519358966346864
            ],
            [
              10.708055115976077,
              35.519491069694105
            ],
            [
              10.70816474319876,
              35.5194895150046
            ],
            [
              10.709099427021313,
              35.519610731230934
            ],
            [
              10.709706182187562,
              35.519781416911975
            ],
            [
              10.709760986654864,
              35.51978063895588
            ],
            [
              10.710141828485506,
              35.5196407604107
            ],
            [
              10.710251455792184,
              35.51963920381912
            ],
            [
              10.710361083090461,
              35.51963764712797
            ],
            [
              10.710470710380337,
              35.51963609033724
            ],
            [
              10.710689964934884,
              35.51963297645707
            ],
            [
              10.710799592199553,
              35.519631419367634
            ],
            [
              10.711134186226115,
              35.51989561362272
            ],
            [
              10.7113572501818,
              35.52007174510213
            ],
            [
              10.711413968553577,
              35.52016058954622
            ],
            [
              10.711417777497234,
              35.5203398361177
            ],
            [
              10.711311958038518,
              35.52052064037176
            ],
            [
              10.711313862418004,
              35.52061026365763
            ],
            [
              10.711425395485398,
              35.520698329243594
            ],
            [
              10.711648462350736,
              35.52087446008183
            ],
            [
              10.712374389120708,
              35.521491690046275
            ],
            [
              10.712484971690344,
              35.52153494296415
            ],
            [
              10.712982118103373,
              35.52170717399695
            ],
            [
              10.713367720354325,
              35.52179133948688
            ],
            [
              10.713534072356673,
              35.52187862320539
            ],
            [
              10.713757147043937,
              35.522054749888405
            ],
            [
              10.714147530090637,
              35.522362970512894
            ],
            [
              10.714593685797013,
              35.52271522098631
            ],
            [
              10.714873489263953,
              35.52298018437159
            ],
            [
              10.714930213625449,
              35.52306902695448
            ],
            [
              10.71493212220627,
              35.52315865003261
            ],
            [
              10.714825353086784,
              35.52329464563349
            ],
            [
              10.714937847999265,
              35.523427519258455
            ],
            [
              10.715270562484312,
              35.523602081791466
            ],
            [
              10.715601369018083,
              35.52368702032358
            ],
            [
              10.715879269599222,
              35.52386236191822
            ],
            [
              10.716211987769485,
              35.52403691793518
            ],
            [
              10.71676588444009,
              35.52429797449455
            ],
            [
              10.71703232368794,
              35.52393557927868
            ],
            [
              10.717195817153037,
              35.52388841943838
            ],
            [
              10.717522794431977,
              35.52379411063486
            ],
            [
              10.717633382779479,
              35.52383735864821
            ],
            [
              10.717964192508756,
              35.52392229059623
            ],
            [
              10.718349819209154,
              35.52400643574647
            ],
            [
              10.719070085085583,
              35.524354758028934
            ],
            [
              10.71962112184823,
              35.524481366867356
            ],
            [
              10.719959593244461,
              35.52492478448854
            ],
            [
              10.720305727241316,
              35.525726688381994
            ],
            [
              10.720707634866251,
              35.52657262310463
            ],
            [
              10.720825899450999,
              35.52697435507533
            ],
            [
              10.721137339694641,
              35.52871807774472
            ],
            [
              10.721149793066537,
              35.52930062528152
            ],
            [
              10.721154582920075,
              35.52952468201042
            ],
            [
              10.7211612888038,
              35.52983836141592
            ],
            [
              10.72121898314919,
              35.52997201195327
            ],
            [
              10.721505541289257,
              35.5305506338489
            ],
            [
              10.72178443682611,
              35.53077077193621
            ],
            [
              10.721898870782653,
              35.53099326092713
            ],
            [
              10.721861301488273,
              35.53180064840463
            ],
            [
              10.722140202435057,
              35.532020785476156
            ],
            [
              10.722364283032347,
              35.53224170592868
            ],
            [
              10.722587405991053,
              35.53241781463295
            ],
            [
              10.722754748849665,
              35.53254989586886
            ],
            [
              10.72297403711959,
              35.532546758678656
            ],
            [
              10.723305847301773,
              35.532676485959854
            ],
            [
              10.723746343427777,
              35.532759831677744
            ],
            [
              10.723969470783974,
              35.53293593768383
            ],
            [
              10.724081034827554,
              35.53302399051983
            ],
            [
              10.724139696065604,
              35.5332024430425
            ],
            [
              10.72415313299302,
              35.53382980046668
            ],
            [
              10.72416081142362,
              35.534188290392
            ],
            [
              10.724274297220612,
              35.5343659654499
            ],
            [
              10.724431087284298,
              35.534005120556444
            ],
            [
              10.72453689325544,
              35.533824305502385
            ],
            [
              10.725122649911096,
              35.533009073824886
            ],
            [
              10.725604523863945,
              35.532464270231095
            ],
            [
              10.726249895108685,
              35.53187229627809
            ],
            [
              10.726948155474966,
              35.531189910572714
            ],
            [
              10.727589660365354,
              35.53041868513018
            ],
            [
              10.72790800406059,
              35.52992105086467
            ],
            [
              10.728114780493181,
              35.52933535917128
            ],
            [
              10.728209991687134,
              35.52866161814651
            ],
            [
              10.728248458984526,
              35.52789904131264
            ],
            [
              10.728120538418262,
              35.52704920579493
            ],
            [
              10.7281551688095,
              35.52610738764041
            ],
            [
              10.728148436630732,
              35.52579370919713
            ]
          ]
        ]
      }
    },
    {
      "type": "Feature",
      "id": "osm:relation:7114532",
      "properties": {
        "id": "osm:relation:7114532",
        "officialCode": "325553",
        "nameAr": "حاتم",
        "nameFr": "Hatem",
        "governorateCode": "32",
        "delegationCode": "3255",
        "parentAr": "معتمدية بني حسان",
        "expectedOriginalTags": {
          "admin_level": "6",
          "boundary": "administrative",
          "name": "حاتم",
          "name:ar": "حاتم",
          "name:fr": "Hatem",
          "ref:tn:codegeo": "325553"
        },
        "originalGeometrySha256": "9932cc824431ec857f1f2b147d9b2b7dd57b093bff8b300eec67365574a6ac83",
        "currentAliases": [
          "Hatem"
        ],
        "sourcePdfURL": "https://www.isie.tn/wp-content/uploads/2023/CartesCirconscriptionsElectoralesLocales2023/%D8%A7%D9%84%D9%85%D9%86%D8%B3%D8%AA%D9%8A%D8%B1/%D8%A8%D9%86%D9%8A%20%D8%AD%D8%B3%D8%A7%D9%86/%D8%AD%D8%A7%D8%AA%D9%85.pdf",
        "sourcePdfSha256": "ac21fe45a9052c34687c6008d31c99eeba0a3feb77866adfe8b980d34e5a6a4b",
        "sourceDrawingIndices": [
          551
        ],
        "sourceVectorLayer": "circonscription_isie2023",
        "sourceCrsEpsg": 32632,
        "sourceGeometrySha256": "5e6ee0ac3017bbe7c3e1f46b01359eb6e8e31d84715807727394527b385f3962",
        "sourceControlPointMaxResidualMeters": 0.18607099489871506,
        "sourceExtraction": {
          "file": "outputs\\beni-hassan-five-geopdf-source-data.json",
          "sha256": "b4b60892875f64969b0eb259b32fa54138d23eb646181b1f61ca0d1811f9358a"
        },
        "rawNativePath": {
          "file": "work\\beni-hassan-five-native-source-review\\hatem-raw-native-path.json",
          "sha256": "39a9eef31e80f3a19e5e0520495b7e8102e59d3f4a0cf88b4f3239125770fce1"
        },
        "administrativeScope": {
          "conclusion": "whole_imada",
          "pdfPage": 17,
          "jortPage": 5114,
          "imadaName": "حاتم",
          "circleName": "حاتم",
          "decree": {
            "file": "work\\electoral-circle-semantics\\decree2023-590.pdf",
            "sha256": "bfb3fe752b9900eaf873198b009968243f1b0bd2c119836cfd4fbbfc07e1e10f"
          },
          "render": {
            "file": "work\\beni-hassan-five-native-source-review\\decree-17.png",
            "sha256": "2210a9242033464ee345d78db8f683995fd659381e26d81cc92f589b8be90c10"
          },
          "personallyViewed": true
        },
        "officialRegistryIdentity": {
          "governorateCode": "32",
          "governorateFr": "Monastir",
          "governorateAr": "المنستير",
          "delegationCode": "3255",
          "delegationFr": "Beni hassen",
          "delegationAr": "بني حسان",
          "sectorCode": "325553",
          "sectorFr": "Hatem",
          "sectorAr": "حاتم",
          "sourceRows": {
            "Population_Secteur_Age_Sexe_Dynamique.xlsx": 36855,
            "Nombre_de_Logements_par_Secteurs.xlsx": 1743,
            "Nombre_de_menages_par_Secteurs.xlsx": 1741
          }
        },
        "geometryPolicy": "Exact whole closed native outline; no clipping, repair, snap, buffer or invented connecting border.",
        "officialRegistryNameAr": "حاتم",
        "officialRegistryNameFr": "Hatem",
        "sourceId": "isie-local-sectors-2023-beni-hassan",
        "parentFr": "Délégation Beni Hassen"
      },
      "geometry": {
        "type": "Polygon",
        "coordinates": [
          [
            [
              10.761970147654543,
              35.54698109682549
            ],
            [
              10.761961731751887,
              35.54659642780854
            ],
            [
              10.762055102631333,
              35.546082014841005
            ],
            [
              10.762147537143074,
              35.54552485354156
            ],
            [
              10.762240905722042,
              35.54501043316718
            ],
            [
              10.762233424305645,
              35.54466850509133
            ],
            [
              10.76216429724325,
              35.54389993458299
            ],
            [
              10.761942029822666,
              35.543304616470245
            ],
            [
              10.761885061110771,
              35.54309167530986
            ],
            [
              10.76192800560986,
              35.54266350464888
            ],
            [
              10.761921461091813,
              35.54236431741661
            ],
            [
              10.761968144840846,
              35.54210710723022
            ],
            [
              10.762116609476347,
              35.541720145873896
            ],
            [
              10.762111934472934,
              35.54150644069783
            ],
            [
              10.762056836712457,
              35.54137898161055
            ],
            [
              10.761559095903646,
              35.540146373479516
            ],
            [
              10.761496523117904,
              35.53967698556516
            ],
            [
              10.761477831465708,
              35.538822167859436
            ],
            [
              10.761567460036089,
              35.53813678327119
            ],
            [
              10.761653348964582,
              35.537280437904826
            ],
            [
              10.761574891383294,
              35.536084451348366
            ],
            [
              10.761616900870997,
              35.535613539293905
            ],
            [
              10.761646761180515,
              35.534586992985226
            ],
            [
              10.761476814219442,
              35.533990908580726
            ],
            [
              10.761472142244132,
              35.53377720305671
            ],
            [
              10.761513217236612,
              35.53326354615251
            ],
            [
              10.76150480784731,
              35.532878879787255
            ],
            [
              10.761488923730473,
              35.5321522808492
            ],
            [
              10.761473040261368,
              35.53142568544
            ],
            [
              10.761515049008777,
              35.5309547695038
            ],
            [
              10.76150383736185,
              35.53044187598444
            ],
            [
              10.761437537994157,
              35.52980152618124
            ],
            [
              10.761324559879302,
              35.529418382944975
            ],
            [
              10.76130400887499,
              35.52847808141017
            ],
            [
              10.761124739363186,
              35.52745458755675
            ],
            [
              10.760861452773602,
              35.52737292168712
            ],
            [
              10.761003361418233,
              35.52668677688291
            ],
            [
              10.761195682690094,
              35.5259143826071
            ],
            [
              10.761338520461482,
              35.525270978576
            ],
            [
              10.761683010327664,
              35.524282587433845
            ],
            [
              10.762329964828568,
              35.52277672269019
            ],
            [
              10.762422377701387,
              35.52221956357137
            ],
            [
              10.76241957422222,
              35.52209134007256
            ],
            [
              10.762312210405051,
              35.52196464413912
            ],
            [
              10.762153501169175,
              35.52188145297362
            ],
            [
              10.761940643723612,
              35.521713542837894
            ],
            [
              10.761831412850368,
              35.52150136406586
            ],
            [
              10.761776330574477,
              35.52137390404055
            ],
            [
              10.761615754980669,
              35.521205229729915
            ],
            [
              10.76150092200229,
              35.520736607045485
            ],
            [
              10.761435567785343,
              35.52013899360744
            ],
            [
              10.761330075895291,
              35.52009777905173
            ],
            [
              10.761115357528757,
              35.51984438480496
            ],
            [
              10.7610061316216,
              35.51963220870972
            ],
            [
              10.760894105466459,
              35.51929180520535
            ],
            [
              10.761299260197383,
              35.51868732270026
            ],
            [
              10.761079877696313,
              35.51822022573265
            ],
            [
              10.761017330219516,
              35.5177508353708
            ],
            [
              10.761213368498671,
              35.51714940914136
            ],
            [
              10.761516758800242,
              35.51667467609194
            ],
            [
              10.761815475791906,
              35.515986236230304
            ],
            [
              10.761909754455925,
              35.51551455947991
            ],
            [
              10.761476606221906,
              35.51483680669726
            ],
            [
              10.760993990684614,
              35.514288038897895
            ],
            [
              10.76071581496636,
              35.51352251472752
            ],
            [
              10.760652341262773,
              35.51301038601302
            ],
            [
              10.76106120204497,
              35.51257686964061
            ],
            [
              10.76162968115961,
              35.51226928599895
            ],
            [
              10.761410315762376,
              35.511802185087845
            ],
            [
              10.761878910536277,
              35.51170983302667
            ],
            [
              10.762614476903403,
              35.511870108381466
            ],
            [
              10.762917831401115,
              35.51139537234896
            ],
            [
              10.762751677474837,
              35.51097025485961
            ],
            [
              10.763433087170165,
              35.5110458031749
            ],
            [
              10.763323868173806,
              35.510833628716455
            ],
            [
              10.763415329394014,
              35.510233727147344
            ],
            [
              10.76335651482528,
              35.50993530254561
            ],
            [
              10.762933673103426,
              35.50972770740879
            ],
            [
              10.762560294369369,
              35.509391123461484
            ],
            [
              10.762295198296842,
              35.50922397631585
            ],
            [
              10.762188786603945,
              35.509140020778716
            ],
            [
              10.762127175890726,
              35.508713371569385
            ],
            [
              10.76191435445749,
              35.50854546003465
            ],
            [
              10.761792071593453,
              35.50773490597234
            ],
            [
              10.761682861714139,
              35.5075227296626
            ],
            [
              10.76104627898562,
              35.50710447365235
            ],
            [
              10.760828798499317,
              35.50672285342174
            ],
            [
              10.760504914064482,
              35.50625727549494
            ],
            [
              10.760600124478183,
              35.50582834047423
            ],
            [
              10.761060287063401,
              35.505351320609094
            ],
            [
              10.76121056258441,
              35.50504984619677
            ],
            [
              10.761050022133492,
              35.504881169726985
            ],
            [
              10.761099491684424,
              35.50475218285889
            ],
            [
              10.761866722675746,
              35.50397139306929
            ],
            [
              10.761601646281692,
              35.50380424370071
            ],
            [
              10.761494309314918,
              35.50367754593412
            ],
            [
              10.761386972689962,
              35.5035508480597
            ],
            [
              10.760754155506552,
              35.50330355463363
            ],
            [
              10.760542284438335,
              35.50317838138256
            ],
            [
              10.760215618863311,
              35.50258458152416
            ],
            [
              10.76010735313921,
              35.50241514103039
            ],
            [
              10.759895485499273,
              35.502289970151864
            ],
            [
              10.759580948188724,
              35.50225180246873
            ],
            [
              10.759314949968353,
              35.502041906350215
            ],
            [
              10.75893976781305,
              35.50161982641592
            ],
            [
              10.758465637187347,
              35.50145571719291
            ],
            [
              10.757831913684997,
              35.50116566620174
            ],
            [
              10.757675113201806,
              35.50116795040404
            ],
            [
              10.755953097761324,
              35.501321287577845
            ],
            [
              10.755587237728388,
              35.50132661126025
            ],
            [
              10.755171891541066,
              35.50146091869889
            ],
            [
              10.754653868878306,
              35.501682227899764
            ],
            [
              10.754186251843596,
              35.50181729209162
            ],
            [
              10.753769971409197,
              35.50190885332489
            ],
            [
              10.753461941169057,
              35.5021698601391
            ],
            [
              10.753363909039791,
              35.50247056981962
            ],
            [
              10.753263089228195,
              35.50264305126075
            ],
            [
              10.752292286151347,
              35.5036832704716
            ],
            [
              10.752084140072137,
              35.503729048150575
            ],
            [
              10.751981459432159,
              35.50381604916215
            ],
            [
              10.751982387763682,
              35.50385879069801
            ],
            [
              10.751670631664204,
              35.503948827077956
            ],
            [
              10.751357023257285,
              35.50395337950812
            ],
            [
              10.751147015667813,
              35.5039136725619
            ],
            [
              10.750009161038257,
              35.50448599650996
            ],
            [
              10.749746887869168,
              35.504447045179965
            ],
            [
              10.749432350201493,
              35.50440885107476
            ],
            [
              10.749171931233805,
              35.504455381666546
            ],
            [
              10.74891336540146,
              35.50458739490618
            ],
            [
              10.748696875316966,
              35.5042484924079
            ],
            [
              10.748586777893847,
              35.503993557762584
            ],
            [
              10.748107094779842,
              35.50357295793512
            ],
            [
              10.748261121692185,
              35.50344246116491
            ],
            [
              10.74761908283089,
              35.50276768487571
            ],
            [
              10.747564041254366,
              35.502640216905654
            ],
            [
              10.747508995427673,
              35.50251274896713
            ],
            [
              10.747452098099014,
              35.50229980131875
            ],
            [
              10.747187981610754,
              35.50217536086086
            ],
            [
              10.746923865921257,
              35.502050919798705
            ],
            [
              10.7465570665523,
              35.502013474651015
            ],
            [
              10.746346145213433,
              35.50193101737842
            ],
            [
              10.746137074629745,
              35.50193404308993
            ],
            [
              10.745926153900287,
              35.50185158506345
            ],
            [
              10.745666670134232,
              35.50194084955293
            ],
            [
              10.745249453433765,
              35.501989639963384
            ],
            [
              10.744882654905048,
              35.50195218969157
            ],
            [
              10.744410397047254,
              35.501873507886096
            ],
            [
              10.744309558532507,
              35.502045986005484
            ],
            [
              10.743888648771806,
              35.50192380475991
            ],
            [
              10.743833609221559,
              35.50179633494931
            ],
            [
              10.743202703147807,
              35.501634430901504
            ],
            [
              10.742781792643022,
              35.50151224573918
            ],
            [
              10.74268464434256,
              35.50185568964391
            ],
            [
              10.742687414365955,
              35.501983914928815
            ],
            [
              10.742534304082257,
              35.5021571465505
            ],
            [
              10.740912158025182,
              35.502095051616955
            ],
            [
              10.740653585318531,
              35.50222704736302
            ],
            [
              10.74008140763747,
              35.502363565522
            ],
            [
              10.73992644712926,
              35.502451310363405
            ],
            [
              10.73905355262535,
              35.50319072764302
            ],
            [
              10.738790126247165,
              35.500671975248146
            ],
            [
              10.73875972671181,
              35.499261500967975
            ],
            [
              10.73877974772411,
              35.49776478590655
            ],
            [
              10.738763167766548,
              35.49699543563807
            ],
            [
              10.73858611198079,
              35.49605737318613
            ],
            [
              10.738030332153183,
              35.4945261967452
            ],
            [
              10.736761131601112,
              35.491423351472584
            ],
            [
              10.736430091372585,
              35.490615766199895
            ],
            [
              10.735577245759178,
              35.48742139942033
            ],
            [
              10.735523149105475,
              35.48733666689675
            ],
            [
              10.735522230054354,
              35.48729392486879
            ],
            [
              10.735158258478284,
              35.487384669002715
            ],
            [
              10.734270785968413,
              35.48744018085663
            ],
            [
              10.733696859417323,
              35.48749118230665
            ],
            [
              10.733071591095728,
              35.48758567359805
            ],
            [
              10.732811219525532,
              35.48763216764209
            ],
            [
              10.73270670200619,
              35.48763366829427
            ],
            [
              10.732394066807736,
              35.48768091180439
            ],
            [
              10.729893891371745,
              35.48810157315578
            ],
            [
              10.72864242214226,
              35.48824777136375
            ],
            [
              10.728537903595399,
              35.48824926842765
            ],
            [
              10.727701759374051,
              35.48826124161831
            ],
            [
              10.727649500066905,
              35.488261989754434
            ],
            [
              10.727440462819056,
              35.48826498207276
            ],
            [
              10.726710661045948,
              35.488360936777234
            ],
            [
              10.725830481063493,
              35.48875832483071
            ],
            [
              10.724735767537567,
              35.488902240893765
            ],
            [
              10.724579901430996,
              35.48894722367961
            ],
            [
              10.72436994886982,
              35.48890746846177
            ],
            [
              10.724055481335297,
              35.48886920601303
            ],
            [
              10.723428363593401,
              35.48887816333701
            ],
            [
              10.723219324284608,
              35.488881148387875
            ],
            [
              10.722905765263786,
              35.48888562528558
            ],
            [
              10.72280033320776,
              35.48884437509955
            ],
            [
              10.722172307642053,
              35.4888105835133
            ],
            [
              10.721700145673594,
              35.48873180980263
            ],
            [
              10.721282067403058,
              35.488737773533586
            ],
            [
              10.720863989009702,
              35.488743735816925
            ],
            [
              10.720708120835907,
              35.488788713652035
            ],
            [
              10.72044682604174,
              35.4887924389474
            ],
            [
              10.720342306338226,
              35.48879392893248
            ],
            [
              10.72023778662704,
              35.48879541882709
            ],
            [
              10.719143060485782,
              35.48893928441741
            ],
            [
              10.718051064045827,
              35.489211367341085
            ],
            [
              10.71799880385802,
              35.489212111314956
            ],
            [
              10.718324194986685,
              35.48976329109514
            ],
            [
              10.71849553858739,
              35.49044493693221
            ],
            [
              10.718557811522984,
              35.49091435897696
            ],
            [
              10.718804180351029,
              35.49266381193533
            ],
            [
              10.718920540948167,
              35.49321797385816
            ],
            [
              10.719359584653683,
              35.494195091717444
            ],
            [
              10.719365049030792,
              35.494451545774744
            ],
            [
              10.719485970578926,
              35.4952194148683
            ],
            [
              10.719821419032549,
              35.49624075829413
            ],
            [
              10.720043234034215,
              35.496836170964606
            ],
            [
              10.720155053993267,
              35.497176615773355
            ],
            [
              10.720122835956127,
              35.49811769145639
            ],
            [
              10.720235569584124,
              35.498500878356474
            ],
            [
              10.720403305126418,
              35.49901155041408
            ],
            [
              10.720626044438523,
              35.499649703694104
            ],
            [
              10.720803809256212,
              35.500630536361825
            ],
            [
              10.720975200543624,
              35.50131217263857
            ],
            [
              10.72115571445833,
              35.50242123460678
            ],
            [
              10.721379382236352,
              35.50310212433179
            ],
            [
              10.721709417650489,
              35.50386700628691
            ],
            [
              10.72182672987692,
              35.504463905620405
            ],
            [
              10.721839503326398,
              35.50506229660628
            ],
            [
              10.721794532037556,
              35.505404980195365
            ],
            [
              10.721907285191493,
              35.50578816457928
            ],
            [
              10.721861401467049,
              35.50608810595441
            ],
            [
              10.721814604936462,
              35.506345301482284
            ],
            [
              10.721612818831893,
              35.506690222651194
            ],
            [
              10.7214101232395,
              35.5069924012421
            ],
            [
              10.721060639054073,
              35.50776698084389
            ],
            [
              10.72101748748099,
              35.50819514492343
            ],
            [
              10.721093475058225,
              35.50930569292421
            ],
            [
              10.721002606019466,
              35.5099483172399
            ],
            [
              10.720904447894423,
              35.51024900378447
            ],
            [
              10.72092360195491,
              35.51114658618997
            ],
            [
              10.720896866951765,
              35.512344109364285
            ],
            [
              10.721016648154578,
              35.515506276856165
            ],
            [
              10.721086260207278,
              35.516317631970544
            ],
            [
              10.721155869493662,
              35.517128983341294
            ],
            [
              10.721211802025865,
              35.517299205986625
            ],
            [
              10.721270467858051,
              35.51759765144117
            ],
            [
              10.721230964486208,
              35.51819678719626
            ],
            [
              10.721236439652605,
              35.5184532399793
            ],
            [
              10.721399665144466,
              35.51875019706745
            ],
            [
              10.72156106191683,
              35.5189616660906
            ],
            [
              10.722042531939167,
              35.51946785604559
            ],
            [
              10.723059593229033,
              35.520564963433074
            ],
            [
              10.723433779698773,
              35.52094441439093
            ],
            [
              10.723908875208679,
              35.52115140169897
            ],
            [
              10.724224387923542,
              35.5212324027657
            ],
            [
              10.724594010871398,
              35.52139813966487
            ],
            [
              10.725236927520474,
              35.52211577991111
            ],
            [
              10.725665243052127,
              35.522579959651864
            ],
            [
              10.725985338969998,
              35.52287466585623
            ],
            [
              10.726251324496019,
              35.52308463170714
            ],
            [
              10.726939226195373,
              35.52345958158034
            ],
            [
              10.727151102238484,
              35.52358481345124
            ],
            [
              10.729550569270456,
              35.525730938986044
            ],
            [
              10.731464908360257,
              35.52719989491634
            ],
            [
              10.731629108400071,
              35.52753957800908
            ],
            [
              10.731789636096124,
              35.52770829351986
            ],
            [
              10.732054734190648,
              35.52787550732851
            ],
            [
              10.732584010339574,
              35.52816719134931
            ],
            [
              10.733010562434783,
              35.528545855226824
            ],
            [
              10.733222461177146,
              35.52867107568033
            ],
            [
              10.73359765289373,
              35.52909323396224
            ],
            [
              10.734611314411831,
              35.530019267319354
            ],
            [
              10.734985599575815,
              35.53039867906993
            ],
            [
              10.735467223000072,
              35.53090480654702
            ],
            [
              10.736057105585331,
              35.531580397323005
            ],
            [
              10.736538743020919,
              35.53208652365568
            ],
            [
              10.737017622429882,
              35.53246442283209
            ],
            [
              10.737178171283665,
              35.532633126814304
            ],
            [
              10.737286432985409,
              35.53280258730623
            ],
            [
              10.73729104065433,
              35.533016295628
            ],
            [
              10.737194757981637,
              35.533402476800596
            ],
            [
              10.737203973007368,
              35.53382988979146
            ],
            [
              10.73731592282664,
              35.53417031680267
            ],
            [
              10.73775082164446,
              35.53493364049836
            ],
            [
              10.737918752705164,
              35.53544427632165
            ],
            [
              10.73819034384835,
              35.535910666728995
            ],
            [
              10.738406881298937,
              35.53624958523308
            ],
            [
              10.738726156352252,
              35.53650150887441
            ],
            [
              10.739150936976804,
              35.53679466887947
            ],
            [
              10.739312422020955,
              35.53700611474484
            ],
            [
              10.739589564227632,
              35.53772895099104
            ],
            [
              10.739807031208716,
              35.53811060458934
            ],
            [
              10.740235517486239,
              35.538574726589076
            ],
            [
              10.741342874478702,
              35.53898629252051
            ],
            [
              10.741645536756035,
              35.53846886391519
            ],
            [
              10.742199483561816,
              35.537477505110935
            ],
            [
              10.742599320029335,
              35.53661663147372
            ],
            [
              10.743473450504075,
              35.53591992462216
            ],
            [
              10.744350346273634,
              35.535351432558414
            ],
            [
              10.74507591258338,
              35.53504165299309
            ],
            [
              10.74559139597449,
              35.53469215847873
            ],
            [
              10.746000445047898,
              35.53425868921789
            ],
            [
              10.74673340758029,
              35.53429083165468
            ],
            [
              10.747364578495132,
              35.5344527088904
            ],
            [
              10.74772874510078,
              35.53436192291471
            ],
            [
              10.748149836119836,
              35.53448408505829
            ],
            [
              10.748372902923231,
              35.53512217082109
            ],
            [
              10.748899500529856,
              35.53528555566661
            ],
            [
              10.749221587213187,
              35.53566567846912
            ],
            [
              10.749536251912563,
              35.53570386938666
            ],
            [
              10.74980883837106,
              35.5362129693874
            ],
            [
              10.750124433968269,
              35.5362939036704
            ],
            [
              10.750239227280394,
              35.53676253729823
            ],
            [
              10.750458598520364,
              35.53722965666578
            ],
            [
              10.75103657989508,
              35.53734953129803
            ],
            [
              10.751461408011865,
              35.53764264284889
            ],
            [
              10.75157249424437,
              35.53794031323859
            ],
            [
              10.752023354693073,
              35.539430178759766
            ],
            [
              10.752767524912297,
              35.53997517828973
            ],
            [
              10.75293370200831,
              35.54040030725606
            ],
            [
              10.753251177431258,
              35.540566711614034
            ],
            [
              10.754053243563758,
              35.541367389743016
            ],
            [
              10.753540552756927,
              35.54184514387865
            ],
            [
              10.754047491675362,
              35.543505203718766
            ],
            [
              10.753898984904195,
              35.54389215623042
            ],
            [
              10.754111882290207,
              35.54406007522034
            ],
            [
              10.75495139184254,
              35.544176126020524
            ],
            [
              10.755012999898836,
              35.544602776814926
            ],
            [
              10.754869152396159,
              35.54520343625896
            ],
            [
              10.756557521284757,
              35.54586293194586
            ],
            [
              10.756260522896968,
              35.546636835013125
            ],
            [
              10.756262387035866,
              35.54672231728058
            ],
            [
              10.756429530090658,
              35.5471901847957
            ],
            [
              10.756642446094581,
              35.547358102384756
            ],
            [
              10.757060811699024,
              35.54735200759933
            ],
            [
              10.757478253308644,
              35.54730317013286
            ],
            [
              10.75847282461702,
              35.54733142655271
            ],
            [
              10.759090115994745,
              35.54685212239346
            ],
            [
              10.759514090113832,
              35.547102465403725
            ],
            [
              10.759361869052867,
              35.54731845963878
            ],
            [
              10.759683120593445,
              35.5476558099132
            ],
            [
              10.75984654942075,
              35.54795270782211
            ],
            [
              10.759600006115788,
              35.54864038014201
            ],
            [
              10.759712072861223,
              35.54898077500674
            ],
            [
              10.759870834335167,
              35.54906396756832
            ],
            [
              10.760139797186833,
              35.54940207947123
            ],
            [
              10.760250924390903,
              35.54969974005142
            ],
            [
              10.76051521884275,
              35.54982414590071
            ],
            [
              10.760728150264008,
              35.54999205575674
            ],
            [
              10.760939213231445,
              35.55007448320288
            ],
            [
              10.761408964375113,
              35.55002486810619
            ],
            [
              10.761615352945341,
              35.54989358940151
            ],
            [
              10.761606002831613,
              35.5494661795062
            ],
            [
              10.761603197835884,
              35.549337956531254
            ],
            [
              10.761649885693313,
              35.54908074660669
            ],
            [
              10.761842245129918,
              35.54830835992349
            ],
            [
              10.761882386091488,
              35.54775196293268
            ],
            [
              10.761922526662943,
              35.54719556589541
            ],
            [
              10.761970147654543,
              35.54698109682549
            ]
          ]
        ]
      }
    }
  ],
  "sourceId": "isie-local-sectors-2023-beni-hassan"
}
