{
  "type": "FeatureCollection",
  "sourceId": "isie-local-sectors-2023-bizerte-three-review",
  "reviewedDate": "2026-09-07",
  "status": "REVIEWED_BIZERTE_THREE_WHOLE_IMADA_CANDIDATES",
  "features": [
    {
      "type": "Feature",
      "id": "osm:relation:7118631",
      "properties": {
        "officialCode": "175154",
        "nameAr": "المدينة",
        "nameFr": "La medina",
        "governorateCode": "17",
        "governorateAr": "بنزرت",
        "governorateFr": "Bizerte",
        "delegationCode": "1751",
        "parentAr": "بنزرت الشمالية",
        "parentFr": "Bizerte nord",
        "sourceId": "isie-local-sectors-2023-bizerte-three-review",
        "sourcePdfURL": "https://www.isie.tn/wp-content/uploads/2023/CartesCirconscriptionsElectoralesLocales2023/%D8%A8%D9%86%D8%B2%D8%B1%D8%AA/%D8%A8%D9%86%D8%B2%D8%B1%D8%AA%20%D8%A7%D9%84%D8%B4%D9%85%D8%A7%D9%84%D9%8A%D8%A9/%D8%A7%D9%84%D9%85%D8%AF%D9%8A%D9%86%D8%A9%20-%20%28%D8%A8%D9%86%D8%B2%D8%B1%D8%AA%20%D8%A7%D9%84%D8%B4%D9%85%D8%A7%D9%84%D9%8A%D8%A9%29.pdf",
        "sourcePdfSha256": "58432ca876919adda114863dec1db9f62fca0ceb511b8e6af29616b812beb280",
        "sourcePdfFile": "C:\\Users\\barou\\Documents\\Codex\\2026-09-06\\the-android-app-app-currently-allows\\work\\isie-sector-maps-medina-bizerte\\medina-bizerte.pdf",
        "sourcePdfRenderFile": "C:\\Users\\barou\\Documents\\Codex\\2026-09-06\\the-android-app-app-currently-allows\\work\\isie-sector-maps-medina-bizerte\\medina-bizerte.png",
        "sourcePdfRenderSha256": "bd4f4dc42a91bdb01d70f126d7099b281c21eb0189ce6c09723459aa4f22d9aa",
        "sourcePdfCreated": "D:20231017011813+01",
        "reviewedDate": "2026-09-07",
        "sourceMapTitleAr": "المدينة - (بنزرت الشمالية)",
        "targetIsPageTitle": true,
        "sourceDrawingIndices": [
          59
        ],
        "sourceVectorLayer": "circonscription_isie2023",
        "sourceCrsEpsg": 32632,
        "sourceCrsWkt": "PROJCS[\"WGS_1984_UTM_Zone_32N\",GEOGCS[\"GCS_WGS_1984\",DATUM[\"D_WGS_1984\",SPHEROID[\"WGS_1984\",6378137.0,298.257223563]],PRIMEM[\"Greenwich\",0.0],UNIT[\"Degree\",0.0174532925199433]],PROJECTION[\"Transverse_Mercator\"],PARAMETER[\"False_Easting\",500000.0],PARAMETER[\"False_Northing\",0.0],PARAMETER[\"Central_Meridian\",9.0],PARAMETER[\"Scale_Factor\",0.9996],PARAMETER[\"Latitude_Of_Origin\",0.0],UNIT[\"Meter\",1.0]]",
        "sourceControlPointMaxResidualMeters": 0.1376152503026644,
        "sourceControlPointsLatLon": [
          [
            37.27143,
            9.86904
          ],
          [
            37.28408,
            9.86918
          ],
          [
            37.28391,
            9.89185
          ],
          [
            37.27126,
            9.8917
          ]
        ],
        "sourceLocalControlPoints": [
          [
            0.0,
            1.0
          ],
          [
            0.0,
            0.0
          ],
          [
            1.0,
            0.0
          ],
          [
            1.0,
            1.0
          ]
        ],
        "sourceViewportBBox": [
          4.31908,
          590.46173,
          841.50095,
          5.38791
        ],
        "sourcePageTransformationMatrix": [
          1.0,
          0.0,
          0.0,
          -1.0,
          0.0,
          595.5023803710938
        ],
        "sourceAffineMetersFromPagePoints": [
          [
            2.400344617740113,
            -0.00018774410135531633
          ],
          [
            0.0003556450965334079,
            -2.3989039062889788
          ],
          [
            577038.1200695286,
            4126753.175661918
          ]
        ],
        "sourceGeometry": {
          "type": "Polygon",
          "coordinates": [
            [
              [
                9.880117298327614,
                37.279054872384584
              ],
              [
                9.87830422049261,
                37.27901395563608
              ],
              [
                9.878537402236033,
                37.27639635400937
              ],
              [
                9.878410285182776,
                37.27635837878704
              ],
              [
                9.877832362091038,
                37.276098002941
              ],
              [
                9.87764633707491,
                37.276021540864555
              ],
              [
                9.87296651821478,
                37.27324594798087
              ],
              [
                9.87293808319541,
                37.27331622663422
              ],
              [
                9.873053122990186,
                37.27486464473368
              ],
              [
                9.873062954916676,
                37.274872356917996
              ],
              [
                9.872751416893744,
                37.274898029011084
              ],
              [
                9.872751505331285,
                37.274905814327326
              ],
              [
                9.872713502890523,
                37.27499173467654
              ],
              [
                9.872694103525188,
                37.27499966422423
              ],
              [
                9.872607115784986,
                37.27506259344787
              ],
              [
                9.872607204200705,
                37.27507037810438
              ],
              [
                9.872201496352371,
                37.27538480540165
              ],
              [
                9.872046918785163,
                37.27550273297411
              ],
              [
                9.871594870529828,
                37.2760277052684
              ],
              [
                9.87137953103803,
                37.27594366632841
              ],
              [
                9.871145939940098,
                37.27596875552482
              ],
              [
                9.870882499118377,
                37.27593956920417
              ],
              [
                9.870679374912509,
                37.27607342647343
              ],
              [
                9.87054269404594,
                37.276051084345134
              ],
              [
                9.870128638527126,
                37.276490130826716
              ],
              [
                9.870554425757735,
                37.27708644132133
              ],
              [
                9.870525369765227,
                37.27710222744963
              ],
              [
                9.871001826162225,
                37.2778694366134
              ],
              [
                9.872190513614171,
                37.278709206433646
              ],
              [
                9.873379846784083,
                37.279603455744905
              ],
              [
                9.873699377134235,
                37.27942201561303
              ],
              [
                9.874028474063334,
                37.279224933428935
              ],
              [
                9.874048051514976,
                37.279232572952154
              ],
              [
                9.875758826249601,
                37.279702508757744
              ],
              [
                9.87709817326446,
                37.28007398744363
              ],
              [
                9.877098351053377,
                37.280089556724846
              ],
              [
                9.876925058503865,
                37.28198267504773
              ],
              [
                9.876907524311774,
                37.28215408203988
              ],
              [
                9.876907702074929,
                37.28216965131639
              ],
              [
                9.87773552283264,
                37.28126815663653
              ],
              [
                9.878197480599047,
                37.280758657867985
              ],
              [
                9.878370747170774,
                37.28057051477369
              ],
              [
                9.879216889531769,
                37.28127264041349
              ],
              [
                9.879314247278364,
                37.28126412581825
              ],
              [
                9.880025250821696,
                37.28122765615636
              ],
              [
                9.880398671129267,
                37.28149734082132
              ],
              [
                9.881244038635497,
                37.282129389814735
              ],
              [
                9.881263617550804,
                37.28213702812166
              ],
              [
                9.881273451675513,
                37.28214473958848
              ],
              [
                9.881331473756394,
                37.28210537745164
              ],
              [
                9.88142820605344,
                37.28204236937056
              ],
              [
                9.881515104879231,
                37.28197164909972
              ],
              [
                9.881524849650784,
                37.28197157591689
              ],
              [
                9.881737804562984,
                37.28184541163523
              ],
              [
                9.881882723561091,
                37.28173532940529
              ],
              [
                9.882027732362513,
                37.28163303096361
              ],
              [
                9.882230582235248,
                37.28147580118785
              ],
              [
                9.882481975781916,
                37.28130263552094
              ],
              [
                9.882559396477923,
                37.281255341642044
              ],
              [
                9.882607583065946,
                37.28120826753027
              ],
              [
                9.882646203868804,
                37.2811768359291
              ],
              [
                9.882704224488124,
                37.28113747313176
              ],
              [
                9.882781733539442,
                37.28109796440364
              ],
              [
                9.882849498677448,
                37.28105852825069
              ],
              [
                9.882926918891604,
                37.28101123413566
              ],
              [
                9.882994683875312,
                37.280971797900975
              ],
              [
                9.883062359276456,
                37.28092457700108
              ],
              [
                9.883130034592844,
                37.28087735606321
              ],
              [
                9.88315864183086,
                37.280822644389914
              ],
              [
                9.8831875175921,
                37.28079128593096
              ],
              [
                9.88322604841258,
                37.280752069517284
              ],
              [
                9.883303376888021,
                37.28069699054618
              ],
              [
                9.88335174173827,
                37.28066548539136
              ],
              [
                9.883380527816438,
                37.28062634225948
              ],
              [
                9.883438637178273,
                37.28059476373568
              ],
              [
                9.883477078223295,
                37.28054776327505
              ],
              [
                9.88351560877001,
                37.280508546769056
              ],
              [
                9.883573986672603,
                37.280500322059986
              ],
              [
                9.883622440851255,
                37.280476601423146
              ],
              [
                9.883660792143091,
                37.28042181561783
              ],
              [
                9.883728108329612,
                37.28034345649853
              ],
              [
                9.883805527258819,
                37.28029616181973
              ],
              [
                9.883902345581324,
                37.28024093571435
              ],
              [
                9.883940963698482,
                37.28020950371141
              ],
              [
                9.883969838902125,
                37.28017814506561
              ],
              [
                9.88399880368729,
                37.28015457103906
              ],
              [
                9.884017665505471,
                37.28009993254657
              ],
              [
                9.884056195544492,
                37.28006071586824
              ],
              [
                9.884133793215655,
                37.28002899023107
              ],
              [
                9.884221135330808,
                37.27999719114219
              ],
              [
                9.884298553594622,
                37.279949896146725
              ],
              [
                9.884356482766488,
                37.2799027479289
              ],
              [
                9.884404846667433,
                37.27987124235183
              ],
              [
                9.884462775720236,
                37.279824094742814
              ],
              [
                9.884520973667025,
                37.2798003003228
              ],
              [
                9.884569427096233,
                37.27977657930516
              ],
              [
                9.884685552134362,
                37.27970563647004
              ],
              [
                9.884763328536529,
                37.27968947967685
              ],
              [
                9.884840835832977,
                37.27964996895783
              ],
              [
                9.884947486728477,
                37.279602453844205
              ],
              [
                9.885005415219542,
                37.27955530465489
              ],
              [
                9.885053778632788,
                37.279523799477026
              ],
              [
                9.88511161728704,
                37.27946886627183
              ],
              [
                9.88514013284024,
                37.2794063688476
              ],
              [
                9.885178751667443,
                37.27937493643615
              ],
              [
                9.885236857663589,
                37.27934335771735
              ],
              [
                9.885372741115846,
                37.27929562111045
              ],
              [
                9.885479570673942,
                37.27926367411417
              ],
              [
                9.885537678101628,
                37.27923209457756
              ],
              [
                9.885585861545504,
                37.27918501927805
              ],
              [
                9.886403850402061,
                37.279132133642776
              ],
              [
                9.887247921738956,
                37.2788065603626
              ],
              [
                9.888660398181933,
                37.278756950408
              ],
              [
                9.89075370950151,
                37.27859316471147
              ],
              [
                9.890731963549124,
                37.27839869788928
              ],
              [
                9.89072104547673,
                37.27829757249644
              ],
              [
                9.88872527532799,
                37.27846840381537
              ],
              [
                9.888441341381185,
                37.27835377351253
              ],
              [
                9.885199819925843,
                37.278666317087215
              ],
              [
                9.884982663789753,
                37.27842661070653
              ],
              [
                9.884677034434493,
                37.27642809657415
              ],
              [
                9.883894178966498,
                37.27529734232211
              ],
              [
                9.883601593157316,
                37.27527618907743
              ],
              [
                9.883554127246814,
                37.27538553999108
              ],
              [
                9.884423332263884,
                37.276398867041465
              ],
              [
                9.884659936019615,
                37.27832783502309
              ],
              [
                9.883862161326164,
                37.27844283813627
              ],
              [
                9.8823232785592,
                37.2785166975818
              ],
              [
                9.882317737302092,
                37.278882647188986
              ],
              [
                9.880117298327614,
                37.279054872384584
              ]
            ]
          ]
        },
        "sourcePagePaths": [
          [
            [
              410.3127136230469,
              233.66949462890625
            ],
            [
              343.366943359375,
              236.1898193359375
            ],
            [
              353.0848693847656,
              357.16510009765625
            ],
            [
              348.4058837890625,
              358.96533203125
            ],
            [
              327.1703796386719,
              371.20684814453125
            ],
            [
              320.33184814453125,
              374.80731201171875
            ],
            [
              148.64837646484375,
              504.78369140625
            ],
            [
              147.568603515625,
              501.5433044433594
            ],
            [
              151.1678466796875,
              429.8942565917969
            ],
            [
              151.5277557373047,
              429.5342102050781
            ],
            [
              140.0102081298828,
              428.4541015625
            ],
            [
              140.0102081298828,
              428.0940246582031
            ],
            [
              138.57052612304688,
              424.133544921875
            ],
            [
              137.85067749023438,
              423.77349853515625
            ],
            [
              134.61135864257812,
              420.89312744140625
            ],
            [
              134.61135864257812,
              420.5330810546875
            ],
            [
              119.49458312988281,
              406.1312561035156
            ],
            [
              113.73580169677734,
              400.7305908203125
            ],
            [
              96.81939697265625,
              376.6075439453125
            ],
            [
              88.90107727050781,
              380.5680236816406
            ],
            [
              80.2629165649414,
              379.4879150390625
            ],
            [
              70.54499053955078,
              380.9281005859375
            ],
            [
              62.98659896850586,
              374.80731201171875
            ],
            [
              57.947669982910156,
              375.887451171875
            ],
            [
              42.4709587097168,
              355.72491455078125
            ],
            [
              57.947669982910156,
              328.00140380859375
            ],
            [
              56.86790084838867,
              327.28131103515625
            ],
            [
              74.14421844482422,
              291.6368103027344
            ],
            [
              117.69496154785156,
              252.391845703125
            ],
            [
              161.24569702148438,
              210.6265869140625
            ],
            [
              173.12315368652344,
              218.90765380859375
            ],
            [
              185.36056518554688,
              227.90878295898438
            ],
            [
              186.08041381835938,
              227.54873657226562
            ],
            [
              249.0670166015625,
              205.22592163085938
            ],
            [
              298.3764953613281,
              187.58367919921875
            ],
            [
              298.3764953613281,
              186.86358642578125
            ],
            [
              291.17803955078125,
              99.37255859375
            ],
            [
              290.45819091796875,
              91.45156860351562
            ],
            [
              290.45819091796875,
              90.73147583007812
            ],
            [
              321.41162109375,
              132.13668823242188
            ],
            [
              338.68792724609375,
              155.53964233398438
            ],
            [
              345.16656494140625,
              164.18072509765625
            ],
            [
              376.1199645996094,
              131.41659545898438
            ],
            [
              379.7192077636719,
              131.77664184570312
            ],
            [
              405.9936218261719,
              133.21682739257812
            ],
            [
              419.67071533203125,
              120.615234375
            ],
            [
              450.6241149902344,
              91.09152221679688
            ],
            [
              451.3439636230469,
              90.73147583007812
            ],
            [
              451.7038879394531,
              90.37142944335938
            ],
            [
              453.8634338378906,
              92.17166137695312
            ],
            [
              457.462646484375,
              95.052001953125
            ],
            [
              460.70196533203125,
              98.29241943359375
            ],
            [
              461.0618896484375,
              98.29241943359375
            ],
            [
              468.980224609375,
              104.05316162109375
            ],
            [
              474.3790588378906,
              109.09378051757812
            ],
            [
              479.7779235839844,
              113.77438354492188
            ],
            [
              487.3363037109375,
              120.97528076171875
            ],
            [
              496.6943054199219,
              128.89627075195312
            ],
            [
              499.5736999511719,
              131.05654907226562
            ],
            [
              501.3733215332031,
              133.21682739257812
            ],
            [
              502.8130187988281,
              134.65701293945312
            ],
            [
              504.9725646972656,
              136.45724487304688
            ],
            [
              507.8519287109375,
              138.2574462890625
            ],
            [
              510.37139892578125,
              140.05767822265625
            ],
            [
              513.2507934570312,
              142.21795654296875
            ],
            [
              515.770263671875,
              144.0181884765625
            ],
            [
              518.2897338867188,
              146.178466796875
            ],
            [
              520.8092041015625,
              148.3387451171875
            ],
            [
              521.8889770507812,
              150.85903930664062
            ],
            [
              522.96875,
              152.29922485351562
            ],
            [
              524.408447265625,
              154.09945678710938
            ],
            [
              527.2877807617188,
              156.61978149414062
            ],
            [
              529.08740234375,
              158.05996704101562
            ],
            [
              530.1671752929688,
              159.86019897460938
            ],
            [
              532.3267211914062,
              161.30038452148438
            ],
            [
              533.7664184570312,
              163.46063232421875
            ],
            [
              535.2061157226562,
              165.2608642578125
            ],
            [
              537.3656616210938,
              165.62091064453125
            ],
            [
              539.165283203125,
              166.7010498046875
            ],
            [
              540.60498046875,
              169.22137451171875
            ],
            [
              543.1244506835938,
              172.82180786132812
            ],
            [
              546.0038452148438,
              174.98208618164062
            ],
            [
              549.6030883789062,
              177.50241088867188
            ],
            [
              551.042724609375,
              178.94259643554688
            ],
            [
              552.1224975585938,
              180.38278198242188
            ],
            [
              553.2022705078125,
              181.46292114257812
            ],
            [
              553.922119140625,
              183.98321533203125
            ],
            [
              555.36181640625,
              185.783447265625
            ],
            [
              558.2412109375,
              187.2236328125
            ],
            [
              561.4805297851562,
              188.663818359375
            ],
            [
              564.3599243164062,
              190.8240966796875
            ],
            [
              566.5194702148438,
              192.984375
            ],
            [
              568.319091796875,
              194.424560546875
            ],
            [
              570.4786376953125,
              196.58480834960938
            ],
            [
              572.63818359375,
              197.66494750976562
            ],
            [
              574.4378051757812,
              198.74508666992188
            ],
            [
              578.7568359375,
              201.98550415039062
            ],
            [
              581.63623046875,
              202.70559692382812
            ],
            [
              584.515625,
              204.50582885742188
            ],
            [
              588.4747924804688,
              206.66607666015625
            ],
            [
              590.6343383789062,
              208.82638549804688
            ],
            [
              592.4339599609375,
              210.26654052734375
            ],
            [
              594.593505859375,
              212.786865234375
            ],
            [
              595.6732788085938,
              215.667236328125
            ],
            [
              597.1129760742188,
              217.107421875
            ],
            [
              599.2724609375,
              218.54757690429688
            ],
            [
              604.3114013671875,
              220.70785522460938
            ],
            [
              608.2705688476562,
              222.14804077148438
            ],
            [
              610.4301147460938,
              223.58822631835938
            ],
            [
              612.229736328125,
              225.74850463867188
            ],
            [
              642.4633178710938,
              227.90878295898438
            ],
            [
              673.776611328125,
              242.670654296875
            ],
            [
              725.9655151367188,
              244.47085571289062
            ],
            [
              803.3490600585938,
              251.31173706054688
            ],
            [
              802.6292114257812,
              260.3128662109375
            ],
            [
              802.269287109375,
              264.9934387207031
            ],
            [
              728.4849853515625,
              257.79254150390625
            ],
            [
              718.0472412109375,
              263.1932373046875
            ],
            [
              598.1927490234375,
              249.87155151367188
            ],
            [
              590.2744140625,
              261.032958984375
            ],
            [
              579.8366088867188,
              353.56463623046875
            ],
            [
              551.4027099609375,
              406.1312561035156
            ],
            [
              540.60498046875,
              407.2113952636719
            ],
            [
              538.8053588867188,
              402.1707763671875
            ],
            [
              570.4786376953125,
              355.00482177734375
            ],
            [
              578.3969116210938,
              265.7135314941406
            ],
            [
              548.8832397460938,
              260.67291259765625
            ],
            [
              492.01531982421875,
              257.79254150390625
            ],
            [
              491.6553955078125,
              240.87042236328125
            ],
            [
              410.3127136230469,
              233.66949462890625
            ]
          ]
        ],
        "geometryHash": "17075db2a5b946322dd2ec89f391a9062d0142a45f812a6179c096ac1508b471",
        "joiningReview": {
          "paths": 1,
          "allSourceSegmentsPreserved": true,
          "addedConnectorSegments": 0,
          "exactEndpointMatches": true,
          "explicitlyClosedCombinedPath": true,
          "originalSegmentCount": 129,
          "joinedSegmentCount": 129,
          "originalAndJoinedEdgeMultiplicityEqual": true,
          "sourcePathEndpoints": [
            {
              "first": [
                410.3127136230469,
                233.66949462890625
              ],
              "last": [
                410.3127136230469,
                233.66949462890625
              ]
            }
          ]
        },
        "repair": {
          "applied": false
        },
        "clipReview": {
          "outsideViewportAreaPoints2": 0.0,
          "distanceFromViewportPoints": 38.15187883377075,
          "activeClips": [
            {
              "sequence": 67,
              "outsideActiveClipAreasPoints2": [
                0.0,
                0.0
              ]
            }
          ]
        },
        "manualIdentityQualification": "Official indexed Medina (Bizerte Nord) map title, qualified red label, complete land/shoreline ring59 and INS2024 code175154 establish the distinct Medina identity. The qualified label is printed over harbor water/indentation, with center outside the polygon. Full-page review and exact administrative identity support this ring; label center is not a border. Ring60 is the separately reviewed Cheikh neighbor, not Medina. Decree2023-590 annexA PDFpage29/JORT5126 explicitly matches Medina imada to Medina (Bizerte Nord) circle.",
        "labelCenterContainmentPassed": false,
        "insideTargetLabels": [
          {
            "text": "( )ﺑﻧزرت اﻟﺷﻣﺎﻟﯾﺔ- اﻟﻣدﯾﻧﺔ",
            "normalizedForward": "بنزرتالشماليةالمدينة",
            "normalizedReverse": "ةنيدملاةيلامشلاترزنب",
            "colors": [
              15073280
            ],
            "bounds": [
              291.89788818359375,
              230.38429260253906,
              556.5233154296875,
              283.6688537597656
            ],
            "point": [
              424.2106018066406,
              257.02657318115234
            ]
          }
        ],
        "labelPlacementReview": {
          "qualifiedLabelCenterContained": false,
          "labelBoxIntersectsSelectedRing": true,
          "labelCenterDistanceFromRingPagePoints": 22.040561162038607,
          "qualification": "Full-page visually reviewed Medina title and qualified red label over harbor water. Complete land/shoreline ring59 is the reviewed target; ring60 matches independent Cheikh shape. No artificial interior label point or geometry adjustment."
        },
        "visualReview": "full official PDF page inspected, including neighboring labels and legend",
        "administrativeScopeEvidence": {
          "sourceURL": "https://www.isie.tn/wp-content/uploads/2023/09/Decret2023_590Arabe.pdf",
          "sourceSha256": "bfb3fe752b9900eaf873198b009968243f1b0bd2c119836cfd4fbbfc07e1e10f",
          "PDFPage": 29,
          "JORTPage": 5126,
          "table": "AnnexA",
          "imadaAr": "المدينة",
          "circleAr": "المدينة - (بنزرت الشمالية)",
          "parentAr": "بنزرت الشمالية",
          "semantics": "WHOLE_IMADA_CIRCLE_CONFIRMED_IN_ANNEX_A",
          "reviewImageFile": "C:\\Users\\barou\\Documents\\Codex\\2026-09-06\\the-android-app-app-currently-allows\\work\\electoral-circle-semantics\\review-29.png",
          "reviewImageSha256": "8992306a876a31161bc60c727997c48397127470199ce2b81273bd8c841625c4",
          "method": "Full decree page visually inspected: distinct one-to-one imada/circle row, no subdivided imada cell."
        },
        "sourceAssertion": {
          "id": "osm:relation:7118631",
          "expectedKind": "sector",
          "expectedTags": {
            "admin_level": "6",
            "boundary": "administrative",
            "name": "المدينة",
            "name:ar": "المدينة",
            "name:fr": "El Medina",
            "ref:tn:codegeo": "175154"
          }
        },
        "currentOfficialIdentity": {
          "governorateCode": "17",
          "governorateFr": "Bizerte",
          "governorateAr": "بنزرت",
          "delegationCode": "1751",
          "delegationFr": "Bizerte nord",
          "delegationAr": "بنزرت الشمالية",
          "sectorCode": "175154",
          "sectorFr": "La medina",
          "sectorAr": "المدينة",
          "sourceRows": {
            "Population_Secteur_Age_Sexe_Dynamique.xlsx": 16524,
            "Nombre_de_Logements_par_Secteurs.xlsx": 709,
            "Nombre_de_menages_par_Secteurs.xlsx": 708
          }
        },
        "officialRegistrySha256": "23b3ee87c07971eb48b456799833f1996ade5d0bdc10d7bf6b0e3bf6798c9eec",
        "validation": {
          "valid": true,
          "countryFullyContains": true,
          "areaMeters2": 524663.4691565318,
          "boundsWgs84": [
            9.870128638527126,
            37.27324594798087,
            9.89075370950151,
            37.28216965131639
          ],
          "quantizedValid": true,
          "quantizedCountryFullyContains": true,
          "quantizedPartCount": 1,
          "quantizedAreaMeters2": 524652.6026379067
        },
        "osmComparison": {
          "iou": 0.02972055302835861,
          "officialCoveredByOsm": 0.035016177116573385,
          "osmCoveredByOfficial": 0.1642435124700385,
          "oldAreaMeters2": 111856.52745908212,
          "newAreaMeters2": 524663.4691565318,
          "hausdorffMeters": 1569.22063839741
        }
      },
      "geometry": {
        "type": "Polygon",
        "coordinates": [
          [
            [
              9.880117298327614,
              37.279054872384584
            ],
            [
              9.87830422049261,
              37.27901395563608
            ],
            [
              9.878537402236033,
              37.27639635400937
            ],
            [
              9.878410285182776,
              37.27635837878704
            ],
            [
              9.877832362091038,
              37.276098002941
            ],
            [
              9.87764633707491,
              37.276021540864555
            ],
            [
              9.87296651821478,
              37.27324594798087
            ],
            [
              9.87293808319541,
              37.27331622663422
            ],
            [
              9.873053122990186,
              37.27486464473368
            ],
            [
              9.873062954916676,
              37.274872356917996
            ],
            [
              9.872751416893744,
              37.274898029011084
            ],
            [
              9.872751505331285,
              37.274905814327326
            ],
            [
              9.872713502890523,
              37.27499173467654
            ],
            [
              9.872694103525188,
              37.27499966422423
            ],
            [
              9.872607115784986,
              37.27506259344787
            ],
            [
              9.872607204200705,
              37.27507037810438
            ],
            [
              9.872201496352371,
              37.27538480540165
            ],
            [
              9.872046918785163,
              37.27550273297411
            ],
            [
              9.871594870529828,
              37.2760277052684
            ],
            [
              9.87137953103803,
              37.27594366632841
            ],
            [
              9.871145939940098,
              37.27596875552482
            ],
            [
              9.870882499118377,
              37.27593956920417
            ],
            [
              9.870679374912509,
              37.27607342647343
            ],
            [
              9.87054269404594,
              37.276051084345134
            ],
            [
              9.870128638527126,
              37.276490130826716
            ],
            [
              9.870554425757735,
              37.27708644132133
            ],
            [
              9.870525369765227,
              37.27710222744963
            ],
            [
              9.871001826162225,
              37.2778694366134
            ],
            [
              9.872190513614171,
              37.278709206433646
            ],
            [
              9.873379846784083,
              37.279603455744905
            ],
            [
              9.873699377134235,
              37.27942201561303
            ],
            [
              9.874028474063334,
              37.279224933428935
            ],
            [
              9.874048051514976,
              37.279232572952154
            ],
            [
              9.875758826249601,
              37.279702508757744
            ],
            [
              9.87709817326446,
              37.28007398744363
            ],
            [
              9.877098351053377,
              37.280089556724846
            ],
            [
              9.876925058503865,
              37.28198267504773
            ],
            [
              9.876907524311774,
              37.28215408203988
            ],
            [
              9.876907702074929,
              37.28216965131639
            ],
            [
              9.87773552283264,
              37.28126815663653
            ],
            [
              9.878197480599047,
              37.280758657867985
            ],
            [
              9.878370747170774,
              37.28057051477369
            ],
            [
              9.879216889531769,
              37.28127264041349
            ],
            [
              9.879314247278364,
              37.28126412581825
            ],
            [
              9.880025250821696,
              37.28122765615636
            ],
            [
              9.880398671129267,
              37.28149734082132
            ],
            [
              9.881244038635497,
              37.282129389814735
            ],
            [
              9.881263617550804,
              37.28213702812166
            ],
            [
              9.881273451675513,
              37.28214473958848
            ],
            [
              9.881331473756394,
              37.28210537745164
            ],
            [
              9.88142820605344,
              37.28204236937056
            ],
            [
              9.881515104879231,
              37.28197164909972
            ],
            [
              9.881524849650784,
              37.28197157591689
            ],
            [
              9.881737804562984,
              37.28184541163523
            ],
            [
              9.881882723561091,
              37.28173532940529
            ],
            [
              9.882027732362513,
              37.28163303096361
            ],
            [
              9.882230582235248,
              37.28147580118785
            ],
            [
              9.882481975781916,
              37.28130263552094
            ],
            [
              9.882559396477923,
              37.281255341642044
            ],
            [
              9.882607583065946,
              37.28120826753027
            ],
            [
              9.882646203868804,
              37.2811768359291
            ],
            [
              9.882704224488124,
              37.28113747313176
            ],
            [
              9.882781733539442,
              37.28109796440364
            ],
            [
              9.882849498677448,
              37.28105852825069
            ],
            [
              9.882926918891604,
              37.28101123413566
            ],
            [
              9.882994683875312,
              37.280971797900975
            ],
            [
              9.883062359276456,
              37.28092457700108
            ],
            [
              9.883130034592844,
              37.28087735606321
            ],
            [
              9.88315864183086,
              37.280822644389914
            ],
            [
              9.8831875175921,
              37.28079128593096
            ],
            [
              9.88322604841258,
              37.280752069517284
            ],
            [
              9.883303376888021,
              37.28069699054618
            ],
            [
              9.88335174173827,
              37.28066548539136
            ],
            [
              9.883380527816438,
              37.28062634225948
            ],
            [
              9.883438637178273,
              37.28059476373568
            ],
            [
              9.883477078223295,
              37.28054776327505
            ],
            [
              9.88351560877001,
              37.280508546769056
            ],
            [
              9.883573986672603,
              37.280500322059986
            ],
            [
              9.883622440851255,
              37.280476601423146
            ],
            [
              9.883660792143091,
              37.28042181561783
            ],
            [
              9.883728108329612,
              37.28034345649853
            ],
            [
              9.883805527258819,
              37.28029616181973
            ],
            [
              9.883902345581324,
              37.28024093571435
            ],
            [
              9.883940963698482,
              37.28020950371141
            ],
            [
              9.883969838902125,
              37.28017814506561
            ],
            [
              9.88399880368729,
              37.28015457103906
            ],
            [
              9.884017665505471,
              37.28009993254657
            ],
            [
              9.884056195544492,
              37.28006071586824
            ],
            [
              9.884133793215655,
              37.28002899023107
            ],
            [
              9.884221135330808,
              37.27999719114219
            ],
            [
              9.884298553594622,
              37.279949896146725
            ],
            [
              9.884356482766488,
              37.2799027479289
            ],
            [
              9.884404846667433,
              37.27987124235183
            ],
            [
              9.884462775720236,
              37.279824094742814
            ],
            [
              9.884520973667025,
              37.2798003003228
            ],
            [
              9.884569427096233,
              37.27977657930516
            ],
            [
              9.884685552134362,
              37.27970563647004
            ],
            [
              9.884763328536529,
              37.27968947967685
            ],
            [
              9.884840835832977,
              37.27964996895783
            ],
            [
              9.884947486728477,
              37.279602453844205
            ],
            [
              9.885005415219542,
              37.27955530465489
            ],
            [
              9.885053778632788,
              37.279523799477026
            ],
            [
              9.88511161728704,
              37.27946886627183
            ],
            [
              9.88514013284024,
              37.2794063688476
            ],
            [
              9.885178751667443,
              37.27937493643615
            ],
            [
              9.885236857663589,
              37.27934335771735
            ],
            [
              9.885372741115846,
              37.27929562111045
            ],
            [
              9.885479570673942,
              37.27926367411417
            ],
            [
              9.885537678101628,
              37.27923209457756
            ],
            [
              9.885585861545504,
              37.27918501927805
            ],
            [
              9.886403850402061,
              37.279132133642776
            ],
            [
              9.887247921738956,
              37.2788065603626
            ],
            [
              9.888660398181933,
              37.278756950408
            ],
            [
              9.89075370950151,
              37.27859316471147
            ],
            [
              9.890731963549124,
              37.27839869788928
            ],
            [
              9.89072104547673,
              37.27829757249644
            ],
            [
              9.88872527532799,
              37.27846840381537
            ],
            [
              9.888441341381185,
              37.27835377351253
            ],
            [
              9.885199819925843,
              37.278666317087215
            ],
            [
              9.884982663789753,
              37.27842661070653
            ],
            [
              9.884677034434493,
              37.27642809657415
            ],
            [
              9.883894178966498,
              37.27529734232211
            ],
            [
              9.883601593157316,
              37.27527618907743
            ],
            [
              9.883554127246814,
              37.27538553999108
            ],
            [
              9.884423332263884,
              37.276398867041465
            ],
            [
              9.884659936019615,
              37.27832783502309
            ],
            [
              9.883862161326164,
              37.27844283813627
            ],
            [
              9.8823232785592,
              37.2785166975818
            ],
            [
              9.882317737302092,
              37.278882647188986
            ],
            [
              9.880117298327614,
              37.279054872384584
            ]
          ]
        ]
      }
    },
    {
      "type": "Feature",
      "id": "osm:relation:7118632",
      "properties": {
        "officialCode": "175155",
        "nameAr": "الشيخ إدريس",
        "nameFr": "Cheikh Driss",
        "governorateCode": "17",
        "governorateAr": "بنزرت",
        "governorateFr": "Bizerte",
        "delegationCode": "1751",
        "parentAr": "بنزرت الشمالية",
        "parentFr": "Bizerte nord",
        "sourceId": "isie-local-sectors-2023-bizerte-three-review",
        "sourcePdfURL": "https://www.isie.tn/wp-content/uploads/2023/CartesCirconscriptionsElectoralesLocales2023/%D8%A8%D9%86%D8%B2%D8%B1%D8%AA/%D8%A8%D9%86%D8%B2%D8%B1%D8%AA%20%D8%A7%D9%84%D8%B4%D9%85%D8%A7%D9%84%D9%8A%D8%A9/%D8%A7%D9%84%D8%B4%D9%8A%D8%AE%20%D8%A5%D8%AF%D8%B1%D9%8A%D8%B3.pdf",
        "sourcePdfSha256": "02256a2b0f869788dae9d36c456caa3b8b4da02ea16a9dc4ac6fe6f3993c0130",
        "sourcePdfFile": "C:\\Users\\barou\\Documents\\Codex\\2026-09-06\\the-android-app-app-currently-allows\\work\\isie-sector-maps-cheikh-idris\\cheikh-idris.pdf",
        "sourcePdfRenderFile": "C:\\Users\\barou\\Documents\\Codex\\2026-09-06\\the-android-app-app-currently-allows\\work\\isie-sector-maps-cheikh-idris\\cheikh-idris.png",
        "sourcePdfRenderSha256": "4cb09fa15773e47e7eea37bf59a585319e0a914441bea3ee92b916c831ebd729",
        "sourcePdfCreated": "D:20231017011757+01",
        "reviewedDate": "2026-09-07",
        "sourceMapTitleAr": "الشيخ إدريس",
        "targetIsPageTitle": true,
        "sourceDrawingIndices": [
          2
        ],
        "sourceVectorLayer": "circonscription_isie2023",
        "sourceCrsEpsg": 32632,
        "sourceCrsWkt": "PROJCS[\"WGS_1984_UTM_Zone_32N\",GEOGCS[\"GCS_WGS_1984\",DATUM[\"D_WGS_1984\",SPHEROID[\"WGS_1984\",6378137.0,298.257223563]],PRIMEM[\"Greenwich\",0.0],UNIT[\"Degree\",0.0174532925199433]],PROJECTION[\"Transverse_Mercator\"],PARAMETER[\"False_Easting\",500000.0],PARAMETER[\"False_Northing\",0.0],PARAMETER[\"Central_Meridian\",9.0],PARAMETER[\"Scale_Factor\",0.9996],PARAMETER[\"Latitude_Of_Origin\",0.0],UNIT[\"Meter\",1.0]]",
        "sourceControlPointMaxResidualMeters": 0.012763676633407006,
        "sourceControlPointsLatLon": [
          [
            37.27181,
            9.86706
          ],
          [
            37.27674,
            9.86711
          ],
          [
            37.27667,
            9.87594
          ],
          [
            37.27174,
            9.87589
          ]
        ],
        "sourceLocalControlPoints": [
          [
            0.0,
            1.0
          ],
          [
            0.0,
            0.0
          ],
          [
            1.0,
            0.0
          ],
          [
            1.0,
            1.0
          ]
        ],
        "sourceViewportBBox": [
          4.31908,
          590.46173,
          841.50095,
          5.38791
        ],
        "sourcePageTransformationMatrix": [
          1.0,
          0.0,
          0.0,
          -1.0,
          0.0,
          595.5023803710938
        ],
        "sourceAffineMetersFromPagePoints": [
          [
            0.9351898116949219,
            -0.0006614494688704305
          ],
          [
            0.0010356055111060414,
            -0.9348977248937445
          ],
          [
            576868.2610482979,
            4125929.7968195793
          ]
        ],
        "sourceGeometry": {
          "type": "Polygon",
          "coordinates": [
            [
              [
                9.872966695377302,
                37.273240850088946
              ],
              [
                9.87207716992558,
                37.27275335236588
              ],
              [
                9.870816788572828,
                37.27200785469622
              ],
              [
                9.870696665537638,
                37.27214230658302
              ],
              [
                9.870584195789514,
                37.27228276542042
              ],
              [
                9.87047552176241,
                37.27242319409237
              ],
              [
                9.87037447034557,
                37.27256659666491
              ],
              [
                9.870277245417942,
                37.272713002954326
              ],
              [
                9.870191438982678,
                37.272862352611675
              ],
              [
                9.870109459412722,
                37.27301470601175
              ],
              [
                9.870031306400088,
                37.27317006316459
              ],
              [
                9.869964541297422,
                37.273325330391636
              ],
              [
                9.869950492692718,
                37.27343770298564
              ],
              [
                9.869944036432965,
                37.27355001523086
              ],
              [
                9.869945172559843,
                37.273662267899525
              ],
              [
                9.869946339394621,
                37.273777553907564
              ],
              [
                9.869959140526253,
                37.273917020881925
              ],
              [
                9.86998333036542,
                37.27405639771386
              ],
              [
                9.870011285812057,
                37.274192710376944
              ],
              [
                9.87005066077419,
                37.274331966997465
              ],
              [
                9.87008599361994,
                37.27444698255182
              ],
              [
                9.870132715631854,
                37.274561908194144
              ],
              [
                9.870183234038294,
                37.274676803761345
              ],
              [
                9.870241314070105,
                37.274788605341264
              ],
              [
                9.87030319085877,
                37.274900376829194
              ],
              [
                9.870017966835718,
                37.27635292967116
              ],
              [
                9.87008339523866,
                37.27644040009201
              ],
              [
                9.870121849763436,
                37.27648864125111
              ],
              [
                9.870538816967345,
                37.27604843104636
              ],
              [
                9.870679526307926,
                37.276071589136734
              ],
              [
                9.870875612146753,
                37.27593957015669
              ],
              [
                9.871145457211957,
                37.275967772759884
              ],
              [
                9.871376816620256,
                37.27594470067036
              ],
              [
                9.871594036665348,
                37.2760248990308
              ],
              [
                9.872048123887257,
                37.27550246858637
              ],
              [
                9.872198773963403,
                37.275382943951314
              ],
              [
                9.872605566432977,
                37.27506417084405
              ],
              [
                9.872609362699242,
                37.275064140713354
              ],
              [
                9.872696029637952,
                37.27499973675962
              ],
              [
                9.87271109141696,
                37.27498748106957
              ],
              [
                9.872744363994059,
                37.27489922812012
              ],
              [
                9.872744333176625,
                37.274896194524175
              ],
              [
                9.873055378984986,
                37.27486945222915
              ],
              [
                9.873047693976384,
                37.274860410960166
              ],
              [
                9.872940831148457,
                37.27331083919566
              ],
              [
                9.872966695377302,
                37.273240850088946
              ]
            ]
          ]
        },
        "sourcePagePaths": [
          [
            [
              562.9202270507812,
              414.7723388671875
            ],
            [
              479.0580749511719,
              473.45977783203125
            ],
            [
              360.2833251953125,
              563.111083984375
            ],
            [
              348.7657775878906,
              547.26904296875
            ],
            [
              337.96807861328125,
              530.7069702148438
            ],
            [
              327.5303039550781,
              514.1448974609375
            ],
            [
              317.8123779296875,
              497.2227478027344
            ],
            [
              308.4543762207031,
              479.9405517578125
            ],
            [
              300.1761169433594,
              462.29833984375
            ],
            [
              292.2578125,
              444.29608154296875
            ],
            [
              284.6994323730469,
              425.93377685546875
            ],
            [
              278.2207946777344,
              407.5714416503906
            ],
            [
              276.7810974121094,
              394.249755859375
            ],
            [
              276.0612487792969,
              380.9281005859375
            ],
            [
              276.0612487792969,
              367.60638427734375
            ],
            [
              276.0612487792969,
              353.9246826171875
            ],
            [
              277.1410217285156,
              337.3625793457031
            ],
            [
              279.3005676269531,
              320.80047607421875
            ],
            [
              281.8200378417969,
              304.59844970703125
            ],
            [
              285.4192810058594,
              288.0363464355469
            ],
            [
              288.6585693359375,
              274.3546447753906
            ],
            [
              292.9776611328125,
              260.67291259765625
            ],
            [
              297.65667724609375,
              246.99118041992188
            ],
            [
              303.0555114746094,
              233.66949462890625
            ],
            [
              308.8143005371094,
              220.34780883789062
            ],
            [
              280.3803405761719,
              48.24609375
            ],
            [
              286.4990539550781,
              37.8048095703125
            ],
            [
              290.0982666015625,
              32.0440673828125
            ],
            [
              330.0497741699219,
              83.89059448242188
            ],
            [
              343.366943359375,
              81.01025390625
            ],
            [
              362.08294677734375,
              96.4921875
            ],
            [
              387.63751220703125,
              92.89175415039062
            ],
            [
              409.5928649902344,
              95.41204833984375
            ],
            [
              430.1084899902344,
              85.69082641601562
            ],
            [
              473.6592102050781,
              147.25860595703125
            ],
            [
              488.05615234375,
              161.30038452148438
            ],
            [
              526.9278564453125,
              198.74508666992188
            ],
            [
              527.2877807617188,
              198.74508666992188
            ],
            [
              535.5660400390625,
              206.30606079101562
            ],
            [
              537.0057373046875,
              207.7462158203125
            ],
            [
              540.2450561523438,
              218.18756103515625
            ],
            [
              540.2450561523438,
              218.54757690429688
            ],
            [
              569.7587890625,
              221.42794799804688
            ],
            [
              569.0389404296875,
              222.50808715820312
            ],
            [
              560.4007568359375,
              406.4913330078125
            ],
            [
              562.9202270507812,
              414.7723388671875
            ]
          ]
        ],
        "geometryHash": "3dc86bb151e349f4b7e577ccd31a96ba890be7570ad144f4bb4c3913dac607df",
        "joiningReview": {
          "paths": 1,
          "allSourceSegmentsPreserved": true,
          "addedConnectorSegments": 0,
          "exactEndpointMatches": true,
          "explicitlyClosedCombinedPath": true,
          "originalSegmentCount": 45,
          "joinedSegmentCount": 45,
          "originalAndJoinedEdgeMultiplicityEqual": true,
          "sourcePathEndpoints": [
            {
              "first": [
                562.9202270507812,
                414.7723388671875
              ],
              "last": [
                562.9202270507812,
                414.7723388671875
              ]
            }
          ]
        },
        "repair": {
          "applied": false
        },
        "clipReview": {
          "outsideViewportAreaPoints2": 0.0,
          "distanceFromViewportPoints": 27.003356933593754,
          "activeClips": [
            {
              "sequence": 10,
              "outsideActiveClipAreasPoints2": [
                0.0,
                0.0
              ]
            }
          ]
        },
        "manualIdentityQualification": "Official indexed Cheikh Idris map title, unique complete red ring2 and interior primary Cheikh Idris label match current INS2024 code175155 under Bizerte Nord. Decree2023-590 annexA PDFpage29/JORT5126 identifies this as a distinct whole imada, separate from Medina and Moutamar. Keep the coded identity; its legacy geometry was displaced west onto official Moutamar.",
        "labelCenterContainmentPassed": true,
        "insideTargetLabels": [
          {
            "text": "اﻟﺷﯾﺦ إدرﯾس",
            "normalizedForward": "الشيخإدريس",
            "normalizedReverse": "سيردإخيشلا",
            "colors": [
              15073280
            ],
            "bounds": [
              356.14422607421875,
              183.9384307861328,
              498.7131042480469,
              237.22299194335938
            ],
            "point": [
              427.4286651611328,
              210.5807113647461
            ]
          }
        ],
        "labelPlacementReview": null,
        "visualReview": "full official PDF page inspected, including neighboring labels and legend",
        "administrativeScopeEvidence": {
          "sourceURL": "https://www.isie.tn/wp-content/uploads/2023/09/Decret2023_590Arabe.pdf",
          "sourceSha256": "bfb3fe752b9900eaf873198b009968243f1b0bd2c119836cfd4fbbfc07e1e10f",
          "PDFPage": 29,
          "JORTPage": 5126,
          "table": "AnnexA",
          "imadaAr": "الشيخ إدريس",
          "circleAr": "الشيخ إدريس",
          "parentAr": "بنزرت الشمالية",
          "semantics": "WHOLE_IMADA_CIRCLE_CONFIRMED_IN_ANNEX_A",
          "reviewImageFile": "C:\\Users\\barou\\Documents\\Codex\\2026-09-06\\the-android-app-app-currently-allows\\work\\electoral-circle-semantics\\review-29.png",
          "reviewImageSha256": "8992306a876a31161bc60c727997c48397127470199ce2b81273bd8c841625c4",
          "method": "Full decree page visually inspected: distinct one-to-one imada/circle row, no subdivided imada cell."
        },
        "sourceAssertion": {
          "id": "osm:relation:7118632",
          "expectedKind": "sector",
          "expectedTags": {
            "admin_level": "6",
            "boundary": "administrative",
            "name": "الشيخ ادريس",
            "name:ar": "الشيخ ادريس",
            "name:fr": "Cheikh Dris",
            "ref:tn:codegeo": "175155"
          }
        },
        "currentOfficialIdentity": {
          "governorateCode": "17",
          "governorateFr": "Bizerte",
          "governorateAr": "بنزرت",
          "delegationCode": "1751",
          "delegationFr": "Bizerte nord",
          "delegationAr": "بنزرت الشمالية",
          "sectorCode": "175155",
          "sectorFr": "Cheikh Driss",
          "sectorAr": "الشيخ إدريس",
          "sourceRows": {
            "Population_Secteur_Age_Sexe_Dynamique.xlsx": 16558,
            "Nombre_de_Logements_par_Secteurs.xlsx": 710,
            "Nombre_de_menages_par_Secteurs.xlsx": 709
          }
        },
        "officialRegistrySha256": "23b3ee87c07971eb48b456799833f1996ade5d0bdc10d7bf6b0e3bf6798c9eec",
        "validation": {
          "valid": true,
          "countryFullyContains": true,
          "areaMeters2": 89027.44340264089,
          "boundsWgs84": [
            9.869944036432965,
            37.27200785469622,
            9.873055378984986,
            37.27648864125111
          ],
          "quantizedValid": true,
          "quantizedCountryFullyContains": true,
          "quantizedPartCount": 1,
          "quantizedAreaMeters2": 89040.98436849582
        },
        "osmComparison": {
          "iou": 0.0,
          "officialCoveredByOsm": 0.0,
          "osmCoveredByOfficial": 0.0,
          "oldAreaMeters2": 1082854.999096445,
          "newAreaMeters2": 89027.44340264089,
          "hausdorffMeters": 1352.5569841976278
        }
      },
      "geometry": {
        "type": "Polygon",
        "coordinates": [
          [
            [
              9.872966695377302,
              37.273240850088946
            ],
            [
              9.87207716992558,
              37.27275335236588
            ],
            [
              9.870816788572828,
              37.27200785469622
            ],
            [
              9.870696665537638,
              37.27214230658302
            ],
            [
              9.870584195789514,
              37.27228276542042
            ],
            [
              9.87047552176241,
              37.27242319409237
            ],
            [
              9.87037447034557,
              37.27256659666491
            ],
            [
              9.870277245417942,
              37.272713002954326
            ],
            [
              9.870191438982678,
              37.272862352611675
            ],
            [
              9.870109459412722,
              37.27301470601175
            ],
            [
              9.870031306400088,
              37.27317006316459
            ],
            [
              9.869964541297422,
              37.273325330391636
            ],
            [
              9.869950492692718,
              37.27343770298564
            ],
            [
              9.869944036432965,
              37.27355001523086
            ],
            [
              9.869945172559843,
              37.273662267899525
            ],
            [
              9.869946339394621,
              37.273777553907564
            ],
            [
              9.869959140526253,
              37.273917020881925
            ],
            [
              9.86998333036542,
              37.27405639771386
            ],
            [
              9.870011285812057,
              37.274192710376944
            ],
            [
              9.87005066077419,
              37.274331966997465
            ],
            [
              9.87008599361994,
              37.27444698255182
            ],
            [
              9.870132715631854,
              37.274561908194144
            ],
            [
              9.870183234038294,
              37.274676803761345
            ],
            [
              9.870241314070105,
              37.274788605341264
            ],
            [
              9.87030319085877,
              37.274900376829194
            ],
            [
              9.870017966835718,
              37.27635292967116
            ],
            [
              9.87008339523866,
              37.27644040009201
            ],
            [
              9.870121849763436,
              37.27648864125111
            ],
            [
              9.870538816967345,
              37.27604843104636
            ],
            [
              9.870679526307926,
              37.276071589136734
            ],
            [
              9.870875612146753,
              37.27593957015669
            ],
            [
              9.871145457211957,
              37.275967772759884
            ],
            [
              9.871376816620256,
              37.27594470067036
            ],
            [
              9.871594036665348,
              37.2760248990308
            ],
            [
              9.872048123887257,
              37.27550246858637
            ],
            [
              9.872198773963403,
              37.275382943951314
            ],
            [
              9.872605566432977,
              37.27506417084405
            ],
            [
              9.872609362699242,
              37.275064140713354
            ],
            [
              9.872696029637952,
              37.27499973675962
            ],
            [
              9.87271109141696,
              37.27498748106957
            ],
            [
              9.872744363994059,
              37.27489922812012
            ],
            [
              9.872744333176625,
              37.274896194524175
            ],
            [
              9.873055378984986,
              37.27486945222915
            ],
            [
              9.873047693976384,
              37.274860410960166
            ],
            [
              9.872940831148457,
              37.27331083919566
            ],
            [
              9.872966695377302,
              37.273240850088946
            ]
          ]
        ]
      }
    },
    {
      "type": "Feature",
      "id": "osm:relation:7118630",
      "properties": {
        "officialCode": "175160",
        "nameAr": "المؤتمر",
        "nameFr": "El motamar",
        "governorateCode": "17",
        "governorateAr": "بنزرت",
        "governorateFr": "Bizerte",
        "delegationCode": "1751",
        "parentAr": "بنزرت الشمالية",
        "parentFr": "Bizerte nord",
        "sourceId": "isie-local-sectors-2023-bizerte-three-review",
        "sourcePdfURL": "https://www.isie.tn/wp-content/uploads/2023/CartesCirconscriptionsElectoralesLocales2023/%D8%A8%D9%86%D8%B2%D8%B1%D8%AA/%D8%A8%D9%86%D8%B2%D8%B1%D8%AA%20%D8%A7%D9%84%D8%B4%D9%85%D8%A7%D9%84%D9%8A%D8%A9/%D8%A7%D9%84%D9%85%D8%A4%D8%AA%D9%85%D8%B1.pdf",
        "sourcePdfSha256": "8aecb95e2e8f47831b700d62817df926f69f6fc917a8afafd9aa47333c033428",
        "sourcePdfFile": "C:\\Users\\barou\\Documents\\Codex\\2026-09-06\\the-android-app-app-currently-allows\\work\\isie-sector-maps-moutamar\\moutamar.pdf",
        "sourcePdfRenderFile": "C:\\Users\\barou\\Documents\\Codex\\2026-09-06\\the-android-app-app-currently-allows\\work\\isie-sector-maps-moutamar\\moutamar.png",
        "sourcePdfRenderSha256": "b3f11d82093e2deb11640af6a4c5eae01dcc73c1526f8a148418e0e5ebc035c7",
        "sourcePdfCreated": "D:20231017011819+01",
        "reviewedDate": "2026-09-07",
        "sourceMapTitleAr": "المؤتمر",
        "targetIsPageTitle": true,
        "sourceDrawingIndices": [
          438
        ],
        "sourceVectorLayer": "circonscription_isie2023",
        "sourceCrsEpsg": 32632,
        "sourceCrsWkt": "PROJCS[\"WGS_1984_UTM_Zone_32N\",GEOGCS[\"GCS_WGS_1984\",DATUM[\"D_WGS_1984\",SPHEROID[\"WGS_1984\",6378137.0,298.257223563]],PRIMEM[\"Greenwich\",0.0],UNIT[\"Degree\",0.0174532925199433]],PROJECTION[\"Transverse_Mercator\"],PARAMETER[\"False_Easting\",500000.0],PARAMETER[\"False_Northing\",0.0],PARAMETER[\"Central_Meridian\",9.0],PARAMETER[\"Scale_Factor\",0.9996],PARAMETER[\"Latitude_Of_Origin\",0.0],UNIT[\"Meter\",1.0]]",
        "sourceControlPointMaxResidualMeters": 0.15662211607887583,
        "sourceControlPointsLatLon": [
          [
            37.26662,
            9.84672
          ],
          [
            37.28389,
            9.84692
          ],
          [
            37.28366,
            9.87785
          ],
          [
            37.26639,
            9.87765
          ]
        ],
        "sourceLocalControlPoints": [
          [
            0.0,
            1.0
          ],
          [
            0.0,
            0.0
          ],
          [
            1.0,
            0.0
          ],
          [
            1.0,
            1.0
          ]
        ],
        "sourceViewportBBox": [
          4.31908,
          590.46173,
          841.50095,
          5.38791
        ],
        "sourcePageTransformationMatrix": [
          1.0,
          0.0,
          0.0,
          -1.0,
          0.0,
          595.5023803710938
        ],
        "sourceAffineMetersFromPagePoints": [
          [
            3.2757494118897594,
            -0.0006217773975069997
          ],
          [
            -0.00045557991438727186,
            -3.2750166649238963
          ],
          [
            575060.9637732047,
            4126718.611252284
          ]
        ],
        "sourceGeometry": {
          "type": "Polygon",
          "coordinates": [
            [
              [
                9.869100368536913,
                37.28025032429536
              ],
              [
                9.869073027384243,
                37.280186757453585
              ],
              [
                9.869045686289018,
                37.28012319150504
              ],
              [
                9.869017725002713,
                37.280006486181094
              ],
              [
                9.868989887847144,
                37.2799004085409
              ],
              [
                9.868975225068327,
                37.27978360355375
              ],
              [
                9.86897386066065,
                37.27966669981966
              ],
              [
                9.868972620287268,
                37.27956042287679
              ],
              [
                9.868971255894527,
                37.2794435191382
              ],
              [
                9.868996612042126,
                37.2793370429029
              ],
              [
                9.869021844078702,
                37.27921993896633
              ],
              [
                9.869047200086078,
                37.27911346271808
              ],
              [
                9.869085854230672,
                37.279006887710004
              ],
              [
                9.8691378064348,
                37.27890021212817
              ],
              [
                9.869189758494818,
                37.2787935365235
              ],
              [
                9.869255132632459,
                37.27869738981944
              ],
              [
                9.869333680634478,
                37.27859051480278
              ],
              [
                9.869412476604532,
                37.27850489512502
              ],
              [
                9.868785483734902,
                37.27833953666283
              ],
              [
                9.866466921751133,
                37.2779529960003
              ],
              [
                9.865747471539239,
                37.27784145438884
              ],
              [
                9.865667559960983,
                37.27783142231923
              ],
              [
                9.86557447395532,
                37.27783211716111
              ],
              [
                9.865481387946492,
                37.27783281192981
              ],
              [
                9.865375005060054,
                37.277833605853154
              ],
              [
                9.86526874455059,
                37.27784502739727
              ],
              [
                9.865162484007156,
                37.27785644884639
              ],
              [
                9.865056346908666,
                37.277878497909
              ],
              [
                9.864963632355293,
                37.277911075388765
              ],
              [
                9.864937036320988,
                37.277911273764694
              ],
              [
                9.864910069910966,
                37.277879589008016
              ],
              [
                9.864909946452608,
                37.27786896129909
              ],
              [
                9.86498837523256,
                37.27775146228454
              ],
              [
                9.864946876249016,
                37.27761359963445
              ],
              [
                9.864919787612685,
                37.277571287159304
              ],
              [
                9.864745309532802,
                37.277434417092415
              ],
              [
                9.864463586164606,
                37.277223944973024
              ],
              [
                9.864059716919574,
                37.276801810632
              ],
              [
                9.862440098800658,
                37.27475191881023
              ],
              [
                9.862115177236427,
                37.274254789874796
              ],
              [
                9.86156592750634,
                37.27390812789998
              ],
              [
                9.860496985132167,
                37.273469663309804
              ],
              [
                9.860607570773071,
                37.272682324954886
              ],
              [
                9.860681211457218,
                37.272150348065786
              ],
              [
                9.860367398442243,
                37.27146181685382
              ],
              [
                9.86028516259206,
                37.27124985499977
              ],
              [
                9.859875581207158,
                37.27032820348277
              ],
              [
                9.859397810253698,
                37.269258254670724
              ],
              [
                9.858961045284296,
                37.268283657781176
              ],
              [
                9.858783535747797,
                37.267881085615635
              ],
              [
                9.858742789091517,
                37.267806986818286
              ],
              [
                9.858702165057343,
                37.267743515749615
              ],
              [
                9.858634948612082,
                37.26768024158059
              ],
              [
                9.858581029636163,
                37.26761686891383
              ],
              [
                9.858513935919442,
                37.26756422241748
              ],
              [
                9.858433546084992,
                37.26751167431525
              ],
              [
                9.858353278852782,
                37.26746975390269
              ],
              [
                9.858273011708965,
                37.267427833434276
              ],
              [
                9.858179570929725,
                37.267396639061744
              ],
              [
                9.858086131353756,
                37.26736544460598
              ],
              [
                9.857992813165971,
                37.267344877831
              ],
              [
                9.857899617454123,
                37.26733493872937
              ],
              [
                9.85779324799634,
                37.26733572566342
              ],
              [
                9.857420711270791,
                37.26731722367388
              ],
              [
                9.857394118909596,
                37.26731742030871
              ],
              [
                9.85746051917543,
                37.268464821998855
              ],
              [
                9.857462232337872,
                37.268613608650455
              ],
              [
                9.857464067905159,
                37.268773024846105
              ],
              [
                9.857439188189087,
                37.2689220099434
              ],
              [
                9.857427604869526,
                37.26907089671021
              ],
              [
                9.8574028473496,
                37.26923050863933
              ],
              [
                9.85736467083649,
                37.26937959203364
              ],
              [
                9.85732649416799,
                37.26952867451298
              ],
              [
                9.856402389645968,
                37.27242648868219
              ],
              [
                9.856017407992187,
                37.27364099352559
              ],
              [
                9.855645222141005,
                37.274812887936285
              ],
              [
                9.855439911578996,
                37.275462748280866
              ],
              [
                9.855388552739695,
                37.275622556823734
              ],
              [
                9.855337194253163,
                37.275782365338614
              ],
              [
                9.85529913268634,
                37.27594207483425
              ],
              [
                9.8552744908043,
                37.27611231485903
              ],
              [
                9.855249726715094,
                37.276271926235495
              ],
              [
                9.855225084628607,
                37.27644216624332
              ],
              [
                9.855226915982612,
                37.27660158142063
              ],
              [
                9.855215571602756,
                37.27677172332512
              ],
              [
                9.855230700837296,
                37.2769310404007
              ],
              [
                9.855245952248774,
                37.27710098610755
              ],
              [
                9.855274379563527,
                37.27726020506997
              ],
              [
                9.85537662326869,
                37.27805659674532
              ],
              [
                9.855391509483507,
                37.27819465918511
              ],
              [
                9.855447143904657,
                37.278406820511805
              ],
              [
                9.855502779213083,
                37.27861898179675
              ],
              [
                9.85557171306741,
                37.27883104580921
              ],
              [
                9.855653944994366,
                37.27904301072711
              ],
              [
                9.855736055782279,
                37.27924434783821
              ],
              [
                9.855818289214463,
                37.27945631351249
              ],
              [
                9.855913699264814,
                37.27965755230864
              ],
              [
                9.85600910927885,
                37.27985879191967
              ],
              [
                9.85614478178535,
                37.28009161912492
              ],
              [
                9.856267157230308,
                37.280324544369506
              ],
              [
                9.856416007063338,
                37.280546645282236
              ],
              [
                9.85656485891833,
                37.28076874688101
              ],
              [
                9.856713711647005,
                37.28099084737256
              ],
              [
                9.856875741553196,
                37.28120222254557
              ],
              [
                9.857037771235078,
                37.28141359658544
              ],
              [
                9.859463596864332,
                37.283021814745794
              ],
              [
                9.859873530032239,
                37.28281683140194
              ],
              [
                9.860708531806624,
                37.282566179285624
              ],
              [
                9.861397488168302,
                37.28233786182352
              ],
              [
                9.861609406871628,
                37.282261886891256
              ],
              [
                9.861808150531404,
                37.2821966381306
              ],
              [
                9.86194064498329,
                37.28215313878181
              ],
              [
                9.862258953812374,
                37.28207637176904
              ],
              [
                9.86261715710689,
                37.28199930891946
              ],
              [
                9.863027322435043,
                37.2818155702103
              ],
              [
                9.863305115222252,
                37.28168595882004
              ],
              [
                9.863768595071537,
                37.281512449224806
              ],
              [
                9.864509862831671,
                37.28120932454899
              ],
              [
                9.865689109137712,
                37.28082852604836
              ],
              [
                9.866180410477135,
                37.280761086479046
              ],
              [
                9.869100368536913,
                37.28025032429536
              ]
            ]
          ]
        },
        "sourcePagePaths": [
          [
            [
              605.7510986328125,
              122.7755126953125
            ],
            [
              605.03125,
              124.935791015625
            ],
            [
              604.3114013671875,
              127.09603881835938
            ],
            [
              603.591552734375,
              131.05654907226562
            ],
            [
              602.8717041015625,
              134.65701293945312
            ],
            [
              602.5117797851562,
              138.61752319335938
            ],
            [
              602.5117797851562,
              142.5780029296875
            ],
            [
              602.5117797851562,
              146.178466796875
            ],
            [
              602.5117797851562,
              150.13894653320312
            ],
            [
              603.2316284179688,
              153.73941040039062
            ],
            [
              603.9514770507812,
              157.69992065429688
            ],
            [
              604.6713256835938,
              161.30038452148438
            ],
            [
              605.7510986328125,
              164.90081787109375
            ],
            [
              607.1907958984375,
              168.50128173828125
            ],
            [
              608.6304931640625,
              172.10174560546875
            ],
            [
              610.4301147460938,
              175.34213256835938
            ],
            [
              612.5896606445312,
              178.94259643554688
            ],
            [
              614.7492065429688,
              181.82296752929688
            ],
            [
              597.8328247070312,
              187.58367919921875
            ],
            [
              535.2061157226562,
              201.26541137695312
            ],
            [
              515.770263671875,
              205.22592163085938
            ],
            [
              513.6107177734375,
              205.58596801757812
            ],
            [
              511.09124755859375,
              205.58596801757812
            ],
            [
              508.57177734375,
              205.58596801757812
            ],
            [
              505.6924133300781,
              205.58596801757812
            ],
            [
              502.8130187988281,
              205.22592163085938
            ],
            [
              499.9336242675781,
              204.86587524414062
            ],
            [
              497.0542297363281,
              204.14578247070312
            ],
            [
              494.5347900390625,
              203.06564331054688
            ],
            [
              493.81494140625,
              203.06564331054688
            ],
            [
              493.0950927734375,
              204.14578247070312
            ],
            [
              493.0950927734375,
              204.50582885742188
            ],
            [
              495.2546081542969,
              208.46630859375
            ],
            [
              494.1748352050781,
              213.14691162109375
            ],
            [
              493.45501708984375,
              214.58709716796875
            ],
            [
              488.7760009765625,
              219.26766967773438
            ],
            [
              481.2176208496094,
              226.46859741210938
            ],
            [
              470.419921875,
              240.87042236328125
            ],
            [
              427.2290954589844,
              310.7192077636719
            ],
            [
              418.5909423828125,
              327.641357421875
            ],
            [
              403.8340759277344,
              339.5228576660156
            ],
            [
              375.0401916503906,
              354.644775390625
            ],
            [
              378.2795104980469,
              381.28814697265625
            ],
            [
              380.4390563964844,
              399.2904052734375
            ],
            [
              372.1607971191406,
              422.693359375
            ],
            [
              370.00128173828125,
              429.8942565917969
            ],
            [
              359.2035827636719,
              461.21820068359375
            ],
            [
              346.60626220703125,
              497.5827941894531
            ],
            [
              335.0887145996094,
              530.7069702148438
            ],
            [
              330.4096984863281,
              544.388671875
            ],
            [
              329.3299255371094,
              546.9089965820312
            ],
            [
              328.2501525878906,
              549.0692749023438
            ],
            [
              326.4505310058594,
              551.2295532226562
            ],
            [
              325.0108642578125,
              553.3898315429688
            ],
            [
              323.21124267578125,
              555.1900634765625
            ],
            [
              321.05169677734375,
              556.9902954101562
            ],
            [
              318.89215087890625,
              558.4304809570312
            ],
            [
              316.73260498046875,
              559.8706665039062
            ],
            [
              314.213134765625,
              560.9508056640625
            ],
            [
              311.6936950683594,
              562.0309448242188
            ],
            [
              309.1742248535156,
              562.7510375976562
            ],
            [
              306.6547546386719,
              563.111083984375
            ],
            [
              303.7753601074219,
              563.111083984375
            ],
            [
              293.697509765625,
              563.8311767578125
            ],
            [
              292.9776611328125,
              563.8311767578125
            ],
            [
              294.4173583984375,
              524.9462280273438
            ],
            [
              294.4173583984375,
              519.9056396484375
            ],
            [
              294.4173583984375,
              514.5049438476562
            ],
            [
              293.697509765625,
              509.46429443359375
            ],
            [
              293.33758544921875,
              504.42364501953125
            ],
            [
              292.61773681640625,
              499.0229797363281
            ],
            [
              291.5379638671875,
              493.9823303222656
            ],
            [
              290.45819091796875,
              488.94171142578125
            ],
            [
              264.543701171875,
              391.00933837890625
            ],
            [
              253.7460174560547,
              349.96417236328125
            ],
            [
              243.3082275390625,
              310.35919189453125
            ],
            [
              237.54945373535156,
              288.39642333984375
            ],
            [
              236.10975646972656,
              282.9957275390625
            ],
            [
              234.67007446289062,
              277.59503173828125
            ],
            [
              233.59030151367188,
              272.1943664550781
            ],
            [
              232.87045288085938,
              266.4336242675781
            ],
            [
              232.15060424804688,
              261.032958984375
            ],
            [
              231.43075561523438,
              255.272216796875
            ],
            [
              231.43075561523438,
              249.87155151367188
            ],
            [
              231.07083129882812,
              244.11080932617188
            ],
            [
              231.43075561523438,
              238.71014404296875
            ],
            [
              231.79067993164062,
              232.94940185546875
            ],
            [
              232.51052856445312,
              227.54873657226562
            ],
            [
              235.0299835205078,
              200.54531860351562
            ],
            [
              235.38992309570312,
              195.86471557617188
            ],
            [
              236.82960510253906,
              188.663818359375
            ],
            [
              238.26930236816406,
              181.46292114257812
            ],
            [
              240.0689239501953,
              174.26199340820312
            ],
            [
              242.22845458984375,
              167.06109619140625
            ],
            [
              244.38800048828125,
              160.22024536132812
            ],
            [
              246.54754638671875,
              153.01931762695312
            ],
            [
              249.0670166015625,
              146.178466796875
            ],
            [
              251.5864715576172,
              139.33758544921875
            ],
            [
              255.18569946289062,
              131.41659545898438
            ],
            [
              258.4250183105469,
              123.49560546875
            ],
            [
              262.3841552734375,
              115.93466186523438
            ],
            [
              266.34332275390625,
              108.37368774414062
            ],
            [
              270.302490234375,
              100.812744140625
            ],
            [
              274.62158203125,
              93.61181640625
            ],
            [
              278.9406433105469,
              86.41091918945312
            ],
            [
              344.0867919921875,
              31.323974609375
            ],
            [
              355.2444152832031,
              38.16485595703125
            ],
            [
              377.9195861816406,
              46.44586181640625
            ],
            [
              396.6356201171875,
              54.0068359375
            ],
            [
              402.3943786621094,
              56.52716064453125
            ],
            [
              407.7932434082031,
              58.68743896484375
            ],
            [
              411.3924560546875,
              60.12762451171875
            ],
            [
              420.0306396484375,
              62.64794921875
            ],
            [
              429.7485656738281,
              65.168212890625
            ],
            [
              440.90618896484375,
              71.28900146484375
            ],
            [
              448.4645690917969,
              75.60955810546875
            ],
            [
              461.0618896484375,
              81.37030029296875
            ],
            [
              481.2176208496094,
              91.45156860351562
            ],
            [
              513.2507934570312,
              104.05316162109375
            ],
            [
              526.5679321289062,
              106.21340942382812
            ],
            [
              605.7510986328125,
              122.7755126953125
            ]
          ]
        ],
        "geometryHash": "a531a26ba6889f4e5bf390e593b4579b3bba68a5ec9cd7d81c2a443c8bc749fe",
        "joiningReview": {
          "paths": 1,
          "allSourceSegmentsPreserved": true,
          "addedConnectorSegments": 0,
          "exactEndpointMatches": true,
          "explicitlyClosedCombinedPath": true,
          "originalSegmentCount": 120,
          "joinedSegmentCount": 120,
          "originalAndJoinedEdgeMultiplicityEqual": true,
          "sourcePathEndpoints": [
            {
              "first": [
                605.7510986328125,
                122.7755126953125
              ],
              "last": [
                605.7510986328125,
                122.7755126953125
              ]
            }
          ]
        },
        "repair": {
          "applied": false
        },
        "clipReview": {
          "outsideViewportAreaPoints2": 0.0,
          "distanceFromViewportPoints": 26.283264160156254,
          "activeClips": [
            {
              "sequence": 446,
              "outsideActiveClipAreasPoints2": [
                0.0,
                0.0
              ]
            }
          ]
        },
        "manualIdentityQualification": "Official indexed Moutamar map title, red Moutamar label, unique complete ring438 and INS2024 code175160 identify the western Bizerte Nord sector. Decree2023-590 annexA PDFpage29/JORT5126 explicitly identifies Moutamar as one whole imada and same-name electoral circle. Red neighboring Habib Bougatfa and Boubaker Bakir labels are also printed inside this ring; their text placement is not interpreted as inclusion or separate imada identity. No borders are inferred from labels, and no legacy geometry/name swapping is performed.",
        "labelCenterContainmentPassed": true,
        "insideTargetLabels": [
          {
            "text": "رﻣﺗؤﻣﻟا",
            "normalizedForward": "رمتؤملا",
            "normalizedReverse": "المؤتمر",
            "colors": [
              15073280
            ],
            "bounds": [
              237.7294158935547,
              207.70143127441406,
              327.7317810058594,
              260.9859924316406
            ],
            "point": [
              282.73059844970703,
              234.34371185302734
            ]
          }
        ],
        "labelPlacementReview": null,
        "visualReview": "full official PDF page inspected, including neighboring labels and legend",
        "administrativeScopeEvidence": {
          "sourceURL": "https://www.isie.tn/wp-content/uploads/2023/09/Decret2023_590Arabe.pdf",
          "sourceSha256": "bfb3fe752b9900eaf873198b009968243f1b0bd2c119836cfd4fbbfc07e1e10f",
          "PDFPage": 29,
          "JORTPage": 5126,
          "table": "AnnexA",
          "imadaAr": "المؤتمر",
          "circleAr": "المؤتمر",
          "parentAr": "بنزرت الشمالية",
          "semantics": "WHOLE_IMADA_CIRCLE_CONFIRMED_IN_ANNEX_A",
          "reviewImageFile": "C:\\Users\\barou\\Documents\\Codex\\2026-09-06\\the-android-app-app-currently-allows\\work\\electoral-circle-semantics\\review-29.png",
          "reviewImageSha256": "8992306a876a31161bc60c727997c48397127470199ce2b81273bd8c841625c4",
          "method": "Full decree page visually inspected: distinct one-to-one imada/circle row, no subdivided imada cell."
        },
        "sourceAssertion": {
          "id": "osm:relation:7118630",
          "expectedKind": "sector",
          "expectedTags": {
            "admin_level": "6",
            "boundary": "administrative",
            "name": "المؤتمر",
            "name:ar": "المؤتمر",
            "name:fr": "El Mootamar",
            "ref:tn:codegeo": "175160"
          }
        },
        "currentOfficialIdentity": {
          "governorateCode": "17",
          "governorateFr": "Bizerte",
          "governorateAr": "بنزرت",
          "delegationCode": "1751",
          "delegationFr": "Bizerte nord",
          "delegationAr": "بنزرت الشمالية",
          "sectorCode": "175160",
          "sectorFr": "El motamar",
          "sectorAr": "المؤتمر",
          "sourceRows": {
            "Population_Secteur_Age_Sexe_Dynamique.xlsx": 16728,
            "Nombre_de_Logements_par_Secteurs.xlsx": 716,
            "Nombre_de_menages_par_Secteurs.xlsx": 715
          }
        },
        "officialRegistrySha256": "23b3ee87c07971eb48b456799833f1996ade5d0bdc10d7bf6b0e3bf6798c9eec",
        "validation": {
          "valid": true,
          "countryFullyContains": true,
          "areaMeters2": 972236.4567524495,
          "boundsWgs84": [
            9.855215571602756,
            37.26731722367388,
            9.869412476604532,
            37.283021814745794
          ],
          "quantizedValid": true,
          "quantizedCountryFullyContains": true,
          "quantizedPartCount": 1,
          "quantizedAreaMeters2": 972249.1846288191
        },
        "osmComparison": {
          "iou": 0.0,
          "officialCoveredByOsm": 0.0,
          "osmCoveredByOfficial": 0.0,
          "oldAreaMeters2": 486384.35196690273,
          "newAreaMeters2": 972236.4567524495,
          "hausdorffMeters": 1898.42709328629
        }
      },
      "geometry": {
        "type": "Polygon",
        "coordinates": [
          [
            [
              9.869100368536913,
              37.28025032429536
            ],
            [
              9.869073027384243,
              37.280186757453585
            ],
            [
              9.869045686289018,
              37.28012319150504
            ],
            [
              9.869017725002713,
              37.280006486181094
            ],
            [
              9.868989887847144,
              37.2799004085409
            ],
            [
              9.868975225068327,
              37.27978360355375
            ],
            [
              9.86897386066065,
              37.27966669981966
            ],
            [
              9.868972620287268,
              37.27956042287679
            ],
            [
              9.868971255894527,
              37.2794435191382
            ],
            [
              9.868996612042126,
              37.2793370429029
            ],
            [
              9.869021844078702,
              37.27921993896633
            ],
            [
              9.869047200086078,
              37.27911346271808
            ],
            [
              9.869085854230672,
              37.279006887710004
            ],
            [
              9.8691378064348,
              37.27890021212817
            ],
            [
              9.869189758494818,
              37.2787935365235
            ],
            [
              9.869255132632459,
              37.27869738981944
            ],
            [
              9.869333680634478,
              37.27859051480278
            ],
            [
              9.869412476604532,
              37.27850489512502
            ],
            [
              9.868785483734902,
              37.27833953666283
            ],
            [
              9.866466921751133,
              37.2779529960003
            ],
            [
              9.865747471539239,
              37.27784145438884
            ],
            [
              9.865667559960983,
              37.27783142231923
            ],
            [
              9.86557447395532,
              37.27783211716111
            ],
            [
              9.865481387946492,
              37.27783281192981
            ],
            [
              9.865375005060054,
              37.277833605853154
            ],
            [
              9.86526874455059,
              37.27784502739727
            ],
            [
              9.865162484007156,
              37.27785644884639
            ],
            [
              9.865056346908666,
              37.277878497909
            ],
            [
              9.864963632355293,
              37.277911075388765
            ],
            [
              9.864937036320988,
              37.277911273764694
            ],
            [
              9.864910069910966,
              37.277879589008016
            ],
            [
              9.864909946452608,
              37.27786896129909
            ],
            [
              9.86498837523256,
              37.27775146228454
            ],
            [
              9.864946876249016,
              37.27761359963445
            ],
            [
              9.864919787612685,
              37.277571287159304
            ],
            [
              9.864745309532802,
              37.277434417092415
            ],
            [
              9.864463586164606,
              37.277223944973024
            ],
            [
              9.864059716919574,
              37.276801810632
            ],
            [
              9.862440098800658,
              37.27475191881023
            ],
            [
              9.862115177236427,
              37.274254789874796
            ],
            [
              9.86156592750634,
              37.27390812789998
            ],
            [
              9.860496985132167,
              37.273469663309804
            ],
            [
              9.860607570773071,
              37.272682324954886
            ],
            [
              9.860681211457218,
              37.272150348065786
            ],
            [
              9.860367398442243,
              37.27146181685382
            ],
            [
              9.86028516259206,
              37.27124985499977
            ],
            [
              9.859875581207158,
              37.27032820348277
            ],
            [
              9.859397810253698,
              37.269258254670724
            ],
            [
              9.858961045284296,
              37.268283657781176
            ],
            [
              9.858783535747797,
              37.267881085615635
            ],
            [
              9.858742789091517,
              37.267806986818286
            ],
            [
              9.858702165057343,
              37.267743515749615
            ],
            [
              9.858634948612082,
              37.26768024158059
            ],
            [
              9.858581029636163,
              37.26761686891383
            ],
            [
              9.858513935919442,
              37.26756422241748
            ],
            [
              9.858433546084992,
              37.26751167431525
            ],
            [
              9.858353278852782,
              37.26746975390269
            ],
            [
              9.858273011708965,
              37.267427833434276
            ],
            [
              9.858179570929725,
              37.267396639061744
            ],
            [
              9.858086131353756,
              37.26736544460598
            ],
            [
              9.857992813165971,
              37.267344877831
            ],
            [
              9.857899617454123,
              37.26733493872937
            ],
            [
              9.85779324799634,
              37.26733572566342
            ],
            [
              9.857420711270791,
              37.26731722367388
            ],
            [
              9.857394118909596,
              37.26731742030871
            ],
            [
              9.85746051917543,
              37.268464821998855
            ],
            [
              9.857462232337872,
              37.268613608650455
            ],
            [
              9.857464067905159,
              37.268773024846105
            ],
            [
              9.857439188189087,
              37.2689220099434
            ],
            [
              9.857427604869526,
              37.26907089671021
            ],
            [
              9.8574028473496,
              37.26923050863933
            ],
            [
              9.85736467083649,
              37.26937959203364
            ],
            [
              9.85732649416799,
              37.26952867451298
            ],
            [
              9.856402389645968,
              37.27242648868219
            ],
            [
              9.856017407992187,
              37.27364099352559
            ],
            [
              9.855645222141005,
              37.274812887936285
            ],
            [
              9.855439911578996,
              37.275462748280866
            ],
            [
              9.855388552739695,
              37.275622556823734
            ],
            [
              9.855337194253163,
              37.275782365338614
            ],
            [
              9.85529913268634,
              37.27594207483425
            ],
            [
              9.8552744908043,
              37.27611231485903
            ],
            [
              9.855249726715094,
              37.276271926235495
            ],
            [
              9.855225084628607,
              37.27644216624332
            ],
            [
              9.855226915982612,
              37.27660158142063
            ],
            [
              9.855215571602756,
              37.27677172332512
            ],
            [
              9.855230700837296,
              37.2769310404007
            ],
            [
              9.855245952248774,
              37.27710098610755
            ],
            [
              9.855274379563527,
              37.27726020506997
            ],
            [
              9.85537662326869,
              37.27805659674532
            ],
            [
              9.855391509483507,
              37.27819465918511
            ],
            [
              9.855447143904657,
              37.278406820511805
            ],
            [
              9.855502779213083,
              37.27861898179675
            ],
            [
              9.85557171306741,
              37.27883104580921
            ],
            [
              9.855653944994366,
              37.27904301072711
            ],
            [
              9.855736055782279,
              37.27924434783821
            ],
            [
              9.855818289214463,
              37.27945631351249
            ],
            [
              9.855913699264814,
              37.27965755230864
            ],
            [
              9.85600910927885,
              37.27985879191967
            ],
            [
              9.85614478178535,
              37.28009161912492
            ],
            [
              9.856267157230308,
              37.280324544369506
            ],
            [
              9.856416007063338,
              37.280546645282236
            ],
            [
              9.85656485891833,
              37.28076874688101
            ],
            [
              9.856713711647005,
              37.28099084737256
            ],
            [
              9.856875741553196,
              37.28120222254557
            ],
            [
              9.857037771235078,
              37.28141359658544
            ],
            [
              9.859463596864332,
              37.283021814745794
            ],
            [
              9.859873530032239,
              37.28281683140194
            ],
            [
              9.860708531806624,
              37.282566179285624
            ],
            [
              9.861397488168302,
              37.28233786182352
            ],
            [
              9.861609406871628,
              37.282261886891256
            ],
            [
              9.861808150531404,
              37.2821966381306
            ],
            [
              9.86194064498329,
              37.28215313878181
            ],
            [
              9.862258953812374,
              37.28207637176904
            ],
            [
              9.86261715710689,
              37.28199930891946
            ],
            [
              9.863027322435043,
              37.2818155702103
            ],
            [
              9.863305115222252,
              37.28168595882004
            ],
            [
              9.863768595071537,
              37.281512449224806
            ],
            [
              9.864509862831671,
              37.28120932454899
            ],
            [
              9.865689109137712,
              37.28082852604836
            ],
            [
              9.866180410477135,
              37.280761086479046
            ],
            [
              9.869100368536913,
              37.28025032429536
            ]
          ]
        ]
      }
    }
  ],
  "limitations": [
    "Official2023 whole-imada electoral footprints with finite registration precision.",
    "Every source segment retained; no repair, snapping, buffering or clipping."
  ],
  "priorStandaloneMoutamarProposal": {
    "file": "C:\\Users\\barou\\Documents\\Codex\\2026-09-06\\the-android-app-app-currently-allows\\outputs\\moutamar-review-isie2023-sector.geojson",
    "sha256": "5254999b7e79f5eab375d5036c28b51291df8b5c3627683b542ba7d277ead5b1",
    "geometryUnchanged": true
  }
}
