{
  "type": "FeatureCollection",
  "sourceId": "isie-local-sectors-2023-chenini-two-review",
  "status": "REVIEWED_COMPLETE_SOURCE_CANDIDATES_PENDING_NEIGHBOR_ACCEPTANCE",
  "reviewedDate": "2026-09-07",
  "sourceSha256": "7edc8fa6fc00635c4507ab3718552c015533210b46c4d95099b43a76f21939fd",
  "sourceSnapshotSha256": "346a79dca9013b427cf7ce4e11fb31ca03fa575ee7a68c865701c463c504a1ce",
  "features": [
    {
      "type": "Feature",
      "id": "osm:relation:7143881",
      "properties": {
        "officialCode": "535259",
        "nameAr": "شنني",
        "nameFr": "Chenini",
        "governorateCode": "53",
        "governorateAr": "تطاوين",
        "governorateFr": "Tataouine",
        "delegationCode": "5352",
        "parentAr": "تطاوين الجنوبية",
        "parentFr": "Tataouine sud",
        "sourceId": "isie-local-sectors-2023-chenini-two-review",
        "sourcePdfURL": "https://www.isie.tn/wp-content/uploads/2023/CartesCirconscriptionsElectoralesLocales2023/%D8%AA%D8%B7%D8%A7%D9%88%D9%8A%D9%86/%D8%AA%D8%B7%D8%A7%D9%88%D9%8A%D9%86%20%D8%A7%D9%84%D8%AC%D9%86%D9%88%D8%A8%D9%8A%D8%A9/%D8%B4%D9%86%D9%86%D9%8A.pdf",
        "sourcePdfSha256": "6de89fef69504d0be66d75e07cacc9b4c135b2fffa64ff1bb9d74fb74ac8f4f5",
        "sourcePdfFile": "work/chenini-identity-review/maps/chenini.pdf",
        "sourcePdfCreated": "D:20231017093506+01",
        "reviewedDate": "2026-09-07",
        "sourceMapTitleAr": "شنني",
        "targetIsPageTitle": true,
        "sourceDrawingIndices": [
          664
        ],
        "sourceVectorLayer": "circonscription_isie2023",
        "sourceCrsEpsg": 32632,
        "sourceCrsWkt": "PROJCS[\"WGS_1984_UTM_Zone_32N\",GEOGCS[\"GCS_WGS_1984\",DATUM[\"D_WGS_1984\",SPHEROID[\"WGS_1984\",6378137.0,298.257223563]],PRIMEM[\"Greenwich\",0.0],UNIT[\"Degree\",0.0174532925199433]],PROJECTION[\"Transverse_Mercator\"],PARAMETER[\"False_Easting\",500000.0],PARAMETER[\"False_Northing\",0.0],PARAMETER[\"Central_Meridian\",9.0],PARAMETER[\"Scale_Factor\",0.9996],PARAMETER[\"Latitude_Of_Origin\",0.0],UNIT[\"Meter\",1.0]]",
        "sourceControlPointMaxResidualMeters": 0.28848494539735153,
        "sourceControlPointsLatLon": [
          [
            32.81404,
            9.88027
          ],
          [
            33.0782,
            9.88289
          ],
          [
            33.07421,
            10.33196
          ],
          [
            32.8101,
            10.32801
          ]
        ],
        "sourceLocalControlPoints": [
          [
            0.0,
            1.0
          ],
          [
            0.0,
            0.0
          ],
          [
            1.0,
            0.0
          ],
          [
            1.0,
            1.0
          ]
        ],
        "sourceViewportBBox": [
          4.31908,
          590.46173,
          841.50095,
          5.38791
        ],
        "sourcePageTransformationMatrix": [
          1.0,
          0.0,
          0.0,
          -1.0,
          0.0,
          595.5023803710938
        ],
        "sourceAffineMetersFromPagePoints": [
          [
            50.075345770318904,
            0.0004942069848521484
          ],
          [
            0.0005055766775967641,
            -50.057725291064344
          ],
          [
            582188.0570386316,
            3660554.830868237
          ]
        ],
        "sourceGeometry": "One complete original explicitly closed valid ring. No repair, join, snapping, clipping, buffering, simplification or rounding in exported source geometry.",
        "sourcePagePaths": [
          {
            "drawingIndex": 664,
            "vertices": [
              [
                78.46331024169922,
                96.85223388671875
              ],
              [
                416.431396484375,
                192.62432861328125
              ],
              [
                594.9534301757812,
                243.03067016601562
              ],
              [
                613.66943359375,
                248.43136596679688
              ],
              [
                721.6464233398438,
                303.518310546875
              ],
              [
                761.9578857421875,
                268.5939025878906
              ],
              [
                719.4869384765625,
                345.2835693359375
              ],
              [
                729.5647583007812,
                358.6052551269531
              ],
              [
                730.2846069335938,
                358.2452392578125
              ],
              [
                731.0044555664062,
                358.2452392578125
              ],
              [
                731.7243041992188,
                358.6052551269531
              ],
              [
                732.4441528320312,
                358.6052551269531
              ],
              [
                733.1640014648438,
                358.96533203125
              ],
              [
                733.1640014648438,
                359.3253479003906
              ],
              [
                733.1640014648438,
                360.04547119140625
              ],
              [
                733.1640014648438,
                360.7655334472656
              ],
              [
                732.8040771484375,
                361.4856262207031
              ],
              [
                732.8040771484375,
                362.2057189941406
              ],
              [
                732.8040771484375,
                362.9258117675781
              ],
              [
                732.8040771484375,
                363.6459045410156
              ],
              [
                733.1640014648438,
                364.0059509277344
              ],
              [
                733.52392578125,
                364.7260437011719
              ],
              [
                734.2437744140625,
                364.7260437011719
              ],
              [
                734.2437744140625,
                365.4461364746094
              ],
              [
                734.963623046875,
                366.16619873046875
              ],
              [
                735.3235473632812,
                366.88629150390625
              ],
              [
                735.6834716796875,
                367.246337890625
              ],
              [
                736.0433959960938,
                367.9664306640625
              ],
              [
                736.4033203125,
                368.32647705078125
              ],
              [
                736.4033203125,
                368.6865234375
              ],
              [
                736.7632446289062,
                368.6865234375
              ],
              [
                737.1231689453125,
                369.04656982421875
              ],
              [
                737.4830932617188,
                369.04656982421875
              ],
              [
                737.843017578125,
                369.4066162109375
              ],
              [
                738.2029418945312,
                369.4066162109375
              ],
              [
                738.5628662109375,
                369.4066162109375
              ],
              [
                738.9227905273438,
                369.76666259765625
              ],
              [
                739.28271484375,
                369.4066162109375
              ],
              [
                740.3624877929688,
                368.32647705078125
              ],
              [
                740.722412109375,
                368.32647705078125
              ],
              [
                741.4422607421875,
                369.4066162109375
              ],
              [
                741.4422607421875,
                370.126708984375
              ],
              [
                740.0025634765625,
                372.2869873046875
              ],
              [
                742.8819580078125,
                374.08721923828125
              ],
              [
                803.3490600585938,
                420.5330810546875
              ],
              [
                647.5022583007812,
                428.0940246582031
              ],
              [
                632.0255126953125,
                435.65496826171875
              ],
              [
                584.1557006835938,
                459.05792236328125
              ],
              [
                447.7447204589844,
                487.861572265625
              ],
              [
                243.3082275390625,
                505.86383056640625
              ],
              [
                191.8391876220703,
                507.30401611328125
              ],
              [
                178.16209411621094,
                507.6640625
              ],
              [
                164.1250762939453,
                508.02410888671875
              ],
              [
                164.48500061035156,
                507.6640625
              ],
              [
                164.8449249267578,
                507.30401611328125
              ],
              [
                165.20484924316406,
                506.223876953125
              ],
              [
                165.5647735595703,
                505.5037841796875
              ],
              [
                165.5647735595703,
                505.14373779296875
              ],
              [
                165.5647735595703,
                504.78369140625
              ],
              [
                167.0044708251953,
                503.3435363769531
              ],
              [
                167.0044708251953,
                502.9834899902344
              ],
              [
                167.36439514160156,
                502.9834899902344
              ],
              [
                167.36439514160156,
                502.2633972167969
              ],
              [
                167.36439514160156,
                501.9033508300781
              ],
              [
                167.72430419921875,
                501.5433044433594
              ],
              [
                168.08424377441406,
                500.8232116699219
              ],
              [
                168.08424377441406,
                500.4631652832031
              ],
              [
                168.44415283203125,
                500.1031188964844
              ],
              [
                168.8040771484375,
                499.7430725097656
              ],
              [
                168.8040771484375,
                499.0229797363281
              ],
              [
                168.8040771484375,
                498.3028869628906
              ],
              [
                168.8040771484375,
                497.9428405761719
              ],
              [
                168.8040771484375,
                496.8627014160156
              ],
              [
                168.44415283203125,
                496.5026550292969
              ],
              [
                168.44415283203125,
                496.14263916015625
              ],
              [
                168.08424377441406,
                495.42254638671875
              ],
              [
                166.2846221923828,
                491.10198974609375
              ],
              [
                163.4052276611328,
                484.2611083984375
              ],
              [
                158.36630249023438,
                478.5003967285156
              ],
              [
                155.48692321777344,
                476.7001647949219
              ],
              [
                150.44798278808594,
                474.8999328613281
              ],
              [
                147.568603515625,
                470.57940673828125
              ],
              [
                145.4090576171875,
                463.738525390625
              ],
              [
                140.0102081298828,
                457.6177673339844
              ],
              [
                133.89151000976562,
                454.3773498535156
              ],
              [
                130.2922821044922,
                451.8570251464844
              ],
              [
                128.8525848388672,
                450.7768859863281
              ],
              [
                123.09381103515625,
                443.57598876953125
              ],
              [
                119.85449981689453,
                438.53533935546875
              ],
              [
                118.77472686767578,
                435.65496826171875
              ],
              [
                118.41481018066406,
                433.49468994140625
              ],
              [
                118.41481018066406,
                428.8141174316406
              ],
              [
                120.93427276611328,
                417.29266357421875
              ],
              [
                119.85449981689453,
                415.85247802734375
              ],
              [
                115.89533996582031,
                414.41229248046875
              ],
              [
                114.09571838378906,
                413.3321533203125
              ],
              [
                111.9361801147461,
                411.1719055175781
              ],
              [
                110.1365737915039,
                406.1312561035156
              ],
              [
                110.1365737915039,
                402.1707763671875
              ],
              [
                111.21633911132812,
                398.5703125
              ],
              [
                113.73580169677734,
                395.68994140625
              ],
              [
                114.81556701660156,
                394.249755859375
              ],
              [
                115.17549133300781,
                393.88970947265625
              ],
              [
                115.5354232788086,
                392.8095703125
              ],
              [
                120.57434844970703,
                390.6492919921875
              ],
              [
                123.09381103515625,
                388.489013671875
              ],
              [
                125.97319793701172,
                385.9687194824219
              ],
              [
                127.41288757324219,
                383.4483947753906
              ],
              [
                125.97319793701172,
                378.767822265625
              ],
              [
                124.17357635498047,
                375.52740478515625
              ],
              [
                120.93427276611328,
                370.8468017578125
              ],
              [
                116.97511291503906,
                366.5262451171875
              ],
              [
                113.73580169677734,
                362.5657653808594
              ],
              [
                111.9361801147461,
                361.1255798339844
              ],
              [
                111.57626342773438,
                360.4054870605469
              ],
              [
                110.1365737915039,
                357.16510009765625
              ],
              [
                108.69686889648438,
                354.28472900390625
              ],
              [
                106.5373306274414,
                352.84454345703125
              ],
              [
                103.65794372558594,
                350.32421875
              ],
              [
                101.13848114013672,
                348.884033203125
              ],
              [
                100.05870819091797,
                346.36370849609375
              ],
              [
                100.41863250732422,
                342.4031982421875
              ],
              [
                103.29801940917969,
                337.0025329589844
              ],
              [
                105.45755767822266,
                331.60186767578125
              ],
              [
                106.17740631103516,
                328.3614501953125
              ],
              [
                106.89726257324219,
                326.56121826171875
              ],
              [
                107.61710357666016,
                322.9607849121094
              ],
              [
                107.9770278930664,
                320.0804138183594
              ],
              [
                106.89726257324219,
                317.9201354980469
              ],
              [
                106.5373306274414,
                316.4799499511719
              ],
              [
                105.81748962402344,
                315.7598571777344
              ],
              [
                104.73771667480469,
                313.5995788574219
              ],
              [
                101.85832977294922,
                311.07928466796875
              ],
              [
                100.77855682373047,
                310.35919189453125
              ],
              [
                100.05870819091797,
                309.9991455078125
              ],
              [
                99.33885955810547,
                309.279052734375
              ],
              [
                96.09954833984375,
                308.19891357421875
              ],
              [
                95.01978302001953,
                307.1187744140625
              ],
              [
                95.01978302001953,
                306.75872802734375
              ],
              [
                95.37970733642578,
                306.398681640625
              ],
              [
                96.09954833984375,
                305.6785888671875
              ],
              [
                96.81939697265625,
                304.95849609375
              ],
              [
                97.53925323486328,
                304.2384033203125
              ],
              [
                98.25908660888672,
                303.15826416015625
              ],
              [
                99.33885955810547,
                302.43817138671875
              ],
              [
                100.05870819091797,
                300.27789306640625
              ],
              [
                101.13848114013672,
                298.83770751953125
              ],
              [
                102.57817077636719,
                295.9573669433594
              ],
              [
                104.37779235839844,
                291.9968566894531
              ],
              [
                106.17740631103516,
                288.7564392089844
              ],
              [
                108.69686889648438,
                284.79595947265625
              ],
              [
                109.41671752929688,
                282.9957275390625
              ],
              [
                112.29611206054688,
                279.03521728515625
              ],
              [
                114.09571838378906,
                276.5149230957031
              ],
              [
                115.89533996582031,
                275.4347839355469
              ],
              [
                116.97511291503906,
                274.3546447753906
              ],
              [
                118.77472686767578,
                273.6345520019531
              ],
              [
                121.294189453125,
                272.5544128417969
              ],
              [
                122.37396240234375,
                271.4742736816406
              ],
              [
                122.73388671875,
                271.1142272949219
              ],
              [
                123.45372772216797,
                270.7541809082031
              ],
              [
                123.81365966796875,
                270.0340881347656
              ],
              [
                125.97319793701172,
                267.8738098144531
              ],
              [
                127.77281188964844,
                266.7936706542969
              ],
              [
                130.65220642089844,
                266.4336242675781
              ],
              [
                133.1716766357422,
                268.2338562011719
              ],
              [
                134.97128295898438,
                271.1142272949219
              ],
              [
                137.1308135986328,
                273.2745056152344
              ],
              [
                140.0102081298828,
                274.3546447753906
              ],
              [
                143.96937561035156,
                272.9144592285156
              ],
              [
                147.568603515625,
                270.0340881347656
              ],
              [
                152.2476043701172,
                267.1537170410156
              ],
              [
                154.76707458496094,
                266.0735778808594
              ],
              [
                157.28652954101562,
                264.6334228515625
              ],
              [
                160.5258331298828,
                263.1932373046875
              ],
              [
                163.76516723632812,
                261.7530517578125
              ],
              [
                165.5647735595703,
                261.032958984375
              ],
              [
                167.72430419921875,
                259.5927734375
              ],
              [
                169.88385009765625,
                259.23272705078125
              ],
              [
                176.72239685058594,
                258.51263427734375
              ],
              [
                181.04147338867188,
                258.152587890625
              ],
              [
                185.00064086914062,
                257.79254150390625
              ],
              [
                190.3994903564453,
                258.152587890625
              ],
              [
                195.79833984375,
                258.152587890625
              ],
              [
                201.55711364746094,
                258.8726806640625
              ],
              [
                207.67581176757812,
                259.23272705078125
              ],
              [
                211.6349639892578,
                259.23272705078125
              ],
              [
                215.59413146972656,
                259.23272705078125
              ],
              [
                219.193359375,
                258.51263427734375
              ],
              [
                222.7926025390625,
                257.4324951171875
              ],
              [
                226.39183044433594,
                252.391845703125
              ],
              [
                229.99105834960938,
                245.91104125976562
              ],
              [
                236.10975646972656,
                239.790283203125
              ],
              [
                241.86854553222656,
                234.38958740234375
              ],
              [
                240.0689239501953,
                229.70901489257812
              ],
              [
                242.22845458984375,
                228.62884521484375
              ],
              [
                242.58837890625,
                227.54873657226562
              ],
              [
                242.22845458984375,
                226.46859741210938
              ],
              [
                242.58837890625,
                224.66836547851562
              ],
              [
                242.58837890625,
                223.58822631835938
              ],
              [
                242.58837890625,
                222.50808715820312
              ],
              [
                242.58837890625,
                221.06790161132812
              ],
              [
                242.94830322265625,
                220.34780883789062
              ],
              [
                242.94830322265625,
                219.26766967773438
              ],
              [
                243.3082275390625,
                218.18756103515625
              ],
              [
                243.3082275390625,
                217.107421875
              ],
              [
                242.94830322265625,
                216.3873291015625
              ],
              [
                242.94830322265625,
                214.9471435546875
              ],
              [
                241.50860595703125,
                212.786865234375
              ],
              [
                240.4288330078125,
                211.3466796875
              ],
              [
                237.9093780517578,
                208.82638549804688
              ],
              [
                236.82960510253906,
                207.02615356445312
              ],
              [
                234.67007446289062,
                204.86587524414062
              ],
              [
                232.87045288085938,
                202.34555053710938
              ],
              [
                230.71090698242188,
                201.26541137695312
              ],
              [
                227.4716033935547,
                198.38504028320312
              ],
              [
                225.67198181152344,
                196.22479248046875
              ],
              [
                223.87237548828125,
                194.78457641601562
              ],
              [
                220.27313232421875,
                191.544189453125
              ],
              [
                219.55328369140625,
                190.8240966796875
              ],
              [
                219.55328369140625,
                190.46405029296875
              ],
              [
                219.193359375,
                190.10400390625
              ],
              [
                219.193359375,
                189.74395751953125
              ],
              [
                218.83343505859375,
                189.74395751953125
              ],
              [
                218.47352600097656,
                189.74395751953125
              ],
              [
                218.47352600097656,
                190.10400390625
              ],
              [
                218.47352600097656,
                190.46405029296875
              ],
              [
                218.11358642578125,
                190.46405029296875
              ],
              [
                218.11358642578125,
                190.8240966796875
              ],
              [
                217.75367736816406,
                191.18414306640625
              ],
              [
                217.39373779296875,
                191.544189453125
              ],
              [
                216.6739044189453,
                191.544189453125
              ],
              [
                216.31396484375,
                191.18414306640625
              ],
              [
                215.9540557861328,
                191.18414306640625
              ],
              [
                215.59413146972656,
                191.18414306640625
              ],
              [
                214.87428283691406,
                191.18414306640625
              ],
              [
                214.15443420410156,
                191.544189453125
              ],
              [
                213.7945098876953,
                191.544189453125
              ],
              [
                213.43458557128906,
                191.544189453125
              ],
              [
                212.71473693847656,
                191.90423583984375
              ],
              [
                212.3548126220703,
                191.90423583984375
              ],
              [
                211.99488830566406,
                191.544189453125
              ],
              [
                211.6349639892578,
                191.544189453125
              ],
              [
                211.27505493164062,
                191.18414306640625
              ],
              [
                210.9151153564453,
                191.18414306640625
              ],
              [
                210.55520629882812,
                191.544189453125
              ],
              [
                210.19528198242188,
                191.544189453125
              ],
              [
                209.83534240722656,
                191.544189453125
              ],
              [
                209.83534240722656,
                191.90423583984375
              ],
              [
                209.47543334960938,
                192.2642822265625
              ],
              [
                208.75558471679688,
                192.2642822265625
              ],
              [
                208.39566040039062,
                191.90423583984375
              ],
              [
                207.67581176757812,
                192.2642822265625
              ],
              [
                207.31588745117188,
                192.2642822265625
              ],
              [
                206.95596313476562,
                192.2642822265625
              ],
              [
                206.59603881835938,
                192.2642822265625
              ],
              [
                206.23611450195312,
                192.62432861328125
              ],
              [
                205.87620544433594,
                192.2642822265625
              ],
              [
                205.51626586914062,
                192.2642822265625
              ],
              [
                205.15635681152344,
                192.62432861328125
              ],
              [
                204.7964324951172,
                192.62432861328125
              ],
              [
                204.43649291992188,
                192.62432861328125
              ],
              [
                203.71665954589844,
                192.2642822265625
              ],
              [
                202.99681091308594,
                191.90423583984375
              ],
              [
                202.27696228027344,
                191.544189453125
              ],
              [
                201.55711364746094,
                191.18414306640625
              ],
              [
                200.83726501464844,
                190.8240966796875
              ],
              [
                199.39756774902344,
                190.8240966796875
              ],
              [
                197.9578857421875,
                190.8240966796875
              ],
              [
                196.87811279296875,
                190.8240966796875
              ],
              [
                195.43841552734375,
                190.8240966796875
              ],
              [
                194.71856689453125,
                190.8240966796875
              ],
              [
                193.99871826171875,
                190.8240966796875
              ],
              [
                193.6387939453125,
                190.8240966796875
              ],
              [
                177.44224548339844,
                187.2236328125
              ],
              [
                168.08424377441406,
                190.46405029296875
              ],
              [
                167.72430419921875,
                189.74395751953125
              ],
              [
                166.64454650878906,
                188.663818359375
              ],
              [
                165.92469787597656,
                188.30377197265625
              ],
              [
                162.68539428710938,
                186.14349365234375
              ],
              [
                159.80599975585938,
                183.98321533203125
              ],
              [
                157.28652954101562,
                181.10287475585938
              ],
              [
                154.04722595214844,
                178.22250366210938
              ],
              [
                150.44798278808594,
                176.42227172851562
              ],
              [
                146.12890625,
                175.34213256835938
              ],
              [
                143.24952697753906,
                172.10174560546875
              ],
              [
                140.37013244628906,
                169.94146728515625
              ],
              [
                136.41098022460938,
                167.78118896484375
              ],
              [
                133.1716766357422,
                166.34100341796875
              ],
              [
                127.41288757324219,
                164.18072509765625
              ],
              [
                122.37396240234375,
                162.38052368164062
              ],
              [
                118.05487823486328,
                158.42001342773438
              ],
              [
                114.09571838378906,
                156.97982788085938
              ],
              [
                110.1365737915039,
                154.81954956054688
              ],
              [
                108.33695220947266,
                154.45950317382812
              ],
              [
                106.17740631103516,
                154.09945678710938
              ],
              [
                103.65794372558594,
                153.37936401367188
              ],
              [
                101.49839782714844,
                153.73941040039062
              ],
              [
                99.33885955810547,
                154.09945678710938
              ],
              [
                96.81939697265625,
                154.45950317382812
              ],
              [
                94.65985870361328,
                155.89968872070312
              ],
              [
                93.22016906738281,
                156.25973510742188
              ],
              [
                92.1404037475586,
                156.61978149414062
              ],
              [
                86.02169799804688,
                158.05996704101562
              ],
              [
                81.34268951416016,
                158.42001342773438
              ],
              [
                77.74346160888672,
                158.78005981445312
              ],
              [
                75.22399139404297,
                158.42001342773438
              ],
              [
                72.70452880859375,
                158.05996704101562
              ],
              [
                70.18506622314453,
                157.33987426757812
              ],
              [
                68.38545227050781,
                156.61978149414062
              ],
              [
                66.94576263427734,
                155.17959594726562
              ],
              [
                65.1461410522461,
                153.37936401367188
              ],
              [
                63.346519470214844,
                151.93917846679688
              ],
              [
                61.906829833984375,
                149.05880737304688
              ],
              [
                60.46712875366211,
                146.178466796875
              ],
              [
                59.387359619140625,
                142.93804931640625
              ],
              [
                58.667518615722656,
                140.05767822265625
              ],
              [
                58.30759048461914,
                137.17733764648438
              ],
              [
                58.30759048461914,
                136.09719848632812
              ],
              [
                57.947669982910156,
                133.93692016601562
              ],
              [
                58.30759048461914,
                132.49673461914062
              ],
              [
                58.667518615722656,
                131.41659545898438
              ],
              [
                59.02743911743164,
                130.69650268554688
              ],
              [
                61.186981201171875,
                129.97640991210938
              ],
              [
                63.346519470214844,
                129.97640991210938
              ],
              [
                65.8659896850586,
                129.61636352539062
              ],
              [
                67.66560363769531,
                129.25631713867188
              ],
              [
                68.74536895751953,
                128.89627075195312
              ],
              [
                69.82514190673828,
                128.17617797851562
              ],
              [
                70.54499053955078,
                127.45608520507812
              ],
              [
                70.9049072265625,
                126.01593017578125
              ],
              [
                70.9049072265625,
                124.2156982421875
              ],
              [
                69.82514190673828,
                121.69537353515625
              ],
              [
                69.10530090332031,
                120.615234375
              ],
              [
                67.30567932128906,
                118.09490966796875
              ],
              [
                65.8659896850586,
                116.65475463867188
              ],
              [
                63.346519470214844,
                114.49444580078125
              ],
              [
                61.54690170288086,
                112.33419799804688
              ],
              [
                60.46712875366211,
                111.25405883789062
              ],
              [
                59.02743911743164,
                108.73373413085938
              ],
              [
                58.667518615722656,
                108.37368774414062
              ],
              [
                57.947669982910156,
                107.29354858398438
              ],
              [
                57.227821350097656,
                105.85336303710938
              ],
              [
                56.86790084838867,
                104.77325439453125
              ],
              [
                56.148048400878906,
                102.61294555664062
              ],
              [
                55.78813171386719,
                101.17279052734375
              ],
              [
                55.06827926635742,
                99.73260498046875
              ],
              [
                54.70835876464844,
                98.6524658203125
              ],
              [
                53.62858963012695,
                96.4921875
              ],
              [
                52.54882049560547,
                95.052001953125
              ],
              [
                50.74919891357422,
                93.97186279296875
              ],
              [
                49.30950927734375,
                92.89175415039062
              ],
              [
                47.14997100830078,
                92.53167724609375
              ],
              [
                44.63050079345703,
                91.45156860351562
              ],
              [
                42.4709587097168,
                89.65133666992188
              ],
              [
                42.83089065551758,
                89.29129028320312
              ],
              [
                42.83089065551758,
                88.93124389648438
              ],
              [
                43.19081115722656,
                88.93124389648438
              ],
              [
                43.19081115722656,
                88.57119750976562
              ],
              [
                43.19081115722656,
                88.21115112304688
              ],
              [
                43.55073165893555,
                87.85110473632812
              ],
              [
                43.55073165893555,
                87.49105834960938
              ],
              [
                43.91065979003906,
                87.13101196289062
              ],
              [
                78.46331024169922,
                96.85223388671875
              ]
            ],
            "explicitlyClosed": true,
            "originalValid": true,
            "originalAreaPagePoints2": 167734.27318930154
          }
        ],
        "geometryHash": "ba710846883051dd13797a89954f1bbb704db4ba574911f2c464d19a65693bd8",
        "joiningReview": {
          "joined": false
        },
        "repair": null,
        "clipReview": {
          "activeClipCount": 2,
          "outsideActiveClipsAreaPoints2": [
            0.0,
            0.0
          ],
          "outsideViewportAreaPoints2": 0.0,
          "distanceFromViewportPoints": 38.15187883377075
        },
        "manualIdentityQualification": "Complete target title and interior sector label visually re-reviewed. Decree annex A explicitly maps this named imada to one identical circle. Point membership is evaluated independently from the obsolete source footprint.",
        "visualReview": {
          "file": "work/chenini-identity-review/maps/chenini.png",
          "sha256": "dc17b8779525f5193c4e4e3e51449bfbeaf4fc937a6d0486a37cf36ec78591b5",
          "completeTargetReviewed": true
        },
        "sourceAssertion": {
          "id": "osm:relation:7143881",
          "expectedKind": "sector",
          "expectedTags": {
            "admin_level": "6",
            "boundary": "administrative",
            "name": "شنني",
            "name:ar": "شنني",
            "name:fr": "Chenini",
            "ref:tn:codegeo": "535259"
          }
        },
        "currentOfficialIdentity": {
          "governorateCode": "53",
          "governorateFr": "Tataouine",
          "governorateAr": "تطاوين",
          "delegationCode": "5352",
          "delegationFr": "Tataouine sud",
          "delegationAr": "تطاوين الجنوبية",
          "sectorCode": "535259",
          "sectorFr": "Chenini",
          "sectorAr": "شنني",
          "sourceRows": {
            "Population_Secteur_Age_Sexe_Dynamique.xlsx": 64189,
            "Nombre_de_Logements_par_Secteurs.xlsx": 3155,
            "Nombre_de_menages_par_Secteurs.xlsx": 3149
          }
        },
        "officialRegistrySha256": "23b3ee87c07971eb48b456799833f1996ade5d0bdc10d7bf6b0e3bf6798c9eec",
        "scopeReview": {
          "classification": "WHOLE_CIRCLE_EQUALS_WHOLE_IMADA",
          "wholeCircleEqualsWholeImada": true,
          "decreeAnnex": 1,
          "decreeTable": "A",
          "decreePDFPage": 33,
          "decreeJORTPage": 5130,
          "parentContinuationPDFPage": 32,
          "parentContinuationJORTPage": 5129,
          "sourceDecreeSha256": "bfb3fe752b9900eaf873198b009968243f1b0bd2c119836cfd4fbbfc07e1e10f",
          "sourceDecreeURL": "https://www.isie.tn/wp-content/uploads/2023/09/Decret2023_590Arabe.pdf",
          "imadaNameAr": "شنني",
          "circleNameAr": "شنني",
          "expectedCircleCount": 1
        },
        "validation": {
          "valid": true,
          "countryFullyContains": true,
          "countryOutsideAreaMeters2": 0.0,
          "sourceUnchanged": true,
          "quantizedValid": true,
          "quantizedCountryFullyContains": true,
          "quantizedPackedCountryFullyContains": true,
          "sourceHoleCount": 0,
          "quantizedHoleCount": 0,
          "quantizedSymmetricDifferenceMeters2": 2298.8092393871084,
          "quantizedHausdorffMeters": 0.0656463377538621,
          "quantizationGridDegrees": 1e-06,
          "packedGeometrySha256": "50c0356663aee7812fb2e7cc48822109e747bea12e159ed6e29d3da97d3f33b4",
          "packedGeometryBytes": 2924
        },
        "osmComparison": {
          "oldAreaMeters2": 201326272.8868604,
          "officialAreaMeters2": 420452441.43949705,
          "iou": 0.3275147852568593,
          "officialCoveredByOsm": 0.3648467782518155,
          "osmCoveredByOfficial": 0.7619508197696454
        },
        "pointMembership": [
          {
            "villageId": "osm:node:297760994",
            "sourceContains": true,
            "quantizedContains": true,
            "sourceClearanceMeters": 906.3896454165728,
            "quantizedClearanceMeters": 906.3685401717177,
            "oldSourceContains": false,
            "oldPackedContains": false
          },
          {
            "villageId": "osm:node:1975899618",
            "sourceContains": false,
            "quantizedContains": false,
            "sourceClearanceMeters": 499.252194499842,
            "quantizedClearanceMeters": 499.22541294245076,
            "oldSourceContains": false,
            "oldPackedContains": false
          }
        ]
      },
      "geometry": {
        "type": "Polygon",
        "coordinates": [
          [
            [
              9.92223245367722,
              33.036459001067975
            ],
            [
              10.102906235648453,
              32.99175264082972
            ],
            [
              10.19826666652103,
              32.96811608552888
            ],
            [
              10.208260343124342,
              32.96558146375758
            ],
            [
              10.265750747185137,
              32.940140894434556
            ],
            [
              10.287568012577864,
              32.955686386909115
            ],
            [
              10.264326178349924,
              32.9212983229545
            ],
            [
              10.269636449534499,
              32.915229795015925
            ],
            [
              10.270024178931378,
              32.91538840618745
            ],
            [
              10.270409589608423,
              32.91538449255985
            ],
            [
              10.270792679453688,
              32.91521805420576
            ],
            [
              10.271178089277466,
              32.91521413822669
            ],
            [
              10.27156117648646,
              32.915047670011866
            ],
            [
              10.27155885435871,
              32.91488514651294
            ],
            [
              10.271554209568716,
              32.9145600581719
            ],
            [
              10.271549565247094,
              32.9142349973667
            ],
            [
              10.271352218754153,
              32.91391188140228
            ],
            [
              10.271347575089065,
              32.91358680676115
            ],
            [
              10.27134293149866,
              32.9132617321025
            ],
            [
              10.271338287982937,
              32.91293665742635
            ],
            [
              10.27152866583838,
              32.91277216153157
            ],
            [
              10.271716720593421,
              32.91244512803054
            ],
            [
              10.272102118262763,
              32.91244120949409
            ],
            [
              10.272097472118023,
              32.912116134871134
            ],
            [
              10.272478221023892,
              32.9117871543802
            ],
            [
              10.272666270278343,
              32.91146011953603
            ],
            [
              10.272856642539791,
              32.91129562171737
            ],
            [
              10.273044689405365,
              32.91096858633803
            ],
            [
              10.273235059925787,
              32.910804087973084
            ],
            [
              10.273232734919256,
              32.910641550692795
            ],
            [
              10.273425429742332,
              32.91063958933113
            ],
            [
              10.273615798855007,
              32.91047509041215
            ],
            [
              10.273808493288746,
              32.91047312846881
            ],
            [
              10.273998861326922,
              32.91030862898808
            ],
            [
              10.274191555371315,
              32.910306666463065
            ],
            [
              10.274384249397,
              32.91030470364115
            ],
            [
              10.274574615990039,
              32.91014020331391
            ],
            [
              10.274769637392223,
              32.91030077710661
            ],
            [
              10.275354705821941,
              32.91078249653121
            ],
            [
              10.275547400791096,
              32.91078053189142
            ],
            [
              10.275925800928542,
              32.910288990377346
            ],
            [
              10.275921141192443,
              32.909963916126294
            ],
            [
              10.275136398079141,
              32.90899655188609
            ],
            [
              10.276666271000384,
              32.90816814430742
            ],
            [
              10.308729523858362,
              32.88686660084765
            ],
            [
              10.225267643849422,
              32.88429778429514
            ],
            [
              10.216937434646045,
              32.88096524826836
            ],
            [
              10.191175726884167,
              32.87064644584927
            ],
            [
              10.118010851469487,
              32.85831597933224
            ],
            [
              10.008524131940101,
              32.85111720408683
            ],
            [
              9.980977418226495,
              32.85068570345071
            ],
            [
              9.973657438700707,
              32.85058024884385
            ],
            [
              9.966144880347933,
              32.85047585122828
            ],
            [
              9.966339225395181,
              32.85063692154236
            ],
            [
              9.966533571144511,
              32.850797991537384
            ],
            [
              9.9667314393614,
              32.851284172979334
            ],
            [
              9.96692754851454,
              32.851607798172175
            ],
            [
              9.966929309797923,
              32.85177035403087
            ],
            [
              9.966931071095471,
              32.85193290988523
            ],
            [
              9.967708473885756,
              32.852577170073154
            ],
            [
              9.967710236658453,
              32.85273972586909
            ],
            [
              9.967902826375996,
              32.85273823776695
            ],
            [
              9.96790635266609,
              32.853063349327456
            ],
            [
              9.967908115832412,
              32.85322590510125
            ],
            [
              9.96810246195581,
              32.853386972498434
            ],
            [
              9.968298589022021,
              32.85371059519267
            ],
            [
              9.96830035294727,
              32.85387315093076
            ],
            [
              9.968494701205529,
              32.85403421766263
            ],
            [
              9.968689058330819,
              32.85419528401224
            ],
            [
              9.968692587685037,
              32.85452039542133
            ],
            [
              9.96869611709605,
              32.85484550681314
            ],
            [
              9.96869788182285,
              32.85500806250259
            ],
            [
              9.968703176088438,
              32.855495729545034
            ],
            [
              9.968512344891446,
              32.85565977467088
            ],
            [
              9.968514109188554,
              32.85582231656974
            ],
            [
              9.968325049241365,
              32.85614891703283
            ],
            [
              9.967383213313033,
              32.85810702686085
            ],
            [
              9.965875839682159,
              32.86120747704728
            ],
            [
              9.963207415763906,
              32.86382912280939
            ],
            [
              9.961675274621914,
              32.864653743900746
            ],
            [
              9.958987390313942,
              32.86548720224562
            ],
            [
              9.957467395753618,
              32.86744965030941
            ],
            [
              9.956344782019476,
              32.87054704397745
            ],
            [
              9.953484903186322,
              32.87333251580303
            ],
            [
              9.950225704354127,
              32.874820414341094
            ],
            [
              9.94831142969454,
              32.87597291144906
            ],
            [
              9.94754604810277,
              32.876466413533976
            ],
            [
              9.944498221840876,
              32.87974081203571
            ],
            [
              9.942788449064507,
              32.88202966695243
            ],
            [
              9.942224231759205,
              32.88333446762279
            ],
            [
              9.942041886580643,
              32.884311254579686
            ],
            [
              9.942064222244033,
              32.88642447090387
            ],
            [
              9.943467934848147,
              32.89161609338834
            ],
            [
              9.94289678974316,
              32.89227067233347
            ],
            [
              9.940784215511593,
              32.89293684282257
            ],
            [
              9.939825968265769,
              32.89343174767518
            ],
            [
              9.938680171425064,
              32.894415744811006
            ],
            [
              9.93774072477088,
              32.89669875086859
            ],
            [
              9.937759546540617,
              32.89848685357871
            ],
            [
              9.938354736266646,
              32.90010808110675
            ],
            [
              9.939717307578064,
              32.901398408560325
            ],
            [
              9.940302257097125,
              32.902044290247495
            ],
            [
              9.94049667139517,
              32.90220539821087
            ],
            [
              9.94069452404635,
              32.902691617381606
            ],
            [
              9.943402635162657,
              32.90364664573058
            ],
            [
              9.944761885062228,
              32.904611804076694
            ],
            [
              9.946315596691694,
              32.90573803167504
            ],
            [
              9.947098515859855,
              32.906870088598595
            ],
            [
              9.946350144657382,
              32.90898912566519
            ],
            [
              9.945402114025008,
              32.91045940668602
            ],
            [
              9.943690075743834,
              32.9125857177297
            ],
            [
              9.941590782434915,
              32.91455235162887
            ],
            [
              9.939875138722847,
              32.91635348750713
            ],
            [
              9.938918351736637,
              32.91701094368599
            ],
            [
              9.938729053707464,
              32.91733750061928
            ],
            [
              9.937973548387887,
              32.918806267364396
            ],
            [
              9.937216298988963,
              32.92011248800887
            ],
            [
              9.93606671744855,
              32.920771366523766
            ],
            [
              9.934536758617757,
              32.92192078107973
            ],
            [
              9.933194390757045,
              32.922581073205535
            ],
            [
              9.932628085961868,
              32.92372327376002
            ],
            [
              9.93283957368101,
              32.92550994817925
            ],
            [
              9.934407165163378,
              32.927936759833216
            ],
            [
              9.935589324361404,
              32.93036643298765
            ],
            [
              9.93599023382468,
              32.9318265466454
            ],
            [
              9.936384317494097,
              32.932636437665565
            ],
            [
              9.936786958622898,
              32.934259089219424
            ],
            [
              9.936993423578086,
              32.93555808642093
            ],
            [
              9.936425382418392,
              32.93653774733585
            ],
            [
              9.936239448975943,
              32.93718941063304
            ],
            [
              9.935857324852448,
              32.93751740577165
            ],
            [
              9.935289254965626,
              32.93849706169749
            ],
            [
              9.933758986264813,
              32.93964645537942
            ],
            [
              9.93318405784666,
              32.93997588151517
            ],
            [
              9.932800201573995,
              32.940141312446755
            ],
            [
              9.932418047978045,
              32.94046929739786
            ],
            [
              9.930688119710949,
              32.94096988421673
            ],
            [
              9.93011487517335,
              32.94146185173579
            ],
            [
              9.930116575165984,
              32.94162440698981
            ],
            [
              9.930311059789105,
              32.94178552857203
            ],
            [
              9.930700027064681,
              32.94210777080859
            ],
            [
              9.931089001247912,
              32.94243001173698
            ],
            [
              9.931477982338885,
              32.942752251357135
            ],
            [
              9.931868657294793,
              32.94323704492174
            ],
            [
              9.9324504290199,
              32.94355784495378
            ],
            [
              9.932846236521979,
              32.94453030036568
            ],
            [
              9.933431432816713,
              32.94517620558578
            ],
            [
              9.934216257757786,
              32.9464708740389
            ],
            [
              9.935199036620165,
              32.94825177375357
            ],
            [
              9.936178428252155,
              32.94970755504757
            ],
            [
              9.937546889859382,
              32.95148553320312
            ],
            [
              9.937941075264522,
              32.952295415005594
            ],
            [
              9.939502427884776,
              32.95407193719579
            ],
            [
              9.940478511869149,
              32.95520255841527
            ],
            [
              9.941447742469629,
              32.95568296767292
            ],
            [
              9.94203135310297,
              32.956166274695185
            ],
            [
              9.942998873811453,
              32.956484117256394
            ],
            [
              9.944353761217766,
              32.95696159484
            ],
            [
              9.944937395909285,
              32.95744488774877
            ],
            [
              9.945131942218076,
              32.957605984745264
            ],
            [
              9.945519303611363,
              32.95776562369776
            ],
            [
              9.945715585379391,
              32.95808927381534
            ],
            [
              9.946882886672437,
              32.95905584334869
            ],
            [
              9.947852189180379,
              32.959536201259226
            ],
            [
              9.949396502592634,
              32.95968705302994
            ],
            [
              9.950737564612622,
              32.95886402885197
            ],
            [
              9.951687734365835,
              32.95755626469804
            ],
            [
              9.952834176284098,
              32.95657213218399
            ],
            [
              9.954371463414025,
              32.95607270828515
            ],
            [
              9.956499416727265,
              32.95670671830998
            ],
            [
              9.958441586204962,
              32.9579923835159
            ],
            [
              9.960962274303528,
              32.95927357316927
            ],
            [
              9.962317300361882,
              32.9597508531021
            ],
            [
              9.96367409500814,
              32.96039065750143
            ],
            [
              9.965416557975171,
              32.96102748362012
            ],
            [
              9.967159061781624,
              32.96166428477628
            ],
            [
              9.968126723778823,
              32.961981929689216
            ],
            [
              9.969290765670861,
              32.96262317806152
            ],
            [
              9.970449506644389,
              32.9627767567725
            ],
            [
              9.974116790563055,
              32.963073373267235
            ],
            [
              9.976432507998929,
              32.96321787732525
            ],
            [
              9.978555411289236,
              32.96336384750541
            ],
            [
              9.981446037272509,
              32.96317862503902
            ],
            [
              9.984338450111943,
              32.96315588800393
            ],
            [
              9.987420074785978,
              32.96280645742406
            ],
            [
              9.990696311568536,
              32.96261797538968
            ],
            [
              9.992817393139486,
              32.96260115130856
            ],
            [
              9.994938481117893,
              32.962584291153966
            ],
            [
              9.99687038040923,
              32.962894035573505
            ],
            [
              9.99880412776999,
              32.96336630116797
            ],
            [
              10.000758026100753,
              32.96562660034787
            ],
            [
              10.002719363308309,
              32.96853705676375
            ],
            [
              10.006028903052067,
              32.97127407195698
            ],
            [
              10.009142111419733,
              32.9736874637558
            ],
            [
              10.008201851490202,
              32.975808388281884
            ],
            [
              10.00936450975887,
              32.97628671596493
            ],
            [
              10.009562908062051,
              32.97677279636652
            ],
            [
              10.009375594509294,
              32.9772620052982
            ],
            [
              10.009577691239302,
              32.978073200299036
            ],
            [
              10.009583235175956,
              32.97856085170229
            ],
            [
              10.009588779246354,
              32.97904850306659
            ],
            [
              10.009596171548262,
              32.97969870482505
            ],
            [
              10.00979273091155,
              32.98002224779227
            ],
            [
              10.009798276443025,
              32.98050989901077
            ],
            [
              10.00999668717956,
              32.98099597817091
            ],
            [
              10.01000223403848,
              32.981483629282586
            ],
            [
              10.009813065024309,
              32.981810288291825
            ],
            [
              10.009820459750054,
              32.98246048971733
            ],
            [
              10.009060070025418,
              32.983442022291925
            ],
            [
              10.008488843601887,
              32.98409689361132
            ],
            [
              10.007151654645943,
              32.98524561877492
            ],
            [
              10.006582245658674,
              32.98606303208873
            ],
            [
              10.005436040651881,
              32.98704764939212
            ],
            [
              10.004484522204118,
              32.988193257022836
            ],
            [
              10.003332746461583,
              32.988690204265836
            ],
            [
              10.001611486019264,
              32.99000453252099
            ],
            [
              10.000658053984774,
              32.99098754765979
            ],
            [
              9.999700947743792,
              32.99164548204001
            ],
            [
              9.997788503025559,
              32.99312383886205
            ],
            [
              9.997406371789374,
              32.99345201970659
            ],
            [
              9.997408198526033,
              32.99361457038445
            ],
            [
              9.997217131508572,
              32.993778660387065
            ],
            [
              9.997218957921087,
              32.99394121106579
            ],
            [
              9.997026063784071,
              32.99394275010641
            ],
            [
              9.996833177810013,
              32.99394428878389
            ],
            [
              9.996831352104524,
              32.99378173808613
            ],
            [
              9.996829526413716,
              32.99361918738405
            ],
            [
              9.996636624776768,
              32.99362072587501
            ],
            [
              9.996634799454169,
              32.993458175159084
            ],
            [
              9.99644008955684,
              32.9932971624824
            ],
            [
              9.996245364011372,
              32.99313614961484
            ],
            [
              9.995859587288619,
              32.99313922425851
            ],
            [
              9.995668510164581,
              32.99330331200329
            ],
            [
              9.995475625501829,
              32.993304848557216
            ],
            [
              9.995282732646833,
              32.99330638487835
            ],
            [
              9.994896946892872,
              32.993309456626825
            ],
            [
              9.99450933967566,
              32.99314997635448
            ],
            [
              9.994316447100916,
              32.99315151117644
            ],
            [
              9.994123554511528,
              32.99315304570046
            ],
            [
              9.993735949312871,
              32.99299356298337
            ],
            [
              9.99354305703308,
              32.99299509660409
            ],
            [
              9.993351984007598,
              32.993159180817166
            ],
            [
              9.993159091345035,
              32.99316071385149
            ],
            [
              9.992968025421987,
              32.993324797427825
            ],
            [
              9.99277512419907,
              32.99332632994073
            ],
            [
              9.99258042144718,
              32.99316531110192
            ],
            [
              9.992387528726129,
              32.99316684294451
            ],
            [
              9.992194627812882,
              32.993168374554074
            ],
            [
              9.992192810664996,
              32.993005823606964
            ],
            [
              9.991998109666007,
              32.992844803818386
            ],
            [
              9.991612325535659,
              32.99284786538015
            ],
            [
              9.991421249167843,
              32.99301194670341
            ],
            [
              9.99103364923062,
              32.992852455488276
            ],
            [
              9.990840757099747,
              32.992853984928445
            ],
            [
              9.99064786495428,
              32.99285551407068
            ],
            [
              9.990454972794227,
              32.99285704291498
            ],
            [
              9.990260267035948,
              32.99269602041101
            ],
            [
              9.990069196607916,
              32.992860099644986
            ],
            [
              9.989876296226553,
              32.99286162766026
            ],
            [
              9.989681599662594,
              32.99270060416939
            ],
            [
              9.98948870778314,
              32.992702131514584
            ],
            [
              9.989295807711573,
              32.99270365862657
            ],
            [
              9.988911843166472,
              32.99286926287897
            ],
            [
              9.988527868986111,
              32.99303486603778
            ],
            [
              9.98814389334803,
              32.99320046803824
            ],
            [
              9.987759916252239,
              32.99336606888031
            ],
            [
              9.98737593769874,
              32.99353166856399
            ],
            [
              9.98660436232475,
              32.99353776204461
            ],
            [
              9.985832794895908,
              32.993543850693605
            ],
            [
              9.985254113038598,
              32.99354841410035
            ],
            [
              9.984482537025723,
              32.993554494471454
            ],
            [
              9.984096748932284,
              32.99355753286934
            ],
            [
              9.98371096078087,
              32.99356057007544
            ],
            [
              9.98351806668343,
              32.99356208823157
            ],
            [
              9.974855696276633,
              32.99525561428297
            ],
            [
              9.969824365983385,
              32.99383166746546
            ],
            [
              9.969635014020849,
              32.9941582682873
            ],
            [
              9.9690616580098,
              32.99465041274976
            ],
            [
              9.968677637520143,
              32.994815955636334
            ],
            [
              9.9669521920353,
              32.9958047123785
            ],
            [
              9.965419601724863,
              32.99679195586274
            ],
            [
              9.964083413200013,
              32.99810278360395
            ],
            [
              9.962361377528023,
              32.999416582915806
            ],
            [
              9.960441093174284,
              33.00024418511164
            ],
            [
              9.958131446330878,
              33.00074961223886
            ],
            [
              9.9566039363994,
              33.00222439348525
            ],
            [
              9.955071118374827,
              33.00321151304555
            ],
            [
              9.95295951723058,
              33.00420302917254
            ],
            [
              9.951230225035731,
              33.004866468474766
            ],
            [
              9.94815391782854,
              33.0058652439105
            ],
            [
              9.945461665722485,
              33.00669845906435
            ],
            [
              9.943165580833464,
              33.008504036451704
            ],
            [
              9.941050263709378,
              33.00917024906803
            ],
            [
              9.938938363424365,
              33.01016153239044
            ],
            [
              9.9379754183417,
              33.01033133065093
            ],
            [
              9.93681953577879,
              33.010502568207954
            ],
            [
              9.935472432834468,
              33.01083779289268
            ],
            [
              9.934313113862746,
              33.01068390095126
            ],
            [
              9.9331538027449,
              33.01052999813442
            ],
            [
              9.93180156177748,
              33.01037752337724
            ],
            [
              9.930637142248923,
              33.00973593673543
            ],
            [
              9.929863713114596,
              33.00957912855259
            ],
            [
              9.92928321828866,
              33.009420880847266
            ],
            [
              9.925996594552966,
              33.00879501504783
            ],
            [
              9.923486808870312,
              33.00865102240646
            ],
            [
              9.921555824548483,
              33.00850271191592
            ],
            [
              9.920206999697715,
              33.00867521850627
            ],
            [
              9.918858173332337,
              33.008847710576525
            ],
            [
              9.917511022626016,
              33.009182742228134
            ],
            [
              9.916549726579463,
              33.00951492979794
            ],
            [
              9.915784712819608,
              33.010170804500575
            ],
            [
              9.914828424584902,
              33.01099064150402
            ],
            [
              9.913870443902251,
              33.011647917213445
            ],
            [
              9.913112085527452,
              33.01295399265631
            ],
            [
              9.912353698873215,
              33.01426004987642
            ],
            [
              9.911789911641968,
              33.01572726264771
            ],
            [
              9.91141738729001,
              33.017030511342846
            ],
            [
              9.91123779820954,
              33.01833233799298
            ],
            [
              9.911242809304778,
              33.01882000032069
            ],
            [
              9.911059878648214,
              33.01979673204384
            ],
            [
              9.91125951382862,
              33.02044554113256
            ],
            [
              9.911457485212232,
              33.020931795718745
            ],
            [
              9.911653783435842,
              33.02125549592701
            ],
            [
              9.912814878457796,
              33.02157215036239
            ],
            [
              9.913972628333797,
              33.02156368604194
            ],
            [
              9.915325018736427,
              33.02171635123885
            ],
            [
              9.916291490384458,
              33.021871832753355
            ],
            [
              9.916872045648427,
              33.02203013955635
            ],
            [
              9.917454289022425,
              33.022350997318675
            ],
            [
              9.917843575421927,
              33.02267327007005
            ],
            [
              9.918043264851388,
              33.02332205326615
            ],
            [
              9.918051680789477,
              33.02413482159418
            ],
            [
              9.917484567258747,
              33.02527694995563
            ],
            [
              9.917103682310822,
              33.02576744469544
            ],
            [
              9.916150601462887,
              33.026912399854744
            ],
            [
              9.915385437424346,
              33.0275682591993
            ],
            [
              9.914044690164232,
              33.028553486294555
            ],
            [
              9.913089867512584,
              33.02953585126217
            ],
            [
              9.912515958585633,
              33.03002774286366
            ],
            [
              9.91175575713997,
              33.03117125560006
            ],
            [
              9.911564450937046,
              33.03133521775374
            ],
            [
              9.911183503414396,
              33.03182569500341
            ],
            [
              9.910804222152679,
              33.03247872489348
            ],
            [
              9.910616251491136,
              33.0329677793884
            ],
            [
              9.910240298402536,
              33.03394592890189
            ],
            [
              9.910053992934191,
              33.034597536273694
            ],
            [
              9.909674689832455,
              33.03525056280814
            ],
            [
              9.909486707517447,
              33.03573962937454
            ],
            [
              9.908917742538504,
              33.036719166188824
            ],
            [
              9.908345432643745,
              33.03737359298318
            ],
            [
              9.907385457404045,
              33.03786826817355
            ],
            [
              9.906618471235827,
              33.03836152158657
            ],
            [
              9.905462160494588,
              33.0385324890822
            ],
            [
              9.904116160972842,
              33.039029923372254
            ],
            [
              9.90296645994764,
              33.03985106986813
            ],
            [
              9.903161120321327,
              33.04001222832098
            ],
            [
              9.903162777222482,
              33.04017478223292
            ],
            [
              9.903355775267167,
              33.04017338649814
            ],
            [
              9.90335743253601,
              33.040335940397135
            ],
            [
              9.903359089818181,
              33.04049849429182
            ],
            [
              9.903553746208145,
              33.04065965212306
            ],
            [
              9.90355540387134,
              33.040822206000485
            ],
            [
              9.903750065428863,
              33.04098336346912
            ],
            [
              9.92223245367722,
              33.036459001067975
            ]
          ]
        ]
      }
    },
    {
      "type": "Feature",
      "id": "osm:relation:7143823",
      "properties": {
        "officialCode": "535258",
        "nameAr": "شنني الجديدة",
        "nameFr": "Nouvelle chnini",
        "governorateCode": "53",
        "governorateAr": "تطاوين",
        "governorateFr": "Tataouine",
        "delegationCode": "5352",
        "parentAr": "تطاوين الجنوبية",
        "parentFr": "Tataouine sud",
        "sourceId": "isie-local-sectors-2023-chenini-two-review",
        "sourcePdfURL": "https://www.isie.tn/wp-content/uploads/2023/CartesCirconscriptionsElectoralesLocales2023/%D8%AA%D8%B7%D8%A7%D9%88%D9%8A%D9%86/%D8%AA%D8%B7%D8%A7%D9%88%D9%8A%D9%86%20%D8%A7%D9%84%D8%AC%D9%86%D9%88%D8%A8%D9%8A%D8%A9/%D8%B4%D9%86%D9%86%D9%8A%20%D8%A7%D9%84%D8%AC%D8%AF%D9%8A%D8%AF%D8%A9.pdf",
        "sourcePdfSha256": "c91ebd050f74d8a97dbe38a2a69cfe505ba92166f1918c3a5b300d2ee74355cb",
        "sourcePdfFile": "work/chenini-identity-review/maps/new-chenini.pdf",
        "sourcePdfCreated": "D:20231017093512+01",
        "reviewedDate": "2026-09-07",
        "sourceMapTitleAr": "شنني الجديدة",
        "targetIsPageTitle": true,
        "sourceDrawingIndices": [
          541
        ],
        "sourceVectorLayer": "circonscription_isie2023",
        "sourceCrsEpsg": 32632,
        "sourceCrsWkt": "PROJCS[\"WGS_1984_UTM_Zone_32N\",GEOGCS[\"GCS_WGS_1984\",DATUM[\"D_WGS_1984\",SPHEROID[\"WGS_1984\",6378137.0,298.257223563]],PRIMEM[\"Greenwich\",0.0],UNIT[\"Degree\",0.0174532925199433]],PROJECTION[\"Transverse_Mercator\"],PARAMETER[\"False_Easting\",500000.0],PARAMETER[\"False_Northing\",0.0],PARAMETER[\"Central_Meridian\",9.0],PARAMETER[\"Scale_Factor\",0.9996],PARAMETER[\"Latitude_Of_Origin\",0.0],UNIT[\"Meter\",1.0]]",
        "sourceControlPointMaxResidualMeters": 0.27919972482508126,
        "sourceControlPointsLatLon": [
          [
            32.8835,
            10.24461
          ],
          [
            32.97219,
            10.24586
          ],
          [
            32.9706,
            10.39646
          ],
          [
            32.88191,
            10.39507
          ]
        ],
        "sourceLocalControlPoints": [
          [
            0.0,
            1.0
          ],
          [
            0.0,
            0.0
          ],
          [
            1.0,
            0.0
          ],
          [
            1.0,
            1.0
          ]
        ],
        "sourceViewportBBox": [
          4.31908,
          590.46173,
          841.50095,
          5.38791
        ],
        "sourcePageTransformationMatrix": [
          1.0,
          0.0,
          0.0,
          -1.0,
          0.0,
          595.5023803710938
        ],
        "sourceAffineMetersFromPagePoints": [
          [
            16.814972175143332,
            8.867012827578441e-05
          ],
          [
            -0.00036729519570144475,
            -16.80932974958523
          ],
          [
            616350.4567657434,
            3648977.7482492947
          ]
        ],
        "sourceGeometry": "One complete original explicitly closed valid ring. No repair, join, snapping, clipping, buffering, simplification or rounding in exported source geometry.",
        "sourcePagePaths": [
          {
            "drawingIndex": 541,
            "vertices": [
              [
                606.470947265625,
                171.74169921875
              ],
              [
                612.229736328125,
                175.70217895507812
              ],
              [
                619.42822265625,
                180.38278198242188
              ],
              [
                624.8270263671875,
                183.98321533203125
              ],
              [
                631.6655883789062,
                188.30377197265625
              ],
              [
                636.3446044921875,
                191.544189453125
              ],
              [
                639.5839233398438,
                194.06451416015625
              ],
              [
                644.6228637695312,
                197.66494750976562
              ],
              [
                648.2221069335938,
                201.62545776367188
              ],
              [
                651.8212890625,
                204.14578247070312
              ],
              [
                654.3407592773438,
                206.66607666015625
              ],
              [
                657.9400024414062,
                209.54644775390625
              ],
              [
                661.5392456054688,
                212.786865234375
              ],
              [
                665.1384887695312,
                215.667236328125
              ],
              [
                668.7377319335938,
                219.26766967773438
              ],
              [
                672.6968994140625,
                221.42794799804688
              ],
              [
                678.4556274414062,
                223.94827270507812
              ],
              [
                683.8544921875,
                226.82864379882812
              ],
              [
                687.8136596679688,
                228.62884521484375
              ],
              [
                690.6930541992188,
                230.4290771484375
              ],
              [
                720.566650390625,
                298.1176452636719
              ],
              [
                734.6036987304688,
                314.3196716308594
              ],
              [
                734.6036987304688,
                314.6797180175781
              ],
              [
                568.319091796875,
                514.1448974609375
              ],
              [
                360.2833251953125,
                563.4711303710938
              ],
              [
                180.32162475585938,
                425.57373046875
              ],
              [
                172.04339599609375,
                419.45294189453125
              ],
              [
                176.3624725341797,
                412.97210693359375
              ],
              [
                176.00254821777344,
                411.53192138671875
              ],
              [
                173.843017578125,
                408.2915344238281
              ],
              [
                172.76324462890625,
                408.2915344238281
              ],
              [
                169.88385009765625,
                411.8919677734375
              ],
              [
                168.8040771484375,
                411.8919677734375
              ],
              [
                167.72430419921875,
                411.1719055175781
              ],
              [
                167.0044708251953,
                411.1719055175781
              ],
              [
                166.2846221923828,
                411.53192138671875
              ],
              [
                165.5647735595703,
                411.1719055175781
              ],
              [
                164.8449249267578,
                410.81182861328125
              ],
              [
                164.48500061035156,
                410.0917663574219
              ],
              [
                163.04530334472656,
                410.0917663574219
              ],
              [
                162.32545471191406,
                409.731689453125
              ],
              [
                161.24569702148438,
                409.0116271972656
              ],
              [
                160.88577270507812,
                407.9314880371094
              ],
              [
                160.16592407226562,
                406.8513488769531
              ],
              [
                159.44607543945312,
                405.4111633300781
              ],
              [
                158.36630249023438,
                403.6109619140625
              ],
              [
                156.5666961669922,
                401.09063720703125
              ],
              [
                155.48692321777344,
                399.2904052734375
              ],
              [
                154.76707458496094,
                397.8502197265625
              ],
              [
                152.60752868652344,
                397.49017333984375
              ],
              [
                151.5277557373047,
                395.32989501953125
              ],
              [
                151.1678466796875,
                393.88970947265625
              ],
              [
                151.1678466796875,
                392.0894775390625
              ],
              [
                151.1678466796875,
                389.56915283203125
              ],
              [
                150.8079071044922,
                387.7689208984375
              ],
              [
                151.5277557373047,
                385.6086730957031
              ],
              [
                152.2476043701172,
                383.8084411621094
              ],
              [
                151.5277557373047,
                381.28814697265625
              ],
              [
                151.5277557373047,
                379.84796142578125
              ],
              [
                149.72813415527344,
                379.4879150390625
              ],
              [
                147.568603515625,
                378.767822265625
              ],
              [
                145.4090576171875,
                378.40777587890625
              ],
              [
                142.8896026611328,
                378.0477294921875
              ],
              [
                141.08998107910156,
                379.12786865234375
              ],
              [
                111.21633911132812,
                339.8829040527344
              ],
              [
                237.54945373535156,
                110.89401245117188
              ],
              [
                319.971923828125,
                31.68402099609375
              ],
              [
                329.3299255371094,
                35.28448486328125
              ],
              [
                333.2890930175781,
                37.084716796875
              ],
              [
                377.1997375488281,
                54.0068359375
              ],
              [
                377.9195861816406,
                54.36688232421875
              ],
              [
                446.3050537109375,
                81.7303466796875
              ],
              [
                449.5443420410156,
                82.81048583984375
              ],
              [
                455.6630554199219,
                85.33078002929688
              ],
              [
                460.342041015625,
                87.13101196289062
              ],
              [
                466.100830078125,
                89.65133666992188
              ],
              [
                469.34014892578125,
                91.09152221679688
              ],
              [
                472.9393615722656,
                92.17166137695312
              ],
              [
                462.5015869140625,
                106.21340942382812
              ],
              [
                569.0389404296875,
                176.78231811523438
              ],
              [
                579.4766845703125,
                154.09945678710938
              ],
              [
                583.4358520507812,
                156.61978149414062
              ],
              [
                588.4747924804688,
                160.22024536132812
              ],
              [
                593.5137329101562,
                163.46063232421875
              ],
              [
                599.6323852539062,
                167.421142578125
              ],
              [
                606.470947265625,
                171.74169921875
              ]
            ],
            "explicitlyClosed": true,
            "originalValid": true,
            "originalAreaPagePoints2": 203318.13192152465
          }
        ],
        "geometryHash": "7f15f951e731940e984903c5d81258cdf76d050a185a9d2c728b375602509863",
        "joiningReview": {
          "joined": false
        },
        "repair": null,
        "clipReview": {
          "activeClipCount": 2,
          "outsideActiveClipsAreaPoints2": [
            0.0,
            0.0
          ],
          "outsideViewportAreaPoints2": 0.0,
          "distanceFromViewportPoints": 26.643310546875004
        },
        "manualIdentityQualification": "Complete target title and interior sector label visually re-reviewed. Decree annex A explicitly maps this named imada to one identical circle. Point membership is evaluated independently from the obsolete source footprint.",
        "visualReview": {
          "file": "work/chenini-identity-review/maps/new-chenini.png",
          "sha256": "5fd66ee2d0c06e9bfc995e14352580d4ee5b289bd6fb90cf159a773f395dc558",
          "completeTargetReviewed": true
        },
        "sourceAssertion": {
          "id": "osm:relation:7143823",
          "expectedKind": "sector",
          "expectedTags": {
            "admin_level": "6",
            "boundary": "administrative",
            "name": "شنني الجديدة",
            "name:ar": "شنني الجديدة",
            "name:fr": "Nouvelle Chnini",
            "ref:tn:codegeo": "535258"
          }
        },
        "currentOfficialIdentity": {
          "governorateCode": "53",
          "governorateFr": "Tataouine",
          "governorateAr": "تطاوين",
          "delegationCode": "5352",
          "delegationFr": "Tataouine sud",
          "delegationAr": "تطاوين الجنوبية",
          "sectorCode": "535258",
          "sectorFr": "Nouvelle chnini",
          "sectorAr": "شنني الجديدة",
          "sourceRows": {
            "Population_Secteur_Age_Sexe_Dynamique.xlsx": 64155,
            "Nombre_de_Logements_par_Secteurs.xlsx": 3154,
            "Nombre_de_menages_par_Secteurs.xlsx": 3148
          }
        },
        "officialRegistrySha256": "23b3ee87c07971eb48b456799833f1996ade5d0bdc10d7bf6b0e3bf6798c9eec",
        "scopeReview": {
          "classification": "WHOLE_CIRCLE_EQUALS_WHOLE_IMADA",
          "wholeCircleEqualsWholeImada": true,
          "decreeAnnex": 1,
          "decreeTable": "A",
          "decreePDFPage": 33,
          "decreeJORTPage": 5130,
          "parentContinuationPDFPage": 32,
          "parentContinuationJORTPage": 5129,
          "sourceDecreeSha256": "bfb3fe752b9900eaf873198b009968243f1b0bd2c119836cfd4fbbfc07e1e10f",
          "sourceDecreeURL": "https://www.isie.tn/wp-content/uploads/2023/09/Decret2023_590Arabe.pdf",
          "imadaNameAr": "شنني الجديدة",
          "circleNameAr": "شنني الجديدة",
          "expectedCircleCount": 1
        },
        "validation": {
          "valid": true,
          "countryFullyContains": true,
          "countryOutsideAreaMeters2": 0.0,
          "sourceUnchanged": true,
          "quantizedValid": true,
          "quantizedCountryFullyContains": true,
          "quantizedPackedCountryFullyContains": true,
          "sourceHoleCount": 0,
          "quantizedHoleCount": 0,
          "quantizedSymmetricDifferenceMeters2": 534.3397680574111,
          "quantizedHausdorffMeters": 0.06546655229400583,
          "quantizationGridDegrees": 1e-06,
          "packedGeometrySha256": "5219035c71ebd7270eab1f92de6db3ec1853f65bcaf354c0c1d8b9a337127768",
          "packedGeometryBytes": 700
        },
        "osmComparison": {
          "oldAreaMeters2": 204072147.95774025,
          "officialAreaMeters2": 57467547.11629335,
          "iou": 0.06591978638779235,
          "officialCoveredByOsm": 0.28145321887364627,
          "osmCoveredByOfficial": 0.07925837150497936
        },
        "pointMembership": [
          {
            "villageId": "osm:node:297760994",
            "sourceContains": false,
            "quantizedContains": false,
            "sourceClearanceMeters": 907.6749661825061,
            "quantizedClearanceMeters": 907.6152606483691,
            "oldSourceContains": true,
            "oldPackedContains": true
          },
          {
            "villageId": "osm:node:1975899618",
            "sourceContains": true,
            "quantizedContains": true,
            "sourceClearanceMeters": 505.0849594648145,
            "quantizedClearanceMeters": 505.06523532133883,
            "oldSourceContains": true,
            "oldPackedContains": true
          }
        ]
      },
      "geometry": {
        "type": "Polygon",
        "coordinates": [
          [
            [
              10.353796864926158,
              32.945794734091095
            ],
            [
              10.354823357500026,
              32.94518316069038
            ],
            [
              10.356107079072563,
              32.94445961000806
            ],
            [
              10.357069636617778,
              32.943903298963356
            ],
            [
              10.358289429820681,
              32.9432350071404
            ],
            [
              10.35912335403223,
              32.94273466059041
            ],
            [
              10.359700036871125,
              32.942346280880685
            ],
            [
              10.36059783339464,
              32.9417906476618
            ],
            [
              10.361235878205061,
              32.941183246013566
            ],
            [
              10.361877255943007,
              32.94079415183367
            ],
            [
              10.362324464055835,
              32.94040717560115
            ],
            [
              10.36296500351879,
              32.939963498344724
            ],
            [
              10.363604697369038,
              32.93946524035942
            ],
            [
              10.364245223575061,
              32.939021556817224
            ],
            [
              10.364884063555886,
              32.93846871963327
            ],
            [
              10.365590980000539,
              32.938133477796114
            ],
            [
              10.366620654001666,
              32.93774011677695
            ],
            [
              10.36758476543165,
              32.93729287802655
            ],
            [
              10.368292503969057,
              32.93701220347764
            ],
            [
              10.368806071406249,
              32.93673364687174
            ],
            [
              10.374019052217145,
              32.92641417341771
            ],
            [
              10.376504816847792,
              32.92393043390227
            ],
            [
              10.376503970254236,
              32.923875856480386
            ],
            [
              10.346148087576868,
              32.893965199510625
            ],
            [
              10.308645897535017,
              32.88688470092517
            ],
            [
              10.276602390400148,
              32.908122907948666
            ],
            [
              10.275127535584994,
              32.90906594742291
            ],
            [
              10.275918105601246,
              32.91004046378405
            ],
            [
              10.275856538022621,
              32.91025944304093
            ],
            [
              10.275475366313431,
              32.91075461674932
            ],
            [
              10.275281249260651,
              32.91075659652696
            ],
            [
              10.27475576644718,
              32.910216081181
            ],
            [
              10.27456165051521,
              32.9102180598127
            ],
            [
              10.274369101467311,
              32.91032919311855
            ],
            [
              10.274239693407203,
              32.91033051181563
            ],
            [
              10.274109499334836,
              32.9102772552269
            ],
            [
              10.27398087177537,
              32.91033314886397
            ],
            [
              10.27385224418362,
              32.910389051624485
            ],
            [
              10.273789104927959,
              32.91049886573443
            ],
            [
              10.273530282760854,
              32.910501501861816
            ],
            [
              10.27340165463,
              32.910557404169985
            ],
            [
              10.273209106093844,
              32.91066853570813
            ],
            [
              10.273146748663315,
              32.91083293396095
            ],
            [
              10.273019685092603,
              32.91099799091018
            ],
            [
              10.272893403663085,
              32.91121762756165
            ],
            [
              10.272703197808976,
              32.911492497862525
            ],
            [
              10.272385145245712,
              32.91187784900246
            ],
            [
              10.27219493651782,
              32.91215272320042
            ],
            [
              10.272068651480264,
              32.91237235906861
            ],
            [
              10.271681191678908,
              32.91243088775376
            ],
            [
              10.271491761406342,
              32.91276034077892
            ],
            [
              10.271430183941526,
              32.91297931804628
            ],
            [
              10.271434092780904,
              32.913252217238096
            ],
            [
              10.271439565244565,
              32.91363427608592
            ],
            [
              10.27137876338998,
              32.91390783320416
            ],
            [
              10.271512870542688,
              32.9142339916583
            ],
            [
              10.271646196839955,
              32.91450557473269
            ],
            [
              10.271522252837551,
              32.914888944919056
            ],
            [
              10.271525380358726,
              32.915107264198895
            ],
            [
              10.271202617283377,
              32.91516513364829
            ],
            [
              10.270815928908316,
              32.91527823973826
            ],
            [
              10.270428455550755,
              32.91533676484154
            ],
            [
              10.269976275191386,
              32.91539594595583
            ],
            [
              10.269650386961692,
              32.915235492025054
            ],
            [
              10.26436429272509,
              32.92123911088238
            ],
            [
              10.287582468172696,
              32.9557196790475
            ],
            [
              10.302583913893885,
              32.967573338675905
            ],
            [
              10.304259277823924,
              32.96700998993469
            ],
            [
              10.304967462904704,
              32.96672965986048
            ],
            [
              10.312828387471047,
              32.964081727778556
            ],
            [
              10.312957065783051,
              32.96402578865386
            ],
            [
              10.325196230216607,
              32.95974798026496
            ],
            [
              10.325776435705444,
              32.95957806470692
            ],
            [
              10.326871293919048,
              32.959184339422315
            ],
            [
              10.32770881475955,
              32.95890250847509
            ],
            [
              10.328738916411458,
              32.958509450450805
            ],
            [
              10.329318293306214,
              32.958284940532636
            ],
            [
              10.329963219524029,
              32.95811431719266
            ],
            [
              10.328053902070373,
              32.956005743990715
            ],
            [
              10.347053433829252,
              32.94510338835426
            ],
            [
              10.34898287357379,
              32.94852153729161
            ],
            [
              10.349689101074564,
              32.94813180452508
            ],
            [
              10.350587019968788,
              32.94757623600284
            ],
            [
              10.351485759557248,
              32.94707524368271
            ],
            [
              10.35257700185208,
              32.946462983560586
            ],
            [
              10.353796864926158,
              32.945794734091095
            ]
          ]
        ]
      }
    }
  ]
}
