{
  "type": "FeatureCollection",
  "name": "Reviewed ISIE 2023 Mégrine sector vector outlines",
  "sourceId": "isie-local-sectors-2023-megrine",
  "reviewedDate": "2026-09-07",
  "status": "REVIEWED_CANDIDATE_EXPORT_FOR_EXPLICIT_COMPILER_IMPORT",
  "geometryPolicy": "Seven unchanged closed source rings; Jawhara make_valid retains both components. No snapping, buffering, clipping or dropping small polygons. Shared boundary overlaps remain.",
  "features": [
    {
      "type": "Feature",
      "id": "osm:relation:7174630",
      "properties": {
        "officialCode": "135954",
        "nameAr": "منزل مبروك",
        "nameFr": "Menzel mabrouk",
        "governorateCode": "13",
        "governorateAr": "بن عروس",
        "governorateFr": "Ben arous",
        "delegationCode": "1359",
        "delegationAr": "مقرين",
        "delegationFr": "Megrine",
        "parentArabic": "مقرين",
        "parentFrench": "Megrine",
        "sourceId": "isie-local-sectors-2023-megrine",
        "sourcePdfURL": "https://www.isie.tn/wp-content/uploads/2023/CartesCirconscriptionsElectoralesLocales2023/%D8%A8%D9%86%20%D8%B9%D8%B1%D9%88%D8%B3/%D9%85%D9%82%D8%B1%D9%8A%D9%86/%D9%85%D9%86%D8%B2%D9%84%20%D9%85%D8%A8%D8%B1%D9%88%D9%83.pdf",
        "sourcePdfSha256": "20b2896a085e6cc52a7bc45c15378db909f9a898be92bec6731a7310862b8aa3",
        "reviewedDate": "2026-09-07",
        "geometryHash": "a0a2599ad751a70c9c870e86fd8cbe225439998c82ae2784e5029cda175a596c",
        "geometryHashMethod": "SHA256 UTF-8 json.dumps(geometry, sort_keys=True, separators=(comma,colon), ensure_ascii=False, allow_nan=False)",
        "evidence": {
          "sourcePdfURL": "https://www.isie.tn/wp-content/uploads/2023/CartesCirconscriptionsElectoralesLocales2023/%D8%A8%D9%86%20%D8%B9%D8%B1%D9%88%D8%B3/%D9%85%D9%82%D8%B1%D9%8A%D9%86/%D9%85%D9%86%D8%B2%D9%84%20%D9%85%D8%A8%D8%B1%D9%88%D9%83.pdf",
          "sourcePdfSha256": "20b2896a085e6cc52a7bc45c15378db909f9a898be92bec6731a7310862b8aa3",
          "sourcePdfFile": "map-1.pdf",
          "sourcePdfCreated": "D:20231017002959+01",
          "reviewedDate": "2026-09-07",
          "pageNumber": 1,
          "drawingIndexZeroBased": 186,
          "layer": "circonscription_isie2023",
          "strokeRgb": [
            1.0,
            0.0,
            0.0
          ],
          "explicitlyClosed": true,
          "sourceVertexCount": 55,
          "crsEpsg": 32632,
          "crsWkt": "PROJCS[\"WGS_1984_UTM_Zone_32N\",GEOGCS[\"GCS_WGS_1984\",DATUM[\"D_WGS_1984\",SPHEROID[\"WGS_1984\",6378137.0,298.257223563]],PRIMEM[\"Greenwich\",0.0],UNIT[\"Degree\",0.0174532925199433]],PROJECTION[\"Transverse_Mercator\"],PARAMETER[\"False_Easting\",500000.0],PARAMETER[\"False_Northing\",0.0],PARAMETER[\"Central_Meridian\",9.0],PARAMETER[\"Scale_Factor\",0.9996],PARAMETER[\"Latitude_Of_Origin\",0.0],UNIT[\"Meter\",1.0]]",
          "outputCrs": "EPSG:4326; longitude,latitude",
          "viewportBBoxRaw": [
            4.31908,
            590.46173,
            841.50095,
            5.38791
          ],
          "localControlPoints": [
            [
              0.0,
              1.0
            ],
            [
              0.0,
              0.0
            ],
            [
              1.0,
              0.0
            ],
            [
              1.0,
              1.0
            ]
          ],
          "controlPointsLatLon": [
            [
              36.77219,
              10.22662
            ],
            [
              36.78056,
              10.22675
            ],
            [
              36.78041,
              10.24165
            ],
            [
              36.77203,
              10.24151
            ]
          ],
          "pageTransformationMatrix": [
            1.0,
            0.0,
            0.0,
            -1.0,
            0.0,
            595.5023803710938
          ],
          "affineMapMetersFromPagePoints": [
            [
              1.5880429134622824,
              -6.0712850556652505e-05
            ],
            [
              -0.00011026475885955733,
              -1.588257685307326
            ],
            [
              609459.9719920073,
              4071239.6461950587
            ]
          ],
          "maximumControlFitResidualMeters": 0.33558624923308195,
          "mapAxisScaleMetersPerPdfPoint": [
            1.588042914622846,
            1.5882576891348905
          ],
          "controlCoordinatePrecisionDegrees": 1e-05,
          "precisionCaveat": "Rounded map controls and independently exported page vectors do not establish survey or ground accuracy. Keep all cross-page overlap strips; they are not a clean partition.",
          "viewportReview": {
            "touchesViewport": false,
            "outsideViewportAreaPixels2": 0.0,
            "pagePixelBounds": [
              42.83089065551758,
              39.2449951171875,
              802.9891357421875,
              555.91015625
            ]
          },
          "insideLabels": [
            {
              "text": "ىدﮭﻟا ﺞﮭﻧ ",
              "normalizedForward": "ىدهلاجهن",
              "normalizedReverse": "نهجالهدى",
              "colors": [
                0
              ],
              "center": [
                549.4014587402344,
                268.4028625488281
              ]
            },
            {
              "text": " ﺷﺎرع اﻟﺑﯾﺋﺔ",
              "normalizedForward": "شارعالبيئة",
              "normalizedReverse": "ةئيبلاعراش",
              "colors": [
                0
              ],
              "center": [
                78.71417045593262,
                404.64952087402344
              ]
            },
            {
              "text": " ﻧﮭﺞ ﺻﻔﺎﻗس",
              "normalizedForward": "نهجصفاقس",
              "normalizedReverse": "سقافصجهن",
              "colors": [
                0
              ],
              "center": [
                380.1734619140625,
                294.4656677246094
              ]
            },
            {
              "text": " ﻧﮭﺞ ﺳوﺳﺔ",
              "normalizedForward": "نهجسوسة",
              "normalizedReverse": "ةسوسجهن",
              "colors": [
                0
              ],
              "center": [
                362.4419860839844,
                245.2758560180664
              ]
            },
            {
              "text": " ﻧﮭﺞ ﻗرطﺑﺔ",
              "normalizedForward": "نهجقرطبة",
              "normalizedReverse": "ةبطرقجهن",
              "colors": [
                0
              ],
              "center": [
                455.39662170410156,
                313.37828063964844
              ]
            },
            {
              "text": " زﻧﻘﺔ",
              "normalizedForward": "زنقة",
              "normalizedReverse": "ةقنز",
              "colors": [
                0
              ],
              "center": [
                149.2229766845703,
                354.90655517578125
              ]
            },
            {
              "text": " ﻧﮭﺞ ﺟﻧدوﺑﺔ",
              "normalizedForward": "نهججندوبة",
              "normalizedReverse": "ةبودنججهن",
              "colors": [
                0
              ],
              "center": [
                221.9904022216797,
                337.13641357421875
              ]
            },
            {
              "text": "فﺎﻛﻟا ﺞﮭﻧ ",
              "normalizedForward": "فاكلاجهن",
              "normalizedReverse": "نهجالكاف",
              "colors": [
                0
              ],
              "center": [
                242.0606918334961,
                231.01221466064453
              ]
            },
            {
              "text": " ﻧﮭﺞ اﻟﺑﻧدﻗﯾﺔ",
              "normalizedForward": "نهجالبندقية",
              "normalizedReverse": "ةيقدنبلاجهن",
              "colors": [
                0
              ],
              "center": [
                152.77481079101562,
                393.71253967285156
              ]
            },
            {
              "text": " ﻧﮭﺞ ﻏرﻧﺎطﺔ",
              "normalizedForward": "نهجغرناطة",
              "normalizedReverse": "ةطانرغجهن",
              "colors": [
                0
              ],
              "center": [
                431.8123321533203,
                292.8588562011719
              ]
            },
            {
              "text": " ﻧﮭﺞ اﻟﻘﺻرﯾن",
              "normalizedForward": "نهجالقصرين",
              "normalizedReverse": "نيرصقلاجهن",
              "colors": [
                0
              ],
              "center": [
                503.39520263671875,
                337.4571075439453
              ]
            },
            {
              "text": "رﯾﺗﺳﻧﻣﻟا ﺞﮭﻧ ",
              "normalizedForward": "ريتسنملاجهن",
              "normalizedReverse": "نهجالمنستير",
              "colors": [
                0
              ],
              "center": [
                183.40260314941406,
                355.96226501464844
              ]
            },
            {
              "text": " ﻧﮭﺞ ﺑﺎﺟﺔ",
              "normalizedForward": "نهجباجة",
              "normalizedReverse": "ةجابجهن",
              "colors": [
                0
              ],
              "center": [
                356.4174499511719,
                187.173583984375
              ]
            },
            {
              "text": "جﺎطرﻗ ﺞﮭﻧ ",
              "normalizedForward": "جاطرقجهن",
              "normalizedReverse": "نهجقرطاج",
              "colors": [
                0
              ],
              "center": [
                199.3423309326172,
                280.23277282714844
              ]
            },
            {
              "text": "لﺑﺎﻧ ﺞﮭﻧ ",
              "normalizedForward": "لبانجهن",
              "normalizedReverse": "نهجنابل",
              "colors": [
                0
              ],
              "center": [
                319.6378173828125,
                175.41159057617188
              ]
            },
            {
              "text": "يوا وزﻟا  ﻲﻠﻋ ﺞﮭﻧ ",
              "normalizedForward": "يواوزلايلعجهن",
              "normalizedReverse": "نهجعليالزواوي",
              "colors": [
                0
              ],
              "center": [
                317.01087951660156,
                402.53228759765625
              ]
            },
            {
              "text": "ﻊﯾﺑرﻟا  رﻣﻣ ",
              "normalizedForward": "عيبرلارمم",
              "normalizedReverse": "ممرالربيع",
              "colors": [
                0
              ],
              "center": [
                285.0838165283203,
                513.7529907226562
              ]
            },
            {
              "text": " ﻧﮭﺞ اﻟﻣﮭدﯾﺔ",
              "normalizedForward": "نهجالمهدية",
              "normalizedReverse": "ةيدهملاجهن",
              "colors": [
                0
              ],
              "center": [
                301.4569854736328,
                120.49214553833008
              ]
            },
            {
              "text": "رﯾﻣﺧ ﺞﮭﻧ ",
              "normalizedForward": "ريمخجهن",
              "normalizedReverse": "نهجخمير",
              "colors": [
                0
              ],
              "center": [
                316.50523376464844,
                283.8442840576172
              ]
            },
            {
              "text": "مﺳإ نودﺑ ﺞﮭﻧ ",
              "normalizedForward": "مسإنودبجهن",
              "normalizedReverse": "نهجبدونإسم",
              "colors": [
                0
              ],
              "center": [
                361.1136779785156,
                139.2026138305664
              ]
            },
            {
              "text": "مﺎﺟﺳﻧﻹا ﺞﮭﻧ ",
              "normalizedForward": "ماجسنلإاجهن",
              "normalizedReverse": "نهجالإنسجام",
              "colors": [
                0
              ],
              "center": [
                724.8410034179688,
                456.9329833984375
              ]
            },
            {
              "text": "دﺷر نﺑإ ﺞﮭﻧ ",
              "normalizedForward": "دشرنبإجهن",
              "normalizedReverse": "نهجإبنرشد",
              "colors": [
                0
              ],
              "center": [
                394.6438903808594,
                427.15814208984375
              ]
            },
            {
              "text": "نﻻوﺟﻟا  رﻣﻣ ",
              "normalizedForward": "نلاوجلارمم",
              "normalizedReverse": "ممرالجولان",
              "colors": [
                0
              ],
              "center": [
                242.93689727783203,
                286.3595886230469
              ]
            },
            {
              "text": " ﻧﮭﺞ اﻟﺟﻣﮭورﯾﺔ",
              "normalizedForward": "نهجالجمهورية",
              "normalizedReverse": "ةيروهمجلاجهن",
              "colors": [
                0
              ],
              "center": [
                776.6972045898438,
                435.5270080566406
              ]
            },
            {
              "text": "كورﺑﻣ لزﻧﻣ",
              "normalizedForward": "كوربملزنم",
              "normalizedReverse": "منزلمبروك",
              "colors": [
                15073280
              ],
              "center": [
                346.0832977294922,
                343.79754638671875
              ]
            },
            {
              "text": "نﯾرﻘﻣ",
              "normalizedForward": "نيرقم",
              "normalizedReverse": "مقرين",
              "colors": [
                19880
              ],
              "center": [
                79.37265205383301,
                352.05552673339844
              ]
            }
          ],
          "identityReview": {
            "decision": "Explicit sector name in PDF page title and map label, matched to the current INS sector registry; old IDs retained only for the identical reviewed six-digit code.",
            "registrySha256": "23b3ee87c07971eb48b456799833f1996ade5d0bdc10d7bf6b0e3bf6798c9eec",
            "officialSourceRows": {
              "Population_Secteur_Age_Sexe_Dynamique.xlsx": 8705,
              "Nombre_de_Logements_par_Secteurs.xlsx": 288,
              "Nombre_de_menages_par_Secteurs.xlsx": 288
            },
            "officialSources": [
              {
                "file": "Population_Secteur_Age_Sexe_Dynamique.xlsx",
                "url": "https://ins.tn/sites/default/files-ftp3/files/2025-05/Population_Secteur_Age_Sexe_Dynamique.xlsx",
                "sha256": "70f8f9f872862d6947d08fc1b2775c66cf6b4d114a55f68092e7a4ce70d5d9ae",
                "sheet": "Population"
              },
              {
                "file": "Nombre_de_Logements_par_Secteurs.xlsx",
                "url": "https://www.ins.tn/sites/default/files-ftp3/files/2025-11/Nombre%20de%20Logements%20par%20Secteurs.xlsx",
                "sha256": "c2ab64d030e5737948ac51db8c42eca0665be280724fe3504529fbfa00498831",
                "sheet": "Logements"
              },
              {
                "file": "Nombre_de_menages_par_Secteurs.xlsx",
                "url": "https://www.ins.tn/sites/default/files-ftp3/files/2025-11/Nombre%20de%20m%C3%A9nages%20par%20Secteurs.xlsx",
                "sha256": "fea29d86630decb32b217be7b3f2fdb8bf5863e5fe9127a2374380714ff60ab1",
                "sheet": "Ménages"
              }
            ]
          },
          "repair": {
            "applied": false,
            "operation": null,
            "reviewDecision": "Unchanged source ring after independently checked georeferencing."
          },
          "compilerQuantizationReview": {
            "gridDegrees": 1e-06,
            "approxGridLatitudeMeters": 0.111,
            "approxGridLongitudeMetersAtMegrine": 0.089,
            "operation": "shapely.set_precision(wgs84_geometry, 1 / 1000000)",
            "sourcePartCount": 1,
            "partCount": 1,
            "allPositiveAreaComponentsSurvive": true,
            "parts": [
              {
                "areaMeters2": 427915.02085502516,
                "coordinateCount": 55,
                "boundsWgs84": [
                  10.227349,
                  36.772622,
                  10.240865,
                  36.780018
                ]
              }
            ],
            "hausdorffMeters": 0.06467634302176634,
            "symmetricDifferenceAreaMeters2": 112.55090619224171,
            "quantizedGeometryHash": "e9013a876ac33d4a9d26333ae685bd82408581e3bd3b8068a02e5080b61f4989"
          },
          "rawSourceGeometry": {
            "type": "Polygon",
            "coordinates": [
              [
                [
                  10.23767645644958,
                  36.77642833043036
                ],
                [
                  10.240268684102132,
                  36.774741433572835
                ],
                [
                  10.240858368283583,
                  36.774374435714286
                ],
                [
                  10.24086468829858,
                  36.77436921486801
                ],
                [
                  10.240780607171867,
                  36.7743185477534
                ],
                [
                  10.239245624088554,
                  36.77326241709465
                ],
                [
                  10.239201717422013,
                  36.77331957739399
                ],
                [
                  10.2391890773287,
                  36.77333001891227
                ],
                [
                  10.238799985390495,
                  36.773823781177995
                ],
                [
                  10.238749924722423,
                  36.77389647019998
                ],
                [
                  10.2386868068205,
                  36.77395383140147
                ],
                [
                  10.238674166554087,
                  36.7739642728672
                ],
                [
                  10.238000159365829,
                  36.77466204125101
                ],
                [
                  10.23793072002911,
                  36.77472462232738
                ],
                [
                  10.237899118785514,
                  36.77475072579576
                ],
                [
                  10.237873837775213,
                  36.77477160856463
                ],
                [
                  10.237506596271949,
                  36.77503317684321
                ],
                [
                  10.237500275970792,
                  36.77503839751573
                ],
                [
                  10.237493872370678,
                  36.775038464333065
                ],
                [
                  10.23676719397098,
                  36.77525223303863
                ],
                [
                  10.236728938747687,
                  36.775262941415036
                ],
                [
                  10.236690517023417,
                  36.77526334206681
                ],
                [
                  10.236677709781828,
                  36.77526347561463
                ],
                [
                  10.23618479842475,
                  36.77527892386133
                ],
                [
                  10.235876926424943,
                  36.775251204165095
                ],
                [
                  10.235812973392756,
                  36.77525702531034
                ],
                [
                  10.235633339804263,
                  36.77523827809276
                ],
                [
                  10.23553063235982,
                  36.7752238839501
                ],
                [
                  10.235331122817586,
                  36.77516410553609
                ],
                [
                  10.234983083565956,
                  36.77502855310286
                ],
                [
                  10.234847444706679,
                  36.7749577997388
                ],
                [
                  10.234756630703533,
                  36.77488657910472
                ],
                [
                  10.233538061277605,
                  36.77398687571659
                ],
                [
                  10.232641848829891,
                  36.7732178316198
                ],
                [
                  10.23204443930335,
                  36.772708568056395
                ],
                [
                  10.23195338178596,
                  36.77262188355465
                ],
                [
                  10.231946978373413,
                  36.772621950069684
                ],
                [
                  10.231629627352463,
                  36.77280050689438
                ],
                [
                  10.23162322392428,
                  36.77280057339227
                ],
                [
                  10.230032387883869,
                  36.773440803231225
                ],
                [
                  10.230013260220492,
                  36.77344615633974
                ],
                [
                  10.230013343013047,
                  36.773451310210554
                ],
                [
                  10.229226097419549,
                  36.773882158842554
                ],
                [
                  10.229035481348358,
                  36.77397691949404
                ],
                [
                  10.228972273269749,
                  36.77402912180285
                ],
                [
                  10.228306765883785,
                  36.77446385754844
                ],
                [
                  10.227989646371457,
                  36.77465786609069
                ],
                [
                  10.227659883237141,
                  36.774862313698776
                ],
                [
                  10.227425429139979,
                  36.77501938233116
                ],
                [
                  10.227349246819776,
                  36.77506140860322
                ],
                [
                  10.227355732997905,
                  36.77506649620718
                ],
                [
                  10.232046528272376,
                  36.78000246348748
                ],
                [
                  10.232059585172479,
                  36.7800177920071
                ],
                [
                  10.232065823300601,
                  36.780007417752344
                ],
                [
                  10.23767645644958,
                  36.77642833043036
                ]
              ]
            ]
          },
          "rawSourceGeometryHash": "a0a2599ad751a70c9c870e86fd8cbe225439998c82ae2784e5029cda175a596c",
          "sourcePagePathCoordinates": [
            [
              621.9476928710938,
              285.8760986328125
            ],
            [
              769.1563110351562,
              401.81072998046875
            ],
            [
              802.6292114257812,
              427.013916015625
            ],
            [
              802.9891357421875,
              427.37396240234375
            ],
            [
              798.3101196289062,
              430.9743957519531
            ],
            [
              713.00830078125,
              505.86383056640625
            ],
            [
              710.4888305664062,
              501.9033508300781
            ],
            [
              709.7689819335938,
              501.1832580566406
            ],
            [
              687.4537353515625,
              466.97894287109375
            ],
            [
              684.5743408203125,
              461.93829345703125
            ],
            [
              680.97509765625,
              457.977783203125
            ],
            [
              680.2552490234375,
              457.2576904296875
            ],
            [
              641.7434692382812,
              409.0116271972656
            ],
            [
              637.7843017578125,
              404.69110107421875
            ],
            [
              635.9846801757812,
              402.890869140625
            ],
            [
              634.5449829101562,
              401.45068359375
            ],
            [
              613.66943359375,
              383.4483947753906
            ],
            [
              613.3095092773438,
              383.0883483886719
            ],
            [
              612.9495849609375,
              383.0883483886719
            ],
            [
              571.9183349609375,
              368.6865234375
            ],
            [
              569.7587890625,
              367.9664306640625
            ],
            [
              567.5992431640625,
              367.9664306640625
            ],
            [
              566.87939453125,
              367.9664306640625
            ],
            [
              539.165283203125,
              367.246337890625
            ],
            [
              521.8889770507812,
              369.4066162109375
            ],
            [
              518.2897338867188,
              369.04656982421875
            ],
            [
              508.2118835449219,
              370.48675537109375
            ],
            [
              502.4530944824219,
              371.56689453125
            ],
            [
              491.29547119140625,
              375.887451171875
            ],
            [
              471.8595886230469,
              385.6086730957031
            ],
            [
              464.30120849609375,
              390.6492919921875
            ],
            [
              459.26226806640625,
              395.68994140625
            ],
            [
              391.5966796875,
              459.41796875
            ],
            [
              341.92724609375,
              513.7848510742188
            ],
            [
              308.8143005371094,
              549.7893676757812
            ],
            [
              303.7753601074219,
              555.91015625
            ],
            [
              303.4154357910156,
              555.91015625
            ],
            [
              285.4192810058594,
              543.6685791015625
            ],
            [
              285.0593566894531,
              543.6685791015625
            ],
            [
              195.0784912109375,
              500.1031188964844
            ],
            [
              193.99871826171875,
              499.7430725097656
            ],
            [
              193.99871826171875,
              499.3830261230469
            ],
            [
              149.36822509765625,
              469.85931396484375
            ],
            [
              138.57052612304688,
              463.37847900390625
            ],
            [
              134.97128295898438,
              459.77801513671875
            ],
            [
              97.1793212890625,
              429.8942565917969
            ],
            [
              79.18315124511719,
              416.57257080078125
            ],
            [
              60.46712875366211,
              402.53082275390625
            ],
            [
              47.14997100830078,
              391.72943115234375
            ],
            [
              42.83089065551758,
              388.84906005859375
            ],
            [
              43.19081115722656,
              388.489013671875
            ],
            [
              302.3356628417969,
              40.32513427734375
            ],
            [
              303.0555114746094,
              39.2449951171875
            ],
            [
              303.4154357910156,
              39.965087890625
            ],
            [
              621.9476928710938,
              285.8760986328125
            ]
          ]
        },
        "legacySourceReview": {
          "id": "osm:relation:7174630",
          "sourceTags": {
            "admin_level": "6",
            "boundary": "administrative",
            "name": "منزل مبروك",
            "name:ar": "منزل مبروك",
            "name:fr": "Menzel Mabrouk",
            "ref:tn:codegeo": "135954"
          },
          "comparison": {
            "intersectionAreaMeters2": 417326.24165445426,
            "newAreaCoveredByReferenceFraction": 0.975073893321122,
            "referenceAreaCoveredByNewFraction": 0.9788062402039726,
            "iou": 0.9549128708255956,
            "newOutsideReferenceAreaMeters2": 10668.236008185171,
            "referenceOutsideNewAreaMeters2": 9036.223676262563,
            "hausdorffMeters": 37.862370075764986,
            "newRepresentativePointInsideReference": true
          }
        },
        "reviewedBoundsWgs84": [
          10.227349246819776,
          36.77262188355465,
          10.24086468829858,
          36.7800177920071
        ],
        "reviewedAreaMeters2": 427994.477662644
      },
      "geometry": {
        "type": "Polygon",
        "coordinates": [
          [
            [
              10.23767645644958,
              36.77642833043036
            ],
            [
              10.240268684102132,
              36.774741433572835
            ],
            [
              10.240858368283583,
              36.774374435714286
            ],
            [
              10.24086468829858,
              36.77436921486801
            ],
            [
              10.240780607171867,
              36.7743185477534
            ],
            [
              10.239245624088554,
              36.77326241709465
            ],
            [
              10.239201717422013,
              36.77331957739399
            ],
            [
              10.2391890773287,
              36.77333001891227
            ],
            [
              10.238799985390495,
              36.773823781177995
            ],
            [
              10.238749924722423,
              36.77389647019998
            ],
            [
              10.2386868068205,
              36.77395383140147
            ],
            [
              10.238674166554087,
              36.7739642728672
            ],
            [
              10.238000159365829,
              36.77466204125101
            ],
            [
              10.23793072002911,
              36.77472462232738
            ],
            [
              10.237899118785514,
              36.77475072579576
            ],
            [
              10.237873837775213,
              36.77477160856463
            ],
            [
              10.237506596271949,
              36.77503317684321
            ],
            [
              10.237500275970792,
              36.77503839751573
            ],
            [
              10.237493872370678,
              36.775038464333065
            ],
            [
              10.23676719397098,
              36.77525223303863
            ],
            [
              10.236728938747687,
              36.775262941415036
            ],
            [
              10.236690517023417,
              36.77526334206681
            ],
            [
              10.236677709781828,
              36.77526347561463
            ],
            [
              10.23618479842475,
              36.77527892386133
            ],
            [
              10.235876926424943,
              36.775251204165095
            ],
            [
              10.235812973392756,
              36.77525702531034
            ],
            [
              10.235633339804263,
              36.77523827809276
            ],
            [
              10.23553063235982,
              36.7752238839501
            ],
            [
              10.235331122817586,
              36.77516410553609
            ],
            [
              10.234983083565956,
              36.77502855310286
            ],
            [
              10.234847444706679,
              36.7749577997388
            ],
            [
              10.234756630703533,
              36.77488657910472
            ],
            [
              10.233538061277605,
              36.77398687571659
            ],
            [
              10.232641848829891,
              36.7732178316198
            ],
            [
              10.23204443930335,
              36.772708568056395
            ],
            [
              10.23195338178596,
              36.77262188355465
            ],
            [
              10.231946978373413,
              36.772621950069684
            ],
            [
              10.231629627352463,
              36.77280050689438
            ],
            [
              10.23162322392428,
              36.77280057339227
            ],
            [
              10.230032387883869,
              36.773440803231225
            ],
            [
              10.230013260220492,
              36.77344615633974
            ],
            [
              10.230013343013047,
              36.773451310210554
            ],
            [
              10.229226097419549,
              36.773882158842554
            ],
            [
              10.229035481348358,
              36.77397691949404
            ],
            [
              10.228972273269749,
              36.77402912180285
            ],
            [
              10.228306765883785,
              36.77446385754844
            ],
            [
              10.227989646371457,
              36.77465786609069
            ],
            [
              10.227659883237141,
              36.774862313698776
            ],
            [
              10.227425429139979,
              36.77501938233116
            ],
            [
              10.227349246819776,
              36.77506140860322
            ],
            [
              10.227355732997905,
              36.77506649620718
            ],
            [
              10.232046528272376,
              36.78000246348748
            ],
            [
              10.232059585172479,
              36.7800177920071
            ],
            [
              10.232065823300601,
              36.780007417752344
            ],
            [
              10.23767645644958,
              36.77642833043036
            ]
          ]
        ]
      }
    },
    {
      "type": "Feature",
      "id": "isie:sector:135956",
      "properties": {
        "officialCode": "135956",
        "nameAr": "مقرين شاكر2",
        "nameFr": "Megrine chaker(2)",
        "governorateCode": "13",
        "governorateAr": "بن عروس",
        "governorateFr": "Ben arous",
        "delegationCode": "1359",
        "delegationAr": "مقرين",
        "delegationFr": "Megrine",
        "parentArabic": "مقرين",
        "parentFrench": "Megrine",
        "sourceId": "isie-local-sectors-2023-megrine",
        "sourcePdfURL": "https://www.isie.tn/wp-content/uploads/2023/CartesCirconscriptionsElectoralesLocales2023/%D8%A8%D9%86%20%D8%B9%D8%B1%D9%88%D8%B3/%D9%85%D9%82%D8%B1%D9%8A%D9%86/%D9%85%D9%82%D8%B1%D9%8A%D9%86%20%D8%B4%D8%A7%D9%83%D8%B12.pdf",
        "sourcePdfSha256": "9d5f26480cab8d37d1bf9c9ac35931223fbd3c1c71097f8a05ef3911a144f57f",
        "reviewedDate": "2026-09-07",
        "geometryHash": "b64bc46d413977f001168466ace97cd1da1cd6be3e89f1497dc9f4dfe3cf974c",
        "geometryHashMethod": "SHA256 UTF-8 json.dumps(geometry, sort_keys=True, separators=(comma,colon), ensure_ascii=False, allow_nan=False)",
        "evidence": {
          "sourcePdfURL": "https://www.isie.tn/wp-content/uploads/2023/CartesCirconscriptionsElectoralesLocales2023/%D8%A8%D9%86%20%D8%B9%D8%B1%D9%88%D8%B3/%D9%85%D9%82%D8%B1%D9%8A%D9%86/%D9%85%D9%82%D8%B1%D9%8A%D9%86%20%D8%B4%D8%A7%D9%83%D8%B12.pdf",
          "sourcePdfSha256": "9d5f26480cab8d37d1bf9c9ac35931223fbd3c1c71097f8a05ef3911a144f57f",
          "sourcePdfFile": "map-2.pdf",
          "sourcePdfCreated": "D:20231017002953+01",
          "reviewedDate": "2026-09-07",
          "pageNumber": 1,
          "drawingIndexZeroBased": 132,
          "layer": "circonscription_isie2023",
          "strokeRgb": [
            1.0,
            0.0,
            0.0
          ],
          "explicitlyClosed": true,
          "sourceVertexCount": 74,
          "crsEpsg": 32632,
          "crsWkt": "PROJCS[\"WGS_1984_UTM_Zone_32N\",GEOGCS[\"GCS_WGS_1984\",DATUM[\"D_WGS_1984\",SPHEROID[\"WGS_1984\",6378137.0,298.257223563]],PRIMEM[\"Greenwich\",0.0],UNIT[\"Degree\",0.0174532925199433]],PROJECTION[\"Transverse_Mercator\"],PARAMETER[\"False_Easting\",500000.0],PARAMETER[\"False_Northing\",0.0],PARAMETER[\"Central_Meridian\",9.0],PARAMETER[\"Scale_Factor\",0.9996],PARAMETER[\"Latitude_Of_Origin\",0.0],UNIT[\"Meter\",1.0]]",
          "outputCrs": "EPSG:4326; longitude,latitude",
          "viewportBBoxRaw": [
            4.31908,
            590.46173,
            841.50095,
            5.38791
          ],
          "localControlPoints": [
            [
              0.0,
              1.0
            ],
            [
              0.0,
              0.0
            ],
            [
              1.0,
              0.0
            ],
            [
              1.0,
              1.0
            ]
          ],
          "controlPointsLatLon": [
            [
              36.77818,
              10.21856
            ],
            [
              36.78735,
              10.21871
            ],
            [
              36.78718,
              10.23503
            ],
            [
              36.77801,
              10.23488
            ]
          ],
          "pageTransformationMatrix": [
            1.0,
            0.0,
            0.0,
            -1.0,
            0.0,
            595.5023803710938
          ],
          "affineMapMetersFromPagePoints": [
            [
              1.7398234331930906,
              -0.00022120235247498395
            ],
            [
              -0.0005822310235998884,
              -1.7390265545000148
            ],
            [
              608732.0317877961,
              4071984.2157998243
            ]
          ],
          "maximumControlFitResidualMeters": 0.04338717017710908,
          "mapAxisScaleMetersPerPdfPoint": [
            1.7398234472550005,
            1.7390266519663111
          ],
          "controlCoordinatePrecisionDegrees": 1e-05,
          "precisionCaveat": "Rounded map controls and independently exported page vectors do not establish survey or ground accuracy. Keep all cross-page overlap strips; they are not a clean partition.",
          "viewportReview": {
            "touchesViewport": false,
            "outsideViewportAreaPixels2": 0.0,
            "pagePixelBounds": [
              42.83089065551758,
              79.93011474609375,
              802.9891357421875,
              515.2250366210938
            ]
          },
          "insideLabels": [
            {
              "text": "ﺔﺧﺑﺳﻟا  ",
              "normalizedForward": "ةخبسلا",
              "normalizedReverse": "السبخة",
              "colors": [
                0
              ],
              "center": [
                233.86021423339844,
                351.0931396484375
              ]
            },
            {
              "text": " ﻧﮭﺞ اﻟﻌﻣل",
              "normalizedForward": "نهجالعمل",
              "normalizedReverse": "لمعلاجهن",
              "colors": [
                0
              ],
              "center": [
                577.1762390136719,
                225.35511779785156
              ]
            },
            {
              "text": " ﺷﺎرع أﺣﻣد اﻟﺗﻠﯾﻠﻲ",
              "normalizedForward": "شارعأحمدالتليلي",
              "normalizedReverse": "يليلتلادمحأعراش",
              "colors": [
                0
              ],
              "center": [
                752.9749450683594,
                374.5206604003906
              ]
            },
            {
              "text": "دا  ﻧﮭﺞ اﻟطﺎھر اﻟﺣد",
              "normalizedForward": "دانهجالطاهرالحد",
              "normalizedReverse": "دحلارهاطلاجهناد",
              "colors": [
                0
              ],
              "center": [
                506.0968017578125,
                281.58404541015625
              ]
            },
            {
              "text": " ﻧﮭﺞ اﻟﻔﺎﺿل ﺑن ﻋﺎﺷور",
              "normalizedForward": "نهجالفاضلبنعاشور",
              "normalizedReverse": "روشاعنبلضافلاجهن",
              "colors": [
                0
              ],
              "center": [
                516.0401000976562,
                367.634765625
              ]
            },
            {
              "text": "ناورﯾﻘﻟا ﺞﮭﻧ ",
              "normalizedForward": "ناوريقلاجهن",
              "normalizedReverse": "نهجالقيروان",
              "colors": [
                0
              ],
              "center": [
                568.1377868652344,
                332.0736541748047
              ]
            },
            {
              "text": " ﻧﮭﺞ اﻟدوﺣﺔ",
              "normalizedForward": "نهجالدوحة",
              "normalizedReverse": "ةحودلاجهن",
              "colors": [
                0
              ],
              "center": [
                325.2239074707031,
                386.2162322998047
              ]
            },
            {
              "text": "ﻲﻠ ﺑﻗ ﺞﮭﻧ ",
              "normalizedForward": "يلبقجهن",
              "normalizedReverse": "نهجقبلي",
              "colors": [
                0
              ],
              "center": [
                397.9905242919922,
                400.93031311035156
              ]
            },
            {
              "text": "ﺢﺗﻔﻟا ﺞﮭﻧ ",
              "normalizedForward": "حتفلاجهن",
              "normalizedReverse": "نهجالفتح",
              "colors": [
                0
              ],
              "center": [
                620.1719665527344,
                250.5818099975586
              ]
            },
            {
              "text": "ﺔﻟ ﺎﺗ ﺞﮭﻧ ",
              "normalizedForward": "ةلاتجهن",
              "normalizedReverse": "نهجتالة",
              "colors": [
                0
              ],
              "center": [
                434.14537048339844,
                370.5338439941406
              ]
            },
            {
              "text": " ﻧﮭﺞ ﻏرة ﻣﺎي",
              "normalizedForward": "نهجغرةماي",
              "normalizedReverse": "يامةرغجهن",
              "colors": [
                0
              ],
              "center": [
                554.5602416992188,
                252.16484832763672
              ]
            },
            {
              "text": "توأ 13 ﺞﮭﻧ ",
              "normalizedForward": "توأ13جهن",
              "normalizedReverse": "نهج31أوت",
              "colors": [
                0
              ],
              "center": [
                515.9670867919922,
                208.64981079101562
              ]
            },
            {
              "text": "يوﺎﺳﯾﻣﻟا  ﻧﮭﺞ اﻟﺣﺑﯾب ",
              "normalizedForward": "يواسيملانهجالحبيب",
              "normalizedReverse": "بيبحلاجهنالميساوي",
              "colors": [
                0
              ],
              "center": [
                389.1622009277344,
                264.2680892944336
              ]
            },
            {
              "text": "يﺎﻣ 12 ﺞﮭﻧ  ",
              "normalizedForward": "يام12جهن",
              "normalizedReverse": "نهج21ماي",
              "colors": [
                0
              ],
              "center": [
                567.2785949707031,
                263.1733093261719
              ]
            },
            {
              "text": "رﺑوﺗﻛأ 15 ﺞﮭﻧ ",
              "normalizedForward": "ربوتكأ15جهن",
              "normalizedReverse": "نهج51أكتوبر",
              "colors": [
                0
              ],
              "center": [
                473.50640869140625,
                209.6416244506836
              ]
            },
            {
              "text": " ﻣﺎرس2  ﻧﮭﺞ",
              "normalizedForward": "مارس2نهج",
              "normalizedReverse": "جهن2سرام",
              "colors": [
                0
              ],
              "center": [
                602.7899169921875,
                243.88385772705078
              ]
            },
            {
              "text": " ﻧﮭﺞ اﻟﻌزم",
              "normalizedForward": "نهجالعزم",
              "normalizedReverse": "مزعلاجهن",
              "colors": [
                0
              ],
              "center": [
                662.7126159667969,
                250.5411834716797
              ]
            },
            {
              "text": "دﯾﻟوﻟ ا نﺑا دﻟﺎﺧ ﺞﮭﻧ ",
              "normalizedForward": "ديلولانبادلاخجهن",
              "normalizedReverse": "نهجخالدابنالوليد",
              "colors": [
                0
              ],
              "center": [
                509.7038269042969,
                321.9315185546875
              ]
            },
            {
              "text": " ﻧﮭﺞ ﻋﻘﺑﺔ اﺑن ﻧﺎﻓﻊ",
              "normalizedForward": "نهجعقبةابننافع",
              "normalizedReverse": "عفاننباةبقعجهن",
              "colors": [
                0
              ],
              "center": [
                531.8187713623047,
                218.72055053710938
              ]
            },
            {
              "text": "  ﻧﮭﺞ ﻋزﯾزة ﻋﺛﻣﺎﻧﺔ",
              "normalizedForward": "نهجعزيزةعثمانة",
              "normalizedReverse": "ةنامثعةزيزعجهن",
              "colors": [
                0
              ],
              "center": [
                487.5350341796875,
                220.16868591308594
              ]
            },
            {
              "text": "ءﺎﻓوﻟا ﺞﮭﻧ ",
              "normalizedForward": "ءافولاجهن",
              "normalizedReverse": "نهجالوفاء",
              "colors": [
                0
              ],
              "center": [
                722.4259643554688,
                305.00022888183594
              ]
            },
            {
              "text": " ﻧﮭﺞ ﻋﯾن دراھم",
              "normalizedForward": "نهجعيندراهم",
              "normalizedReverse": "مهاردنيعجهن",
              "colors": [
                0
              ],
              "center": [
                352.6874237060547,
                389.58311462402344
              ]
            },
            {
              "text": "مﺳا نودﺑ ﺞﮭﻧ ",
              "normalizedForward": "مسانودبجهن",
              "normalizedReverse": "نهجبدوناسم",
              "colors": [
                0
              ],
              "center": [
                600.1467590332031,
                342.51611328125
              ]
            },
            {
              "text": " ﻧﮭﺞ اﻟﺟﺎﻣﻊ",
              "normalizedForward": "نهجالجامع",
              "normalizedReverse": "عماجلاجهن",
              "colors": [
                0
              ],
              "center": [
                641.2863464355469,
                335.578369140625
              ]
            },
            {
              "text": "لﻣﻷا ﺞﮭﻧ ",
              "normalizedForward": "لملأاجهن",
              "normalizedReverse": "نهجالأمل",
              "colors": [
                0
              ],
              "center": [
                648.7103881835938,
                241.4580078125
              ]
            },
            {
              "text": "رﻣﻣ  ",
              "normalizedForward": "رمم",
              "normalizedReverse": "ممر",
              "colors": [
                0
              ],
              "center": [
                655.6929016113281,
                419.51072692871094
              ]
            },
            {
              "text": "رطﻗ ﺞﮭﻧ ",
              "normalizedForward": "رطقجهن",
              "normalizedReverse": "نهجقطر",
              "colors": [
                0
              ],
              "center": [
                500.3283233642578,
                399.1790771484375
              ]
            },
            {
              "text": "ﺔﻣارﻛﻟا ﺞﮭﻧ ",
              "normalizedForward": "ةماركلاجهن",
              "normalizedReverse": "نهجالكرامة",
              "colors": [
                0
              ],
              "center": [
                766.2726135253906,
                320.9515686035156
              ]
            },
            {
              "text": " ﻧﮭﺞ اﻻﺧﻼص",
              "normalizedForward": "نهجالاخلاص",
              "normalizedReverse": "صلاخلااجهن",
              "colors": [
                0
              ],
              "center": [
                742.6891784667969,
                319.94305419921875
              ]
            },
            {
              "text": " ﻧﮭﺞ اﻟﻌرﺑﻲ ﺑﺎﺷﺎ",
              "normalizedForward": "نهجالعربيباشا",
              "normalizedReverse": "اشابيبرعلاجهن",
              "colors": [
                0
              ],
              "center": [
                424.8187713623047,
                315.3563537597656
              ]
            },
            {
              "text": "ثرﺎﻣ ﺞﮭﻧ ",
              "normalizedForward": "ثرامجهن",
              "normalizedReverse": "نهجمارث",
              "colors": [
                0
              ],
              "center": [
                364.20033264160156,
                458.2863311767578
              ]
            },
            {
              "text": "مﻼﺳﻟا ﺞﮭﻧ ",
              "normalizedForward": "ملاسلاجهن",
              "normalizedReverse": "نهجالسلام",
              "colors": [
                0
              ],
              "center": [
                678.7571716308594,
                258.19140625
              ]
            },
            {
              "text": "ءﺎﺳﻧﺧﻟا ﺞﮭﻧ ",
              "normalizedForward": "ءاسنخلاجهن",
              "normalizedReverse": "نهجالخنساء",
              "colors": [
                0
              ],
              "center": [
                433.8954772949219,
                212.8853530883789
              ]
            },
            {
              "text": " ﻧﮭﺞ ﺣﺳﺎن اﺑن اﻟﻧﻌﻣﺎن",
              "normalizedForward": "نهجحسانابنالنعمان",
              "normalizedReverse": "نامعنلانباناسحجهن",
              "colors": [
                0
              ],
              "center": [
                466.5213317871094,
                323.7162628173828
              ]
            },
            {
              "text": "  ﻧﮭﺞ ﻏزة",
              "normalizedForward": "نهجغزة",
              "normalizedReverse": "ةزغجهن",
              "colors": [
                0
              ],
              "center": [
                570.9718933105469,
                400.6498107910156
              ]
            },
            {
              "text": "ﺔﺑرﺟ ﺞﮭﻧ ",
              "normalizedForward": "ةبرججهن",
              "normalizedReverse": "نهججربة",
              "colors": [
                0
              ],
              "center": [
                435.22314453125,
                417.04954528808594
              ]
            },
            {
              "text": "نﯾﻧدﻣ ﺞﮭﻧ ",
              "normalizedForward": "نيندمجهن",
              "normalizedReverse": "نهجمدنين",
              "colors": [
                0
              ],
              "center": [
                409.313720703125,
                431.13905334472656
              ]
            },
            {
              "text": "ﺔﯾﻗذﻼﻟا ﺞﮭﻧ ",
              "normalizedForward": "ةيقذلالاجهن",
              "normalizedReverse": "نهجاللاذقية",
              "colors": [
                0
              ],
              "center": [
                620.8634338378906,
                403.20440673828125
              ]
            },
            {
              "text": " ﻧﮭﺞ اﻟﺷﺎرﻗﺔ",
              "normalizedForward": "نهجالشارقة",
              "normalizedReverse": "ةقراشلاجهن",
              "colors": [
                0
              ],
              "center": [
                383.7345733642578,
                444.9599914550781
              ]
            },
            {
              "text": "نودﯾز نﺑا ﺞﮭﻧ ",
              "normalizedForward": "نوديزنباجهن",
              "normalizedReverse": "نهجابنزيدون",
              "colors": [
                0
              ],
              "center": [
                439.0017395019531,
                251.07679748535156
              ]
            },
            {
              "text": "ﻲﺳﻧوﺗﻟا  مرﯾﺑ ﺞﮭﻧ ",
              "normalizedForward": "يسنوتلامريبجهن",
              "normalizedReverse": "نهجبيرمالتونسي",
              "colors": [
                0
              ],
              "center": [
                441.1957550048828,
                173.7227554321289
              ]
            },
            {
              "text": "يرھوﺟﻟا ﺞﮭﻧ ",
              "normalizedForward": "يرهوجلاجهن",
              "normalizedReverse": "نهجالجوهري",
              "colors": [
                0
              ],
              "center": [
                412.13201904296875,
                204.25440216064453
              ]
            },
            {
              "text": "2رﻛﺎﺷ نﯾرﻘﻣ",
              "normalizedForward": "2ركاشنيرقم",
              "normalizedReverse": "مقرينشاكر2",
              "colors": [
                15073280
              ],
              "center": [
                278.9583969116211,
                278.26924896240234
              ]
            }
          ],
          "identityReview": {
            "decision": "Explicit sector name in PDF page title and map label, matched to the current INS sector registry; old IDs retained only for the identical reviewed six-digit code.",
            "registrySha256": "23b3ee87c07971eb48b456799833f1996ade5d0bdc10d7bf6b0e3bf6798c9eec",
            "officialSourceRows": {
              "Population_Secteur_Age_Sexe_Dynamique.xlsx": 8773,
              "Nombre_de_Logements_par_Secteurs.xlsx": 290,
              "Nombre_de_menages_par_Secteurs.xlsx": 290
            },
            "officialSources": [
              {
                "file": "Population_Secteur_Age_Sexe_Dynamique.xlsx",
                "url": "https://ins.tn/sites/default/files-ftp3/files/2025-05/Population_Secteur_Age_Sexe_Dynamique.xlsx",
                "sha256": "70f8f9f872862d6947d08fc1b2775c66cf6b4d114a55f68092e7a4ce70d5d9ae",
                "sheet": "Population"
              },
              {
                "file": "Nombre_de_Logements_par_Secteurs.xlsx",
                "url": "https://www.ins.tn/sites/default/files-ftp3/files/2025-11/Nombre%20de%20Logements%20par%20Secteurs.xlsx",
                "sha256": "c2ab64d030e5737948ac51db8c42eca0665be280724fe3504529fbfa00498831",
                "sheet": "Logements"
              },
              {
                "file": "Nombre_de_menages_par_Secteurs.xlsx",
                "url": "https://www.ins.tn/sites/default/files-ftp3/files/2025-11/Nombre%20de%20m%C3%A9nages%20par%20Secteurs.xlsx",
                "sha256": "fea29d86630decb32b217be7b3f2fdb8bf5863e5fe9127a2374380714ff60ab1",
                "sheet": "Ménages"
              }
            ]
          },
          "repair": {
            "applied": false,
            "operation": null,
            "reviewDecision": "Unchanged source ring after independently checked georeferencing."
          },
          "compilerQuantizationReview": {
            "gridDegrees": 1e-06,
            "approxGridLatitudeMeters": 0.111,
            "approxGridLongitudeMetersAtMegrine": 0.089,
            "operation": "shapely.set_precision(wgs84_geometry, 1 / 1000000)",
            "sourcePartCount": 1,
            "partCount": 1,
            "allPositiveAreaComponentsSurvive": true,
            "parts": [
              {
                "areaMeters2": 531900.6264000101,
                "coordinateCount": 74,
                "boundsWgs84": [
                  10.219426,
                  36.779285,
                  10.234199,
                  36.786141
                ]
              }
            ],
            "hausdorffMeters": 0.05953245444202831,
            "symmetricDifferenceAreaMeters2": 73.71777352439872,
            "quantizedGeometryHash": "b370479d4719e83ab73608582aa36782a89d820e4a16cd573ced4f80290b5af9"
          },
          "rawSourceGeometry": {
            "type": "Polygon",
            "coordinates": [
              [
                [
                  10.23410574542715,
                  36.78216084644845
                ],
                [
                  10.232063684469983,
                  36.78002620367723
                ],
                [
                  10.232056483001688,
                  36.78001499090328
                ],
                [
                  10.232035527392414,
                  36.78002085416359
                ],
                [
                  10.231387477870088,
                  36.78029854489955
                ],
                [
                  10.231345659020077,
                  36.78031591426973
                ],
                [
                  10.23130384015088,
                  36.78033328362551
                ],
                [
                  10.23125500513228,
                  36.780350726313245
                ],
                [
                  10.231227033236364,
                  36.78035666277956
                ],
                [
                  10.231199246582324,
                  36.78037388540943
                ],
                [
                  10.23116435116093,
                  36.780385538288996
                ],
                [
                  10.231129456918502,
                  36.78039719114606
                ],
                [
                  10.231094561475485,
                  36.78040884400549
                ],
                [
                  10.230892297334247,
                  36.78048433071155
                ],
                [
                  10.230885281190872,
                  36.780484404036336
                ],
                [
                  10.2308435547202,
                  36.78050741631905
                ],
                [
                  10.230515185635346,
                  36.780595507807575
                ],
                [
                  10.23012311503213,
                  36.7806503994166
                ],
                [
                  10.229667528293255,
                  36.78068337716442
                ],
                [
                  10.229498955332938,
                  36.7806738489428
                ],
                [
                  10.229491939168602,
                  36.780673922185734
                ],
                [
                  10.229477906839856,
                  36.780674068670336
                ],
                [
                  10.228522139361907,
                  36.7805880936573
                ],
                [
                  10.228486966141071,
                  36.78058281648841
                ],
                [
                  10.228444869188413,
                  36.78058325558074
                ],
                [
                  10.228409696569337,
                  36.78057797838266
                ],
                [
                  10.228388648093832,
                  36.78057819791699
                ],
                [
                  10.2283675996181,
                  36.78057841744759
                ],
                [
                  10.228367507201815,
                  36.780572774356706
                ],
                [
                  10.228332333997308,
                  36.78056749714174
                ],
                [
                  10.228297253208428,
                  36.78056786300732
                ],
                [
                  10.22793195223497,
                  36.78054345192475
                ],
                [
                  10.227488364945359,
                  36.780452127479
                ],
                [
                  10.227142820589211,
                  36.7803484912752
                ],
                [
                  10.22712158751806,
                  36.78033742439666
                ],
                [
                  10.227107462915017,
                  36.78033192750675
                ],
                [
                  10.226839281042528,
                  36.78023877293251
                ],
                [
                  10.226415361593052,
                  36.78006257873172
                ],
                [
                  10.226061512230132,
                  36.77988000951835
                ],
                [
                  10.22572077510106,
                  36.77964086219876
                ],
                [
                  10.225337021238241,
                  36.77934572133482
                ],
                [
                  10.225251815158964,
                  36.77928452315809
                ],
                [
                  10.225251907342587,
                  36.77929016625685
                ],
                [
                  10.225094317257161,
                  36.779523211505385
                ],
                [
                  10.224656438942803,
                  36.78021069506089
                ],
                [
                  10.2246016003971,
                  36.780290281606504
                ],
                [
                  10.224567256771852,
                  36.78033579068528
                ],
                [
                  10.2245258969635,
                  36.78038137318241
                ],
                [
                  10.221206210374264,
                  36.783367677359834
                ],
                [
                  10.21961102598772,
                  36.78495889581168
                ],
                [
                  10.219425708697374,
                  36.7852147969429
                ],
                [
                  10.219622683326598,
                  36.78567556823544
                ],
                [
                  10.219659143403605,
                  36.78575985145433
                ],
                [
                  10.222058436798672,
                  36.78614134826617
                ],
                [
                  10.222093336261025,
                  36.78612969799587
                ],
                [
                  10.222191109589609,
                  36.78610046304778
                ],
                [
                  10.227127136049686,
                  36.78496547858983
                ],
                [
                  10.22714107683241,
                  36.784959689278786
                ],
                [
                  10.227281038648036,
                  36.7849356546146
                ],
                [
                  10.227428016332903,
                  36.784911546665526
                ],
                [
                  10.227602967760072,
                  36.78488150289775
                ],
                [
                  10.227826850109347,
                  36.78483966064836
                ],
                [
                  10.227910771498886,
                  36.78482185353701
                ],
                [
                  10.228289016827667,
                  36.78477840136801
                ],
                [
                  10.228583248731686,
                  36.784747112073035
                ],
                [
                  10.22927640474062,
                  36.784649574296495
                ],
                [
                  10.230480651141717,
                  36.784478965669
                ],
                [
                  10.230557647555223,
                  36.784466873097195
                ],
                [
                  10.230620425742597,
                  36.784443640943316
                ],
                [
                  10.230808295851952,
                  36.78434572936694
                ],
                [
                  10.234163918345192,
                  36.78228440551005
                ],
                [
                  10.234198721290449,
                  36.782267108669615
                ],
                [
                  10.234198628441076,
                  36.782261465592825
                ],
                [
                  10.23410574542715,
                  36.78216084644845
                ]
              ]
            ]
          },
          "rawSourceGeometryHash": "b64bc46d413977f001168466ace97cd1da1cd6be3e89f1497dc9f4dfe3cf974c",
          "sourcePagePathCoordinates": [
            [
              798.3101196289062,
              325.84112548828125
            ],
            [
              695.3720703125,
              463.37847900390625
            ],
            [
              695.0121459960938,
              464.09857177734375
            ],
            [
              693.932373046875,
              463.738525390625
            ],
            [
              660.45947265625,
              446.45635986328125
            ],
            [
              658.2999267578125,
              445.376220703125
            ],
            [
              656.140380859375,
              444.29608154296875
            ],
            [
              653.6209106445312,
              443.2159423828125
            ],
            [
              652.1812133789062,
              442.85589599609375
            ],
            [
              650.7415161132812,
              441.7757568359375
            ],
            [
              648.94189453125,
              441.0556640625
            ],
            [
              647.142333984375,
              440.3355712890625
            ],
            [
              645.3427124023438,
              439.615478515625
            ],
            [
              634.9049072265625,
              434.93487548828125
            ],
            [
              634.5449829101562,
              434.93487548828125
            ],
            [
              632.3854370117188,
              433.49468994140625
            ],
            [
              615.4690551757812,
              428.0940246582031
            ],
            [
              595.3133544921875,
              424.8536376953125
            ],
            [
              571.9183349609375,
              423.05340576171875
            ],
            [
              563.2801513671875,
              423.77349853515625
            ],
            [
              562.9202270507812,
              423.77349853515625
            ],
            [
              562.2003784179688,
              423.77349853515625
            ],
            [
              513.2507934570312,
              429.8942565917969
            ],
            [
              511.451171875,
              430.2543029785156
            ],
            [
              509.2916259765625,
              430.2543029785156
            ],
            [
              507.4920349121094,
              430.6143493652344
            ],
            [
              506.4122619628906,
              430.6143493652344
            ],
            [
              505.3324890136719,
              430.6143493652344
            ],
            [
              505.3324890136719,
              430.9743957519531
            ],
            [
              503.5328674316406,
              431.3344421386719
            ],
            [
              501.7332458496094,
              431.3344421386719
            ],
            [
              483.0172424316406,
              433.1346740722656
            ],
            [
              460.342041015625,
              439.25543212890625
            ],
            [
              442.705810546875,
              446.0963134765625
            ],
            [
              441.62603759765625,
              446.81640625
            ],
            [
              440.90618896484375,
              447.17645263671875
            ],
            [
              427.2290954589844,
              453.2972106933594
            ],
            [
              405.6336975097656,
              464.81866455078125
            ],
            [
              387.63751220703125,
              476.7001647949219
            ],
            [
              370.3612060546875,
              492.18212890625
            ],
            [
              350.9253234863281,
              511.2645263671875
            ],
            [
              346.60626220703125,
              515.2250366210938
            ],
            [
              346.60626220703125,
              514.864990234375
            ],
            [
              338.3280029296875,
              500.1031188964844
            ],
            [
              315.29290771484375,
              456.53759765625
            ],
            [
              312.4135437011719,
              451.4969787597656
            ],
            [
              310.6139221191406,
              448.61663818359375
            ],
            [
              308.4543762207031,
              445.73626708984375
            ],
            [
              135.69113159179688,
              257.4324951171875
            ],
            [
              52.54882049560547,
              156.97982788085938
            ],
            [
              42.83089065551758,
              140.77777099609375
            ],
            [
              52.54882049560547,
              111.25405883789062
            ],
            [
              54.34843826293945,
              105.85336303710938
            ],
            [
              177.0823211669922,
              79.93011474609375
            ],
            [
              178.88194274902344,
              80.65020751953125
            ],
            [
              183.92086791992188,
              82.450439453125
            ],
            [
              438.02679443359375,
              151.57913208007812
            ],
            [
              438.74664306640625,
              151.93917846679688
            ],
            [
              445.94512939453125,
              153.37936401367188
            ],
            [
              453.5035095214844,
              154.81954956054688
            ],
            [
              462.5015869140625,
              156.61978149414062
            ],
            [
              474.0191345214844,
              159.14010620117188
            ],
            [
              478.3382263183594,
              160.22024536132812
            ],
            [
              497.7740783691406,
              162.74053955078125
            ],
            [
              512.890869140625,
              164.540771484375
            ],
            [
              548.5233154296875,
              170.301513671875
            ],
            [
              610.4301147460938,
              180.38278198242188
            ],
            [
              614.3892822265625,
              181.10287475585938
            ],
            [
              617.6286010742188,
              182.54306030273438
            ],
            [
              627.3464965820312,
              188.663818359375
            ],
            [
              801.1895141601562,
              317.9201354980469
            ],
            [
              802.9891357421875,
              319.0002746582031
            ],
            [
              802.9891357421875,
              319.3603210449219
            ],
            [
              798.3101196289062,
              325.84112548828125
            ]
          ]
        },
        "legacySourceReview": {
          "id": null,
          "note": "Additional official sector, absent as a separate coded sector in the reviewed OSM source."
        },
        "reviewedBoundsWgs84": [
          10.219425708697374,
          36.77928452315809,
          10.234198721290449,
          36.78614134826617
        ],
        "reviewedAreaMeters2": 531915.6642219828
      },
      "geometry": {
        "type": "Polygon",
        "coordinates": [
          [
            [
              10.23410574542715,
              36.78216084644845
            ],
            [
              10.232063684469983,
              36.78002620367723
            ],
            [
              10.232056483001688,
              36.78001499090328
            ],
            [
              10.232035527392414,
              36.78002085416359
            ],
            [
              10.231387477870088,
              36.78029854489955
            ],
            [
              10.231345659020077,
              36.78031591426973
            ],
            [
              10.23130384015088,
              36.78033328362551
            ],
            [
              10.23125500513228,
              36.780350726313245
            ],
            [
              10.231227033236364,
              36.78035666277956
            ],
            [
              10.231199246582324,
              36.78037388540943
            ],
            [
              10.23116435116093,
              36.780385538288996
            ],
            [
              10.231129456918502,
              36.78039719114606
            ],
            [
              10.231094561475485,
              36.78040884400549
            ],
            [
              10.230892297334247,
              36.78048433071155
            ],
            [
              10.230885281190872,
              36.780484404036336
            ],
            [
              10.2308435547202,
              36.78050741631905
            ],
            [
              10.230515185635346,
              36.780595507807575
            ],
            [
              10.23012311503213,
              36.7806503994166
            ],
            [
              10.229667528293255,
              36.78068337716442
            ],
            [
              10.229498955332938,
              36.7806738489428
            ],
            [
              10.229491939168602,
              36.780673922185734
            ],
            [
              10.229477906839856,
              36.780674068670336
            ],
            [
              10.228522139361907,
              36.7805880936573
            ],
            [
              10.228486966141071,
              36.78058281648841
            ],
            [
              10.228444869188413,
              36.78058325558074
            ],
            [
              10.228409696569337,
              36.78057797838266
            ],
            [
              10.228388648093832,
              36.78057819791699
            ],
            [
              10.2283675996181,
              36.78057841744759
            ],
            [
              10.228367507201815,
              36.780572774356706
            ],
            [
              10.228332333997308,
              36.78056749714174
            ],
            [
              10.228297253208428,
              36.78056786300732
            ],
            [
              10.22793195223497,
              36.78054345192475
            ],
            [
              10.227488364945359,
              36.780452127479
            ],
            [
              10.227142820589211,
              36.7803484912752
            ],
            [
              10.22712158751806,
              36.78033742439666
            ],
            [
              10.227107462915017,
              36.78033192750675
            ],
            [
              10.226839281042528,
              36.78023877293251
            ],
            [
              10.226415361593052,
              36.78006257873172
            ],
            [
              10.226061512230132,
              36.77988000951835
            ],
            [
              10.22572077510106,
              36.77964086219876
            ],
            [
              10.225337021238241,
              36.77934572133482
            ],
            [
              10.225251815158964,
              36.77928452315809
            ],
            [
              10.225251907342587,
              36.77929016625685
            ],
            [
              10.225094317257161,
              36.779523211505385
            ],
            [
              10.224656438942803,
              36.78021069506089
            ],
            [
              10.2246016003971,
              36.780290281606504
            ],
            [
              10.224567256771852,
              36.78033579068528
            ],
            [
              10.2245258969635,
              36.78038137318241
            ],
            [
              10.221206210374264,
              36.783367677359834
            ],
            [
              10.21961102598772,
              36.78495889581168
            ],
            [
              10.219425708697374,
              36.7852147969429
            ],
            [
              10.219622683326598,
              36.78567556823544
            ],
            [
              10.219659143403605,
              36.78575985145433
            ],
            [
              10.222058436798672,
              36.78614134826617
            ],
            [
              10.222093336261025,
              36.78612969799587
            ],
            [
              10.222191109589609,
              36.78610046304778
            ],
            [
              10.227127136049686,
              36.78496547858983
            ],
            [
              10.22714107683241,
              36.784959689278786
            ],
            [
              10.227281038648036,
              36.7849356546146
            ],
            [
              10.227428016332903,
              36.784911546665526
            ],
            [
              10.227602967760072,
              36.78488150289775
            ],
            [
              10.227826850109347,
              36.78483966064836
            ],
            [
              10.227910771498886,
              36.78482185353701
            ],
            [
              10.228289016827667,
              36.78477840136801
            ],
            [
              10.228583248731686,
              36.784747112073035
            ],
            [
              10.22927640474062,
              36.784649574296495
            ],
            [
              10.230480651141717,
              36.784478965669
            ],
            [
              10.230557647555223,
              36.784466873097195
            ],
            [
              10.230620425742597,
              36.784443640943316
            ],
            [
              10.230808295851952,
              36.78434572936694
            ],
            [
              10.234163918345192,
              36.78228440551005
            ],
            [
              10.234198721290449,
              36.782267108669615
            ],
            [
              10.234198628441076,
              36.782261465592825
            ],
            [
              10.23410574542715,
              36.78216084644845
            ]
          ]
        ]
      }
    },
    {
      "type": "Feature",
      "id": "osm:relation:7174628",
      "properties": {
        "officialCode": "135955",
        "nameAr": "مقرين شاكر",
        "nameFr": "Megrine chaker",
        "governorateCode": "13",
        "governorateAr": "بن عروس",
        "governorateFr": "Ben arous",
        "delegationCode": "1359",
        "delegationAr": "مقرين",
        "delegationFr": "Megrine",
        "parentArabic": "مقرين",
        "parentFrench": "Megrine",
        "sourceId": "isie-local-sectors-2023-megrine",
        "sourcePdfURL": "https://www.isie.tn/wp-content/uploads/2023/CartesCirconscriptionsElectoralesLocales2023/%D8%A8%D9%86%20%D8%B9%D8%B1%D9%88%D8%B3/%D9%85%D9%82%D8%B1%D9%8A%D9%86/%D9%85%D9%82%D8%B1%D9%8A%D9%86%20%D8%B4%D8%A7%D9%83%D8%B1.pdf",
        "sourcePdfSha256": "18cd8bd03e249fc68d90e78d97e4ee812271d114e523e67c836eb9fc4f5b4224",
        "reviewedDate": "2026-09-07",
        "geometryHash": "2dcca82c21daf4f4a9f31e7fd17384273e3374a2b113205b93382186ff561723",
        "geometryHashMethod": "SHA256 UTF-8 json.dumps(geometry, sort_keys=True, separators=(comma,colon), ensure_ascii=False, allow_nan=False)",
        "evidence": {
          "sourcePdfURL": "https://www.isie.tn/wp-content/uploads/2023/CartesCirconscriptionsElectoralesLocales2023/%D8%A8%D9%86%20%D8%B9%D8%B1%D9%88%D8%B3/%D9%85%D9%82%D8%B1%D9%8A%D9%86/%D9%85%D9%82%D8%B1%D9%8A%D9%86%20%D8%B4%D8%A7%D9%83%D8%B1.pdf",
          "sourcePdfSha256": "18cd8bd03e249fc68d90e78d97e4ee812271d114e523e67c836eb9fc4f5b4224",
          "sourcePdfFile": "map-3.pdf",
          "sourcePdfCreated": "D:20231017002947+01",
          "reviewedDate": "2026-09-07",
          "pageNumber": 1,
          "drawingIndexZeroBased": 193,
          "layer": "circonscription_isie2023",
          "strokeRgb": [
            1.0,
            0.0,
            0.0
          ],
          "explicitlyClosed": true,
          "sourceVertexCount": 81,
          "crsEpsg": 32632,
          "crsWkt": "PROJCS[\"WGS_1984_UTM_Zone_32N\",GEOGCS[\"GCS_WGS_1984\",DATUM[\"D_WGS_1984\",SPHEROID[\"WGS_1984\",6378137.0,298.257223563]],PRIMEM[\"Greenwich\",0.0],UNIT[\"Degree\",0.0174532925199433]],PROJECTION[\"Transverse_Mercator\"],PARAMETER[\"False_Easting\",500000.0],PARAMETER[\"False_Northing\",0.0],PARAMETER[\"Central_Meridian\",9.0],PARAMETER[\"Scale_Factor\",0.9996],PARAMETER[\"Latitude_Of_Origin\",0.0],UNIT[\"Meter\",1.0]]",
          "outputCrs": "EPSG:4326; longitude,latitude",
          "viewportBBoxRaw": [
            4.31908,
            590.46173,
            841.50095,
            5.38791
          ],
          "localControlPoints": [
            [
              0.0,
              1.0
            ],
            [
              0.0,
              0.0
            ],
            [
              1.0,
              0.0
            ],
            [
              1.0,
              1.0
            ]
          ],
          "controlPointsLatLon": [
            [
              36.7723,
              10.22038
            ],
            [
              36.79026,
              10.22066
            ],
            [
              36.78992,
              10.25262
            ],
            [
              36.77197,
              10.25232
            ]
          ],
          "pageTransformationMatrix": [
            1.0,
            0.0,
            0.0,
            -1.0,
            0.0,
            595.5023803710938
          ],
          "affineMapMetersFromPagePoints": [
            [
              3.4061691447361775,
              -0.0003782382003265909
            ],
            [
              -0.00023275719718185428,
              -3.4050407415488735
            ],
            [
              608895.0369593087,
              4072317.3891434334
            ]
          ],
          "maximumControlFitResidualMeters": 0.3899390583721062,
          "mapAxisScaleMetersPerPdfPoint": [
            3.4061691657369164,
            3.4050407495041255
          ],
          "controlCoordinatePrecisionDegrees": 1e-05,
          "precisionCaveat": "Rounded map controls and independently exported page vectors do not establish survey or ground accuracy. Keep all cross-page overlap strips; they are not a clean partition.",
          "viewportReview": {
            "touchesViewport": false,
            "outsideViewportAreaPixels2": 0.0,
            "pagePixelBounds": [
              42.4709587097168,
              79.21002197265625,
              803.3490600585938,
              515.9451293945312
            ]
          },
          "insideLabels": [
            {
              "text": "R24",
              "normalizedForward": "R24",
              "normalizedReverse": "42R",
              "colors": [
                0
              ],
              "center": [
                395.9574890136719,
                393.5833435058594
              ]
            },
            {
              "text": "ﺔﺧﺑﺳ ",
              "normalizedForward": "ةخبس",
              "normalizedReverse": "سبخة",
              "colors": [
                0
              ],
              "center": [
                579.9529113769531,
                473.65618896484375
              ]
            },
            {
              "text": "4 ز ﺔﯾﻣزﺣﻟا ﻖﯾرطﻟا  ",
              "normalizedForward": "4زةيمزحلاقيرطلا",
              "normalizedReverse": "الطريقالحزميةز4",
              "colors": [
                0
              ],
              "center": [
                477.27427673339844,
                455.2651672363281
              ]
            },
            {
              "text": "ﺔﺧﺑﺳﻟا  لﺎﻧﻗ ",
              "normalizedForward": "ةخبسلالانق",
              "normalizedReverse": "قنالالسبخة",
              "colors": [
                0
              ],
              "center": [
                426.0019989013672,
                292.26243591308594
              ]
            },
            {
              "text": " ﻧﮭﺞ اﻟﺳﻌﺎدة",
              "normalizedForward": "نهجالسعادة",
              "normalizedReverse": "ةداعسلاجهن",
              "colors": [
                0
              ],
              "center": [
                393.5773468017578,
                299.1777038574219
              ]
            },
            {
              "text": " ﻧﮭﺞ اﻟﻧزاھﺔ",
              "normalizedForward": "نهجالنزاهة",
              "normalizedReverse": "ةهازنلاجهن",
              "colors": [
                0
              ],
              "center": [
                394.2695007324219,
                321.1248321533203
              ]
            },
            {
              "text": "ﺔﯾرﺣﻟ ا عرﺎﺷ ",
              "normalizedForward": "ةيرحلاعراش",
              "normalizedReverse": "شارعالحرية",
              "colors": [
                0
              ],
              "center": [
                323.5663604736328,
                222.14559173583984
              ]
            },
            {
              "text": " ﻧﮭﺞ اﻟﺷﮭداء",
              "normalizedForward": "نهجالشهداء",
              "normalizedReverse": "ءادهشلاجهن",
              "colors": [
                0
              ],
              "center": [
                354.5843048095703,
                187.98452758789062
              ]
            },
            {
              "text": " ﻧﮭﺞ اﻟرﻣﺎن",
              "normalizedForward": "نهجالرمان",
              "normalizedReverse": "نامرلاجهن",
              "colors": [
                0
              ],
              "center": [
                332.01739501953125,
                133.08141326904297
              ]
            },
            {
              "text": " ﻧﮭﺞ اﻟﺑرﺗﻘﺎل",
              "normalizedForward": "نهجالبرتقال",
              "normalizedReverse": "لاقتربلاجهن",
              "colors": [
                0
              ],
              "center": [
                299.2250213623047,
                165.41529083251953
              ]
            },
            {
              "text": " ﻧﮭﺞ اﻟﺑﻧﺎن",
              "normalizedForward": "نهجالبنان",
              "normalizedReverse": "نانبلاجهن",
              "colors": [
                0
              ],
              "center": [
                373.4073944091797,
                345.8684997558594
              ]
            },
            {
              "text": " ﻧﮭﺞ اﻷﺧوة",
              "normalizedForward": "نهجالأخوة",
              "normalizedReverse": "ةوخلأاجهن",
              "colors": [
                0
              ],
              "center": [
                386.18495178222656,
                262.86165618896484
              ]
            },
            {
              "text": " ﻧﮭﺞ اﻟﻧﺻر",
              "normalizedForward": "نهجالنصر",
              "normalizedReverse": "رصنلاجهن",
              "colors": [
                0
              ],
              "center": [
                334.02052307128906,
                165.60789489746094
              ]
            },
            {
              "text": " ﻧﮭﺞ اﻟﺗﻘوى",
              "normalizedForward": "نهجالتقوى",
              "normalizedReverse": "ىوقتلاجهن",
              "colors": [
                0
              ],
              "center": [
                367.80027770996094,
                233.73438262939453
              ]
            },
            {
              "text": "  ﻧﮭﺞ اﻟزﯾﺎﺗﯾن  ﻧﮭﺞ اﻟوﻓﺎء",
              "normalizedForward": "نهجالزياتيننهجالوفاء",
              "normalizedReverse": "ءافولاجهننيتايزلاجهن",
              "colors": [
                0
              ],
              "center": [
                317.45616149902344,
                204.02357482910156
              ]
            },
            {
              "text": " ﻧﮭﺞ اﻻﺗﺣﺎد",
              "normalizedForward": "نهجالاتحاد",
              "normalizedReverse": "داحتلااجهن",
              "colors": [
                0
              ],
              "center": [
                339.6792755126953,
                329.23960876464844
              ]
            },
            {
              "text": " ﻧﮭﺞ ﺑدون اﺳم",
              "normalizedForward": "نهجبدوناسم",
              "normalizedReverse": "مسانودبجهن",
              "colors": [
                0
              ],
              "center": [
                212.92532348632812,
                173.81500244140625
              ]
            },
            {
              "text": " ﻧﮭﺞ اﻟراﺣﺔ",
              "normalizedForward": "نهجالراحة",
              "normalizedReverse": "ةحارلاجهن",
              "colors": [
                0
              ],
              "center": [
                402.34312438964844,
                255.50697326660156
              ]
            },
            {
              "text": " ﻧﮭﺞ اﻟﻣﻧﺎظﻠﯾن",
              "normalizedForward": "نهجالمناظلين",
              "normalizedReverse": "نيلظانملاجهن",
              "colors": [
                0
              ],
              "center": [
                274.1719665527344,
                175.64531707763672
              ]
            },
            {
              "text": "ﺔﺧﺑﺳﻟا  ",
              "normalizedForward": "ةخبسلا",
              "normalizedReverse": "السبخة",
              "colors": [
                0
              ],
              "center": [
                118.12574768066406,
                149.6744613647461
              ]
            },
            {
              "text": "رﻛﺎﺷ نﯾرﻘﻣ",
              "normalizedForward": "ركاشنيرقم",
              "normalizedReverse": "مقرينشاكر",
              "colors": [
                15073280
              ],
              "center": [
                580.0333557128906,
                165.57503509521484
              ]
            },
            {
              "text": "ﻣﻧزل ﻣﺑروك",
              "normalizedForward": "منزلمبروك",
              "normalizedReverse": "كوربملزنم",
              "colors": [
                15073280
              ],
              "center": [
                472.4164123535156,
                399.6045684814453
              ]
            },
            {
              "text": "رادس اﻟﻣﻼﺣﺔ",
              "normalizedForward": "رادسالملاحة",
              "normalizedReverse": "ةحلاملاسدار",
              "colors": [
                15073280
              ],
              "center": [
                784.2926635742188,
                132.45085906982422
              ]
            }
          ],
          "identityReview": {
            "decision": "Explicit sector name in PDF page title and map label, matched to the current INS sector registry; old IDs retained only for the identical reviewed six-digit code.",
            "registrySha256": "23b3ee87c07971eb48b456799833f1996ade5d0bdc10d7bf6b0e3bf6798c9eec",
            "officialSourceRows": {
              "Population_Secteur_Age_Sexe_Dynamique.xlsx": 8739,
              "Nombre_de_Logements_par_Secteurs.xlsx": 289,
              "Nombre_de_menages_par_Secteurs.xlsx": 289
            },
            "officialSources": [
              {
                "file": "Population_Secteur_Age_Sexe_Dynamique.xlsx",
                "url": "https://ins.tn/sites/default/files-ftp3/files/2025-05/Population_Secteur_Age_Sexe_Dynamique.xlsx",
                "sha256": "70f8f9f872862d6947d08fc1b2775c66cf6b4d114a55f68092e7a4ce70d5d9ae",
                "sheet": "Population"
              },
              {
                "file": "Nombre_de_Logements_par_Secteurs.xlsx",
                "url": "https://www.ins.tn/sites/default/files-ftp3/files/2025-11/Nombre%20de%20Logements%20par%20Secteurs.xlsx",
                "sha256": "c2ab64d030e5737948ac51db8c42eca0665be280724fe3504529fbfa00498831",
                "sheet": "Logements"
              },
              {
                "file": "Nombre_de_menages_par_Secteurs.xlsx",
                "url": "https://www.ins.tn/sites/default/files-ftp3/files/2025-11/Nombre%20de%20m%C3%A9nages%20par%20Secteurs.xlsx",
                "sha256": "fea29d86630decb32b217be7b3f2fdb8bf5863e5fe9127a2374380714ff60ab1",
                "sheet": "Ménages"
              }
            ]
          },
          "repair": {
            "applied": false,
            "operation": null,
            "reviewDecision": "Unchanged source ring after independently checked georeferencing."
          },
          "compilerQuantizationReview": {
            "gridDegrees": 1e-06,
            "approxGridLatitudeMeters": 0.111,
            "approxGridLongitudeMetersAtMegrine": 0.089,
            "operation": "shapely.set_precision(wgs84_geometry, 1 / 1000000)",
            "sourcePartCount": 1,
            "partCount": 1,
            "allPositiveAreaComponentsSurvive": true,
            "parts": [
              {
                "areaMeters2": 1943226.5911231085,
                "coordinateCount": 81,
                "boundsWgs84": [
                  10.222054,
                  36.774365,
                  10.251084,
                  36.787823
                ]
              }
            ],
            "hausdorffMeters": 0.05950585342009242,
            "symmetricDifferenceAreaMeters2": 155.0828437177737,
            "quantizedGeometryHash": "909043d7e7a4d018fa23a7dd7baf09a167c75361a5fdc5b612c774acad76a63f"
          },
          "rawSourceGeometry": {
            "type": "Polygon",
            "coordinates": [
              [
                [
                  10.250550147171126,
                  36.78704899883323
                ],
                [
                  10.25054888354001,
                  36.786971654492106
                ],
                [
                  10.250739412307423,
                  36.786019241634065
                ],
                [
                  10.251016688259337,
                  36.78533113387564
                ],
                [
                  10.251084288439975,
                  36.78526411012412
                ],
                [
                  10.25107055171461,
                  36.785264255846215
                ],
                [
                  10.251000784654476,
                  36.785198689275056
                ],
                [
                  10.247500477561887,
                  36.78201990226123
                ],
                [
                  10.247458548896759,
                  36.781976141292866
                ],
                [
                  10.247471924966309,
                  36.78195389757087
                ],
                [
                  10.248530950610602,
                  36.780340282518594
                ],
                [
                  10.248516494017695,
                  36.78029623107884
                ],
                [
                  10.24798863606019,
                  36.77909724935999
                ],
                [
                  10.247974720321686,
                  36.77908634548683
                ],
                [
                  10.247974360127166,
                  36.77906424705234
                ],
                [
                  10.247960084206749,
                  36.77903124474257
                ],
                [
                  10.247945988391619,
                  36.77900929164815
                ],
                [
                  10.247496242999121,
                  36.77754425378385
                ],
                [
                  10.247496062980545,
                  36.77753320456174
                ],
                [
                  10.24748214761468,
                  36.77752230155801
                ],
                [
                  10.247014484821324,
                  36.776643158846504
                ],
                [
                  10.247000749612978,
                  36.776643304069864
                ],
                [
                  10.243790042923182,
                  36.776036243756565
                ],
                [
                  10.243775948856598,
                  36.77601429012441
                ],
                [
                  10.243762213743471,
                  36.776014434971785
                ],
                [
                  10.243734384579524,
                  36.775992626180106
                ],
                [
                  10.240892191635051,
                  36.77438699979465
                ],
                [
                  10.240864363866683,
                  36.77436519029929
                ],
                [
                  10.240850808076754,
                  36.77437638406099
                ],
                [
                  10.240265939100844,
                  36.774736171608474
                ],
                [
                  10.237683279386745,
                  36.77643202092029
                ],
                [
                  10.232067181179461,
                  36.78000508231399
                ],
                [
                  10.232053623096226,
                  36.780016274168425
                ],
                [
                  10.232067536819565,
                  36.780027180878385
                ],
                [
                  10.23410770386791,
                  36.782160814002275
                ],
                [
                  10.23419172349911,
                  36.78225939395935
                ],
                [
                  10.23420545977647,
                  36.782259250196304
                ],
                [
                  10.234164607215321,
                  36.78228178001922
                ],
                [
                  10.23080444097294,
                  36.784350302223295
                ],
                [
                  10.230613548724838,
                  36.784440703600865
                ],
                [
                  10.230558957247034,
                  36.784463375573694
                ],
                [
                  10.23047671589272,
                  36.78447528491373
                ],
                [
                  10.22927037318927,
                  36.78464258177885
                ],
                [
                  10.22858513455381,
                  36.784749183461365
                ],
                [
                  10.228283281209045,
                  36.78477443035673
                ],
                [
                  10.227913098919743,
                  36.78482249031217
                ],
                [
                  10.227817118786444,
                  36.78483454088401
                ],
                [
                  10.227598039873918,
                  36.78488102639626
                ],
                [
                  10.22741981668339,
                  36.78490498396448
                ],
                [
                  10.227282980908429,
                  36.784939561647896
                ],
                [
                  10.227132230482137,
                  36.784963232845335
                ],
                [
                  10.227118493685538,
                  36.78496337580051
                ],
                [
                  10.222190544043512,
                  36.7860975663414
                ],
                [
                  10.222081177266638,
                  36.7861318533382
                ],
                [
                  10.222053879465317,
                  36.78614318646537
                ],
                [
                  10.22221907631294,
                  36.78616357649833
                ],
                [
                  10.224988877291066,
                  36.78667633838285
                ],
                [
                  10.225595608858393,
                  36.78681369736245
                ],
                [
                  10.225967395238229,
                  36.78686508808675
                ],
                [
                  10.22675200434111,
                  36.7869563879731
                ],
                [
                  10.227096849213398,
                  36.78704120884346
                ],
                [
                  10.227827399393572,
                  36.78718831982944
                ],
                [
                  10.228294994014048,
                  36.78721660236699
                ],
                [
                  10.228639487466777,
                  36.78727932013419
                ],
                [
                  10.23099422803095,
                  36.7876083962724
                ],
                [
                  10.233332223837856,
                  36.78774973160748
                ],
                [
                  10.235875215542183,
                  36.78782256678614
                ],
                [
                  10.239964429633172,
                  36.78750336197307
                ],
                [
                  10.241816075569364,
                  36.78730706062224
                ],
                [
                  10.24266705809104,
                  36.78725389181737
                ],
                [
                  10.243037422096585,
                  36.78721683511781
                ],
                [
                  10.243147139565176,
                  36.787204627443316
                ],
                [
                  10.243243119885408,
                  36.787192564492855
                ],
                [
                  10.243544974939539,
                  36.78716727956756
                ],
                [
                  10.244340826372493,
                  36.787103629037276
                ],
                [
                  10.247140663108906,
                  36.78691933736437
                ],
                [
                  10.247580788662704,
                  36.78694783542836
                ],
                [
                  10.247992717466367,
                  36.78693242581835
                ],
                [
                  10.248267638424704,
                  36.78694056727318
                ],
                [
                  10.248487611264412,
                  36.78694928981871
                ],
                [
                  10.250550147171126,
                  36.78704899883323
                ]
              ]
            ]
          },
          "rawSourceGeometryHash": "2dcca82c21daf4f4a9f31e7fd17384273e3374a2b113205b93382186ff561723",
          "sourcePagePathCoordinates": [
            [
              788.5922241210938,
              99.37255859375
            ],
            [
              788.5922241210938,
              101.89288330078125
            ],
            [
              793.9910888671875,
              132.85678100585938
            ],
            [
              801.5494384765625,
              155.17959594726562
            ],
            [
              803.3490600585938,
              157.33987426757812
            ],
            [
              802.9891357421875,
              157.33987426757812
            ],
            [
              801.1895141601562,
              159.50015258789062
            ],
            [
              710.8487548828125,
              264.2733459472656
            ],
            [
              709.7689819335938,
              265.7135314941406
            ],
            [
              710.12890625,
              266.4336242675781
            ],
            [
              738.5628662109375,
              318.6402282714844
            ],
            [
              738.2029418945312,
              320.0804138183594
            ],
            [
              724.8857421875,
              359.3253479003906
            ],
            [
              724.5258178710938,
              359.6853942871094
            ],
            [
              724.5258178710938,
              360.4054870605469
            ],
            [
              724.1658935546875,
              361.4856262207031
            ],
            [
              723.8059692382812,
              362.2057189941406
            ],
            [
              712.6483764648438,
              410.0917663574219
            ],
            [
              712.6483764648438,
              410.4518127441406
            ],
            [
              712.2884521484375,
              410.81182861328125
            ],
            [
              700.4109497070312,
              439.615478515625
            ],
            [
              700.051025390625,
              439.615478515625
            ],
            [
              616.1889038085938,
              460.49810791015625
            ],
            [
              615.8289794921875,
              461.21820068359375
            ],
            [
              615.4690551757812,
              461.21820068359375
            ],
            [
              614.7492065429688,
              461.93829345703125
            ],
            [
              540.9649047851562,
              515.2250366210938
            ],
            [
              540.2450561523438,
              515.9451293945312
            ],
            [
              539.8851318359375,
              515.5850830078125
            ],
            [
              524.408447265625,
              504.0636291503906
            ],
            [
              456.0229797363281,
              449.69677734375
            ],
            [
              307.3746032714844,
              335.2023010253906
            ],
            [
              307.0146789550781,
              334.84228515625
            ],
            [
              307.3746032714844,
              334.4822082519531
            ],
            [
              359.9234313964844,
              264.2733459472656
            ],
            [
              362.08294677734375,
              261.032958984375
            ],
            [
              362.44287109375,
              261.032958984375
            ],
            [
              361.36309814453125,
              260.3128662109375
            ],
            [
              272.4620361328125,
              194.06451416015625
            ],
            [
              267.423095703125,
              191.18414306640625
            ],
            [
              265.9833984375,
              190.46405029296875
            ],
            [
              263.8238830566406,
              190.10400390625
            ],
            [
              232.15060424804688,
              185.06338500976562
            ],
            [
              214.15443420410156,
              181.82296752929688
            ],
            [
              206.23611450195312,
              181.10287475585938
            ],
            [
              196.5181884765625,
              179.66268920898438
            ],
            [
              193.99871826171875,
              179.30264282226562
            ],
            [
              188.2399444580078,
              177.86245727539062
            ],
            [
              183.56094360351562,
              177.14236450195312
            ],
            [
              179.9617156982422,
              176.06222534179688
            ],
            [
              176.00254821777344,
              175.34213256835938
            ],
            [
              175.6426239013672,
              175.34213256835938
            ],
            [
              46.0702018737793,
              140.05767822265625
            ],
            [
              43.19081115722656,
              138.9775390625
            ],
            [
              42.4709587097168,
              138.61752319335938
            ],
            [
              46.7900390625,
              137.89743041992188
            ],
            [
              119.13465118408203,
              120.25518798828125
            ],
            [
              134.97128295898438,
              115.57461547851562
            ],
            [
              144.689208984375,
              113.77438354492188
            ],
            [
              165.20484924316406,
              110.53396606445312
            ],
            [
              174.2029266357422,
              107.65359497070312
            ],
            [
              193.2788848876953,
              102.61294555664062
            ],
            [
              205.51626586914062,
              101.5328369140625
            ],
            [
              214.5143585205078,
              99.37255859375
            ],
            [
              276.0612487792969,
              87.85110473632812
            ],
            [
              337.24822998046875,
              82.450439453125
            ],
            [
              403.8340759277344,
              79.21002197265625
            ],
            [
              511.09124755859375,
              88.21115112304688
            ],
            [
              559.680908203125,
              93.97186279296875
            ],
            [
              581.9961547851562,
              95.41204833984375
            ],
            [
              591.714111328125,
              96.4921875
            ],
            [
              594.593505859375,
              96.85223388671875
            ],
            [
              597.1129760742188,
              97.2122802734375
            ],
            [
              605.03125,
              97.932373046875
            ],
            [
              625.9067993164062,
              99.73260498046875
            ],
            [
              699.3311767578125,
              104.77325439453125
            ],
            [
              710.8487548828125,
              103.693115234375
            ],
            [
              721.6464233398438,
              104.05316162109375
            ],
            [
              728.8449096679688,
              103.693115234375
            ],
            [
              734.6036987304688,
              103.33306884765625
            ],
            [
              788.5922241210938,
              99.37255859375
            ]
          ]
        },
        "legacySourceReview": {
          "id": "osm:relation:7174628",
          "sourceTags": {
            "admin_level": "6",
            "boundary": "administrative",
            "name": "مقرين شاكر",
            "name:ar": "مقرين شاكر",
            "name:fr": "Megrine Chaker",
            "ref:tn:codegeo": "135955"
          },
          "comparison": {
            "intersectionAreaMeters2": 1691628.1648976891,
            "newAreaCoveredByReferenceFraction": 0.8705195133702169,
            "referenceAreaCoveredByNewFraction": 0.5124580495368734,
            "iou": 0.4761635914114028,
            "newOutsideReferenceAreaMeters2": 251611.63491862244,
            "referenceOutsideNewAreaMeters2": 1609379.9204010875,
            "hausdorffMeters": 1499.0251138175852,
            "newRepresentativePointInsideReference": true
          }
        },
        "reviewedBoundsWgs84": [
          10.222053879465317,
          36.77436519029929,
          10.251084288439975,
          36.78782256678614
        ],
        "reviewedAreaMeters2": 1943239.7998162608
      },
      "geometry": {
        "type": "Polygon",
        "coordinates": [
          [
            [
              10.250550147171126,
              36.78704899883323
            ],
            [
              10.25054888354001,
              36.786971654492106
            ],
            [
              10.250739412307423,
              36.786019241634065
            ],
            [
              10.251016688259337,
              36.78533113387564
            ],
            [
              10.251084288439975,
              36.78526411012412
            ],
            [
              10.25107055171461,
              36.785264255846215
            ],
            [
              10.251000784654476,
              36.785198689275056
            ],
            [
              10.247500477561887,
              36.78201990226123
            ],
            [
              10.247458548896759,
              36.781976141292866
            ],
            [
              10.247471924966309,
              36.78195389757087
            ],
            [
              10.248530950610602,
              36.780340282518594
            ],
            [
              10.248516494017695,
              36.78029623107884
            ],
            [
              10.24798863606019,
              36.77909724935999
            ],
            [
              10.247974720321686,
              36.77908634548683
            ],
            [
              10.247974360127166,
              36.77906424705234
            ],
            [
              10.247960084206749,
              36.77903124474257
            ],
            [
              10.247945988391619,
              36.77900929164815
            ],
            [
              10.247496242999121,
              36.77754425378385
            ],
            [
              10.247496062980545,
              36.77753320456174
            ],
            [
              10.24748214761468,
              36.77752230155801
            ],
            [
              10.247014484821324,
              36.776643158846504
            ],
            [
              10.247000749612978,
              36.776643304069864
            ],
            [
              10.243790042923182,
              36.776036243756565
            ],
            [
              10.243775948856598,
              36.77601429012441
            ],
            [
              10.243762213743471,
              36.776014434971785
            ],
            [
              10.243734384579524,
              36.775992626180106
            ],
            [
              10.240892191635051,
              36.77438699979465
            ],
            [
              10.240864363866683,
              36.77436519029929
            ],
            [
              10.240850808076754,
              36.77437638406099
            ],
            [
              10.240265939100844,
              36.774736171608474
            ],
            [
              10.237683279386745,
              36.77643202092029
            ],
            [
              10.232067181179461,
              36.78000508231399
            ],
            [
              10.232053623096226,
              36.780016274168425
            ],
            [
              10.232067536819565,
              36.780027180878385
            ],
            [
              10.23410770386791,
              36.782160814002275
            ],
            [
              10.23419172349911,
              36.78225939395935
            ],
            [
              10.23420545977647,
              36.782259250196304
            ],
            [
              10.234164607215321,
              36.78228178001922
            ],
            [
              10.23080444097294,
              36.784350302223295
            ],
            [
              10.230613548724838,
              36.784440703600865
            ],
            [
              10.230558957247034,
              36.784463375573694
            ],
            [
              10.23047671589272,
              36.78447528491373
            ],
            [
              10.22927037318927,
              36.78464258177885
            ],
            [
              10.22858513455381,
              36.784749183461365
            ],
            [
              10.228283281209045,
              36.78477443035673
            ],
            [
              10.227913098919743,
              36.78482249031217
            ],
            [
              10.227817118786444,
              36.78483454088401
            ],
            [
              10.227598039873918,
              36.78488102639626
            ],
            [
              10.22741981668339,
              36.78490498396448
            ],
            [
              10.227282980908429,
              36.784939561647896
            ],
            [
              10.227132230482137,
              36.784963232845335
            ],
            [
              10.227118493685538,
              36.78496337580051
            ],
            [
              10.222190544043512,
              36.7860975663414
            ],
            [
              10.222081177266638,
              36.7861318533382
            ],
            [
              10.222053879465317,
              36.78614318646537
            ],
            [
              10.22221907631294,
              36.78616357649833
            ],
            [
              10.224988877291066,
              36.78667633838285
            ],
            [
              10.225595608858393,
              36.78681369736245
            ],
            [
              10.225967395238229,
              36.78686508808675
            ],
            [
              10.22675200434111,
              36.7869563879731
            ],
            [
              10.227096849213398,
              36.78704120884346
            ],
            [
              10.227827399393572,
              36.78718831982944
            ],
            [
              10.228294994014048,
              36.78721660236699
            ],
            [
              10.228639487466777,
              36.78727932013419
            ],
            [
              10.23099422803095,
              36.7876083962724
            ],
            [
              10.233332223837856,
              36.78774973160748
            ],
            [
              10.235875215542183,
              36.78782256678614
            ],
            [
              10.239964429633172,
              36.78750336197307
            ],
            [
              10.241816075569364,
              36.78730706062224
            ],
            [
              10.24266705809104,
              36.78725389181737
            ],
            [
              10.243037422096585,
              36.78721683511781
            ],
            [
              10.243147139565176,
              36.787204627443316
            ],
            [
              10.243243119885408,
              36.787192564492855
            ],
            [
              10.243544974939539,
              36.78716727956756
            ],
            [
              10.244340826372493,
              36.787103629037276
            ],
            [
              10.247140663108906,
              36.78691933736437
            ],
            [
              10.247580788662704,
              36.78694783542836
            ],
            [
              10.247992717466367,
              36.78693242581835
            ],
            [
              10.248267638424704,
              36.78694056727318
            ],
            [
              10.248487611264412,
              36.78694928981871
            ],
            [
              10.250550147171126,
              36.78704899883323
            ]
          ]
        ]
      }
    },
    {
      "type": "Feature",
      "id": "osm:relation:7174626",
      "properties": {
        "officialCode": "135952",
        "nameAr": "مقرين الرياض",
        "nameFr": "Megrine riadh",
        "governorateCode": "13",
        "governorateAr": "بن عروس",
        "governorateFr": "Ben arous",
        "delegationCode": "1359",
        "delegationAr": "مقرين",
        "delegationFr": "Megrine",
        "parentArabic": "مقرين",
        "parentFrench": "Megrine",
        "sourceId": "isie-local-sectors-2023-megrine",
        "sourcePdfURL": "https://www.isie.tn/wp-content/uploads/2023/CartesCirconscriptionsElectoralesLocales2023/%D8%A8%D9%86%20%D8%B9%D8%B1%D9%88%D8%B3/%D9%85%D9%82%D8%B1%D9%8A%D9%86/%D9%85%D9%82%D8%B1%D9%8A%D9%86%20%D8%A7%D9%84%D8%B1%D9%8A%D8%A7%D8%B6.pdf",
        "sourcePdfSha256": "8f94e23006a635dd89f06b15a461a17798740f8503141f55073795a250e82488",
        "reviewedDate": "2026-09-07",
        "geometryHash": "6b91df919d2f3b7d3c8e406c2ea6bbf7d594121fcd7b24629c8e00062cc25b43",
        "geometryHashMethod": "SHA256 UTF-8 json.dumps(geometry, sort_keys=True, separators=(comma,colon), ensure_ascii=False, allow_nan=False)",
        "evidence": {
          "sourcePdfURL": "https://www.isie.tn/wp-content/uploads/2023/CartesCirconscriptionsElectoralesLocales2023/%D8%A8%D9%86%20%D8%B9%D8%B1%D9%88%D8%B3/%D9%85%D9%82%D8%B1%D9%8A%D9%86/%D9%85%D9%82%D8%B1%D9%8A%D9%86%20%D8%A7%D9%84%D8%B1%D9%8A%D8%A7%D8%B6.pdf",
          "sourcePdfSha256": "8f94e23006a635dd89f06b15a461a17798740f8503141f55073795a250e82488",
          "sourcePdfFile": "map-4.pdf",
          "sourcePdfCreated": "D:20231017002937+01",
          "reviewedDate": "2026-09-07",
          "pageNumber": 1,
          "drawingIndexZeroBased": 441,
          "layer": "circonscription_isie2023",
          "strokeRgb": [
            1.0,
            0.0,
            0.0
          ],
          "explicitlyClosed": true,
          "sourceVertexCount": 89,
          "crsEpsg": 32632,
          "crsWkt": "PROJCS[\"WGS_1984_UTM_Zone_32N\",GEOGCS[\"GCS_WGS_1984\",DATUM[\"D_WGS_1984\",SPHEROID[\"WGS_1984\",6378137.0,298.257223563]],PRIMEM[\"Greenwich\",0.0],UNIT[\"Degree\",0.0174532925199433]],PROJECTION[\"Transverse_Mercator\"],PARAMETER[\"False_Easting\",500000.0],PARAMETER[\"False_Northing\",0.0],PARAMETER[\"Central_Meridian\",9.0],PARAMETER[\"Scale_Factor\",0.9996],PARAMETER[\"Latitude_Of_Origin\",0.0],UNIT[\"Meter\",1.0]]",
          "outputCrs": "EPSG:4326; longitude,latitude",
          "viewportBBoxRaw": [
            4.31908,
            590.46173,
            841.50095,
            5.38791
          ],
          "localControlPoints": [
            [
              0.0,
              1.0
            ],
            [
              0.0,
              0.0
            ],
            [
              1.0,
              0.0
            ],
            [
              1.0,
              1.0
            ]
          ],
          "controlPointsLatLon": [
            [
              36.76353,
              10.20799
            ],
            [
              36.7776,
              10.20821
            ],
            [
              36.77734,
              10.23324
            ],
            [
              36.76327,
              10.23302
            ]
          ],
          "pageTransformationMatrix": [
            1.0,
            0.0,
            0.0,
            -1.0,
            0.0,
            595.5023803710938
          ],
          "affineMapMetersFromPagePoints": [
            [
              2.668788181637558,
              -0.0004192702594179172
            ],
            [
              0.0004676023320371314,
              -2.668248307551039
            ],
            [
              607804.7109513938,
              4070895.389189747
            ]
          ],
          "maximumControlFitResidualMeters": 0.10207045361890647,
          "mapAxisScaleMetersPerPdfPoint": [
            2.6687882145715225,
            2.668248348523976
          ],
          "controlCoordinatePrecisionDegrees": 1e-05,
          "precisionCaveat": "Rounded map controls and independently exported page vectors do not establish survey or ground accuracy. Keep all cross-page overlap strips; they are not a clean partition.",
          "viewportReview": {
            "touchesViewport": false,
            "outsideViewportAreaPixels2": 0.0,
            "pagePixelBounds": [
              55.4282112121582,
              31.323974609375,
              790.391845703125,
              563.8311767578125
            ]
          },
          "insideLabels": [
            {
              "text": "R24",
              "normalizedForward": "R24",
              "normalizedReverse": "42R",
              "colors": [
                0
              ],
              "center": [
                328.53822326660156,
                250.65061950683594
              ]
            },
            {
              "text": " ﺳﻛﺔ ﺣدﯾدﯾﺔ",
              "normalizedForward": "سكةحديدية",
              "normalizedReverse": "ةيديدحةكس",
              "colors": [
                0
              ],
              "center": [
                563.0609436035156,
                305.6405334472656
              ]
            },
            {
              "text": "1 ط و ",
              "normalizedForward": "1طو",
              "normalizedReverse": "وط1",
              "colors": [
                0
              ],
              "center": [
                562.5588073730469,
                520.7024841308594
              ]
            },
            {
              "text": " ﺷﺎرع ﺑﺎرﯾس",
              "normalizedForward": "شارعباريس",
              "normalizedReverse": "سيرابعراش",
              "colors": [
                0
              ],
              "center": [
                685.2461853027344,
                455.69439697265625
              ]
            },
            {
              "text": " ﻧﮭﺞ ﯾوﻏرطﺔ",
              "normalizedForward": "نهجيوغرطة",
              "normalizedReverse": "ةطرغويجهن",
              "colors": [
                0
              ],
              "center": [
                601.384033203125,
                414.64915466308594
              ]
            },
            {
              "text": "ﻟﺣﺑﯾب ﺛﺎﻣر  ﺷﺎرع ا",
              "normalizedForward": "لحبيبثامرشارعا",
              "normalizedReverse": "اعراشرماثبيبحل",
              "colors": [
                0
              ],
              "center": [
                542.4205169677734,
                371.7562561035156
              ]
            },
            {
              "text": "اﻟﻣﮭﯾر   ي  بﯾطﻟ  ﺷﺎرع ا",
              "normalizedForward": "المهيريبيطلشارعا",
              "normalizedReverse": "اعراشلطيبيريهملا",
              "colors": [
                0
              ],
              "center": [
                527.8391418457031,
                232.83553314208984
              ]
            },
            {
              "text": " ﺷﺎرع ﻋﻠﻲ اﻟﺑﻠﮭوان",
              "normalizedForward": "شارععليالبلهوان",
              "normalizedReverse": "ناوهلبلايلععراش",
              "colors": [
                0
              ],
              "center": [
                520.5596160888672,
                426.07615661621094
              ]
            },
            {
              "text": "ﻲﻣزرا وﺧﻟا ﺞﮭﻧ ",
              "normalizedForward": "يمزراوخلاجهن",
              "normalizedReverse": "نهجالخوارزمي",
              "colors": [
                0
              ],
              "center": [
                255.38225555419922,
                153.2831687927246
              ]
            },
            {
              "text": " ﻧﮭﺞ اﻟﺻﺧﯾرة",
              "normalizedForward": "نهجالصخيرة",
              "normalizedReverse": "ةريخصلاجهن",
              "colors": [
                0
              ],
              "center": [
                428.43507385253906,
                228.4781723022461
              ]
            },
            {
              "text": "ﺔﻐﺑدﻣﻟا ﺞﮭﻧ ",
              "normalizedForward": "ةغبدملاجهن",
              "normalizedReverse": "نهجالمدبغة",
              "colors": [
                0
              ],
              "center": [
                350.54515075683594,
                372.3410949707031
              ]
            },
            {
              "text": " ﻧﮭﺞ ﺣﻧﺑﻌل",
              "normalizedForward": "نهجحنبعل",
              "normalizedReverse": "لعبنحجهن",
              "colors": [
                0
              ],
              "center": [
                565.4324035644531,
                424.97535705566406
              ]
            },
            {
              "text": " ﻧﮭﺞ اﻟﺟرﯾﺻﺔ",
              "normalizedForward": "نهجالجريصة",
              "normalizedReverse": "ةصيرجلاجهن",
              "colors": [
                0
              ],
              "center": [
                393.83160400390625,
                252.6691665649414
              ]
            },
            {
              "text": "ﻲﻧورﯾﺑﻟا ﺞﮭﻧ ",
              "normalizedForward": "ينوريبلاجهن",
              "normalizedReverse": "نهجالبيروني",
              "colors": [
                0
              ],
              "center": [
                285.1970520019531,
                133.81081771850586
              ]
            },
            {
              "text": "اﻟﺣدﯾدﯾﺔ  ﺔﻛﺳﻟا ﺞﮭﻧ  ",
              "normalizedForward": "الحديديةةكسلاجهن",
              "normalizedReverse": "نهجالسكةةيديدحلا",
              "colors": [
                0
              ],
              "center": [
                267.0454788208008,
                350.44248962402344
              ]
            },
            {
              "text": " ﻧﮭﺞ واد   ي ﻣﻼق",
              "normalizedForward": "نهجواديملاق",
              "normalizedReverse": "قلاميداوجهن",
              "colors": [
                0
              ],
              "center": [
                543.2674560546875,
                325.2558898925781
              ]
            },
            {
              "text": " ﻧﮭﺞ اﻟﺣﻣﺎﻣﺎت",
              "normalizedForward": "نهجالحمامات",
              "normalizedReverse": "تامامحلاجهن",
              "colors": [
                0
              ],
              "center": [
                496.67518615722656,
                454.0719451904297
              ]
            },
            {
              "text": "ﺔﻗد ﺞﮭﻧ ",
              "normalizedForward": "ةقدجهن",
              "normalizedReverse": "نهجدقة",
              "colors": [
                0
              ],
              "center": [
                432.04737854003906,
                408.7845458984375
              ]
            },
            {
              "text": "ذﻼﻔﻟا ﺞﮭﻧ ",
              "normalizedForward": "ذلافلاجهن",
              "normalizedReverse": "نهجالفلاذ",
              "colors": [
                0
              ],
              "center": [
                325.9526824951172,
                387.2838592529297
              ]
            },
            {
              "text": "ةدرﺟﻣ ﺞﮭﻧ ",
              "normalizedForward": "ةدرجمجهن",
              "normalizedReverse": "نهجمجردة",
              "colors": [
                0
              ],
              "center": [
                446.1172180175781,
                382.89869689941406
              ]
            },
            {
              "text": " ﻧﮭﺞ أم اﻟﻌراﯾس",
              "normalizedForward": "نهجأمالعرايس",
              "normalizedReverse": "سيارعلامأجهن",
              "colors": [
                0
              ],
              "center": [
                373.0590515136719,
                186.37747955322266
              ]
            },
            {
              "text": "ﺗوﻧس-  ﻧﮭﺞ  ﺑﯾن وﻻﯾﺔ ﺑن ﻋروس",
              "normalizedForward": "تونسنهجبينولايةبنعروس",
              "normalizedReverse": "سورعنبةيلاونيبجهنسنوت",
              "colors": [
                0
              ],
              "center": [
                119.25205612182617,
                145.67134475708008
              ]
            },
            {
              "text": "ةرﯾﻣﺗ ﺞﮭﻧ ",
              "normalizedForward": "ةريمتجهن",
              "normalizedReverse": "نهجتميرة",
              "colors": [
                0
              ],
              "center": [
                359.0667724609375,
                224.90436553955078
              ]
            },
            {
              "text": "ﺔﺟﺎﺑ ﺞﮭﻧ ",
              "normalizedForward": "ةجابجهن",
              "normalizedReverse": "نهجباجة",
              "colors": [
                0
              ],
              "center": [
                503.3853759765625,
                364.2249755859375
              ]
            },
            {
              "text": "لﯾرﻓأ  9 ﺞﮭﻧ ",
              "normalizedForward": "ليرفأ9جهن",
              "normalizedReverse": "نهج9أفريل",
              "colors": [
                0
              ],
              "center": [
                547.832275390625,
                403.43128967285156
              ]
            },
            {
              "text": "رﻣﻣ ",
              "normalizedForward": "رمم",
              "normalizedReverse": "ممر",
              "colors": [
                0
              ],
              "center": [
                455.29620361328125,
                456.2546844482422
              ]
            },
            {
              "text": "قروﻟا ﺞﮭﻧ ",
              "normalizedForward": "قرولاجهن",
              "normalizedReverse": "نهجالورق",
              "colors": [
                0
              ],
              "center": [
                391.0175323486328,
                354.058349609375
              ]
            },
            {
              "text": "ﻲﻔﻧﺎﺟ18  ﺞﮭﻧ ",
              "normalizedForward": "يفناج18جهن",
              "normalizedReverse": "نهج81جانفي",
              "colors": [
                0
              ],
              "center": [
                457.36932373046875,
                358.9372863769531
              ]
            },
            {
              "text": "مﺳا نودﺑ ﺞﮭﻧ ",
              "normalizedForward": "مسانودبجهن",
              "normalizedReverse": "نهجبدوناسم",
              "colors": [
                0
              ],
              "center": [
                665.9563293457031,
                284.84141540527344
              ]
            },
            {
              "text": "ﻲﺑارﻔﻟا  ﻧﮭﺞ ﻋﻠﻲ ",
              "normalizedForward": "يبارفلانهجعلي",
              "normalizedReverse": "يلعجهنالفرابي",
              "colors": [
                0
              ],
              "center": [
                231.19314575195312,
                177.898193359375
              ]
            },
            {
              "text": " ﻧﮭﺞ ﻋﻣر اﺑن ﻋﺑد اﻟﻌزﯾز",
              "normalizedForward": "نهجعمرابنعبدالعزيز",
              "normalizedReverse": "زيزعلادبعنبارمعجهن",
              "colors": [
                0
              ],
              "center": [
                589.486572265625,
                363.4483947753906
              ]
            },
            {
              "text": "دﺎﯾز نﺑا قرﺎط ﺞﮭﻧ ",
              "normalizedForward": "دايزنباقراطجهن",
              "normalizedReverse": "نهجطارقابنزياد",
              "colors": [
                0
              ],
              "center": [
                462.3628387451172,
                328.98814392089844
              ]
            },
            {
              "text": " ﻧﮭﺞ ﺣﻧﺑﻌل",
              "normalizedForward": "نهجحنبعل",
              "normalizedReverse": "لعبنحجهن",
              "colors": [
                0
              ],
              "center": [
                523.6038208007812,
                492.3608856201172
              ]
            },
            {
              "text": " ﺷﺎرع ﺑﺎرﯾس",
              "normalizedForward": "شارعباريس",
              "normalizedReverse": "سيرابعراش",
              "colors": [
                0
              ],
              "center": [
                767.1683959960938,
                323.3992919921875
              ]
            },
            {
              "text": "ﻣﻘرﯾن اﻟرﯾﺎض",
              "normalizedForward": "مقرينالرياض",
              "normalizedReverse": "ضايرلانيرقم",
              "colors": [
                15073280
              ],
              "center": [
                352.2056579589844,
                282.94984436035156
              ]
            },
            {
              "text": "2 ﻖﯾزر يدﯾﺳ ﺣﻲ اﺑن ﻋرﻓﺔ",
              "normalizedForward": "2قيزريديسحيابنعرفة",
              "normalizedReverse": "ةفرعنبايحسيديرزيق2",
              "colors": [
                15073280
              ],
              "center": [
                626.195068359375,
                521.6600036621094
              ]
            },
            {
              "text": "ﻣﻘرﯾن اﻟﻌﻠﯾﺎ",
              "normalizedForward": "مقرينالعليا",
              "normalizedReverse": "ايلعلانيرقم",
              "colors": [
                15073280
              ],
              "center": [
                699.5274963378906,
                328.31556701660156
              ]
            },
            {
              "text": "نﯾرﻘﻣ",
              "normalizedForward": "نيرقم",
              "normalizedReverse": "مقرين",
              "colors": [
                19880
              ],
              "center": [
                279.1301574707031,
                226.7597198486328
              ]
            }
          ],
          "identityReview": {
            "decision": "Explicit sector name in PDF page title and map label, matched to the current INS sector registry; old IDs retained only for the identical reviewed six-digit code.",
            "registrySha256": "23b3ee87c07971eb48b456799833f1996ade5d0bdc10d7bf6b0e3bf6798c9eec",
            "officialSourceRows": {
              "Population_Secteur_Age_Sexe_Dynamique.xlsx": 8637,
              "Nombre_de_Logements_par_Secteurs.xlsx": 286,
              "Nombre_de_menages_par_Secteurs.xlsx": 286
            },
            "officialSources": [
              {
                "file": "Population_Secteur_Age_Sexe_Dynamique.xlsx",
                "url": "https://ins.tn/sites/default/files-ftp3/files/2025-05/Population_Secteur_Age_Sexe_Dynamique.xlsx",
                "sha256": "70f8f9f872862d6947d08fc1b2775c66cf6b4d114a55f68092e7a4ce70d5d9ae",
                "sheet": "Population"
              },
              {
                "file": "Nombre_de_Logements_par_Secteurs.xlsx",
                "url": "https://www.ins.tn/sites/default/files-ftp3/files/2025-11/Nombre%20de%20Logements%20par%20Secteurs.xlsx",
                "sha256": "c2ab64d030e5737948ac51db8c42eca0665be280724fe3504529fbfa00498831",
                "sheet": "Logements"
              },
              {
                "file": "Nombre_de_menages_par_Secteurs.xlsx",
                "url": "https://www.ins.tn/sites/default/files-ftp3/files/2025-11/Nombre%20de%20m%C3%A9nages%20par%20Secteurs.xlsx",
                "sha256": "fea29d86630decb32b217be7b3f2fdb8bf5863e5fe9127a2374380714ff60ab1",
                "sheet": "Ménages"
              }
            ]
          },
          "repair": {
            "applied": false,
            "operation": null,
            "reviewDecision": "Unchanged source ring after independently checked georeferencing."
          },
          "compilerQuantizationReview": {
            "gridDegrees": 1e-06,
            "approxGridLatitudeMeters": 0.111,
            "approxGridLongitudeMetersAtMegrine": 0.089,
            "operation": "shapely.set_precision(wgs84_geometry, 1 / 1000000)",
            "sourcePartCount": 1,
            "partCount": 1,
            "allPositiveAreaComponentsSurvive": true,
            "parts": [
              {
                "areaMeters2": 1162123.6206723365,
                "coordinateCount": 89,
                "boundsWgs84": [
                  10.209727,
                  36.763969,
                  10.231602,
                  36.776952
                ]
              }
            ],
            "hausdorffMeters": 0.0666878936952157,
            "symmetricDifferenceAreaMeters2": 119.54146369860112,
            "quantizedGeometryHash": "e9ecacbb5d81c88a761653dff82ed651c39842a62182d8ce82568f0fd86c6cdd"
          },
          "rawSourceGeometry": {
            "type": "Polygon",
            "coordinates": [
              [
                [
                  10.22489677813073,
                  36.772378546379805
                ],
                [
                  10.225143063589847,
                  36.77229803994697
                ],
                [
                  10.225185836699275,
                  36.772280274225864
                ],
                [
                  10.225207223257984,
                  36.77227139209354
                ],
                [
                  10.225989389112852,
                  36.77204673729017
                ],
                [
                  10.226567908281629,
                  36.77187616319345
                ],
                [
                  10.227499768627982,
                  36.77158931749103
                ],
                [
                  10.228163822823618,
                  36.77138320264938
                ],
                [
                  10.22828178607108,
                  36.77135599009433
                ],
                [
                  10.22830317199131,
                  36.77134710668146
                ],
                [
                  10.22832455790652,
                  36.771338223264834
                ],
                [
                  10.228431623675547,
                  36.77130246458379
                ],
                [
                  10.228485292796108,
                  36.771293243666214
                ],
                [
                  10.228528064548032,
                  36.77127547676486
                ],
                [
                  10.229845669928034,
                  36.77088066165815
                ],
                [
                  10.229942109747645,
                  36.77085367270978
                ],
                [
                  10.231570128372036,
                  36.770351670092126
                ],
                [
                  10.231602411172249,
                  36.770351331775295
                ],
                [
                  10.231580479452932,
                  36.770325581971335
                ],
                [
                  10.230470287286355,
                  36.76885637488376
                ],
                [
                  10.230415391820397,
                  36.76878767129634
                ],
                [
                  10.230415255341695,
                  36.76877901284047
                ],
                [
                  10.230404494623242,
                  36.76877912550227
                ],
                [
                  10.226680836442252,
                  36.76399450565379
                ],
                [
                  10.22665890821473,
                  36.76396875485124
                ],
                [
                  10.226060153530554,
                  36.76421748002729
                ],
                [
                  10.225450770654788,
                  36.76447497146388
                ],
                [
                  10.225055228605237,
                  36.764643633369076
                ],
                [
                  10.224606017838518,
                  36.76482151313136
                ],
                [
                  10.224317395367935,
                  36.76494575891685
                ],
                [
                  10.224135557837283,
                  36.76501693087804
                ],
                [
                  10.223526162015524,
                  36.765274414124576
                ],
                [
                  10.222424906376316,
                  36.76573618788582
                ],
                [
                  10.222285836348174,
                  36.765789593826796
                ],
                [
                  10.221516106146025,
                  36.76611801282969
                ],
                [
                  10.220596941496078,
                  36.7665259182231
                ],
                [
                  10.220319336171547,
                  36.766667358998355
                ],
                [
                  10.21570975935013,
                  36.768525052476306
                ],
                [
                  10.215677611943265,
                  36.76853404497045
                ],
                [
                  10.215644300629306,
                  36.769850691101766
                ],
                [
                  10.215626553765633,
                  36.770093351073314
                ],
                [
                  10.21561700619655,
                  36.770171388914875
                ],
                [
                  10.21560718895704,
                  36.77023210901827
                ],
                [
                  10.215565223561601,
                  36.7703018223294
                ],
                [
                  10.215556350446343,
                  36.770423152667014
                ],
                [
                  10.215514789329138,
                  36.77051884073088
                ],
                [
                  10.215483719540524,
                  36.77059710119588
                ],
                [
                  10.2154210410262,
                  36.77071898809212
                ],
                [
                  10.215357822667142,
                  36.77080624022188
                ],
                [
                  10.21512512282038,
                  36.77106844302954
                ],
                [
                  10.215094456730096,
                  36.7711726789022
                ],
                [
                  10.214956449224891,
                  36.77129534451929
                ],
                [
                  10.21477526193508,
                  36.77140979577126
                ],
                [
                  10.214167398973549,
                  36.77177113361227
                ],
                [
                  10.213953252516225,
                  36.77184262545597
                ],
                [
                  10.213162037921602,
                  36.77217987196162
                ],
                [
                  10.21244547265294,
                  36.772473044207274
                ],
                [
                  10.2121994419675,
                  36.77257084161155
                ],
                [
                  10.21204232440306,
                  36.77284957842454
                ],
                [
                  10.21146630639945,
                  36.77387738379664
                ],
                [
                  10.211466709519364,
                  36.77390335932461
                ],
                [
                  10.21145608238058,
                  36.77391212879498
                ],
                [
                  10.210880989335038,
                  36.77500054100167
                ],
                [
                  10.210661306344237,
                  36.77540981915553
                ],
                [
                  10.210022559649312,
                  36.77655950227318
                ],
                [
                  10.21001193221226,
                  36.77656827161804
                ],
                [
                  10.209800989236504,
                  36.77684755902161
                ],
                [
                  10.209779867972705,
                  36.7768737561874
                ],
                [
                  10.209727266382226,
                  36.776952236848224
                ],
                [
                  10.209791435217797,
                  36.77692559643095
                ],
                [
                  10.210102322546005,
                  36.776844455734405
                ],
                [
                  10.210434464393906,
                  36.77674577693928
                ],
                [
                  10.21178441246138,
                  36.776342166253535
                ],
                [
                  10.213070178977011,
                  36.775965184136716
                ],
                [
                  10.214388083266394,
                  36.77557919540745
                ],
                [
                  10.21482742674681,
                  36.775453415220085
                ],
                [
                  10.214870204075444,
                  36.77543565314206
                ],
                [
                  10.214913115707674,
                  36.77542655028367
                ],
                [
                  10.215630912408903,
                  36.775211288690045
                ],
                [
                  10.216627292184326,
                  36.77491520026963
                ],
                [
                  10.2181913231537,
                  36.77444002270658
                ],
                [
                  10.21959472464854,
                  36.77401845134583
                ],
                [
                  10.220205150983046,
                  36.77382159645419
                ],
                [
                  10.220333746159362,
                  36.77378562144829
                ],
                [
                  10.22041956706951,
                  36.773767410349144
                ],
                [
                  10.220451580671057,
                  36.77374975807021
                ],
                [
                  10.220708500517135,
                  36.77366049116055
                ],
                [
                  10.221351069774203,
                  36.773454636608406
                ],
                [
                  10.22489677813073,
                  36.772378546379805
                ]
              ]
            ]
          },
          "rawSourceGeometryHash": "6b91df919d2f3b7d3c8e406c2ea6bbf7d594121fcd7b24629c8e00062cc25b43",
          "sourcePagePathCoordinates": [
            [
              565.0797729492188,
              214.9471435546875
            ],
            [
              573.3580322265625,
              218.18756103515625
            ],
            [
              574.7977294921875,
              218.90765380859375
            ],
            [
              575.517578125,
              219.26766967773438
            ],
            [
              601.7919311523438,
              228.26882934570312
            ],
            [
              621.2278442382812,
              235.10968017578125
            ],
            [
              652.5411376953125,
              246.63113403320312
            ],
            [
              674.8563842773438,
              254.91217041015625
            ],
            [
              678.8155517578125,
              255.9923095703125
            ],
            [
              679.535400390625,
              256.35235595703125
            ],
            [
              680.2552490234375,
              256.71240234375
            ],
            [
              683.8544921875,
              258.152587890625
            ],
            [
              685.6541137695312,
              258.51263427734375
            ],
            [
              687.0938110351562,
              259.23272705078125
            ],
            [
              731.3643798828125,
              275.07470703125
            ],
            [
              734.6036987304688,
              276.15484619140625
            ],
            [
              789.3120727539062,
              296.3174133300781
            ],
            [
              790.391845703125,
              296.3174133300781
            ],
            [
              789.6719970703125,
              297.3975524902344
            ],
            [
              753.3197021484375,
              358.96533203125
            ],
            [
              751.5200805664062,
              361.8456726074219
            ],
            [
              751.5200805664062,
              362.2057189941406
            ],
            [
              751.16015625,
              362.2057189941406
            ],
            [
              629.1461181640625,
              562.7510375976562
            ],
            [
              628.42626953125,
              563.8311767578125
            ],
            [
              608.2705688476562,
              553.7498779296875
            ],
            [
              587.7549438476562,
              543.30859375
            ],
            [
              574.4378051757812,
              536.4677124023438
            ],
            [
              559.3209838867188,
              529.2667846679688
            ],
            [
              549.6030883789062,
              524.2261352539062
            ],
            [
              543.484375,
              521.3458251953125
            ],
            [
              522.96875,
              510.90447998046875
            ],
            [
              485.8966064453125,
              492.18212890625
            ],
            [
              481.2176208496094,
              490.0218505859375
            ],
            [
              455.3031311035156,
              476.7001647949219
            ],
            [
              424.3497009277344,
              460.1380615234375
            ],
            [
              414.99169921875,
              454.3773498535156
            ],
            [
              259.8647155761719,
              379.12786865234375
            ],
            [
              258.7849426269531,
              378.767822265625
            ],
            [
              256.9853210449219,
              324.0408935546875
            ],
            [
              256.2654724121094,
              313.9596252441406
            ],
            [
              255.90554809570312,
              310.7192077636719
            ],
            [
              255.54562377929688,
              308.19891357421875
            ],
            [
              254.10592651367188,
              305.31854248046875
            ],
            [
              253.7460174560547,
              300.27789306640625
            ],
            [
              252.3063201904297,
              296.3174133300781
            ],
            [
              251.22654724121094,
              293.0769958496094
            ],
            [
              249.0670166015625,
              288.0363464355469
            ],
            [
              246.907470703125,
              284.4359130859375
            ],
            [
              238.98915100097656,
              273.6345520019531
            ],
            [
              237.9093780517578,
              269.3139953613281
            ],
            [
              233.23037719726562,
              264.2733459472656
            ],
            [
              227.11167907714844,
              259.5927734375
            ],
            [
              206.59603881835938,
              244.83090209960938
            ],
            [
              199.39756774902344,
              241.95053100585938
            ],
            [
              172.76324462890625,
              228.26882934570312
            ],
            [
              148.64837646484375,
              216.3873291015625
            ],
            [
              140.37013244628906,
              212.42681884765625
            ],
            [
              134.97128295898438,
              200.90536499023438
            ],
            [
              115.17549133300781,
              158.42001342773438
            ],
            [
              115.17549133300781,
              157.33987426757812
            ],
            [
              114.81556701660156,
              156.97982788085938
            ],
            [
              95.01978302001953,
              111.97415161132812
            ],
            [
              87.46138763427734,
              95.052001953125
            ],
            [
              65.50605773925781,
              47.5260009765625
            ],
            [
              65.1461410522461,
              47.16595458984375
            ],
            [
              57.947669982910156,
              35.64453125
            ],
            [
              57.227821350097656,
              34.56439208984375
            ],
            [
              55.4282112121582,
              31.323974609375
            ],
            [
              57.58774948120117,
              32.40411376953125
            ],
            [
              68.02552795410156,
              35.64453125
            ],
            [
              79.18315124511719,
              39.60498046875
            ],
            [
              124.53350067138672,
              55.80706787109375
            ],
            [
              167.72430419921875,
              70.928955078125
            ],
            [
              211.99488830566406,
              86.41091918945312
            ],
            [
              226.7517547607422,
              91.45156860351562
            ],
            [
              228.1914520263672,
              92.17166137695312
            ],
            [
              229.63113403320312,
              92.53167724609375
            ],
            [
              253.7460174560547,
              101.17279052734375
            ],
            [
              287.2189025878906,
              113.05429077148438
            ],
            [
              339.7677001953125,
              132.13668823242188
            ],
            [
              386.91766357421875,
              149.05880737304688
            ],
            [
              407.4333190917969,
              156.97982788085938
            ],
            [
              411.75238037109375,
              158.42001342773438
            ],
            [
              414.63177490234375,
              159.14010620117188
            ],
            [
              415.7115478515625,
              159.86019897460938
            ],
            [
              424.3497009277344,
              163.46063232421875
            ],
            [
              445.94512939453125,
              171.74169921875
            ],
            [
              565.0797729492188,
              214.9471435546875
            ]
          ]
        },
        "legacySourceReview": {
          "id": "osm:relation:7174626",
          "sourceTags": {
            "admin_level": "6",
            "boundary": "administrative",
            "name": "مقرين الرياض",
            "name:ar": "مقرين الرياض",
            "name:fr": "Megrine Riadh",
            "ref:tn:codegeo": "135952"
          },
          "comparison": {
            "intersectionAreaMeters2": 1149271.5015960315,
            "newAreaCoveredByReferenceFraction": 0.9889314911301201,
            "referenceAreaCoveredByNewFraction": 0.9904497974085787,
            "iou": 0.979590544130741,
            "newOutsideReferenceAreaMeters2": 12863.097113790755,
            "referenceOutsideNewAreaMeters2": 11081.607267196443,
            "hausdorffMeters": 12.570857863592884,
            "newRepresentativePointInsideReference": true
          }
        },
        "reviewedBoundsWgs84": [
          10.209727266382226,
          36.76396875485124,
          10.231602411172249,
          36.776952236848224
        ],
        "reviewedAreaMeters2": 1162134.5987098457
      },
      "geometry": {
        "type": "Polygon",
        "coordinates": [
          [
            [
              10.22489677813073,
              36.772378546379805
            ],
            [
              10.225143063589847,
              36.77229803994697
            ],
            [
              10.225185836699275,
              36.772280274225864
            ],
            [
              10.225207223257984,
              36.77227139209354
            ],
            [
              10.225989389112852,
              36.77204673729017
            ],
            [
              10.226567908281629,
              36.77187616319345
            ],
            [
              10.227499768627982,
              36.77158931749103
            ],
            [
              10.228163822823618,
              36.77138320264938
            ],
            [
              10.22828178607108,
              36.77135599009433
            ],
            [
              10.22830317199131,
              36.77134710668146
            ],
            [
              10.22832455790652,
              36.771338223264834
            ],
            [
              10.228431623675547,
              36.77130246458379
            ],
            [
              10.228485292796108,
              36.771293243666214
            ],
            [
              10.228528064548032,
              36.77127547676486
            ],
            [
              10.229845669928034,
              36.77088066165815
            ],
            [
              10.229942109747645,
              36.77085367270978
            ],
            [
              10.231570128372036,
              36.770351670092126
            ],
            [
              10.231602411172249,
              36.770351331775295
            ],
            [
              10.231580479452932,
              36.770325581971335
            ],
            [
              10.230470287286355,
              36.76885637488376
            ],
            [
              10.230415391820397,
              36.76878767129634
            ],
            [
              10.230415255341695,
              36.76877901284047
            ],
            [
              10.230404494623242,
              36.76877912550227
            ],
            [
              10.226680836442252,
              36.76399450565379
            ],
            [
              10.22665890821473,
              36.76396875485124
            ],
            [
              10.226060153530554,
              36.76421748002729
            ],
            [
              10.225450770654788,
              36.76447497146388
            ],
            [
              10.225055228605237,
              36.764643633369076
            ],
            [
              10.224606017838518,
              36.76482151313136
            ],
            [
              10.224317395367935,
              36.76494575891685
            ],
            [
              10.224135557837283,
              36.76501693087804
            ],
            [
              10.223526162015524,
              36.765274414124576
            ],
            [
              10.222424906376316,
              36.76573618788582
            ],
            [
              10.222285836348174,
              36.765789593826796
            ],
            [
              10.221516106146025,
              36.76611801282969
            ],
            [
              10.220596941496078,
              36.7665259182231
            ],
            [
              10.220319336171547,
              36.766667358998355
            ],
            [
              10.21570975935013,
              36.768525052476306
            ],
            [
              10.215677611943265,
              36.76853404497045
            ],
            [
              10.215644300629306,
              36.769850691101766
            ],
            [
              10.215626553765633,
              36.770093351073314
            ],
            [
              10.21561700619655,
              36.770171388914875
            ],
            [
              10.21560718895704,
              36.77023210901827
            ],
            [
              10.215565223561601,
              36.7703018223294
            ],
            [
              10.215556350446343,
              36.770423152667014
            ],
            [
              10.215514789329138,
              36.77051884073088
            ],
            [
              10.215483719540524,
              36.77059710119588
            ],
            [
              10.2154210410262,
              36.77071898809212
            ],
            [
              10.215357822667142,
              36.77080624022188
            ],
            [
              10.21512512282038,
              36.77106844302954
            ],
            [
              10.215094456730096,
              36.7711726789022
            ],
            [
              10.214956449224891,
              36.77129534451929
            ],
            [
              10.21477526193508,
              36.77140979577126
            ],
            [
              10.214167398973549,
              36.77177113361227
            ],
            [
              10.213953252516225,
              36.77184262545597
            ],
            [
              10.213162037921602,
              36.77217987196162
            ],
            [
              10.21244547265294,
              36.772473044207274
            ],
            [
              10.2121994419675,
              36.77257084161155
            ],
            [
              10.21204232440306,
              36.77284957842454
            ],
            [
              10.21146630639945,
              36.77387738379664
            ],
            [
              10.211466709519364,
              36.77390335932461
            ],
            [
              10.21145608238058,
              36.77391212879498
            ],
            [
              10.210880989335038,
              36.77500054100167
            ],
            [
              10.210661306344237,
              36.77540981915553
            ],
            [
              10.210022559649312,
              36.77655950227318
            ],
            [
              10.21001193221226,
              36.77656827161804
            ],
            [
              10.209800989236504,
              36.77684755902161
            ],
            [
              10.209779867972705,
              36.7768737561874
            ],
            [
              10.209727266382226,
              36.776952236848224
            ],
            [
              10.209791435217797,
              36.77692559643095
            ],
            [
              10.210102322546005,
              36.776844455734405
            ],
            [
              10.210434464393906,
              36.77674577693928
            ],
            [
              10.21178441246138,
              36.776342166253535
            ],
            [
              10.213070178977011,
              36.775965184136716
            ],
            [
              10.214388083266394,
              36.77557919540745
            ],
            [
              10.21482742674681,
              36.775453415220085
            ],
            [
              10.214870204075444,
              36.77543565314206
            ],
            [
              10.214913115707674,
              36.77542655028367
            ],
            [
              10.215630912408903,
              36.775211288690045
            ],
            [
              10.216627292184326,
              36.77491520026963
            ],
            [
              10.2181913231537,
              36.77444002270658
            ],
            [
              10.21959472464854,
              36.77401845134583
            ],
            [
              10.220205150983046,
              36.77382159645419
            ],
            [
              10.220333746159362,
              36.77378562144829
            ],
            [
              10.22041956706951,
              36.773767410349144
            ],
            [
              10.220451580671057,
              36.77374975807021
            ],
            [
              10.220708500517135,
              36.77366049116055
            ],
            [
              10.221351069774203,
              36.773454636608406
            ],
            [
              10.22489677813073,
              36.772378546379805
            ]
          ]
        ]
      }
    },
    {
      "type": "Feature",
      "id": "osm:relation:7174627",
      "properties": {
        "officialCode": "135951",
        "nameAr": "مقرين العليا",
        "nameFr": "Megrine superieure",
        "governorateCode": "13",
        "governorateAr": "بن عروس",
        "governorateFr": "Ben arous",
        "delegationCode": "1359",
        "delegationAr": "مقرين",
        "delegationFr": "Megrine",
        "parentArabic": "مقرين",
        "parentFrench": "Megrine",
        "sourceId": "isie-local-sectors-2023-megrine",
        "sourcePdfURL": "https://www.isie.tn/wp-content/uploads/2023/CartesCirconscriptionsElectoralesLocales2023/%D8%A8%D9%86%20%D8%B9%D8%B1%D9%88%D8%B3/%D9%85%D9%82%D8%B1%D9%8A%D9%86/%D9%85%D9%82%D8%B1%D9%8A%D9%86%20%D8%A7%D9%84%D8%B9%D9%84%D9%8A%D8%A7.pdf",
        "sourcePdfSha256": "a3c6c8d330c497e796011e6406b3968683f1bbfe0a6efa1bfee99ad07beb49f6",
        "reviewedDate": "2026-09-07",
        "geometryHash": "c126f7580a5cc6bd3a5b11de30fb97b5c9aa4be92eae8a465f5a5055f5029a41",
        "geometryHashMethod": "SHA256 UTF-8 json.dumps(geometry, sort_keys=True, separators=(comma,colon), ensure_ascii=False, allow_nan=False)",
        "evidence": {
          "sourcePdfURL": "https://www.isie.tn/wp-content/uploads/2023/CartesCirconscriptionsElectoralesLocales2023/%D8%A8%D9%86%20%D8%B9%D8%B1%D9%88%D8%B3/%D9%85%D9%82%D8%B1%D9%8A%D9%86/%D9%85%D9%82%D8%B1%D9%8A%D9%86%20%D8%A7%D9%84%D8%B9%D9%84%D9%8A%D8%A7.pdf",
          "sourcePdfSha256": "a3c6c8d330c497e796011e6406b3968683f1bbfe0a6efa1bfee99ad07beb49f6",
          "sourcePdfFile": "map-5.pdf",
          "sourcePdfCreated": "D:20231017002943+01",
          "reviewedDate": "2026-09-07",
          "pageNumber": 1,
          "drawingIndexZeroBased": 338,
          "layer": "circonscription_isie2023",
          "strokeRgb": [
            1.0,
            0.0,
            0.0
          ],
          "explicitlyClosed": true,
          "sourceVertexCount": 139,
          "crsEpsg": 32632,
          "crsWkt": "PROJCS[\"WGS_1984_UTM_Zone_32N\",GEOGCS[\"GCS_WGS_1984\",DATUM[\"D_WGS_1984\",SPHEROID[\"WGS_1984\",6378137.0,298.257223563]],PRIMEM[\"Greenwich\",0.0],UNIT[\"Degree\",0.0174532925199433]],PROJECTION[\"Transverse_Mercator\"],PARAMETER[\"False_Easting\",500000.0],PARAMETER[\"False_Northing\",0.0],PARAMETER[\"Central_Meridian\",9.0],PARAMETER[\"Scale_Factor\",0.9996],PARAMETER[\"Latitude_Of_Origin\",0.0],UNIT[\"Meter\",1.0]]",
          "outputCrs": "EPSG:4326; longitude,latitude",
          "viewportBBoxRaw": [
            4.31908,
            590.46173,
            841.50095,
            5.38791
          ],
          "localControlPoints": [
            [
              0.0,
              1.0
            ],
            [
              0.0,
              0.0
            ],
            [
              1.0,
              0.0
            ],
            [
              1.0,
              1.0
            ]
          ],
          "controlPointsLatLon": [
            [
              36.76427,
              10.2231
            ],
            [
              36.78835,
              10.22348
            ],
            [
              36.7879,
              10.26633
            ],
            [
              36.76382,
              10.26593
            ]
          ],
          "pageTransformationMatrix": [
            1.0,
            0.0,
            0.0,
            -1.0,
            0.0,
            595.5023803710938
          ],
          "affineMapMetersFromPagePoints": [
            [
              4.56745396835423,
              -0.00022624427989367032
            ],
            [
              -9.4212562089524e-05,
              -4.566611935182664
            ],
            [
              609144.2107646166,
              4072114.8498546216
            ]
          ],
          "maximumControlFitResidualMeters": 0.14781261452610028,
          "mapAxisScaleMetersPerPdfPoint": [
            4.5674539739576225,
            4.566611936154501
          ],
          "controlCoordinatePrecisionDegrees": 1e-05,
          "precisionCaveat": "Rounded map controls and independently exported page vectors do not establish survey or ground accuracy. Keep all cross-page overlap strips; they are not a clean partition.",
          "viewportReview": {
            "touchesViewport": false,
            "outsideViewportAreaPixels2": 0.0,
            "pagePixelBounds": [
              42.4709587097168,
              72.72918701171875,
              803.3490600585938,
              522.4259033203125
            ]
          },
          "insideLabels": [
            {
              "text": " ﺳﺑﺧﺔ رادس",
              "normalizedForward": "سبخةرادس",
              "normalizedReverse": "سدارةخبس",
              "colors": [
                0
              ],
              "center": [
                741.7332458496094,
                428.0963439941406
              ]
            },
            {
              "text": "ﺔطﺣﻣﻟ ا عرﺎﺷ ",
              "normalizedForward": "ةطحملاعراش",
              "normalizedReverse": "شارعالمحطة",
              "colors": [
                0
              ],
              "center": [
                246.9258804321289,
                490.3441925048828
              ]
            },
            {
              "text": "ﺔﯾروﮭﻣﺟﻟ ا عرﺎﺷ ",
              "normalizedForward": "ةيروهمجلاعراش",
              "normalizedReverse": "شارعالجمهورية",
              "colors": [
                0
              ],
              "center": [
                363.52561950683594,
                372.38206481933594
              ]
            },
            {
              "text": "ﻲﻠ ﻋ دﻣﺣﻣ ﺞﮭﻧ ",
              "normalizedForward": "يلعدمحمجهن",
              "normalizedReverse": "نهجمحمدعلي",
              "colors": [
                0
              ],
              "center": [
                321.9259490966797,
                429.41192626953125
              ]
            },
            {
              "text": " ﻧﮭﺞ اﻟﻣﻧﺟﻲ ﺑﺎﻟﻲ",
              "normalizedForward": "نهجالمنجيبالي",
              "normalizedReverse": "يلابيجنملاجهن",
              "colors": [
                0
              ],
              "center": [
                263.59069061279297,
                343.9968719482422
              ]
            },
            {
              "text": "  ﻧﮭﺞ اﻟﻣﻛﺗب",
              "normalizedForward": "نهجالمكتب",
              "normalizedReverse": "بتكملاجهن",
              "colors": [
                0
              ],
              "center": [
                496.4839324951172,
                505.9154357910156
              ]
            },
            {
              "text": "ﺔﯾﻣازﺣﻟا ﻖﯾرطﻟا  ",
              "normalizedForward": "ةيمازحلاقيرطلا",
              "normalizedReverse": "الطريقالحزامية",
              "colors": [
                0
              ],
              "center": [
                381.2598114013672,
                355.18431091308594
              ]
            },
            {
              "text": " ﻧﮭﺞ اﺑن ﺧﻠدون",
              "normalizedForward": "نهجابنخلدون",
              "normalizedReverse": "نودلخنباجهن",
              "colors": [
                0
              ],
              "center": [
                365.71119689941406,
                468.7992401123047
              ]
            },
            {
              "text": " ﻧﮭﺞ اﺑن اﻟﺟزار",
              "normalizedForward": "نهجابنالجزار",
              "normalizedReverse": "رازجلانباجهن",
              "colors": [
                0
              ],
              "center": [
                141.17182159423828,
                379.06764221191406
              ]
            },
            {
              "text": " ﻧﮭﺞ ﺑﺣﯾرة ﺗوﻧس",
              "normalizedForward": "نهجبحيرةتونس",
              "normalizedReverse": "سنوتةريحبجهن",
              "colors": [
                0
              ],
              "center": [
                466.6858825683594,
                461.24375915527344
              ]
            },
            {
              "text": "ﻟﺳﻌﯾدي ا يدﺎﮭﻟا ﺞﮭﻧ ",
              "normalizedForward": "لسعيديايداهلاجهن",
              "normalizedReverse": "نهجالهاديايديعسل",
              "colors": [
                0
              ],
              "center": [
                217.47432708740234,
                346.90802001953125
              ]
            },
            {
              "text": "برﻐﻣﻟا ﺞﮭﻧ ",
              "normalizedForward": "برغملاجهن",
              "normalizedReverse": "نهجالمغرب",
              "colors": [
                0
              ],
              "center": [
                408.9420623779297,
                403.73353576660156
              ]
            },
            {
              "text": " ﻧﮭﺞ ﺗﺎزرﻛﺔ",
              "normalizedForward": "نهجتازركة",
              "normalizedReverse": "ةكرزاتجهن",
              "colors": [
                0
              ],
              "center": [
                198.83905029296875,
                454.9917907714844
              ]
            },
            {
              "text": " ﻧﮭﺞ اﺑن ﺳﯾﻧﺎ",
              "normalizedForward": "نهجابنسينا",
              "normalizedReverse": "انيسنباجهن",
              "colors": [
                0
              ],
              "center": [
                281.0452880859375,
                443.3568878173828
              ]
            },
            {
              "text": " ﻧﮭﺞ اﻟﺣﺳﯾن ﺑوزﯾﺎن",
              "normalizedForward": "نهجالحسينبوزيان",
              "normalizedReverse": "نايزوبنيسحلاجهن",
              "colors": [
                0
              ],
              "center": [
                275.7468490600586,
                385.4617462158203
              ]
            },
            {
              "text": " ﻧﮭﺞ اﻷﻧدﻟس",
              "normalizedForward": "نهجالأندلس",
              "normalizedReverse": "سلدنلأاجهن",
              "colors": [
                0
              ],
              "center": [
                387.9884338378906,
                438.1198272705078
              ]
            },
            {
              "text": " ﻧﮭﺞ اﻟﺑﺷﯾر ﺻﻔر",
              "normalizedForward": "نهجالبشيرصفر",
              "normalizedReverse": "رفصريشبلاجهن",
              "colors": [
                0
              ],
              "center": [
                218.39691162109375,
                400.9751892089844
              ]
            },
            {
              "text": " ﻧﮭﺞ اﺑن رﺷد",
              "normalizedForward": "نهجابنرشد",
              "normalizedReverse": "دشرنباجهن",
              "colors": [
                0
              ],
              "center": [
                257.75765228271484,
                455.57371520996094
              ]
            },
            {
              "text": "ﻟﺣﺑﯾب ﺑورﻗﯾﺑﺔ ا عرﺎﺷ ",
              "normalizedForward": "لحبيببورقيبةاعراش",
              "normalizedReverse": "شارعاةبيقروببيبحل",
              "colors": [
                0
              ],
              "center": [
                359.7399139404297,
                493.8671417236328
              ]
            },
            {
              "text": " ﻧﮭﺞ ﺑﻧزرت",
              "normalizedForward": "نهجبنزرت",
              "normalizedReverse": "ترزنبجهن",
              "colors": [
                0
              ],
              "center": [
                421.80352783203125,
                461.8197326660156
              ]
            },
            {
              "text": "نﯾطﺳﻠﻓ ﺞﮭﻧ ",
              "normalizedForward": "نيطسلفجهن",
              "normalizedReverse": "نهجفلسطين",
              "colors": [
                0
              ],
              "center": [
                158.34856414794922,
                412.56532287597656
              ]
            },
            {
              "text": "ﻟﺣﺑﯾب ﺑورﻗﯾﺑﺔ ا عرﺎﺷ ",
              "normalizedForward": "لحبيببورقيبةاعراش",
              "normalizedReverse": "شارعاةبيقروببيبحل",
              "colors": [
                0
              ],
              "center": [
                99.80715751647949,
                405.8424072265625
              ]
            },
            {
              "text": "ﺎﯾﻠﻌﻟا نﯾرﻘﻣ",
              "normalizedForward": "ايلعلانيرقم",
              "normalizedReverse": "مقرينالعليا",
              "colors": [
                15073280
              ],
              "center": [
                571.7546844482422,
                328.31556701660156
              ]
            },
            {
              "text": "ﻖﯾزر يدﯾﺳ",
              "normalizedForward": "قيزريديس",
              "normalizedReverse": "سيديرزيق",
              "colors": [
                15073280
              ],
              "center": [
                578.7725524902344,
                499.3371887207031
              ]
            },
            {
              "text": "نﯾرﻘﻣ",
              "normalizedForward": "نيرقم",
              "normalizedReverse": "مقرين",
              "colors": [
                19880
              ],
              "center": [
                501.5628356933594,
                257.72361755371094
              ]
            }
          ],
          "identityReview": {
            "decision": "Explicit sector name in PDF page title and map label, matched to the current INS sector registry; old IDs retained only for the identical reviewed six-digit code.",
            "registrySha256": "23b3ee87c07971eb48b456799833f1996ade5d0bdc10d7bf6b0e3bf6798c9eec",
            "officialSourceRows": {
              "Population_Secteur_Age_Sexe_Dynamique.xlsx": 8603,
              "Nombre_de_Logements_par_Secteurs.xlsx": 285,
              "Nombre_de_menages_par_Secteurs.xlsx": 285
            },
            "officialSources": [
              {
                "file": "Population_Secteur_Age_Sexe_Dynamique.xlsx",
                "url": "https://ins.tn/sites/default/files-ftp3/files/2025-05/Population_Secteur_Age_Sexe_Dynamique.xlsx",
                "sha256": "70f8f9f872862d6947d08fc1b2775c66cf6b4d114a55f68092e7a4ce70d5d9ae",
                "sheet": "Population"
              },
              {
                "file": "Nombre_de_Logements_par_Secteurs.xlsx",
                "url": "https://www.ins.tn/sites/default/files-ftp3/files/2025-11/Nombre%20de%20Logements%20par%20Secteurs.xlsx",
                "sha256": "c2ab64d030e5737948ac51db8c42eca0665be280724fe3504529fbfa00498831",
                "sheet": "Logements"
              },
              {
                "file": "Nombre_de_menages_par_Secteurs.xlsx",
                "url": "https://www.ins.tn/sites/default/files-ftp3/files/2025-11/Nombre%20de%20m%C3%A9nages%20par%20Secteurs.xlsx",
                "sha256": "fea29d86630decb32b217be7b3f2fdb8bf5863e5fe9127a2374380714ff60ab1",
                "sheet": "Ménages"
              }
            ]
          },
          "repair": {
            "applied": false,
            "operation": null,
            "reviewDecision": "Unchanged source ring after independently checked georeferencing."
          },
          "compilerQuantizationReview": {
            "gridDegrees": 1e-06,
            "approxGridLatitudeMeters": 0.111,
            "approxGridLongitudeMetersAtMegrine": 0.089,
            "operation": "shapely.set_precision(wgs84_geometry, 1 / 1000000)",
            "sourcePartCount": 1,
            "partCount": 1,
            "allPositiveAreaComponentsSurvive": true,
            "parts": [
              {
                "areaMeters2": 3162280.2562655914,
                "coordinateCount": 139,
                "boundsWgs84": [
                  10.225178,
                  36.766713,
                  10.264117,
                  36.785275
                ]
              }
            ],
            "hausdorffMeters": 0.06653336680370876,
            "symmetricDifferenceAreaMeters2": 187.83632322465698,
            "quantizedGeometryHash": "47a33152ed5357645734ac8be8554a3140df6289624c7ee80408cc97ad7b4eeb"
          },
          "rawSourceGeometry": {
            "type": "Polygon",
            "coordinates": [
              [
                [
                  10.255959482459248,
                  36.76671254194189
                ],
                [
                  10.253348577403049,
                  36.7669921381756
                ],
                [
                  10.253036235157726,
                  36.7670399041558
                ],
                [
                  10.252925740911255,
                  36.76704107238842
                ],
                [
                  10.25290732520289,
                  36.76704126708388
                ],
                [
                  10.250919398375036,
                  36.767121551317274
                ],
                [
                  10.250569981352035,
                  36.76715488113492
                ],
                [
                  10.249448549949753,
                  36.76728527808696
                ],
                [
                  10.249430134158484,
                  36.767285472245284
                ],
                [
                  10.249411718367035,
                  36.767285666400774
                ],
                [
                  10.249393302575415,
                  36.76728586055343
                ],
                [
                  10.249374886783617,
                  36.76728605470323
                ],
                [
                  10.24816209373602,
                  36.76746186581568
                ],
                [
                  10.248143677893474,
                  36.7674620597757
                ],
                [
                  10.248125262050747,
                  36.767462253732866
                ],
                [
                  10.247259718805811,
                  36.76747136648877
                ],
                [
                  10.247241302954649,
                  36.76747156030915
                ],
                [
                  10.245138539346941,
                  36.76728617779035
                ],
                [
                  10.245101469265363,
                  36.767271746230634
                ],
                [
                  10.245046221809092,
                  36.76727232667837
                ],
                [
                  10.243570322102064,
                  36.76712479194201
                ],
                [
                  10.243053962548748,
                  36.767085746181436
                ],
                [
                  10.242961644018893,
                  36.767071893455835
                ],
                [
                  10.24143146284898,
                  36.76698418562594
                ],
                [
                  10.24137597624205,
                  36.766969945820996
                ],
                [
                  10.241302313150978,
                  36.76697071743361
                ],
                [
                  10.240474561171252,
                  36.76703866911617
                ],
                [
                  10.240345650600892,
                  36.76704001843381
                ],
                [
                  10.240253810681303,
                  36.76705580069741
                ],
                [
                  10.236966209399714,
                  36.76763854165898
                ],
                [
                  10.236929379034661,
                  36.767638926095515
                ],
                [
                  10.236874131143567,
                  36.76763950275338
                ],
                [
                  10.230665908918294,
                  36.76872678949018
                ],
                [
                  10.23050087487511,
                  36.76877296524377
                ],
                [
                  10.230408793476364,
                  36.76877392137579
                ],
                [
                  10.230409030661452,
                  36.76878873997733
                ],
                [
                  10.230465228296431,
                  36.76884744071091
                ],
                [
                  10.231575528552407,
                  36.77031800884639
                ],
                [
                  10.231594419266012,
                  36.770347454628485
                ],
                [
                  10.231576003398406,
                  36.77034764602871
                ],
                [
                  10.229944749516934,
                  36.77085368119003
                ],
                [
                  10.229834485941561,
                  36.770869647934084
                ],
                [
                  10.228514638270818,
                  36.77126868507376
                ],
                [
                  10.228478041325504,
                  36.7712838855483
                ],
                [
                  10.228423027467676,
                  36.77129927693625
                ],
                [
                  10.228331653787741,
                  36.77134468733206
                ],
                [
                  10.22829481996858,
                  36.771345069144544
                ],
                [
                  10.228276403058741,
                  36.7713452600465
                ],
                [
                  10.228166612313768,
                  36.771390861217114
                ],
                [
                  10.227506681010798,
                  36.771590371855055
                ],
                [
                  10.226553256882946,
                  36.771867022491264
                ],
                [
                  10.225985166050492,
                  36.77205075424524
                ],
                [
                  10.225196540119533,
                  36.77226640590077
                ],
                [
                  10.225178358786009,
                  36.77228141495311
                ],
                [
                  10.225233846470287,
                  36.77229566228663
                ],
                [
                  10.22543761610442,
                  36.77236766044883
                ],
                [
                  10.225548827597665,
                  36.772410973466705
                ],
                [
                  10.225753070441279,
                  36.77251260705708
                ],
                [
                  10.22588269933623,
                  36.77255572923992
                ],
                [
                  10.226364619439163,
                  36.77274341635751
                ],
                [
                  10.226420107662651,
                  36.772757663126235
                ],
                [
                  10.228884522378927,
                  36.77366585482481
                ],
                [
                  10.228903176366535,
                  36.77368048116422
                ],
                [
                  10.228921593830606,
                  36.77368029015492
                ],
                [
                  10.228958428758228,
                  36.773679908127775
                ],
                [
                  10.22903186127889,
                  36.77366432670238
                ],
                [
                  10.22993123190005,
                  36.77346232249919
                ],
                [
                  10.23000466435042,
                  36.773446737964
                ],
                [
                  10.230023081750947,
                  36.77344654678522
                ],
                [
                  10.23161518046182,
                  36.77279270550599
                ],
                [
                  10.231633596913944,
                  36.772792514088906
                ],
                [
                  10.23194407720638,
                  36.77262625626544
                ],
                [
                  10.23203758754913,
                  36.77271420910861
                ],
                [
                  10.232635016716833,
                  36.77321191169925
                ],
                [
                  10.233531651368475,
                  36.773988094234134
                ],
                [
                  10.234743307763516,
                  36.77487955591946
                ],
                [
                  10.234836585982878,
                  36.77495268911309
                ],
                [
                  10.23498511839188,
                  36.77502524636796
                ],
                [
                  10.235337436566935,
                  36.77516978303623
                ],
                [
                  10.235522566453158,
                  36.77522713828025
                ],
                [
                  10.23563331062433,
                  36.775240803300534
                ],
                [
                  10.235817726804264,
                  36.77525370114651
                ],
                [
                  10.235872980180936,
                  36.77525312487784
                ],
                [
                  10.236186558544176,
                  36.77527949598519
                ],
                [
                  10.236665181176772,
                  36.77525968078285
                ],
                [
                  10.236683598964696,
                  36.775259488564934
                ],
                [
                  10.236720434540024,
                  36.775259104120536
                ],
                [
                  10.236757270114655,
                  36.77525871966473
                ],
                [
                  10.237490639473368,
                  36.7750435697818
                ],
                [
                  10.237490400871387,
                  36.77502875123545
                ],
                [
                  10.237508818598316,
                  36.7750285588908
                ],
                [
                  10.237873114066705,
                  36.774772796158416
                ],
                [
                  10.237891293052941,
                  36.77475778521087
                ],
                [
                  10.237927651004156,
                  36.77472776330775
                ],
                [
                  10.238000366841773,
                  36.774667720725326
                ],
                [
                  10.238670593029216,
                  36.77396412903482
                ],
                [
                  10.238688771669961,
                  36.77394911796987
                ],
                [
                  10.238743068716472,
                  36.77388926621677
                ],
                [
                  10.23879736567917,
                  36.77382941443989
                ],
                [
                  10.239194663299877,
                  36.77333616856036
                ],
                [
                  10.239194424384726,
                  36.77332135001931
                ],
                [
                  10.239248720602646,
                  36.77326149804483
                ],
                [
                  10.240776158745206,
                  36.77431262514361
                ],
                [
                  10.240869203391494,
                  36.774370934980844
                ],
                [
                  10.24088785862601,
                  36.774385560661315
                ],
                [
                  10.243732353360294,
                  36.77600086976676
                ],
                [
                  10.243769429010772,
                  36.77601530164188
                ],
                [
                  10.243788086732154,
                  36.77602992557322
                ],
                [
                  10.247003133815,
                  36.776633438160026
                ],
                [
                  10.247003374261938,
                  36.776648256648826
                ],
                [
                  10.247478015708397,
                  36.77751769830123
                ],
                [
                  10.247496674510467,
                  36.77753232288303
                ],
                [
                  10.247496915060255,
                  36.7775471413668
                ],
                [
                  10.24794435672638,
                  36.77900970654539
                ],
                [
                  10.24796325663754,
                  36.779039149519356
                ],
                [
                  10.247963737943246,
                  36.77906878647408
                ],
                [
                  10.247982397220062,
                  36.77908341096711
                ],
                [
                  10.247982637876897,
                  36.779098229444266
                ],
                [
                  10.248517859570729,
                  36.78029308926031
                ],
                [
                  10.248537000802553,
                  36.780337350597776
                ],
                [
                  10.2474762693778,
                  36.781949187682955
                ],
                [
                  10.247458331226756,
                  36.78197901854758
                ],
                [
                  10.247495891632271,
                  36.782023086124795
                ],
                [
                  10.25099265113887,
                  36.78520236730403
                ],
                [
                  10.251067296621734,
                  36.785260863141794
                ],
                [
                  10.251085958010174,
                  36.78527548709349
                ],
                [
                  10.251085716701839,
                  36.785260668649315
                ],
                [
                  10.251103654158534,
                  36.78523083726574
                ],
                [
                  10.251284234693701,
                  36.78500661550656
                ],
                [
                  10.251554738350588,
                  36.784648055999874
                ],
                [
                  10.264026720508754,
                  36.7723032033807
                ],
                [
                  10.264117342731808,
                  36.77221331073558
                ],
                [
                  10.264098682188154,
                  36.77219869004014
                ],
                [
                  10.261695913044637,
                  36.77057916634517
                ],
                [
                  10.259181048821866,
                  36.768857039286864
                ],
                [
                  10.257709209123965,
                  36.76783519965496
                ],
                [
                  10.256945681836417,
                  36.7673245668893
                ],
                [
                  10.256052528905066,
                  36.76677083993027
                ],
                [
                  10.255959482459248,
                  36.76671254194189
                ]
              ]
            ]
          },
          "rawSourceGeometryHash": "c126f7580a5cc6bd3a5b11de30fb97b5c9aa4be92eae8a465f5a5055f5029a41",
          "sourcePagePathCoordinates": [
            [
              645.70263671875,
              522.4259033203125
            ],
            [
              594.593505859375,
              516.30517578125
            ],
            [
              588.4747924804688,
              515.2250366210938
            ],
            [
              586.3152465820312,
              515.2250366210938
            ],
            [
              585.955322265625,
              515.2250366210938
            ],
            [
              547.0836181640625,
              513.7848510742188
            ],
            [
              540.2450561523438,
              513.0647583007812
            ],
            [
              518.2897338867188,
              510.18438720703125
            ],
            [
              517.9298095703125,
              510.18438720703125
            ],
            [
              517.5698852539062,
              510.18438720703125
            ],
            [
              517.2099609375,
              510.18438720703125
            ],
            [
              516.8500366210938,
              510.18438720703125
            ],
            [
              493.0950927734375,
              506.223876953125
            ],
            [
              492.73516845703125,
              506.223876953125
            ],
            [
              492.375244140625,
              506.223876953125
            ],
            [
              475.4588317871094,
              506.223876953125
            ],
            [
              475.0989074707031,
              506.223876953125
            ],
            [
              434.067626953125,
              511.2645263671875
            ],
            [
              433.3478088378906,
              511.62457275390625
            ],
            [
              432.2680358886719,
              511.62457275390625
            ],
            [
              403.4741516113281,
              515.5850830078125
            ],
            [
              393.39630126953125,
              516.6652221679688
            ],
            [
              391.5966796875,
              517.0252685546875
            ],
            [
              361.7230529785156,
              519.5455932617188
            ],
            [
              360.6432800292969,
              519.9056396484375
            ],
            [
              359.2035827636719,
              519.9056396484375
            ],
            [
              343.00701904296875,
              518.4654541015625
            ],
            [
              340.487548828125,
              518.4654541015625
            ],
            [
              338.68792724609375,
              518.1054077148438
            ],
            [
              274.2616271972656,
              504.78369140625
            ],
            [
              273.54180908203125,
              504.78369140625
            ],
            [
              272.4620361328125,
              504.78369140625
            ],
            [
              150.8079071044922,
              479.9405517578125
            ],
            [
              147.568603515625,
              478.8604431152344
            ],
            [
              145.76898193359375,
              478.8604431152344
            ],
            [
              145.76898193359375,
              478.5003967285156
            ],
            [
              146.8487548828125,
              477.0602111816406
            ],
            [
              168.08424377441406,
              441.0556640625
            ],
            [
              168.44415283203125,
              440.3355712890625
            ],
            [
              168.08424377441406,
              440.3355712890625
            ],
            [
              136.05105590820312,
              428.4541015625
            ],
            [
              133.89151000976562,
              428.0940246582031
            ],
            [
              107.9770278930664,
              418.73284912109375
            ],
            [
              107.2571792602539,
              418.372802734375
            ],
            [
              106.17740631103516,
              418.01275634765625
            ],
            [
              104.37779235839844,
              416.9326171875
            ],
            [
              103.65794372558594,
              416.9326171875
            ],
            [
              103.29801940917969,
              416.9326171875
            ],
            [
              101.13848114013672,
              415.85247802734375
            ],
            [
              88.18123626708984,
              411.1719055175781
            ],
            [
              69.46521759033203,
              404.69110107421875
            ],
            [
              58.30759048461914,
              400.37054443359375
            ],
            [
              42.83089065551758,
              395.32989501953125
            ],
            [
              42.4709587097168,
              394.9698486328125
            ],
            [
              43.55073165893555,
              394.60980224609375
            ],
            [
              47.509891510009766,
              392.8095703125
            ],
            [
              49.669429779052734,
              391.72943115234375
            ],
            [
              53.62858963012695,
              389.2091369628906
            ],
            [
              56.148048400878906,
              388.1289978027344
            ],
            [
              65.50605773925781,
              383.4483947753906
            ],
            [
              66.58583068847656,
              383.0883483886719
            ],
            [
              114.45565032958984,
              360.4054870605469
            ],
            [
              114.81556701660156,
              360.04547119140625
            ],
            [
              115.17549133300781,
              360.04547119140625
            ],
            [
              115.89533996582031,
              360.04547119140625
            ],
            [
              117.33502960205078,
              360.4054870605469
            ],
            [
              134.97128295898438,
              365.0860595703125
            ],
            [
              136.41098022460938,
              365.4461364746094
            ],
            [
              136.77090454101562,
              365.4461364746094
            ],
            [
              168.08424377441406,
              380.9281005859375
            ],
            [
              168.44415283203125,
              380.9281005859375
            ],
            [
              174.5628662109375,
              384.8885803222656
            ],
            [
              176.3624725341797,
              382.72833251953125
            ],
            [
              187.88002014160156,
              370.48675537109375
            ],
            [
              205.15635681152344,
              351.40435791015625
            ],
            [
              228.55137634277344,
              329.44158935546875
            ],
            [
              230.35098266601562,
              327.641357421875
            ],
            [
              233.23037719726562,
              325.84112548828125
            ],
            [
              240.0689239501953,
              322.2406921386719
            ],
            [
              243.66815185546875,
              320.80047607421875
            ],
            [
              245.8276824951172,
              320.4404602050781
            ],
            [
              249.4269256591797,
              320.0804138183594
            ],
            [
              250.50669860839844,
              320.0804138183594
            ],
            [
              256.6253967285156,
              319.3603210449219
            ],
            [
              265.9833984375,
              319.7203674316406
            ],
            [
              266.34332275390625,
              319.7203674316406
            ],
            [
              267.06317138671875,
              319.7203674316406
            ],
            [
              267.78302001953125,
              319.7203674316406
            ],
            [
              282.1799621582031,
              324.760986328125
            ],
            [
              282.1799621582031,
              325.12103271484375
            ],
            [
              282.5398864746094,
              325.12103271484375
            ],
            [
              289.73834228515625,
              331.2418212890625
            ],
            [
              290.0982666015625,
              331.60186767578125
            ],
            [
              290.818115234375,
              332.32196044921875
            ],
            [
              292.2578125,
              333.7621154785156
            ],
            [
              305.5749816894531,
              350.68426513671875
            ],
            [
              305.9349060058594,
              351.0443115234375
            ],
            [
              307.0146789550781,
              352.4844970703125
            ],
            [
              308.0944519042969,
              353.9246826171875
            ],
            [
              316.01275634765625,
              365.80615234375
            ],
            [
              316.01275634765625,
              366.16619873046875
            ],
            [
              317.092529296875,
              367.60638427734375
            ],
            [
              346.60626220703125,
              341.6831359863281
            ],
            [
              348.4058837890625,
              340.2429504394531
            ],
            [
              348.7657775878906,
              339.8829040527344
            ],
            [
              403.8340759277344,
              299.9178466796875
            ],
            [
              404.5539245605469,
              299.55780029296875
            ],
            [
              404.9138488769531,
              299.1977844238281
            ],
            [
              467.54052734375,
              283.7158203125
            ],
            [
              467.54052734375,
              283.35577392578125
            ],
            [
              476.5386047363281,
              262.11309814453125
            ],
            [
              476.8985290527344,
              261.7530517578125
            ],
            [
              476.8985290527344,
              261.39300537109375
            ],
            [
              485.1767578125,
              225.74850463867188
            ],
            [
              485.53668212890625,
              225.02841186523438
            ],
            [
              485.53668212890625,
              224.30831909179688
            ],
            [
              485.8966064453125,
              223.94827270507812
            ],
            [
              485.8966064453125,
              223.58822631835938
            ],
            [
              495.9744567871094,
              194.424560546875
            ],
            [
              496.3343811035156,
              193.34442138671875
            ],
            [
              475.0989074707031,
              154.45950317382812
            ],
            [
              474.7389831542969,
              153.73941040039062
            ],
            [
              475.4588317871094,
              152.65927124023438
            ],
            [
              542.7645263671875,
              74.5294189453125
            ],
            [
              544.2042236328125,
              73.0892333984375
            ],
            [
              544.5641479492188,
              72.72918701171875
            ],
            [
              544.5641479492188,
              73.0892333984375
            ],
            [
              544.924072265625,
              73.809326171875
            ],
            [
              548.5233154296875,
              79.21002197265625
            ],
            [
              553.922119140625,
              87.85110473632812
            ],
            [
              801.5494384765625,
              384.5285339355469
            ],
            [
              803.3490600585938,
              386.6888122558594
            ],
            [
              802.9891357421875,
              387.048828125
            ],
            [
              756.5590209960938,
              427.013916015625
            ],
            [
              707.9693603515625,
              469.499267578125
            ],
            [
              679.535400390625,
              494.70245361328125
            ],
            [
              664.778564453125,
              507.30401611328125
            ],
            [
              647.5022583007812,
              520.9857177734375
            ],
            [
              645.70263671875,
              522.4259033203125
            ]
          ]
        },
        "legacySourceReview": {
          "id": "osm:relation:7174627",
          "sourceTags": {
            "admin_level": "6",
            "boundary": "administrative",
            "name": "مقرين العليا",
            "name:ar": "مقرين العليا",
            "name:fr": "Megrine Superieure",
            "ref:tn:codegeo": "135951"
          },
          "comparison": {
            "intersectionAreaMeters2": 3127317.2546276096,
            "newAreaCoveredByReferenceFraction": 0.9889339658617073,
            "referenceAreaCoveredByNewFraction": 0.9483869851506268,
            "iou": 0.9384280868974981,
            "newOutsideReferenceAreaMeters2": 34994.24703346088,
            "referenceOutsideNewAreaMeters2": 170194.52441783593,
            "hausdorffMeters": 256.0913433139958,
            "newRepresentativePointInsideReference": true
          }
        },
        "reviewedBoundsWgs84": [
          10.225178358786009,
          36.76671254194189,
          10.264117342731808,
          36.78527548709349
        ],
        "reviewedAreaMeters2": 3162311.501660905
      },
      "geometry": {
        "type": "Polygon",
        "coordinates": [
          [
            [
              10.255959482459248,
              36.76671254194189
            ],
            [
              10.253348577403049,
              36.7669921381756
            ],
            [
              10.253036235157726,
              36.7670399041558
            ],
            [
              10.252925740911255,
              36.76704107238842
            ],
            [
              10.25290732520289,
              36.76704126708388
            ],
            [
              10.250919398375036,
              36.767121551317274
            ],
            [
              10.250569981352035,
              36.76715488113492
            ],
            [
              10.249448549949753,
              36.76728527808696
            ],
            [
              10.249430134158484,
              36.767285472245284
            ],
            [
              10.249411718367035,
              36.767285666400774
            ],
            [
              10.249393302575415,
              36.76728586055343
            ],
            [
              10.249374886783617,
              36.76728605470323
            ],
            [
              10.24816209373602,
              36.76746186581568
            ],
            [
              10.248143677893474,
              36.7674620597757
            ],
            [
              10.248125262050747,
              36.767462253732866
            ],
            [
              10.247259718805811,
              36.76747136648877
            ],
            [
              10.247241302954649,
              36.76747156030915
            ],
            [
              10.245138539346941,
              36.76728617779035
            ],
            [
              10.245101469265363,
              36.767271746230634
            ],
            [
              10.245046221809092,
              36.76727232667837
            ],
            [
              10.243570322102064,
              36.76712479194201
            ],
            [
              10.243053962548748,
              36.767085746181436
            ],
            [
              10.242961644018893,
              36.767071893455835
            ],
            [
              10.24143146284898,
              36.76698418562594
            ],
            [
              10.24137597624205,
              36.766969945820996
            ],
            [
              10.241302313150978,
              36.76697071743361
            ],
            [
              10.240474561171252,
              36.76703866911617
            ],
            [
              10.240345650600892,
              36.76704001843381
            ],
            [
              10.240253810681303,
              36.76705580069741
            ],
            [
              10.236966209399714,
              36.76763854165898
            ],
            [
              10.236929379034661,
              36.767638926095515
            ],
            [
              10.236874131143567,
              36.76763950275338
            ],
            [
              10.230665908918294,
              36.76872678949018
            ],
            [
              10.23050087487511,
              36.76877296524377
            ],
            [
              10.230408793476364,
              36.76877392137579
            ],
            [
              10.230409030661452,
              36.76878873997733
            ],
            [
              10.230465228296431,
              36.76884744071091
            ],
            [
              10.231575528552407,
              36.77031800884639
            ],
            [
              10.231594419266012,
              36.770347454628485
            ],
            [
              10.231576003398406,
              36.77034764602871
            ],
            [
              10.229944749516934,
              36.77085368119003
            ],
            [
              10.229834485941561,
              36.770869647934084
            ],
            [
              10.228514638270818,
              36.77126868507376
            ],
            [
              10.228478041325504,
              36.7712838855483
            ],
            [
              10.228423027467676,
              36.77129927693625
            ],
            [
              10.228331653787741,
              36.77134468733206
            ],
            [
              10.22829481996858,
              36.771345069144544
            ],
            [
              10.228276403058741,
              36.7713452600465
            ],
            [
              10.228166612313768,
              36.771390861217114
            ],
            [
              10.227506681010798,
              36.771590371855055
            ],
            [
              10.226553256882946,
              36.771867022491264
            ],
            [
              10.225985166050492,
              36.77205075424524
            ],
            [
              10.225196540119533,
              36.77226640590077
            ],
            [
              10.225178358786009,
              36.77228141495311
            ],
            [
              10.225233846470287,
              36.77229566228663
            ],
            [
              10.22543761610442,
              36.77236766044883
            ],
            [
              10.225548827597665,
              36.772410973466705
            ],
            [
              10.225753070441279,
              36.77251260705708
            ],
            [
              10.22588269933623,
              36.77255572923992
            ],
            [
              10.226364619439163,
              36.77274341635751
            ],
            [
              10.226420107662651,
              36.772757663126235
            ],
            [
              10.228884522378927,
              36.77366585482481
            ],
            [
              10.228903176366535,
              36.77368048116422
            ],
            [
              10.228921593830606,
              36.77368029015492
            ],
            [
              10.228958428758228,
              36.773679908127775
            ],
            [
              10.22903186127889,
              36.77366432670238
            ],
            [
              10.22993123190005,
              36.77346232249919
            ],
            [
              10.23000466435042,
              36.773446737964
            ],
            [
              10.230023081750947,
              36.77344654678522
            ],
            [
              10.23161518046182,
              36.77279270550599
            ],
            [
              10.231633596913944,
              36.772792514088906
            ],
            [
              10.23194407720638,
              36.77262625626544
            ],
            [
              10.23203758754913,
              36.77271420910861
            ],
            [
              10.232635016716833,
              36.77321191169925
            ],
            [
              10.233531651368475,
              36.773988094234134
            ],
            [
              10.234743307763516,
              36.77487955591946
            ],
            [
              10.234836585982878,
              36.77495268911309
            ],
            [
              10.23498511839188,
              36.77502524636796
            ],
            [
              10.235337436566935,
              36.77516978303623
            ],
            [
              10.235522566453158,
              36.77522713828025
            ],
            [
              10.23563331062433,
              36.775240803300534
            ],
            [
              10.235817726804264,
              36.77525370114651
            ],
            [
              10.235872980180936,
              36.77525312487784
            ],
            [
              10.236186558544176,
              36.77527949598519
            ],
            [
              10.236665181176772,
              36.77525968078285
            ],
            [
              10.236683598964696,
              36.775259488564934
            ],
            [
              10.236720434540024,
              36.775259104120536
            ],
            [
              10.236757270114655,
              36.77525871966473
            ],
            [
              10.237490639473368,
              36.7750435697818
            ],
            [
              10.237490400871387,
              36.77502875123545
            ],
            [
              10.237508818598316,
              36.7750285588908
            ],
            [
              10.237873114066705,
              36.774772796158416
            ],
            [
              10.237891293052941,
              36.77475778521087
            ],
            [
              10.237927651004156,
              36.77472776330775
            ],
            [
              10.238000366841773,
              36.774667720725326
            ],
            [
              10.238670593029216,
              36.77396412903482
            ],
            [
              10.238688771669961,
              36.77394911796987
            ],
            [
              10.238743068716472,
              36.77388926621677
            ],
            [
              10.23879736567917,
              36.77382941443989
            ],
            [
              10.239194663299877,
              36.77333616856036
            ],
            [
              10.239194424384726,
              36.77332135001931
            ],
            [
              10.239248720602646,
              36.77326149804483
            ],
            [
              10.240776158745206,
              36.77431262514361
            ],
            [
              10.240869203391494,
              36.774370934980844
            ],
            [
              10.24088785862601,
              36.774385560661315
            ],
            [
              10.243732353360294,
              36.77600086976676
            ],
            [
              10.243769429010772,
              36.77601530164188
            ],
            [
              10.243788086732154,
              36.77602992557322
            ],
            [
              10.247003133815,
              36.776633438160026
            ],
            [
              10.247003374261938,
              36.776648256648826
            ],
            [
              10.247478015708397,
              36.77751769830123
            ],
            [
              10.247496674510467,
              36.77753232288303
            ],
            [
              10.247496915060255,
              36.7775471413668
            ],
            [
              10.24794435672638,
              36.77900970654539
            ],
            [
              10.24796325663754,
              36.779039149519356
            ],
            [
              10.247963737943246,
              36.77906878647408
            ],
            [
              10.247982397220062,
              36.77908341096711
            ],
            [
              10.247982637876897,
              36.779098229444266
            ],
            [
              10.248517859570729,
              36.78029308926031
            ],
            [
              10.248537000802553,
              36.780337350597776
            ],
            [
              10.2474762693778,
              36.781949187682955
            ],
            [
              10.247458331226756,
              36.78197901854758
            ],
            [
              10.247495891632271,
              36.782023086124795
            ],
            [
              10.25099265113887,
              36.78520236730403
            ],
            [
              10.251067296621734,
              36.785260863141794
            ],
            [
              10.251085958010174,
              36.78527548709349
            ],
            [
              10.251085716701839,
              36.785260668649315
            ],
            [
              10.251103654158534,
              36.78523083726574
            ],
            [
              10.251284234693701,
              36.78500661550656
            ],
            [
              10.251554738350588,
              36.784648055999874
            ],
            [
              10.264026720508754,
              36.7723032033807
            ],
            [
              10.264117342731808,
              36.77221331073558
            ],
            [
              10.264098682188154,
              36.77219869004014
            ],
            [
              10.261695913044637,
              36.77057916634517
            ],
            [
              10.259181048821866,
              36.768857039286864
            ],
            [
              10.257709209123965,
              36.76783519965496
            ],
            [
              10.256945681836417,
              36.7673245668893
            ],
            [
              10.256052528905066,
              36.76677083993027
            ],
            [
              10.255959482459248,
              36.76671254194189
            ]
          ]
        ]
      }
    },
    {
      "type": "Feature",
      "id": "osm:relation:7174591",
      "properties": {
        "officialCode": "135953",
        "nameAr": "جوهرة",
        "nameFr": "Jawhara",
        "governorateCode": "13",
        "governorateAr": "بن عروس",
        "governorateFr": "Ben arous",
        "delegationCode": "1359",
        "delegationAr": "مقرين",
        "delegationFr": "Megrine",
        "parentArabic": "مقرين",
        "parentFrench": "Megrine",
        "sourceId": "isie-local-sectors-2023-megrine",
        "sourcePdfURL": "https://www.isie.tn/wp-content/uploads/2023/CartesCirconscriptionsElectoralesLocales2023/%D8%A8%D9%86%20%D8%B9%D8%B1%D9%88%D8%B3/%D9%85%D9%82%D8%B1%D9%8A%D9%86/%D8%AC%D9%88%D9%87%D8%B1%D8%A9.pdf",
        "sourcePdfSha256": "7faeab29c7f8836cf8f5348767a2d7a75ddcc98f38e31aa68b5465ae636b3491",
        "reviewedDate": "2026-09-07",
        "geometryHash": "a611fa2691b7c0198fbacced7ac7eb888f931381235ba8e87f4cb1ba09bc9334",
        "geometryHashMethod": "SHA256 UTF-8 json.dumps(geometry, sort_keys=True, separators=(comma,colon), ensure_ascii=False, allow_nan=False)",
        "evidence": {
          "sourcePdfURL": "https://www.isie.tn/wp-content/uploads/2023/CartesCirconscriptionsElectoralesLocales2023/%D8%A8%D9%86%20%D8%B9%D8%B1%D9%88%D8%B3/%D9%85%D9%82%D8%B1%D9%8A%D9%86/%D8%AC%D9%88%D9%87%D8%B1%D8%A9.pdf",
          "sourcePdfSha256": "7faeab29c7f8836cf8f5348767a2d7a75ddcc98f38e31aa68b5465ae636b3491",
          "sourcePdfFile": "map-6.pdf",
          "sourcePdfCreated": "D:20231017002922+01",
          "reviewedDate": "2026-09-07",
          "pageNumber": 1,
          "drawingIndexZeroBased": 329,
          "layer": "circonscription_isie2023",
          "strokeRgb": [
            1.0,
            0.0,
            0.0
          ],
          "explicitlyClosed": true,
          "sourceVertexCount": 202,
          "crsEpsg": 32632,
          "crsWkt": "PROJCS[\"WGS_1984_UTM_Zone_32N\",GEOGCS[\"GCS_WGS_1984\",DATUM[\"D_WGS_1984\",SPHEROID[\"WGS_1984\",6378137.0,298.257223563]],PRIMEM[\"Greenwich\",0.0],UNIT[\"Degree\",0.0174532925199433]],PROJECTION[\"Transverse_Mercator\"],PARAMETER[\"False_Easting\",500000.0],PARAMETER[\"False_Northing\",0.0],PARAMETER[\"Central_Meridian\",9.0],PARAMETER[\"Scale_Factor\",0.9996],PARAMETER[\"Latitude_Of_Origin\",0.0],UNIT[\"Meter\",1.0]]",
          "outputCrs": "EPSG:4326; longitude,latitude",
          "viewportBBoxRaw": [
            4.31908,
            590.46173,
            841.50095,
            5.38791
          ],
          "localControlPoints": [
            [
              0.0,
              1.0
            ],
            [
              0.0,
              0.0
            ],
            [
              1.0,
              0.0
            ],
            [
              1.0,
              1.0
            ]
          ],
          "controlPointsLatLon": [
            [
              36.77079,
              10.20427
            ],
            [
              36.78707,
              10.20452
            ],
            [
              36.78677,
              10.2335
            ],
            [
              36.77049,
              10.23323
            ]
          ],
          "pageTransformationMatrix": [
            1.0,
            0.0,
            0.0,
            -1.0,
            0.0,
            595.5023803710938
          ],
          "affineMapMetersFromPagePoints": [
            [
              3.088547282733867,
              -0.0004151042043090933
            ],
            [
              -0.0003333928034408018,
              -3.0873685592105176
            ],
            [
              607460.790804186,
              4071943.9222458336
            ]
          ],
          "maximumControlFitResidualMeters": 0.3096352922564737,
          "mapAxisScaleMetersPerPdfPoint": [
            3.0885473106291013,
            3.0873685772114072
          ],
          "controlCoordinatePrecisionDegrees": 1e-05,
          "precisionCaveat": "Rounded map controls and independently exported page vectors do not establish survey or ground accuracy. Keep all cross-page overlap strips; they are not a clean partition.",
          "viewportReview": {
            "touchesViewport": false,
            "outsideViewportAreaPixels2": 0.0,
            "pagePixelBounds": [
              42.83089065551758,
              66.24835205078125,
              802.9891357421875,
              528.90673828125
            ]
          },
          "insideLabels": [
            {
              "text": "ﺔﺑودﻧﺟ ﺞﮭﻧ ",
              "point": [
                751.1187133789062,
                408.0405731201172
              ],
              "insideRepaired": false
            },
            {
              "text": "ﺔﯾروﮭﻣﺟﻟ ا عرﺎﺷ ",
              "point": [
                815.1412658691406,
                486.84625244140625
              ],
              "insideRepaired": false
            },
            {
              "text": "اﻟدوﻋﺎﺟﻲ  ﻧﮭﺞ ﻋﻠﻲ ",
              "point": [
                655.8854675292969,
                452.2799377441406
              ],
              "insideRepaired": true
            },
            {
              "text": "ةرھوﺟ",
              "point": [
                243.49629974365234,
                314.993896484375
              ],
              "insideRepaired": true
            },
            {
              "text": "دوﻠﺟﻟا لﺑﺟ",
              "point": [
                126.35148048400879,
                298.4087677001953
              ],
              "insideRepaired": false
            },
            {
              "text": "ةرھوﺟ",
              "point": [
                723.6329040527344,
                59.684051513671875
              ],
              "insideRepaired": false
            }
          ],
          "identityReview": {
            "decision": "Explicit sector name in PDF page title and map label, matched to the current INS sector registry; old IDs retained only for the identical reviewed six-digit code.",
            "registrySha256": "23b3ee87c07971eb48b456799833f1996ade5d0bdc10d7bf6b0e3bf6798c9eec",
            "officialSourceRows": {
              "Population_Secteur_Age_Sexe_Dynamique.xlsx": 8671,
              "Nombre_de_Logements_par_Secteurs.xlsx": 287,
              "Nombre_de_menages_par_Secteurs.xlsx": 287
            },
            "officialSources": [
              {
                "file": "Population_Secteur_Age_Sexe_Dynamique.xlsx",
                "url": "https://ins.tn/sites/default/files-ftp3/files/2025-05/Population_Secteur_Age_Sexe_Dynamique.xlsx",
                "sha256": "70f8f9f872862d6947d08fc1b2775c66cf6b4d114a55f68092e7a4ce70d5d9ae",
                "sheet": "Population"
              },
              {
                "file": "Nombre_de_Logements_par_Secteurs.xlsx",
                "url": "https://www.ins.tn/sites/default/files-ftp3/files/2025-11/Nombre%20de%20Logements%20par%20Secteurs.xlsx",
                "sha256": "c2ab64d030e5737948ac51db8c42eca0665be280724fe3504529fbfa00498831",
                "sheet": "Logements"
              },
              {
                "file": "Nombre_de_menages_par_Secteurs.xlsx",
                "url": "https://www.ins.tn/sites/default/files-ftp3/files/2025-11/Nombre%20de%20m%C3%A9nages%20par%20Secteurs.xlsx",
                "sha256": "fea29d86630decb32b217be7b3f2fdb8bf5863e5fe9127a2374380714ff60ab1",
                "sheet": "Ménages"
              }
            ]
          },
          "repair": {
            "applied": true,
            "operation": "shapely.make_valid(raw_page_polygon)",
            "shapelyVersion": "2.1.2",
            "reviewedDate": "2026-09-07",
            "reviewDecision": "Retain both positive-area polygon components; no filtering, buffer, snap, clipping or discarded components.",
            "rawValidityIssuePageCoordinates": "Self-intersection[746.742886461972 484.915727067399]",
            "rawSignedShoelaceAreaMeters2": 1512233.9504674666,
            "rawAreaCaveat": "Shoelace area of an invalid self-crossing ring is not a valid coverage area.",
            "resultType": "MultiPolygon",
            "parts": [
              {
                "areaMeters2": 1512234.0628418077,
                "perimeterMeters": 6709.698428056664,
                "coordinates": 201
              },
              {
                "areaMeters2": 0.11237433596436414,
                "perimeterMeters": 2.9056949254455784,
                "coordinates": 4
              }
            ],
            "sumValidAreaMinusRawShoelaceAreaMeters2": 0.22474867710843682
          },
          "compilerQuantizationReview": {
            "gridDegrees": 1e-06,
            "approxGridLatitudeMeters": 0.111,
            "approxGridLongitudeMetersAtMegrine": 0.089,
            "operation": "shapely.set_precision(wgs84_geometry, 1 / 1000000)",
            "sourcePartCount": 2,
            "partCount": 2,
            "allPositiveAreaComponentsSurvive": true,
            "parts": [
              {
                "areaMeters2": 1512207.1511676298,
                "coordinateCount": 201,
                "boundsWgs84": [
                  10.205721,
                  36.772277,
                  10.232054,
                  36.785213
                ]
              },
              {
                "areaMeters2": 0.12872825842922028,
                "coordinateCount": 4,
                "boundsWgs84": [
                  10.230002,
                  36.77345,
                  10.230018,
                  36.773452
                ]
              }
            ],
            "hausdorffMeters": 0.06764360204496529,
            "symmetricDifferenceAreaMeters2": 150.3352178749399,
            "quantizedGeometryHash": "1d79ffef209d2b4993ea4a1f33df3870abc41d206879b343785da7efecf10620"
          },
          "rawSourceGeometry": {
            "type": "Polygon",
            "coordinates": [
              [
                [
                  10.232054386069125,
                  36.78001147376936
                ],
                [
                  10.232041769322642,
                  36.780001585690805
                ],
                [
                  10.227353189320919,
                  36.77506054972841
                ],
                [
                  10.227427270436847,
                  36.775019696731206
                ],
                [
                  10.22766148206741,
                  36.77486695306726
                ],
                [
                  10.22798206837264,
                  36.77466320637892
                ],
                [
                  10.228302650859328,
                  36.77445945887313
                ],
                [
                  10.228968400545138,
                  36.77403166604229
                ],
                [
                  10.229029864440768,
                  36.77398092363298
                ],
                [
                  10.229227514160486,
                  36.77387865849304
                ],
                [
                  10.230005337283306,
                  36.7734496895744
                ],
                [
                  10.23001779336913,
                  36.77344955942573
                ],
                [
                  10.229930776957676,
                  36.773460488741534
                ],
                [
                  10.229024703105244,
                  36.77366033376867
                ],
                [
                  10.228975048338555,
                  36.77367087231416
                ],
                [
                  10.228925393557716,
                  36.77368141083917
                ],
                [
                  10.22891277826474,
                  36.77367152239163
                ],
                [
                  10.228875254948004,
                  36.773661893961844
                ],
                [
                  10.226419304759732,
                  36.772755635264645
                ],
                [
                  10.226369167364957,
                  36.7727361173049
                ],
                [
                  10.2258805703871,
                  36.772560843772496
                ],
                [
                  10.22575522759296,
                  36.772512048250974
                ],
                [
                  10.22554190609436,
                  36.772414069517005
                ],
                [
                  10.225429017566382,
                  36.772365143985986
                ],
                [
                  10.225241084721274,
                  36.772296959158275
                ],
                [
                  10.22519094791313,
                  36.772277440689315
                ],
                [
                  10.225141293462412,
                  36.77228797762982
                ],
                [
                  10.224893503233808,
                  36.77237071745848
                ],
                [
                  10.221360839789881,
                  36.77344951648286
                ],
                [
                  10.220703983162537,
                  36.77365673232623
                ],
                [
                  10.220443890701405,
                  36.77374961066863
                ],
                [
                  10.220419142738509,
                  36.773759887410144
                ],
                [
                  10.220332284574607,
                  36.77378082822687
                ],
                [
                  10.220208384420877,
                  36.773822193276935
                ],
                [
                  10.219601177756926,
                  36.774018868219905
                ],
                [
                  10.218200420747783,
                  36.77444419885785
                ],
                [
                  10.216625927927621,
                  36.77491138960097
                ],
                [
                  10.215634055504736,
                  36.77520220030705
                ],
                [
                  10.214915055409875,
                  36.77542004715607
                ],
                [
                  10.214877851780395,
                  36.77543045131657
                ],
                [
                  10.21482835322762,
                  36.775451002519624
                ],
                [
                  10.214381909718847,
                  36.77557585135761
                ],
                [
                  10.213067638367582,
                  36.775960148060264
                ],
                [
                  10.211778262616313,
                  36.77634417570361
                ],
                [
                  10.210426760069154,
                  36.77673884684672
                ],
                [
                  10.210104529510453,
                  36.77684236189505
                ],
                [
                  10.209794435611016,
                  36.776925711006044
                ],
                [
                  10.209732480056662,
                  36.77694638814544
                ],
                [
                  10.209720343018352,
                  36.776966553212354
                ],
                [
                  10.209397792997644,
                  36.77705002932202
                ],
                [
                  10.208269022145155,
                  36.77735220572814
                ],
                [
                  10.207054484944186,
                  36.77774543341657
                ],
                [
                  10.207042029904459,
                  36.77774556115461
                ],
                [
                  10.207029733844966,
                  36.77775570742135
                ],
                [
                  10.207017279067468,
                  36.777755835154124
                ],
                [
                  10.206301554725975,
                  36.77818401914183
                ],
                [
                  10.205721401533582,
                  36.77852062858
                ],
                [
                  10.205796605600481,
                  36.77854991858311
                ],
                [
                  10.205821515159586,
                  36.77854966336992
                ],
                [
                  10.20694388010348,
                  36.77862833924598
                ],
                [
                  10.20987141236344,
                  36.7786383615724
                ],
                [
                  10.210275528569852,
                  36.77898491125547
                ],
                [
                  10.210653944781198,
                  36.77928162310923
                ],
                [
                  10.211019431381045,
                  36.77954840630098
                ],
                [
                  10.211221573781112,
                  36.77972668893767
                ],
                [
                  10.2112736203021,
                  36.77986643459281
                ],
                [
                  10.211302028946383,
                  36.78008658472097
                ],
                [
                  10.211353439771234,
                  36.78018625711377
                ],
                [
                  10.211392236531006,
                  36.78027603916357
                ],
                [
                  10.21158160840896,
                  36.780434411435934
                ],
                [
                  10.212384786554434,
                  36.78080690540317
                ],
                [
                  10.212585184309702,
                  36.78087498196018
                ],
                [
                  10.212897361339145,
                  36.78092186599435
                ],
                [
                  10.212984229156682,
                  36.780900930452646
                ],
                [
                  10.213058642198263,
                  36.7808801232173
                ],
                [
                  10.213095688915827,
                  36.780859701080225
                ],
                [
                  10.213120121630698,
                  36.78082938879965
                ],
                [
                  10.213132258348931,
                  36.78080922340378
                ],
                [
                  10.213156691033724,
                  36.78077891111601
                ],
                [
                  10.213193738217967,
                  36.78075848979315
                ],
                [
                  10.213230944631926,
                  36.78074808526803
                ],
                [
                  10.213255536538178,
                  36.780727791468024
                ],
                [
                  10.213280924859747,
                  36.78075759104808
                ],
                [
                  10.212304243564722,
                  36.78201015040111
                ],
                [
                  10.212292106433107,
                  36.782030314866766
                ],
                [
                  10.21236763495892,
                  36.78207963760337
                ],
                [
                  10.212380090411306,
                  36.78207950929774
                ],
                [
                  10.212530988045541,
                  36.782168136102335
                ],
                [
                  10.212744959519082,
                  36.78230621268301
                ],
                [
                  10.212883084557937,
                  36.7823749303489
                ],
                [
                  10.213046279591433,
                  36.78245340960808
                ],
                [
                  10.213385444251859,
                  36.782630275184275
                ],
                [
                  10.21411424030939,
                  36.7830235642105
                ],
                [
                  10.214378198363994,
                  36.783171143116746
                ],
                [
                  10.214428499181752,
                  36.7832006845277
                ],
                [
                  10.214453729329996,
                  36.78322046447416
                ],
                [
                  10.214566627283507,
                  36.78326939932193
                ],
                [
                  10.215470947696694,
                  36.78216787128192
                ],
                [
                  10.215958943112488,
                  36.78230311181142
                ],
                [
                  10.21597139858438,
                  36.78230298312911
                ],
                [
                  10.216021539768782,
                  36.78232250537536
                ],
                [
                  10.216071840633731,
                  36.78235204609396
                ],
                [
                  10.216109526392446,
                  36.78237169699492
                ],
                [
                  10.21614721217021,
                  36.78239134788352
                ],
                [
                  10.216184738296409,
                  36.782400980266274
                ],
                [
                  10.216209968617495,
                  36.782420759839276
                ],
                [
                  10.216247654444393,
                  36.782440410694974
                ],
                [
                  10.216285340290344,
                  36.78246006153832
                ],
                [
                  10.216323185844422,
                  36.78248973086218
                ],
                [
                  10.216360871733494,
                  36.78250938168063
                ],
                [
                  10.216398556585533,
                  36.782529032497635
                ],
                [
                  10.216423787003217,
                  36.782548812023094
                ],
                [
                  10.216449017420326,
                  36.782568590693714
                ],
                [
                  10.216474247877473,
                  36.782588371057024
                ],
                [
                  10.216511933852793,
                  36.78260802182569
                ],
                [
                  10.216537324029678,
                  36.78263781896845
                ],
                [
                  10.216587625296011,
                  36.782667359459936
                ],
                [
                  10.216953787459962,
                  36.782974197553365
                ],
                [
                  10.217016384902873,
                  36.78299359057686
                ],
                [
                  10.217053911425943,
                  36.78300322267699
                ],
                [
                  10.217104053333381,
                  36.78302274445114
                ],
                [
                  10.217154355066315,
                  36.7830522846924
                ],
                [
                  10.217204497030362,
                  36.78307180642299
                ],
                [
                  10.217242183425887,
                  36.783091456950906
                ],
                [
                  10.217267254428306,
                  36.78310121779989
                ],
                [
                  10.217304939797817,
                  36.783120868318186
                ],
                [
                  10.217342626242473,
                  36.783140518813184
                ],
                [
                  10.21780843884566,
                  36.7834463234735
                ],
                [
                  10.218136282883307,
                  36.78369343345504
                ],
                [
                  10.218629413391332,
                  36.784149253303944
                ],
                [
                  10.218807154470106,
                  36.78435783573436
                ],
                [
                  10.218820250361334,
                  36.78439778066907
                ],
                [
                  10.21883318623964,
                  36.78442770712162
                ],
                [
                  10.2188461221283,
                  36.78445763357244
                ],
                [
                  10.218871673858075,
                  36.784497448659856
                ],
                [
                  10.218884609774083,
                  36.78452737510566
                ],
                [
                  10.218910161561292,
                  36.78456719103272
                ],
                [
                  10.21894800810716,
                  36.78459685948421
                ],
                [
                  10.218960784025663,
                  36.78461676744097
                ],
                [
                  10.218998631671644,
                  36.78464643586436
                ],
                [
                  10.21904909524499,
                  36.78468599374242
                ],
                [
                  10.219074327051112,
                  36.78470577267295
                ],
                [
                  10.219112014719519,
                  36.78472542257952
                ],
                [
                  10.219137566678135,
                  36.784765237603885
                ],
                [
                  10.219163118677196,
                  36.78480505347118
                ],
                [
                  10.219188350551857,
                  36.78482483237589
                ],
                [
                  10.21921374251848,
                  36.78485462975299
                ],
                [
                  10.219239134504946,
                  36.784884427124155
                ],
                [
                  10.219264526511253,
                  36.784914224489405
                ],
                [
                  10.219277302565722,
                  36.784934132408644
                ],
                [
                  10.219315150490482,
                  36.784963800724626
                ],
                [
                  10.219352998444416,
                  36.784993469027874
                ],
                [
                  10.21937823042991,
                  36.785013247889644
                ],
                [
                  10.219405382635111,
                  36.78515324847988
                ],
                [
                  10.219418800253761,
                  36.78521323027772
                ],
                [
                  10.219601634812493,
                  36.784960832448924
                ],
                [
                  10.21961409069755,
                  36.784960703377344
                ],
                [
                  10.221208178133786,
                  36.78337101720003
                ],
                [
                  10.224523761408475,
                  36.78038063749247
                ],
                [
                  10.224572778138803,
                  36.78033002686347
                ],
                [
                  10.224597045363547,
                  36.78028969469252
                ],
                [
                  10.224658034803415,
                  36.78020889905241
                ],
                [
                  10.225095480483528,
                  36.77952297924408
                ],
                [
                  10.225253696045277,
                  36.779290870107445
                ],
                [
                  10.225253535212381,
                  36.779280851642675
                ],
                [
                  10.225329229905237,
                  36.779340184530845
                ],
                [
                  10.225720160100673,
                  36.77963671766368
                ],
                [
                  10.22606030537843,
                  36.77987365763888
                ],
                [
                  10.226412104982485,
                  36.78006037450672
                ],
                [
                  10.226838473665296,
                  36.78023629384587
                ],
                [
                  10.22711409634799,
                  36.78033362132022
                ],
                [
                  10.227126551449144,
                  36.78033349147577
                ],
                [
                  10.22713916763463,
                  36.780343380085945
                ],
                [
                  10.227489682910656,
                  36.78044994687412
                ],
                [
                  10.227927060578661,
                  36.78053556625095
                ],
                [
                  10.228301198141518,
                  36.78056172228359
                ],
                [
                  10.228338724780631,
                  36.780571350822484
                ],
                [
                  10.228363635048305,
                  36.780571090874446
                ],
                [
                  10.228388545315662,
                  36.780570830921214
                ],
                [
                  10.228413614735922,
                  36.78058059028467
                ],
                [
                  10.228438525005885,
                  36.780580330320895
                ],
                [
                  10.228488345544857,
                  36.78057981037773
                ],
                [
                  10.228525872200912,
                  36.780589438007766
                ],
                [
                  10.229473912701428,
                  36.780669720865276
                ],
                [
                  10.229486367845896,
                  36.78066959077277
                ],
                [
                  10.229498822990282,
                  36.78066946067895
                ],
                [
                  10.229660901274643,
                  36.78067778778659
                ],
                [
                  10.230121416521634,
                  36.78065293590411
                ],
                [
                  10.230506556638232,
                  36.78058878967368
                ],
                [
                  10.23084155249932,
                  36.78050512712215
                ],
                [
                  10.230891047685025,
                  36.78048456931259
                ],
                [
                  10.231089198206387,
                  36.78041235622514
                ],
                [
                  10.231126240284366,
                  36.78039192855713
                ],
                [
                  10.231163443950903,
                  36.78038151931854
                ],
                [
                  10.231200647607084,
                  36.78037111006849
                ],
                [
                  10.23122539616665,
                  36.780360831081936
                ],
                [
                  10.231262438182844,
                  36.78034040337245
                ],
                [
                  10.231299641805025,
                  36.78032999409198
                ],
                [
                  10.231349138863672,
                  36.780309436073466
                ],
                [
                  10.231386342458494,
                  36.78029902676631
                ],
                [
                  10.232029637736268,
                  36.780021752924874
                ],
                [
                  10.232054386069125,
                  36.78001147376936
                ]
              ]
            ]
          },
          "rawSourceGeometryHash": "ffdc5840039fe3d33f1acf661b6628fa29df1e86cad9b1bc2547043d06c7197e",
          "sourcePagePathCoordinates": [
            [
              802.9891357421875,
              248.43136596679688
            ],
            [
              802.6292114257812,
              248.79141235351562
            ],
            [
              669.4575805664062,
              428.0940246582031
            ],
            [
              671.6171264648438,
              429.5342102050781
            ],
            [
              678.4556274414062,
              434.93487548828125
            ],
            [
              687.8136596679688,
              442.13580322265625
            ],
            [
              697.171630859375,
              449.33673095703125
            ],
            [
              716.6075439453125,
              464.4586181640625
            ],
            [
              718.4071655273438,
              466.25885009765625
            ],
            [
              724.1658935546875,
              469.85931396484375
            ],
            [
              746.841064453125,
              484.981201171875
            ],
            [
              747.2010498046875,
              484.981201171875
            ],
            [
              744.6815795898438,
              484.62115478515625
            ],
            [
              718.4071655273438,
              477.7803039550781
            ],
            [
              716.9674682617188,
              477.4202575683594
            ],
            [
              715.5277709960938,
              477.0602111816406
            ],
            [
              715.1678466796875,
              477.4202575683594
            ],
            [
              714.0880737304688,
              477.7803039550781
            ],
            [
              643.5430908203125,
              511.2645263671875
            ],
            [
              642.1033935546875,
              511.984619140625
            ],
            [
              628.0663452148438,
              518.4654541015625
            ],
            [
              624.4671020507812,
              520.2656860351562
            ],
            [
              618.3484497070312,
              523.8660888671875
            ],
            [
              615.109130859375,
              525.6663208007812
            ],
            [
              609.7102661132812,
              528.1866455078125
            ],
            [
              608.2705688476562,
              528.90673828125
            ],
            [
              606.8308715820312,
              528.5466918945312
            ],
            [
              599.6323852539062,
              525.6663208007812
            ],
            [
              497.0542297363281,
              488.22161865234375
            ],
            [
              477.9783020019531,
              481.0207214355469
            ],
            [
              470.419921875,
              477.7803039550781
            ],
            [
              469.7000732421875,
              477.4202575683594
            ],
            [
              467.18060302734375,
              476.7001647949219
            ],
            [
              463.58135986328125,
              475.2599792480469
            ],
            [
              445.94512939453125,
              468.41912841796875
            ],
            [
              405.2737731933594,
              453.6572570800781
            ],
            [
              359.5635070800781,
              437.4552001953125
            ],
            [
              330.7696228027344,
              427.37396240234375
            ],
            [
              309.8940734863281,
              419.81298828125
            ],
            [
              308.8143005371094,
              419.45294189453125
            ],
            [
              307.3746032714844,
              418.73284912109375
            ],
            [
              294.4173583984375,
              414.41229248046875
            ],
            [
              256.2654724121094,
              401.09063720703125
            ],
            [
              218.83343505859375,
              387.7689208984375
            ],
            [
              179.60179138183594,
              374.08721923828125
            ],
            [
              170.2437744140625,
              370.48675537109375
            ],
            [
              161.24569702148438,
              367.60638427734375
            ],
            [
              159.44607543945312,
              366.88629150390625
            ],
            [
              159.08615112304688,
              366.16619873046875
            ],
            [
              149.72813415527344,
              363.28582763671875
            ],
            [
              116.97511291503906,
              352.84454345703125
            ],
            [
              81.70262145996094,
              339.1628112792969
            ],
            [
              81.34268951416016,
              339.1628112792969
            ],
            [
              80.98277282714844,
              338.8027648925781
            ],
            [
              80.62284851074219,
              338.8027648925781
            ],
            [
              59.747291564941406,
              323.68084716796875
            ],
            [
              42.83089065551758,
              311.7993469238281
            ],
            [
              44.99042892456055,
              310.7192077636719
            ],
            [
              45.710269927978516,
              310.7192077636719
            ],
            [
              78.10337829589844,
              307.47882080078125
            ],
            [
              162.68539428710938,
              306.03863525390625
            ],
            [
              174.2029266357422,
              293.4370422363281
            ],
            [
              185.00064086914062,
              282.63568115234375
            ],
            [
              195.43841552734375,
              272.9144592285156
            ],
            [
              201.1971893310547,
              266.4336242675781
            ],
            [
              202.6368865966797,
              261.39300537109375
            ],
            [
              203.3567352294922,
              253.47201538085938
            ],
            [
              204.7964324951172,
              249.87155151367188
            ],
            [
              205.87620544433594,
              246.63113403320312
            ],
            [
              211.27505493164062,
              240.87042236328125
            ],
            [
              234.31015014648438,
              227.18869018554688
            ],
            [
              240.0689239501953,
              224.66836547851562
            ],
            [
              249.0670166015625,
              222.86813354492188
            ],
            [
              251.5864715576172,
              223.58822631835938
            ],
            [
              253.7460174560547,
              224.30831909179688
            ],
            [
              254.82577514648438,
              225.02841186523438
            ],
            [
              255.54562377929688,
              226.10855102539062
            ],
            [
              255.90554809570312,
              226.82864379882812
            ],
            [
              256.6253967285156,
              227.90878295898438
            ],
            [
              257.7051696777344,
              228.62884521484375
            ],
            [
              258.7849426269531,
              228.98892211914062
            ],
            [
              259.5047912597656,
              229.70901489257812
            ],
            [
              260.2246398925781,
              228.62884521484375
            ],
            [
              231.43075561523438,
              183.98321533203125
            ],
            [
              231.07083129882812,
              183.26315307617188
            ],
            [
              233.23037719726562,
              181.46292114257812
            ],
            [
              233.59030151367188,
              181.46292114257812
            ],
            [
              237.9093780517578,
              178.22250366210938
            ],
            [
              244.028076171875,
              173.181884765625
            ],
            [
              247.98724365234375,
              170.66156005859375
            ],
            [
              252.66624450683594,
              167.78118896484375
            ],
            [
              262.3841552734375,
              161.30038452148438
            ],
            [
              283.2597351074219,
              146.8985595703125
            ],
            [
              290.818115234375,
              141.49786376953125
            ],
            [
              292.2578125,
              140.417724609375
            ],
            [
              292.9776611328125,
              139.6976318359375
            ],
            [
              296.21697998046875,
              137.89743041992188
            ],
            [
              322.851318359375,
              177.14236450195312
            ],
            [
              336.8883056640625,
              172.10174560546875
            ],
            [
              337.24822998046875,
              172.10174560546875
            ],
            [
              338.68792724609375,
              171.38165283203125
            ],
            [
              340.12762451171875,
              170.301513671875
            ],
            [
              341.2073974609375,
              169.5814208984375
            ],
            [
              342.28717041015625,
              168.861328125
            ],
            [
              343.366943359375,
              168.50128173828125
            ],
            [
              344.0867919921875,
              167.78118896484375
            ],
            [
              345.16656494140625,
              167.06109619140625
            ],
            [
              346.246337890625,
              166.34100341796875
            ],
            [
              347.32611083984375,
              165.2608642578125
            ],
            [
              348.4058837890625,
              164.540771484375
            ],
            [
              349.4856262207031,
              163.8206787109375
            ],
            [
              350.2054748535156,
              163.1005859375
            ],
            [
              350.9253234863281,
              162.38052368164062
            ],
            [
              351.6451721191406,
              161.660400390625
            ],
            [
              352.7249450683594,
              160.9403076171875
            ],
            [
              353.4447937011719,
              159.86019897460938
            ],
            [
              354.8844909667969,
              158.78005981445312
            ],
            [
              365.322265625,
              147.61865234375
            ],
            [
              367.12188720703125,
              146.8985595703125
            ],
            [
              368.20166015625,
              146.53851318359375
            ],
            [
              369.641357421875,
              145.81842041015625
            ],
            [
              371.0810546875,
              144.73828125
            ],
            [
              372.520751953125,
              144.0181884765625
            ],
            [
              373.60052490234375,
              143.298095703125
            ],
            [
              374.32037353515625,
              142.93804931640625
            ],
            [
              375.4001159667969,
              142.21795654296875
            ],
            [
              376.4798889160156,
              141.49786376953125
            ],
            [
              389.79705810546875,
              130.33645629882812
            ],
            [
              399.1550598144531,
              121.3353271484375
            ],
            [
              413.19207763671875,
              104.77325439453125
            ],
            [
              418.23101806640625,
              97.2122802734375
            ],
            [
              418.5909423828125,
              95.7720947265625
            ],
            [
              418.95086669921875,
              94.69195556640625
            ],
            [
              419.310791015625,
              93.61181640625
            ],
            [
              420.0306396484375,
              92.17166137695312
            ],
            [
              420.39056396484375,
              91.09152221679688
            ],
            [
              421.11041259765625,
              89.65133666992188
            ],
            [
              422.1901550292969,
              88.57119750976562
            ],
            [
              422.5500793457031,
              87.85110473632812
            ],
            [
              423.6298522949219,
              86.77096557617188
            ],
            [
              425.0695495605469,
              85.33078002929688
            ],
            [
              425.7893981933594,
              84.61068725585938
            ],
            [
              426.8691711425781,
              83.89059448242188
            ],
            [
              427.5890197753906,
              82.450439453125
            ],
            [
              428.3088684082031,
              81.01025390625
            ],
            [
              429.0287170410156,
              80.2901611328125
            ],
            [
              429.7485656738281,
              79.21002197265625
            ],
            [
              430.4684143066406,
              78.1298828125
            ],
            [
              431.1882629394531,
              77.04974365234375
            ],
            [
              431.5481872558594,
              76.32965087890625
            ],
            [
              432.6279602050781,
              75.24951171875
            ],
            [
              433.7077331542969,
              74.16937255859375
            ],
            [
              434.4275817871094,
              73.44927978515625
            ],
            [
              435.14739990234375,
              68.40863037109375
            ],
            [
              435.5073547363281,
              66.24835205078125
            ],
            [
              440.90618896484375,
              75.24951171875
            ],
            [
              441.26611328125,
              75.24951171875
            ],
            [
              488.05615234375,
              131.77664184570312
            ],
            [
              585.2354736328125,
              237.99005126953125
            ],
            [
              586.6751708984375,
              239.790283203125
            ],
            [
              587.39501953125,
              241.23043823242188
            ],
            [
              589.1946411132812,
              244.11080932617188
            ],
            [
              602.15185546875,
              268.5939025878906
            ],
            [
              606.8308715820312,
              276.87493896484375
            ],
            [
              606.8308715820312,
              277.2349853515625
            ],
            [
              608.9904174804688,
              275.07470703125
            ],
            [
              620.1480712890625,
              264.2733459472656
            ],
            [
              629.865966796875,
              255.63226318359375
            ],
            [
              639.94384765625,
              248.79141235351562
            ],
            [
              652.1812133789062,
              242.31057739257812
            ],
            [
              660.0995483398438,
              238.71014404296875
            ],
            [
              660.45947265625,
              238.71014404296875
            ],
            [
              660.8193969726562,
              238.35009765625
            ],
            [
              670.8972778320312,
              234.38958740234375
            ],
            [
              683.4945678710938,
              231.149169921875
            ],
            [
              694.2922973632812,
              230.06906127929688
            ],
            [
              695.3720703125,
              229.70901489257812
            ],
            [
              696.0919189453125,
              229.70901489257812
            ],
            [
              696.811767578125,
              229.70901489257812
            ],
            [
              697.5315551757812,
              229.34893798828125
            ],
            [
              698.2514038085938,
              229.34893798828125
            ],
            [
              699.6911010742188,
              229.34893798828125
            ],
            [
              700.7708740234375,
              228.98892211914062
            ],
            [
              728.1250610351562,
              225.74850463867188
            ],
            [
              728.4849853515625,
              225.74850463867188
            ],
            [
              728.8449096679688,
              225.74850463867188
            ],
            [
              733.52392578125,
              225.38845825195312
            ],
            [
              746.841064453125,
              226.10855102539062
            ],
            [
              757.9987182617188,
              228.26882934570312
            ],
            [
              767.7166748046875,
              231.149169921875
            ],
            [
              769.1563110351562,
              231.8692626953125
            ],
            [
              774.9151000976562,
              234.38958740234375
            ],
            [
              775.994873046875,
              235.10968017578125
            ],
            [
              777.0746459960938,
              235.4697265625
            ],
            [
              778.1544189453125,
              235.82977294921875
            ],
            [
              778.874267578125,
              236.1898193359375
            ],
            [
              779.9540405273438,
              236.909912109375
            ],
            [
              781.0338134765625,
              237.26995849609375
            ],
            [
              782.4735107421875,
              237.99005126953125
            ],
            [
              783.5532836914062,
              238.35009765625
            ],
            [
              802.269287109375,
              248.07131958007812
            ],
            [
              802.9891357421875,
              248.43136596679688
            ]
          ]
        },
        "legacySourceReview": {
          "id": "osm:relation:7174591",
          "sourceTags": {
            "admin_level": "6",
            "boundary": "administrative",
            "name": "جوهرة",
            "name:ar": "جوهرة",
            "name:fr": "Jawhara",
            "ref:tn:codegeo": "135953"
          },
          "comparison": {
            "intersectionAreaMeters2": 1475342.8719457965,
            "newAreaCoveredByReferenceFraction": 0.9756047681802009,
            "referenceAreaCoveredByNewFraction": 0.9886844133056473,
            "iou": 0.9648315660888523,
            "newOutsideReferenceAreaMeters2": 36891.30327021696,
            "referenceOutsideNewAreaMeters2": 16885.43881818645,
            "hausdorffMeters": 101.21685793694516,
            "newRepresentativePointInsideReference": true
          }
        },
        "reviewedBoundsWgs84": [
          10.205721401533582,
          36.772277440689315,
          10.232054386069125,
          36.78521323027772
        ],
        "reviewedAreaMeters2": 1512234.1752160138
      },
      "geometry": {
        "type": "MultiPolygon",
        "coordinates": [
          [
            [
              [
                10.229029864440768,
                36.77398092363298
              ],
              [
                10.228968400545138,
                36.77403166604229
              ],
              [
                10.228302650859328,
                36.77445945887313
              ],
              [
                10.22798206837264,
                36.77466320637892
              ],
              [
                10.22766148206741,
                36.77486695306726
              ],
              [
                10.227427270436847,
                36.775019696731206
              ],
              [
                10.227353189320919,
                36.77506054972841
              ],
              [
                10.232041769322642,
                36.780001585690805
              ],
              [
                10.232054386069125,
                36.78001147376936
              ],
              [
                10.232029637736268,
                36.780021752924874
              ],
              [
                10.231386342458494,
                36.78029902676631
              ],
              [
                10.231349138863672,
                36.780309436073466
              ],
              [
                10.231299641805025,
                36.78032999409198
              ],
              [
                10.231262438182844,
                36.78034040337245
              ],
              [
                10.23122539616665,
                36.780360831081936
              ],
              [
                10.231200647607084,
                36.78037111006849
              ],
              [
                10.231163443950903,
                36.78038151931854
              ],
              [
                10.231126240284366,
                36.78039192855713
              ],
              [
                10.231089198206387,
                36.78041235622514
              ],
              [
                10.230891047685025,
                36.78048456931259
              ],
              [
                10.23084155249932,
                36.78050512712215
              ],
              [
                10.230506556638232,
                36.78058878967368
              ],
              [
                10.230121416521634,
                36.78065293590411
              ],
              [
                10.229660901274643,
                36.78067778778659
              ],
              [
                10.229498822990282,
                36.78066946067895
              ],
              [
                10.229486367845896,
                36.78066959077277
              ],
              [
                10.229473912701428,
                36.780669720865276
              ],
              [
                10.228525872200912,
                36.780589438007766
              ],
              [
                10.228488345544857,
                36.78057981037773
              ],
              [
                10.228438525005885,
                36.780580330320895
              ],
              [
                10.228413614735922,
                36.78058059028467
              ],
              [
                10.228388545315662,
                36.780570830921214
              ],
              [
                10.228363635048305,
                36.780571090874446
              ],
              [
                10.228338724780631,
                36.780571350822484
              ],
              [
                10.228301198141518,
                36.78056172228359
              ],
              [
                10.227927060578661,
                36.78053556625095
              ],
              [
                10.227489682910656,
                36.78044994687412
              ],
              [
                10.22713916763463,
                36.780343380085945
              ],
              [
                10.227126551449144,
                36.78033349147577
              ],
              [
                10.22711409634799,
                36.78033362132022
              ],
              [
                10.226838473665296,
                36.78023629384587
              ],
              [
                10.226412104982485,
                36.78006037450672
              ],
              [
                10.22606030537843,
                36.77987365763888
              ],
              [
                10.225720160100673,
                36.77963671766368
              ],
              [
                10.225329229905237,
                36.779340184530845
              ],
              [
                10.225253535212381,
                36.779280851642675
              ],
              [
                10.225253696045277,
                36.779290870107445
              ],
              [
                10.225095480483528,
                36.77952297924408
              ],
              [
                10.224658034803415,
                36.78020889905241
              ],
              [
                10.224597045363547,
                36.78028969469252
              ],
              [
                10.224572778138803,
                36.78033002686347
              ],
              [
                10.224523761408475,
                36.78038063749247
              ],
              [
                10.221208178133786,
                36.78337101720003
              ],
              [
                10.21961409069755,
                36.784960703377344
              ],
              [
                10.219601634812493,
                36.784960832448924
              ],
              [
                10.219418800253761,
                36.78521323027772
              ],
              [
                10.219405382635111,
                36.78515324847988
              ],
              [
                10.21937823042991,
                36.785013247889644
              ],
              [
                10.219352998444416,
                36.784993469027874
              ],
              [
                10.219315150490482,
                36.784963800724626
              ],
              [
                10.219277302565722,
                36.784934132408644
              ],
              [
                10.219264526511253,
                36.784914224489405
              ],
              [
                10.219239134504946,
                36.784884427124155
              ],
              [
                10.21921374251848,
                36.78485462975299
              ],
              [
                10.219188350551857,
                36.78482483237589
              ],
              [
                10.219163118677196,
                36.78480505347118
              ],
              [
                10.219137566678135,
                36.784765237603885
              ],
              [
                10.219112014719519,
                36.78472542257952
              ],
              [
                10.219074327051112,
                36.78470577267295
              ],
              [
                10.21904909524499,
                36.78468599374242
              ],
              [
                10.218998631671644,
                36.78464643586436
              ],
              [
                10.218960784025663,
                36.78461676744097
              ],
              [
                10.21894800810716,
                36.78459685948421
              ],
              [
                10.218910161561292,
                36.78456719103272
              ],
              [
                10.218884609774083,
                36.78452737510566
              ],
              [
                10.218871673858075,
                36.784497448659856
              ],
              [
                10.2188461221283,
                36.78445763357244
              ],
              [
                10.21883318623964,
                36.78442770712162
              ],
              [
                10.218820250361334,
                36.78439778066907
              ],
              [
                10.218807154470106,
                36.78435783573436
              ],
              [
                10.218629413391332,
                36.784149253303944
              ],
              [
                10.218136282883307,
                36.78369343345504
              ],
              [
                10.21780843884566,
                36.7834463234735
              ],
              [
                10.217342626242473,
                36.783140518813184
              ],
              [
                10.217304939797817,
                36.783120868318186
              ],
              [
                10.217267254428306,
                36.78310121779989
              ],
              [
                10.217242183425887,
                36.783091456950906
              ],
              [
                10.217204497030362,
                36.78307180642299
              ],
              [
                10.217154355066315,
                36.7830522846924
              ],
              [
                10.217104053333381,
                36.78302274445114
              ],
              [
                10.217053911425943,
                36.78300322267699
              ],
              [
                10.217016384902873,
                36.78299359057686
              ],
              [
                10.216953787459962,
                36.782974197553365
              ],
              [
                10.216587625296011,
                36.782667359459936
              ],
              [
                10.216537324029678,
                36.78263781896845
              ],
              [
                10.216511933852793,
                36.78260802182569
              ],
              [
                10.216474247877473,
                36.782588371057024
              ],
              [
                10.216449017420326,
                36.782568590693714
              ],
              [
                10.216423787003217,
                36.782548812023094
              ],
              [
                10.216398556585533,
                36.782529032497635
              ],
              [
                10.216360871733494,
                36.78250938168063
              ],
              [
                10.216323185844422,
                36.78248973086218
              ],
              [
                10.216285340290344,
                36.78246006153832
              ],
              [
                10.216247654444393,
                36.782440410694974
              ],
              [
                10.216209968617495,
                36.782420759839276
              ],
              [
                10.216184738296409,
                36.782400980266274
              ],
              [
                10.21614721217021,
                36.78239134788352
              ],
              [
                10.216109526392446,
                36.78237169699492
              ],
              [
                10.216071840633731,
                36.78235204609396
              ],
              [
                10.216021539768782,
                36.78232250537536
              ],
              [
                10.21597139858438,
                36.78230298312911
              ],
              [
                10.215958943112488,
                36.78230311181142
              ],
              [
                10.215470947696694,
                36.78216787128192
              ],
              [
                10.214566627283507,
                36.78326939932193
              ],
              [
                10.214453729329996,
                36.78322046447416
              ],
              [
                10.214428499181752,
                36.7832006845277
              ],
              [
                10.214378198363994,
                36.783171143116746
              ],
              [
                10.21411424030939,
                36.7830235642105
              ],
              [
                10.213385444251859,
                36.782630275184275
              ],
              [
                10.213046279591433,
                36.78245340960808
              ],
              [
                10.212883084557937,
                36.7823749303489
              ],
              [
                10.212744959519082,
                36.78230621268301
              ],
              [
                10.212530988045541,
                36.782168136102335
              ],
              [
                10.212380090411306,
                36.78207950929774
              ],
              [
                10.21236763495892,
                36.78207963760337
              ],
              [
                10.212292106433107,
                36.782030314866766
              ],
              [
                10.212304243564722,
                36.78201015040111
              ],
              [
                10.213280924859747,
                36.78075759104808
              ],
              [
                10.213255536538178,
                36.780727791468024
              ],
              [
                10.213230944631926,
                36.78074808526803
              ],
              [
                10.213193738217967,
                36.78075848979315
              ],
              [
                10.213156691033724,
                36.78077891111601
              ],
              [
                10.213132258348931,
                36.78080922340378
              ],
              [
                10.213120121630698,
                36.78082938879965
              ],
              [
                10.213095688915827,
                36.780859701080225
              ],
              [
                10.213058642198263,
                36.7808801232173
              ],
              [
                10.212984229156682,
                36.780900930452646
              ],
              [
                10.212897361339145,
                36.78092186599435
              ],
              [
                10.212585184309702,
                36.78087498196018
              ],
              [
                10.212384786554434,
                36.78080690540317
              ],
              [
                10.21158160840896,
                36.780434411435934
              ],
              [
                10.211392236531006,
                36.78027603916357
              ],
              [
                10.211353439771234,
                36.78018625711377
              ],
              [
                10.211302028946383,
                36.78008658472097
              ],
              [
                10.2112736203021,
                36.77986643459281
              ],
              [
                10.211221573781112,
                36.77972668893767
              ],
              [
                10.211019431381045,
                36.77954840630098
              ],
              [
                10.210653944781198,
                36.77928162310923
              ],
              [
                10.210275528569852,
                36.77898491125547
              ],
              [
                10.20987141236344,
                36.7786383615724
              ],
              [
                10.20694388010348,
                36.77862833924598
              ],
              [
                10.205821515159586,
                36.77854966336992
              ],
              [
                10.205796605600481,
                36.77854991858311
              ],
              [
                10.205721401533582,
                36.77852062858
              ],
              [
                10.206301554725975,
                36.77818401914183
              ],
              [
                10.207017279067468,
                36.777755835154124
              ],
              [
                10.207029733844966,
                36.77775570742135
              ],
              [
                10.207042029904459,
                36.77774556115461
              ],
              [
                10.207054484944186,
                36.77774543341657
              ],
              [
                10.208269022145155,
                36.77735220572814
              ],
              [
                10.209397792997644,
                36.77705002932202
              ],
              [
                10.209720343018352,
                36.776966553212354
              ],
              [
                10.209732480056662,
                36.77694638814544
              ],
              [
                10.209794435611016,
                36.776925711006044
              ],
              [
                10.210104529510453,
                36.77684236189505
              ],
              [
                10.210426760069154,
                36.77673884684672
              ],
              [
                10.211778262616313,
                36.77634417570361
              ],
              [
                10.213067638367582,
                36.775960148060264
              ],
              [
                10.214381909718847,
                36.77557585135761
              ],
              [
                10.21482835322762,
                36.775451002519624
              ],
              [
                10.214877851780395,
                36.77543045131657
              ],
              [
                10.214915055409875,
                36.77542004715607
              ],
              [
                10.215634055504736,
                36.77520220030705
              ],
              [
                10.216625927927621,
                36.77491138960097
              ],
              [
                10.218200420747783,
                36.77444419885785
              ],
              [
                10.219601177756926,
                36.774018868219905
              ],
              [
                10.220208384420877,
                36.773822193276935
              ],
              [
                10.220332284574607,
                36.77378082822687
              ],
              [
                10.220419142738509,
                36.773759887410144
              ],
              [
                10.220443890701405,
                36.77374961066863
              ],
              [
                10.220703983162537,
                36.77365673232623
              ],
              [
                10.221360839789881,
                36.77344951648286
              ],
              [
                10.224893503233808,
                36.77237071745848
              ],
              [
                10.225141293462412,
                36.77228797762982
              ],
              [
                10.22519094791313,
                36.772277440689315
              ],
              [
                10.225241084721274,
                36.772296959158275
              ],
              [
                10.225429017566382,
                36.772365143985986
              ],
              [
                10.22554190609436,
                36.772414069517005
              ],
              [
                10.22575522759296,
                36.772512048250974
              ],
              [
                10.2258805703871,
                36.772560843772496
              ],
              [
                10.226369167364957,
                36.7727361173049
              ],
              [
                10.226419304759732,
                36.772755635264645
              ],
              [
                10.228875254948004,
                36.773661893961844
              ],
              [
                10.22891277826474,
                36.77367152239163
              ],
              [
                10.228925393557716,
                36.77368141083917
              ],
              [
                10.228975048338555,
                36.77367087231416
              ],
              [
                10.229024703105244,
                36.77366033376867
              ],
              [
                10.229930776957676,
                36.773460488741534
              ],
              [
                10.230001969516662,
                36.773451546916476
              ],
              [
                10.229227514160486,
                36.77387865849304
              ],
              [
                10.229029864440768,
                36.77398092363298
              ]
            ]
          ],
          [
            [
              [
                10.23001779336913,
                36.77344955942573
              ],
              [
                10.230001969516662,
                36.773451546916476
              ],
              [
                10.230005337283306,
                36.7734496895744
              ],
              [
                10.23001779336913,
                36.77344955942573
              ]
            ]
          ]
        ]
      }
    },
    {
      "type": "Feature",
      "id": "osm:relation:7174613",
      "properties": {
        "officialCode": "135957",
        "nameAr": "سيدي رزيق",
        "nameFr": "Sidi rezig",
        "governorateCode": "13",
        "governorateAr": "بن عروس",
        "governorateFr": "Ben arous",
        "delegationCode": "1359",
        "delegationAr": "مقرين",
        "delegationFr": "Megrine",
        "parentArabic": "مقرين",
        "parentFrench": "Megrine",
        "sourceId": "isie-local-sectors-2023-megrine",
        "sourcePdfURL": "https://www.isie.tn/wp-content/uploads/2023/CartesCirconscriptionsElectoralesLocales2023/%D8%A8%D9%86%20%D8%B9%D8%B1%D9%88%D8%B3/%D9%85%D9%82%D8%B1%D9%8A%D9%86/%D8%B3%D9%8A%D8%AF%D9%8A%20%D8%B1%D8%B2%D9%8A%D9%82.pdf",
        "sourcePdfSha256": "432983243c5f284410ffe42c8718c4d7497ae3fb90f4bbbb4a8bfee93287e70b",
        "reviewedDate": "2026-09-07",
        "geometryHash": "7c21b744065c629e75c1c2de059e916438ee91b10387a40219e110d5962388db",
        "geometryHashMethod": "SHA256 UTF-8 json.dumps(geometry, sort_keys=True, separators=(comma,colon), ensure_ascii=False, allow_nan=False)",
        "evidence": {
          "sourcePdfURL": "https://www.isie.tn/wp-content/uploads/2023/CartesCirconscriptionsElectoralesLocales2023/%D8%A8%D9%86%20%D8%B9%D8%B1%D9%88%D8%B3/%D9%85%D9%82%D8%B1%D9%8A%D9%86/%D8%B3%D9%8A%D8%AF%D9%8A%20%D8%B1%D8%B2%D9%8A%D9%82.pdf",
          "sourcePdfSha256": "432983243c5f284410ffe42c8718c4d7497ae3fb90f4bbbb4a8bfee93287e70b",
          "sourcePdfFile": "map-7.pdf",
          "sourcePdfCreated": "D:20231017002927+01",
          "reviewedDate": "2026-09-07",
          "pageNumber": 1,
          "drawingIndexZeroBased": 191,
          "layer": "circonscription_isie2023",
          "strokeRgb": [
            1.0,
            0.0,
            0.0
          ],
          "explicitlyClosed": true,
          "sourceVertexCount": 67,
          "crsEpsg": 32632,
          "crsWkt": "PROJCS[\"WGS_1984_UTM_Zone_32N\",GEOGCS[\"GCS_WGS_1984\",DATUM[\"D_WGS_1984\",SPHEROID[\"WGS_1984\",6378137.0,298.257223563]],PRIMEM[\"Greenwich\",0.0],UNIT[\"Degree\",0.0174532925199433]],PROJECTION[\"Transverse_Mercator\"],PARAMETER[\"False_Easting\",500000.0],PARAMETER[\"False_Northing\",0.0],PARAMETER[\"Central_Meridian\",9.0],PARAMETER[\"Scale_Factor\",0.9996],PARAMETER[\"Latitude_Of_Origin\",0.0],UNIT[\"Meter\",1.0]]",
          "outputCrs": "EPSG:4326; longitude,latitude",
          "viewportBBoxRaw": [
            4.31908,
            590.46173,
            841.50095,
            5.38791
          ],
          "localControlPoints": [
            [
              0.0,
              1.0
            ],
            [
              0.0,
              0.0
            ],
            [
              1.0,
              0.0
            ],
            [
              1.0,
              1.0
            ]
          ],
          "controlPointsLatLon": [
            [
              36.75924,
              10.2422
            ],
            [
              36.76832,
              10.24235
            ],
            [
              36.76815,
              10.2585
            ],
            [
              36.75907,
              10.25835
            ]
          ],
          "pageTransformationMatrix": [
            1.0,
            0.0,
            0.0,
            -1.0,
            0.0,
            595.5023803710938
          ],
          "affineMapMetersFromPagePoints": [
            [
              1.7221378381119279,
              -3.3954884049119724e-05
            ],
            [
              -0.0003927245993509132,
              -1.721966260824047
            ],
            [
              610868.8950536448,
              4069900.140070104
            ]
          ],
          "maximumControlFitResidualMeters": 0.04249558179698476,
          "mapAxisScaleMetersPerPdfPoint": [
            1.722137838446667,
            1.721966305607912
          ],
          "controlCoordinatePrecisionDegrees": 1e-05,
          "precisionCaveat": "Rounded map controls and independently exported page vectors do not establish survey or ground accuracy. Keep all cross-page overlap strips; they are not a clean partition.",
          "viewportReview": {
            "touchesViewport": false,
            "outsideViewportAreaPixels2": 0.0,
            "pagePixelBounds": [
              42.4709587097168,
              55.80706787109375,
              803.3490600585938,
              539.3480834960938
            ]
          },
          "insideLabels": [
            {
              "text": "ﺔﯾدﯾدﺣ ﺔﻛﺳ ",
              "normalizedForward": "ةيديدحةكس",
              "normalizedReverse": "سكةحديدية",
              "colors": [
                0
              ],
              "center": [
                637.1619262695312,
                155.0544204711914
              ]
            },
            {
              "text": "لﯾﺧﻧﻟا ﺞﮭﻧ ",
              "normalizedForward": "ليخنلاجهن",
              "normalizedReverse": "نهجالنخيل",
              "colors": [
                0
              ],
              "center": [
                288.60377502441406,
                379.83538818359375
              ]
            },
            {
              "text": "دﺎﺷﺣ تﺎﺣرﻓ عرﺎﺷ ",
              "normalizedForward": "داشحتاحرفعراش",
              "normalizedReverse": "شارعفرحاتحشاد",
              "colors": [
                0
              ],
              "center": [
                207.62359619140625,
                312.8708801269531
              ]
            },
            {
              "text": "دروﻟا ﺞﮭﻧ  ",
              "normalizedForward": "درولاجهن",
              "normalizedReverse": "نهجالورد",
              "colors": [
                0
              ],
              "center": [
                173.0098876953125,
                112.99674606323242
              ]
            },
            {
              "text": "  ﻧﮭﺞ اﻟﻣﻛﺗب",
              "normalizedForward": "نهجالمكتب",
              "normalizedReverse": "بتكملاجهن",
              "colors": [
                0
              ],
              "center": [
                172.16106414794922,
                80.09164428710938
              ]
            },
            {
              "text": "33 ج ﻖﯾرط ",
              "normalizedForward": "33جقيرط",
              "normalizedReverse": "طريقج33",
              "colors": [
                0
              ],
              "center": [
                440.63812255859375,
                351.7986297607422
              ]
            },
            {
              "text": "ﻖﺋادﺣﻟا ﺞﮭﻧ ",
              "normalizedForward": "قئادحلاجهن",
              "normalizedReverse": "نهجالحدائق",
              "colors": [
                0
              ],
              "center": [
                320.3678436279297,
                309.0098419189453
              ]
            },
            {
              "text": " ﻧﮭﺞ اﻟﯾﺎﺳﻣﯾن",
              "normalizedForward": "نهجالياسمين",
              "normalizedReverse": "نيمسايلاجهن",
              "colors": [
                0
              ],
              "center": [
                288.5979919433594,
                317.5172882080078
              ]
            },
            {
              "text": "  ﻧﮭﺞ اﻟﻣﻧﺟﻲ ﺳﻠﯾم",
              "normalizedForward": "نهجالمنجيسليم",
              "normalizedReverse": "ميلسيجنملاجهن",
              "colors": [
                0
              ],
              "center": [
                343.052978515625,
                245.52236938476562
              ]
            },
            {
              "text": "مﯾﺳﻧﻟا ﺞﮭﻧ ",
              "normalizedForward": "ميسنلاجهن",
              "normalizedReverse": "نهجالنسيم",
              "colors": [
                0
              ],
              "center": [
                212.0472640991211,
                201.8471908569336
              ]
            },
            {
              "text": "يوا وزﻟا  ﻧﮭﺞ ﻋﻠﻲ ",
              "normalizedForward": "يواوزلانهجعلي",
              "normalizedReverse": "يلعجهنالزواوي",
              "colors": [
                0
              ],
              "center": [
                353.01934814453125,
                316.76824951171875
              ]
            },
            {
              "text": "مﺳإ نودﺑ ﺞﮭﻧ ",
              "normalizedForward": "مسإنودبجهن",
              "normalizedReverse": "نهجبدونإسم",
              "colors": [
                0
              ],
              "center": [
                505.09857177734375,
                203.7281951904297
              ]
            },
            {
              "text": " ﻧﮭﺞ اﻟﺟﺎﻣﻊ",
              "normalizedForward": "نهجالجامع",
              "normalizedReverse": "عماجلاجهن",
              "colors": [
                0
              ],
              "center": [
                390.9738006591797,
                150.8067169189453
              ]
            },
            {
              "text": "ﺔﺷﻔﺧ يدﺎﮭﻟا ﺞﮭﻧ ",
              "normalizedForward": "ةشفخيداهلاجهن",
              "normalizedReverse": "نهجالهاديخفشة",
              "colors": [
                0
              ],
              "center": [
                422.85398864746094,
                228.60367584228516
              ]
            },
            {
              "text": " ﻧﮭﺞ اﻟﺻﻧوﺑر",
              "normalizedForward": "نهجالصنوبر",
              "normalizedReverse": "ربونصلاجهن",
              "colors": [
                0
              ],
              "center": [
                224.28423309326172,
                229.6877670288086
              ]
            },
            {
              "text": "  ﻧﮭﺞ ﻋﺑد اﻟﻌزﯾز اﻟﺛﻌﺎﻟﺑﻲ",
              "normalizedForward": "نهجعبدالعزيزالثعالبي",
              "normalizedReverse": "يبلاعثلازيزعلادبعجهن",
              "colors": [
                0
              ],
              "center": [
                383.01007080078125,
                228.06861114501953
              ]
            },
            {
              "text": " ﻧﮭﺞ ﻣﺣﻣد اﻟطﺎھر ﺑن ﻋﺎﺷور",
              "normalizedForward": "نهجمحمدالطاهربنعاشور",
              "normalizedReverse": "روشاعنبرهاطلادمحمجهن",
              "colors": [
                0
              ],
              "center": [
                374.96124267578125,
                315.6150817871094
              ]
            },
            {
              "text": "رﺑوﺗﻛأ 15 ﺞﮭﻧ  ",
              "normalizedForward": "ربوتكأ15جهن",
              "normalizedReverse": "نهج51أكتوبر",
              "colors": [
                0
              ],
              "center": [
                429.6731719970703,
                298.2100830078125
              ]
            },
            {
              "text": " ﻧﮭﺞ ﺧﻣﯾس اﻟﺣﺟري",
              "normalizedForward": "نهجخميسالحجري",
              "normalizedReverse": "يرجحلاسيمخجهن",
              "colors": [
                0
              ],
              "center": [
                334.5201721191406,
                203.48684692382812
              ]
            },
            {
              "text": " ﻧﮭﺞ اﻟﺣﻛﻣﺔ",
              "normalizedForward": "نهجالحكمة",
              "normalizedReverse": "ةمكحلاجهن",
              "colors": [
                0
              ],
              "center": [
                341.08607482910156,
                145.8958854675293
              ]
            },
            {
              "text": " ﺳﺑﺗﻣﺑر5  ﻧﮭﺞ",
              "normalizedForward": "سبتمبر5نهج",
              "normalizedReverse": "جهن5ربمتبس",
              "colors": [
                0
              ],
              "center": [
                169.50152587890625,
                176.1077117919922
              ]
            },
            {
              "text": "ﻖﺋادﺣﻟا ﺞﮭﻧ ",
              "normalizedForward": "قئادحلاجهن",
              "normalizedReverse": "نهجالحدائق",
              "colors": [
                0
              ],
              "center": [
                255.5990447998047,
                190.64955139160156
              ]
            },
            {
              "text": "دﺎﺷﺣ تﺎﺣرﻓ عرﺎﺷ ",
              "normalizedForward": "داشحتاحرفعراش",
              "normalizedReverse": "شارعفرحاتحشاد",
              "colors": [
                0
              ],
              "center": [
                268.11510467529297,
                387.8854675292969
              ]
            },
            {
              "text": "ﻖﯾزر يدﯾﺳ",
              "normalizedForward": "قيزريديس",
              "normalizedReverse": "سيديرزيق",
              "colors": [
                15073280
              ],
              "center": [
                176.37814331054688,
                146.49263763427734
              ]
            }
          ],
          "identityReview": {
            "decision": "Explicit sector name in PDF page title and map label, matched to the current INS sector registry; old IDs retained only for the identical reviewed six-digit code.",
            "registrySha256": "23b3ee87c07971eb48b456799833f1996ade5d0bdc10d7bf6b0e3bf6798c9eec",
            "officialSourceRows": {
              "Population_Secteur_Age_Sexe_Dynamique.xlsx": 8807,
              "Nombre_de_Logements_par_Secteurs.xlsx": 291,
              "Nombre_de_menages_par_Secteurs.xlsx": 291
            },
            "officialSources": [
              {
                "file": "Population_Secteur_Age_Sexe_Dynamique.xlsx",
                "url": "https://ins.tn/sites/default/files-ftp3/files/2025-05/Population_Secteur_Age_Sexe_Dynamique.xlsx",
                "sha256": "70f8f9f872862d6947d08fc1b2775c66cf6b4d114a55f68092e7a4ce70d5d9ae",
                "sheet": "Population"
              },
              {
                "file": "Nombre_de_Logements_par_Secteurs.xlsx",
                "url": "https://www.ins.tn/sites/default/files-ftp3/files/2025-11/Nombre%20de%20Logements%20par%20Secteurs.xlsx",
                "sha256": "c2ab64d030e5737948ac51db8c42eca0665be280724fe3504529fbfa00498831",
                "sheet": "Logements"
              },
              {
                "file": "Nombre_de_menages_par_Secteurs.xlsx",
                "url": "https://www.ins.tn/sites/default/files-ftp3/files/2025-11/Nombre%20de%20m%C3%A9nages%20par%20Secteurs.xlsx",
                "sha256": "fea29d86630decb32b217be7b3f2fdb8bf5863e5fe9127a2374380714ff60ab1",
                "sheet": "Ménages"
              }
            ]
          },
          "repair": {
            "applied": false,
            "operation": null,
            "reviewDecision": "Unchanged source ring after independently checked georeferencing."
          },
          "compilerQuantizationReview": {
            "gridDegrees": 1e-06,
            "approxGridLatitudeMeters": 0.111,
            "approxGridLongitudeMetersAtMegrine": 0.089,
            "operation": "shapely.set_precision(wgs84_geometry, 1 / 1000000)",
            "sourcePartCount": 1,
            "partCount": 1,
            "allPositiveAreaComponentsSurvive": true,
            "parts": [
              {
                "areaMeters2": 484921.1306646863,
                "coordinateCount": 67,
                "boundsWgs84": [
                  10.243065,
                  36.759959,
                  10.257738,
                  36.76748
                ]
              }
            ],
            "hausdorffMeters": 0.06424358158233968,
            "symmetricDifferenceAreaMeters2": 65.01571066823458,
            "quantizedGeometryHash": "63036cc1a535f32678a318a21f460a2cc5dd101c3c68601b93553a853e93a66a"
          },
          "rawSourceGeometry": {
            "type": "Polygon",
            "coordinates": [
              [
                [
                  10.253044176655777,
                  36.76703405338375
                ],
                [
                  10.253349138104147,
                  36.76699730380819
                ],
                [
                  10.255955734098675,
                  36.76671828139993
                ],
                [
                  10.255969621148548,
                  36.766718134560556
                ],
                [
                  10.25603896366568,
                  36.76671181264688
                ],
                [
                  10.257730578219276,
                  36.76653743033453
                ],
                [
                  10.257737521723184,
                  36.76653735681176
                ],
                [
                  10.257730485366421,
                  36.76653184264562
                ],
                [
                  10.256259090082109,
                  36.76574823528748
                ],
                [
                  10.25623103811087,
                  36.76573176594695
                ],
                [
                  10.256196135464311,
                  36.76572095819794
                ],
                [
                  10.25490705874251,
                  36.76504159030459
                ],
                [
                  10.254886135971121,
                  36.76503622267205
                ],
                [
                  10.254858177179516,
                  36.7650253402182
                ],
                [
                  10.254523321867863,
                  36.76493387027226
                ],
                [
                  10.254481383824695,
                  36.76491754716867
                ],
                [
                  10.254467404480849,
                  36.764912106130765
                ],
                [
                  10.254297800552663,
                  36.76473506005906
                ],
                [
                  10.25429067201537,
                  36.76472395845559
                ],
                [
                  10.254276785316124,
                  36.764724105092235
                ],
                [
                  10.252952655409135,
                  36.76402273057161
                ],
                [
                  10.252889518353903,
                  36.76398427627186
                ],
                [
                  10.25284748867333,
                  36.763962364871446
                ],
                [
                  10.251129208144363,
                  36.762940984328466
                ],
                [
                  10.25112226494708,
                  36.762941057459486
                ],
                [
                  10.251115229388823,
                  36.762935542883554
                ],
                [
                  10.25110819383157,
                  36.76293002830717
                ],
                [
                  10.250755587441454,
                  36.762604010493426
                ],
                [
                  10.250543415032856,
                  36.76237151983232
                ],
                [
                  10.250529344701244,
                  36.76236049107439
                ],
                [
                  10.250522124606746,
                  36.762343801044295
                ],
                [
                  10.24997347774005,
                  36.76150009858662
                ],
                [
                  10.249966350123946,
                  36.761488996226994
                ],
                [
                  10.249959314782181,
                  36.76148348157732
                ],
                [
                  10.24958229275636,
                  36.76093975890621
                ],
                [
                  10.249575258081453,
                  36.760934244225645
                ],
                [
                  10.248795579469357,
                  36.75997560371534
                ],
                [
                  10.248774474116825,
                  36.75995905954049
                ],
                [
                  10.248747347633039,
                  36.75999846549326
                ],
                [
                  10.247842454034505,
                  36.76113129722949
                ],
                [
                  10.247808383625637,
                  36.76117077591355
                ],
                [
                  10.247774405295011,
                  36.76121584230359
                ],
                [
                  10.24310601221416,
                  36.76702111732001
                ],
                [
                  10.243106104007559,
                  36.767026705039875
                ],
                [
                  10.243072212412828,
                  36.76707735786118
                ],
                [
                  10.243065268674128,
                  36.76707743053053
                ],
                [
                  10.24357306780563,
                  36.767128001443105
                ],
                [
                  10.24505462342943,
                  36.767268963796084
                ],
                [
                  10.245103320592765,
                  36.7672740420133
                ],
                [
                  10.24514516609993,
                  36.76728478071524
                ],
                [
                  10.247252571495377,
                  36.76747503906206
                ],
                [
                  10.247266458727951,
                  36.767474893235956
                ],
                [
                  10.247273494441469,
                  36.76748040803281
                ],
                [
                  10.248127372438463,
                  36.76746026116806
                ],
                [
                  10.248134316051114,
                  36.76746018820419
                ],
                [
                  10.248148203276342,
                  36.76746004227519
                ],
                [
                  10.248169034113994,
                  36.76745982337868
                ],
                [
                  10.249374636400335,
                  36.7672906663495
                ],
                [
                  10.249388523588417,
                  36.76729052027631
                ],
                [
                  10.249409262118746,
                  36.76728471345738
                ],
                [
                  10.249443887242782,
                  36.76727876056147
                ],
                [
                  10.249450830835578,
                  36.767278687521056
                ],
                [
                  10.250573751129556,
                  36.76714950787313
                ],
                [
                  10.250920374664249,
                  36.76711232586457
                ],
                [
                  10.252912433998658,
                  36.76704662045655
                ],
                [
                  10.252919377561316,
                  36.76704654721411
                ],
                [
                  10.253044176655777,
                  36.76703405338375
                ]
              ]
            ]
          },
          "rawSourceGeometryHash": "7c21b744065c629e75c1c2de059e916438ee91b10387a40219e110d5962388db",
          "sourcePagePathCoordinates": [
            [
              559.680908203125,
              80.65020751953125
            ],
            [
              575.517578125,
              82.81048583984375
            ],
            [
              710.8487548828125,
              99.01251220703125
            ],
            [
              711.568603515625,
              99.01251220703125
            ],
            [
              715.1678466796875,
              99.37255859375
            ],
            [
              802.9891357421875,
              109.45382690429688
            ],
            [
              803.3490600585938,
              109.45382690429688
            ],
            [
              802.9891357421875,
              109.81387329101562
            ],
            [
              727.4052124023438,
              161.30038452148438
            ],
            [
              725.9655151367188,
              162.38052368164062
            ],
            [
              724.1658935546875,
              163.1005859375
            ],
            [
              657.9400024414062,
              207.7462158203125
            ],
            [
              656.8602294921875,
              208.10626220703125
            ],
            [
              655.4205322265625,
              208.82638549804688
            ],
            [
              638.1442260742188,
              214.9471435546875
            ],
            [
              635.9846801757812,
              216.02728271484375
            ],
            [
              635.2648315429688,
              216.3873291015625
            ],
            [
              626.6266479492188,
              227.90878295898438
            ],
            [
              626.2667236328125,
              228.62884521484375
            ],
            [
              625.546875,
              228.62884521484375
            ],
            [
              557.5213623046875,
              274.7146911621094
            ],
            [
              554.2820434570312,
              277.2349853515625
            ],
            [
              552.1224975585938,
              278.6751708984375
            ],
            [
              463.9412841796875,
              345.64361572265625
            ],
            [
              463.58135986328125,
              345.64361572265625
            ],
            [
              463.221435546875,
              346.003662109375
            ],
            [
              462.86151123046875,
              346.36370849609375
            ],
            [
              444.8653564453125,
              367.60638427734375
            ],
            [
              434.067626953125,
              382.72833251953125
            ],
            [
              433.3478088378906,
              383.4483947753906
            ],
            [
              432.9878845214844,
              384.5285339355469
            ],
            [
              405.2737731933594,
              439.25543212890625
            ],
            [
              404.9138488769531,
              439.97552490234375
            ],
            [
              404.5539245605469,
              440.3355712890625
            ],
            [
              385.47796630859375,
              475.6200256347656
            ],
            [
              385.1180725097656,
              475.9800720214844
            ],
            [
              345.5264892578125,
              538.2679443359375
            ],
            [
              344.44671630859375,
              539.3480834960938
            ],
            [
              343.00701904296875,
              536.8277587890625
            ],
            [
              295.13720703125,
              464.4586181640625
            ],
            [
              293.33758544921875,
              461.93829345703125
            ],
            [
              291.5379638671875,
              459.05792236328125
            ],
            [
              44.63050079345703,
              88.21115112304688
            ],
            [
              44.63050079345703,
              87.85110473632812
            ],
            [
              42.83089065551758,
              84.61068725585938
            ],
            [
              42.4709587097168,
              84.61068725585938
            ],
            [
              68.74536895751953,
              81.01025390625
            ],
            [
              145.4090576171875,
              70.928955078125
            ],
            [
              147.92852783203125,
              70.56890869140625
            ],
            [
              150.08807373046875,
              69.84881591796875
            ],
            [
              259.1448669433594,
              56.1671142578125
            ],
            [
              259.8647155761719,
              56.1671142578125
            ],
            [
              260.2246398925781,
              55.80706787109375
            ],
            [
              304.4952087402344,
              56.52716064453125
            ],
            [
              304.8551330566406,
              56.52716064453125
            ],
            [
              305.5749816894531,
              56.52716064453125
            ],
            [
              306.6547546386719,
              56.52716064453125
            ],
            [
              369.28143310546875,
              66.6083984375
            ],
            [
              370.00128173828125,
              66.6083984375
            ],
            [
              371.0810546875,
              66.96844482421875
            ],
            [
              372.8806457519531,
              67.3284912109375
            ],
            [
              373.2405700683594,
              67.3284912109375
            ],
            [
              431.5481872558594,
              74.88946533203125
            ],
            [
              449.5443420410156,
              77.04974365234375
            ],
            [
              552.8423461914062,
              79.93011474609375
            ],
            [
              553.2022705078125,
              79.93011474609375
            ],
            [
              559.680908203125,
              80.65020751953125
            ]
          ]
        },
        "legacySourceReview": {
          "id": "osm:relation:7174613",
          "sourceTags": {
            "admin_level": "6",
            "boundary": "administrative",
            "name": "سيدي رزيق",
            "name:ar": "سيدي رزيق",
            "name:fr": "Sidi Rezig",
            "ref:tn:codegeo": "135957"
          },
          "comparison": {
            "intersectionAreaMeters2": 435703.3370057572,
            "newAreaCoveredByReferenceFraction": 0.8985184533551671,
            "referenceAreaCoveredByNewFraction": 0.9660879381248854,
            "iou": 0.8710454981826775,
            "newOutsideReferenceAreaMeters2": 49209.72780528302,
            "referenceOutsideNewAreaMeters2": 15294.258359557976,
            "hausdorffMeters": 153.80752475204167,
            "newRepresentativePointInsideReference": true
          }
        },
        "reviewedBoundsWgs84": [
          10.243065268674128,
          36.75995905954049,
          10.257737521723184,
          36.76748040803281
        ],
        "reviewedAreaMeters2": 484913.06481107074
      },
      "geometry": {
        "type": "Polygon",
        "coordinates": [
          [
            [
              10.253044176655777,
              36.76703405338375
            ],
            [
              10.253349138104147,
              36.76699730380819
            ],
            [
              10.255955734098675,
              36.76671828139993
            ],
            [
              10.255969621148548,
              36.766718134560556
            ],
            [
              10.25603896366568,
              36.76671181264688
            ],
            [
              10.257730578219276,
              36.76653743033453
            ],
            [
              10.257737521723184,
              36.76653735681176
            ],
            [
              10.257730485366421,
              36.76653184264562
            ],
            [
              10.256259090082109,
              36.76574823528748
            ],
            [
              10.25623103811087,
              36.76573176594695
            ],
            [
              10.256196135464311,
              36.76572095819794
            ],
            [
              10.25490705874251,
              36.76504159030459
            ],
            [
              10.254886135971121,
              36.76503622267205
            ],
            [
              10.254858177179516,
              36.7650253402182
            ],
            [
              10.254523321867863,
              36.76493387027226
            ],
            [
              10.254481383824695,
              36.76491754716867
            ],
            [
              10.254467404480849,
              36.764912106130765
            ],
            [
              10.254297800552663,
              36.76473506005906
            ],
            [
              10.25429067201537,
              36.76472395845559
            ],
            [
              10.254276785316124,
              36.764724105092235
            ],
            [
              10.252952655409135,
              36.76402273057161
            ],
            [
              10.252889518353903,
              36.76398427627186
            ],
            [
              10.25284748867333,
              36.763962364871446
            ],
            [
              10.251129208144363,
              36.762940984328466
            ],
            [
              10.25112226494708,
              36.762941057459486
            ],
            [
              10.251115229388823,
              36.762935542883554
            ],
            [
              10.25110819383157,
              36.76293002830717
            ],
            [
              10.250755587441454,
              36.762604010493426
            ],
            [
              10.250543415032856,
              36.76237151983232
            ],
            [
              10.250529344701244,
              36.76236049107439
            ],
            [
              10.250522124606746,
              36.762343801044295
            ],
            [
              10.24997347774005,
              36.76150009858662
            ],
            [
              10.249966350123946,
              36.761488996226994
            ],
            [
              10.249959314782181,
              36.76148348157732
            ],
            [
              10.24958229275636,
              36.76093975890621
            ],
            [
              10.249575258081453,
              36.760934244225645
            ],
            [
              10.248795579469357,
              36.75997560371534
            ],
            [
              10.248774474116825,
              36.75995905954049
            ],
            [
              10.248747347633039,
              36.75999846549326
            ],
            [
              10.247842454034505,
              36.76113129722949
            ],
            [
              10.247808383625637,
              36.76117077591355
            ],
            [
              10.247774405295011,
              36.76121584230359
            ],
            [
              10.24310601221416,
              36.76702111732001
            ],
            [
              10.243106104007559,
              36.767026705039875
            ],
            [
              10.243072212412828,
              36.76707735786118
            ],
            [
              10.243065268674128,
              36.76707743053053
            ],
            [
              10.24357306780563,
              36.767128001443105
            ],
            [
              10.24505462342943,
              36.767268963796084
            ],
            [
              10.245103320592765,
              36.7672740420133
            ],
            [
              10.24514516609993,
              36.76728478071524
            ],
            [
              10.247252571495377,
              36.76747503906206
            ],
            [
              10.247266458727951,
              36.767474893235956
            ],
            [
              10.247273494441469,
              36.76748040803281
            ],
            [
              10.248127372438463,
              36.76746026116806
            ],
            [
              10.248134316051114,
              36.76746018820419
            ],
            [
              10.248148203276342,
              36.76746004227519
            ],
            [
              10.248169034113994,
              36.76745982337868
            ],
            [
              10.249374636400335,
              36.7672906663495
            ],
            [
              10.249388523588417,
              36.76729052027631
            ],
            [
              10.249409262118746,
              36.76728471345738
            ],
            [
              10.249443887242782,
              36.76727876056147
            ],
            [
              10.249450830835578,
              36.767278687521056
            ],
            [
              10.250573751129556,
              36.76714950787313
            ],
            [
              10.250920374664249,
              36.76711232586457
            ],
            [
              10.252912433998658,
              36.76704662045655
            ],
            [
              10.252919377561316,
              36.76704654721411
            ],
            [
              10.253044176655777,
              36.76703405338375
            ]
          ]
        ]
      }
    },
    {
      "type": "Feature",
      "id": "osm:relation:7174612",
      "properties": {
        "officialCode": "135958",
        "nameAr": "سيدي رزيق 2",
        "nameFr": "Sidi rezig (2)",
        "governorateCode": "13",
        "governorateAr": "بن عروس",
        "governorateFr": "Ben arous",
        "delegationCode": "1359",
        "delegationAr": "مقرين",
        "delegationFr": "Megrine",
        "parentArabic": "مقرين",
        "parentFrench": "Megrine",
        "sourceId": "isie-local-sectors-2023-megrine",
        "sourcePdfURL": "https://www.isie.tn/wp-content/uploads/2023/CartesCirconscriptionsElectoralesLocales2023/%D8%A8%D9%86%20%D8%B9%D8%B1%D9%88%D8%B3/%D9%85%D9%82%D8%B1%D9%8A%D9%86/%D8%B3%D9%8A%D8%AF%D9%8A%20%D8%B1%D8%B2%D9%8A%D9%82%202.pdf",
        "sourcePdfSha256": "244d3f8060c3d1ee562744093d77d9dc406435d05ff7a632a19da43ffad267f4",
        "reviewedDate": "2026-09-07",
        "geometryHash": "a7f39ec0231de3f707badbc1c2cfbc3685924d40456139aab6afac559f25dd9a",
        "geometryHashMethod": "SHA256 UTF-8 json.dumps(geometry, sort_keys=True, separators=(comma,colon), ensure_ascii=False, allow_nan=False)",
        "evidence": {
          "sourcePdfURL": "https://www.isie.tn/wp-content/uploads/2023/CartesCirconscriptionsElectoralesLocales2023/%D8%A8%D9%86%20%D8%B9%D8%B1%D9%88%D8%B3/%D9%85%D9%82%D8%B1%D9%8A%D9%86/%D8%B3%D9%8A%D8%AF%D9%8A%20%D8%B1%D8%B2%D9%8A%D9%82%202.pdf",
          "sourcePdfSha256": "244d3f8060c3d1ee562744093d77d9dc406435d05ff7a632a19da43ffad267f4",
          "sourcePdfFile": "map-8.pdf",
          "sourcePdfCreated": "D:20231017002932+01",
          "reviewedDate": "2026-09-07",
          "pageNumber": 1,
          "drawingIndexZeroBased": 270,
          "layer": "circonscription_isie2023",
          "strokeRgb": [
            1.0,
            0.0,
            0.0
          ],
          "explicitlyClosed": true,
          "sourceVertexCount": 62,
          "crsEpsg": 32632,
          "crsWkt": "PROJCS[\"WGS_1984_UTM_Zone_32N\",GEOGCS[\"GCS_WGS_1984\",DATUM[\"D_WGS_1984\",SPHEROID[\"WGS_1984\",6378137.0,298.257223563]],PRIMEM[\"Greenwich\",0.0],UNIT[\"Degree\",0.0174532925199433]],PROJECTION[\"Transverse_Mercator\"],PARAMETER[\"False_Easting\",500000.0],PARAMETER[\"False_Northing\",0.0],PARAMETER[\"Central_Meridian\",9.0],PARAMETER[\"Scale_Factor\",0.9996],PARAMETER[\"Latitude_Of_Origin\",0.0],UNIT[\"Meter\",1.0]]",
          "outputCrs": "EPSG:4326; longitude,latitude",
          "viewportBBoxRaw": [
            4.31908,
            590.46173,
            841.50095,
            5.38791
          ],
          "localControlPoints": [
            [
              0.0,
              1.0
            ],
            [
              0.0,
              0.0
            ],
            [
              1.0,
              0.0
            ],
            [
              1.0,
              1.0
            ]
          ],
          "controlPointsLatLon": [
            [
              36.75521,
              10.22491
            ],
            [
              36.76948,
              10.22514
            ],
            [
              36.76922,
              10.25053
            ],
            [
              36.75495,
              10.2503
            ]
          ],
          "pageTransformationMatrix": [
            1.0,
            0.0,
            0.0,
            -1.0,
            0.0,
            595.5023803710938
          ],
          "affineMapMetersFromPagePoints": [
            [
              2.7074664690771106,
              0.0005512302314250289
            ],
            [
              -0.000100890991916458,
              -2.706197489353144
            ],
            [
              609326.9146856952,
              4070013.9850567156
            ]
          ],
          "maximumControlFitResidualMeters": 0.1049923275825253,
          "mapAxisScaleMetersPerPdfPoint": [
            2.7074665251913355,
            2.706197491233826
          ],
          "controlCoordinatePrecisionDegrees": 1e-05,
          "precisionCaveat": "Rounded map controls and independently exported page vectors do not establish survey or ground accuracy. Keep all cross-page overlap strips; they are not a clean partition.",
          "viewportReview": {
            "touchesViewport": false,
            "outsideViewportAreaPixels2": 0.0,
            "pagePixelBounds": [
              57.227821350097656,
              31.68402099609375,
              788.5922241210938,
              563.4711303710938
            ]
          },
          "insideLabels": [
            {
              "text": "R33",
              "normalizedForward": "R33",
              "normalizedReverse": "33R",
              "colors": [
                0
              ],
              "center": [
                742.5197448730469,
                475.8893280029297
              ]
            },
            {
              "text": "1 ط و ",
              "normalizedForward": "1طو",
              "normalizedReverse": "وط1",
              "colors": [
                0
              ],
              "center": [
                140.0192756652832,
                264.00203704833984
              ]
            },
            {
              "text": " ﺳﻛﺔ ﺣدﯾدﯾﺔ",
              "normalizedForward": "سكةحديدية",
              "normalizedReverse": "ةيديدحةكس",
              "colors": [
                0
              ],
              "center": [
                618.9438781738281,
                443.4081573486328
              ]
            },
            {
              "text": "  ﻧﮭﺞ اﻟﻛﯾﻣﯾﺎء",
              "normalizedForward": "نهجالكيمياء",
              "normalizedReverse": "ءايميكلاجهن",
              "colors": [
                0
              ],
              "center": [
                431.8745880126953,
                231.86573028564453
              ]
            },
            {
              "text": "لﻣﺎﻌﻣﻟا ﺞﮭﻧ ",
              "normalizedForward": "لماعملاجهن",
              "normalizedReverse": "نهجالمعامل",
              "colors": [
                0
              ],
              "center": [
                644.568359375,
                194.77271270751953
              ]
            },
            {
              "text": "ﺞﯾﺳﻧﻟا ﺞﮭﻧ ",
              "normalizedForward": "جيسنلاجهن",
              "normalizedReverse": "نهجالنسيج",
              "colors": [
                0
              ],
              "center": [
                641.4184265136719,
                311.91355895996094
              ]
            },
            {
              "text": "دا  ﻧﮭﺞ اﻟﻌروﺳﻲ اﻟﺣد",
              "normalizedForward": "دانهجالعروسيالحد",
              "normalizedReverse": "دحلايسورعلاجهناد",
              "colors": [
                0
              ],
              "center": [
                292.62860107421875,
                250.9717254638672
              ]
            },
            {
              "text": "  ﻧﮭﺞ اﻟﻣﺻﺑﻐﺔ",
              "normalizedForward": "نهجالمصبغة",
              "normalizedReverse": "ةغبصملاجهن",
              "colors": [
                0
              ],
              "center": [
                546.2512512207031,
                178.43488311767578
              ]
            },
            {
              "text": "روﻧﻟا ﺞﮭﻧ  ",
              "normalizedForward": "رونلاجهن",
              "normalizedReverse": "نهجالنور",
              "colors": [
                0
              ],
              "center": [
                677.2193298339844,
                510.9541931152344
              ]
            },
            {
              "text": "كﯾﺗﺳﻼﺑﻟا ﺞﮭﻧ ",
              "normalizedForward": "كيتسلابلاجهن",
              "normalizedReverse": "نهجالبلاستيك",
              "colors": [
                0
              ],
              "center": [
                601.239990234375,
                226.3803939819336
              ]
            },
            {
              "text": "رورﺳﻟا ﺞﮭﻧ ",
              "normalizedForward": "رورسلاجهن",
              "normalizedReverse": "نهجالسرور",
              "colors": [
                0
              ],
              "center": [
                719.1510620117188,
                507.14732360839844
              ]
            },
            {
              "text": " ﻧﮭﺞ اﻟﻣﺧﺗﺎر ﻋطﯾﺔ",
              "normalizedForward": "نهجالمختارعطية",
              "normalizedReverse": "ةيطعراتخملاجهن",
              "colors": [
                0
              ],
              "center": [
                664.0259094238281,
                488.2413330078125
              ]
            },
            {
              "text": " ﻧﮭﺞ اﻟﻧزھﺔ",
              "normalizedForward": "نهجالنزهة",
              "normalizedReverse": "ةهزنلاجهن",
              "colors": [
                0
              ],
              "center": [
                676.3794250488281,
                463.7460174560547
              ]
            },
            {
              "text": " ﻧﮭﺞ اﻟﺑﮭﺟﺔ",
              "normalizedForward": "نهجالبهجة",
              "normalizedReverse": "ةجهبلاجهن",
              "colors": [
                0
              ],
              "center": [
                677.5784606933594,
                441.75177001953125
              ]
            },
            {
              "text": "مﺳإ نودﺑ ﺞﮭﻧ  ",
              "normalizedForward": "مسإنودبجهن",
              "normalizedReverse": "نهجبدونإسم",
              "colors": [
                0
              ],
              "center": [
                751.859130859375,
                425.31591796875
              ]
            },
            {
              "text": "2 ﻖﯾزر يدﯾﺳ",
              "normalizedForward": "2قيزريديس",
              "normalizedReverse": "سيديرزيق2",
              "colors": [
                15073280
              ],
              "center": [
                183.75917434692383,
                218.86177825927734
              ]
            },
            {
              "text": "ﻖﯾزر يدﯾﺳ",
              "normalizedForward": "قيزريديس",
              "normalizedReverse": "سيديرزيق",
              "colors": [
                15073280
              ],
              "center": [
                642.2977294921875,
                258.8268051147461
              ]
            },
            {
              "text": "نﯾرﻘﻣ",
              "normalizedForward": "نيرقم",
              "normalizedReverse": "مقرين",
              "colors": [
                19880
              ],
              "center": [
                229.46072387695312,
                262.04417419433594
              ]
            }
          ],
          "identityReview": {
            "decision": "Explicit sector name in PDF page title and map label, matched to the current INS sector registry; old IDs retained only for the identical reviewed six-digit code.",
            "registrySha256": "23b3ee87c07971eb48b456799833f1996ade5d0bdc10d7bf6b0e3bf6798c9eec",
            "officialSourceRows": {
              "Population_Secteur_Age_Sexe_Dynamique.xlsx": 8841,
              "Nombre_de_Logements_par_Secteurs.xlsx": 292,
              "Nombre_de_menages_par_Secteurs.xlsx": 292
            },
            "officialSources": [
              {
                "file": "Population_Secteur_Age_Sexe_Dynamique.xlsx",
                "url": "https://ins.tn/sites/default/files-ftp3/files/2025-05/Population_Secteur_Age_Sexe_Dynamique.xlsx",
                "sha256": "70f8f9f872862d6947d08fc1b2775c66cf6b4d114a55f68092e7a4ce70d5d9ae",
                "sheet": "Population"
              },
              {
                "file": "Nombre_de_Logements_par_Secteurs.xlsx",
                "url": "https://www.ins.tn/sites/default/files-ftp3/files/2025-11/Nombre%20de%20Logements%20par%20Secteurs.xlsx",
                "sha256": "c2ab64d030e5737948ac51db8c42eca0665be280724fe3504529fbfa00498831",
                "sheet": "Logements"
              },
              {
                "file": "Nombre_de_menages_par_Secteurs.xlsx",
                "url": "https://www.ins.tn/sites/default/files-ftp3/files/2025-11/Nombre%20de%20m%C3%A9nages%20par%20Secteurs.xlsx",
                "sha256": "fea29d86630decb32b217be7b3f2fdb8bf5863e5fe9127a2374380714ff60ab1",
                "sheet": "Ménages"
              }
            ]
          },
          "repair": {
            "applied": false,
            "operation": null,
            "reviewDecision": "Unchanged source ring after independently checked georeferencing."
          },
          "compilerQuantizationReview": {
            "gridDegrees": 1e-06,
            "approxGridLatitudeMeters": 0.111,
            "approxGridLongitudeMetersAtMegrine": 0.089,
            "operation": "shapely.set_precision(wgs84_geometry, 1 / 1000000)",
            "sourcePartCount": 1,
            "partCount": 1,
            "allPositiveAreaComponentsSurvive": true,
            "parts": [
              {
                "areaMeters2": 1487478.0090802684,
                "coordinateCount": 62,
                "boundsWgs84": [
                  10.226656,
                  36.755637,
                  10.248776,
                  36.768777
                ]
              }
            ],
            "hausdorffMeters": 0.05797447722391554,
            "symmetricDifferenceAreaMeters2": 119.7375582775992,
            "quantizedGeometryHash": "500df54c0468933463a969f875ad180ab74bacd628b046542b78a22ee2b55aed"
          },
          "rawSourceGeometry": {
            "type": "Polygon",
            "coordinates": [
              [
                [
                  10.241301546383632,
                  36.766978850647234
                ],
                [
                  10.241366902938305,
                  36.76696939635812
                ],
                [
                  10.241443459870775,
                  36.76697739298545
                ],
                [
                  10.242962686291516,
                  36.76707595666843
                ],
                [
                  10.243061076326539,
                  36.767083727699294
                ],
                [
                  10.243071850582522,
                  36.76707483387843
                ],
                [
                  10.243103888980455,
                  36.76703058933566
                ],
                [
                  10.247769819638657,
                  36.761220871911
                ],
                [
                  10.24781276853565,
                  36.761176513454146
                ],
                [
                  10.247844944504214,
                  36.76114104921921
                ],
                [
                  10.248754345942894,
                  36.75999865147273
                ],
                [
                  10.24877560559676,
                  36.759963299782626
                ],
                [
                  10.248531612348499,
                  36.75972868032728
                ],
                [
                  10.248163700485206,
                  36.7592581998105
                ],
                [
                  10.248152785185207,
                  36.75925831254042
                ],
                [
                  10.247206603530774,
                  36.756791278189766
                ],
                [
                  10.24719554598529,
                  36.756782609286596
                ],
                [
                  10.247195260803368,
                  36.75676504620905
                ],
                [
                  10.246697186419377,
                  36.75567231150251
                ],
                [
                  10.246685845890857,
                  36.75564607944291
                ],
                [
                  10.24667478671984,
                  36.75563741050458
                ],
                [
                  10.24665310150766,
                  36.755646417194214
                ],
                [
                  10.246403771159244,
                  36.75575438483784
                ],
                [
                  10.246371169218273,
                  36.75576350405543
                ],
                [
                  10.24527489650033,
                  36.75615247216685
                ],
                [
                  10.244766026332956,
                  36.756412421411575
                ],
                [
                  10.244159202607344,
                  36.7566909413888
                ],
                [
                  10.243584124178524,
                  36.75690765206607
                ],
                [
                  10.242369459542116,
                  36.75740320782824
                ],
                [
                  10.242304537321754,
                  36.757439007190776
                ],
                [
                  10.242239474861789,
                  36.75746602494549
                ],
                [
                  10.242153006415007,
                  36.75751961169867
                ],
                [
                  10.242120403195733,
                  36.757528729772105
                ],
                [
                  10.239181548018955,
                  36.75874459951601
                ],
                [
                  10.23863932722542,
                  36.758969731862166
                ],
                [
                  10.237847749002874,
                  36.759302811874896
                ],
                [
                  10.23783683365403,
                  36.759302923658595
                ],
                [
                  10.237826059841124,
                  36.75931181700757
                ],
                [
                  10.237782681502155,
                  36.75932982726135
                ],
                [
                  10.232728976710044,
                  36.761427909693275
                ],
                [
                  10.231199866462314,
                  36.762067086874005
                ],
                [
                  10.230462098711746,
                  36.76235565490945
                ],
                [
                  10.23034244733829,
                  36.76238322186517
                ],
                [
                  10.22986524693032,
                  36.762581303638456
                ],
                [
                  10.229691718390018,
                  36.76265333318505
                ],
                [
                  10.228325173050854,
                  36.76322055567489
                ],
                [
                  10.227750420608478,
                  36.763463535343874
                ],
                [
                  10.227500897705447,
                  36.763562682593104
                ],
                [
                  10.226699288742635,
                  36.76395727120431
                ],
                [
                  10.226655764824509,
                  36.76396649663156
                ],
                [
                  10.22667801780204,
                  36.76399261987905
                ],
                [
                  10.230401224886304,
                  36.768776640695435
                ],
                [
                  10.23041214160828,
                  36.768776529569045
                ],
                [
                  10.230499334170004,
                  36.76876685894998
                ],
                [
                  10.230673438610342,
                  36.76872995435973
                ],
                [
                  10.23687952921048,
                  36.767647778362736
                ],
                [
                  10.236923053876053,
                  36.76763854992838
                ],
                [
                  10.236955661998234,
                  36.76762943320304
                ],
                [
                  10.24026562358002,
                  36.76705974999989
                ],
                [
                  10.240352671356018,
                  36.767041290663094
                ],
                [
                  10.240472609336898,
                  36.7670312766873
                ],
                [
                  10.241301546383632,
                  36.766978850647234
                ]
              ]
            ]
          },
          "rawSourceGeometryHash": "a7f39ec0231de3f707badbc1c2cfbc3685924d40456139aab6afac559f25dd9a",
          "sourcePagePathCoordinates": [
            [
              538.4454345703125,
              100.812744140625
            ],
            [
              540.60498046875,
              101.17279052734375
            ],
            [
              543.1244506835938,
              100.812744140625
            ],
            [
              593.15380859375,
              96.13214111328125
            ],
            [
              596.3931274414062,
              95.7720947265625
            ],
            [
              596.7530517578125,
              96.13214111328125
            ],
            [
              597.8328247070312,
              97.932373046875
            ],
            [
              754.7593994140625,
              334.1221618652344
            ],
            [
              756.1990966796875,
              335.9223937988281
            ],
            [
              757.2788696289062,
              337.3625793457031
            ],
            [
              787.8723754882812,
              383.8084411621094
            ],
            [
              788.5922241210938,
              385.2486267089844
            ],
            [
              780.6738891601562,
              394.9698486328125
            ],
            [
              768.7964477539062,
              414.41229248046875
            ],
            [
              768.4365234375,
              414.41229248046875
            ],
            [
              738.5628662109375,
              515.9451293945312
            ],
            [
              738.2029418945312,
              516.30517578125
            ],
            [
              738.2029418945312,
              517.0252685546875
            ],
            [
              722.3662719726562,
              562.0309448242188
            ],
            [
              722.0064086914062,
              563.111083984375
            ],
            [
              721.6464233398438,
              563.4711303710938
            ],
            [
              720.9266357421875,
              563.111083984375
            ],
            [
              712.6483764648438,
              558.79052734375
            ],
            [
              711.568603515625,
              558.4304809570312
            ],
            [
              675.21630859375,
              542.9485473632812
            ],
            [
              658.2999267578125,
              532.5072021484375
            ],
            [
              638.1442260742188,
              521.3458251953125
            ],
            [
              619.0682983398438,
              512.7047119140625
            ],
            [
              578.7568359375,
              492.9022216796875
            ],
            [
              576.5972900390625,
              491.4620361328125
            ],
            [
              574.4378051757812,
              490.38189697265625
            ],
            [
              571.5584106445312,
              488.22161865234375
            ],
            [
              570.4786376953125,
              487.861572265625
            ],
            [
              472.9393615722656,
              439.25543212890625
            ],
            [
              454.9432067871094,
              430.2543029785156
            ],
            [
              428.6687927246094,
              416.9326171875
            ],
            [
              428.3088684082031,
              416.9326171875
            ],
            [
              427.9489440917969,
              416.57257080078125
            ],
            [
              426.5092468261719,
              415.85247802734375
            ],
            [
              258.7849426269531,
              331.9619140625
            ],
            [
              208.03573608398438,
              306.398681640625
            ],
            [
              183.56094360351562,
              294.8772277832031
            ],
            [
              179.60179138183594,
              293.7970886230469
            ],
            [
              163.76516723632812,
              285.8760986328125
            ],
            [
              158.00637817382812,
              282.9957275390625
            ],
            [
              112.6560287475586,
              260.3128662109375
            ],
            [
              93.58009338378906,
              250.59164428710938
            ],
            [
              85.30184936523438,
              246.63113403320312
            ],
            [
              58.667518615722656,
              230.78915405273438
            ],
            [
              57.227821350097656,
              230.4290771484375
            ],
            [
              57.947669982910156,
              229.34893798828125
            ],
            [
              178.16209411621094,
              31.68402099609375
            ],
            [
              178.5220184326172,
              31.68402099609375
            ],
            [
              181.40139770507812,
              32.0440673828125
            ],
            [
              187.16018676757812,
              33.4842529296875
            ],
            [
              392.3165283203125,
              75.24951171875
            ],
            [
              393.7562255859375,
              75.60955810546875
            ],
            [
              394.83599853515625,
              75.9696044921875
            ],
            [
              504.2527160644531,
              97.932373046875
            ],
            [
              507.1321105957031,
              98.6524658203125
            ],
            [
              511.09124755859375,
              99.01251220703125
            ],
            [
              538.4454345703125,
              100.812744140625
            ]
          ]
        },
        "legacySourceReview": {
          "id": "osm:relation:7174612",
          "sourceTags": {
            "admin_level": "6",
            "boundary": "administrative",
            "name": "سيدي رزيق 2",
            "name:ar": "سيدي رزيق 2",
            "name:fr": "Sidi Rezig (2)",
            "ref:tn:codegeo": "135958"
          },
          "comparison": {
            "intersectionAreaMeters2": 1478343.9266722111,
            "newAreaCoveredByReferenceFraction": 0.9938820629520992,
            "referenceAreaCoveredByNewFraction": 0.9933680862349341,
            "iou": 0.9873307824127351,
            "newOutsideReferenceAreaMeters2": 9100.088849212458,
            "referenceOutsideNewAreaMeters2": 9869.70446570119,
            "hausdorffMeters": 18.70474058760478,
            "newRepresentativePointInsideReference": true
          }
        },
        "reviewedBoundsWgs84": [
          10.226655764824509,
          36.75563741050458,
          10.24877560559676,
          36.768776640695435
        ],
        "reviewedAreaMeters2": 1487444.015521448
      },
      "geometry": {
        "type": "Polygon",
        "coordinates": [
          [
            [
              10.241301546383632,
              36.766978850647234
            ],
            [
              10.241366902938305,
              36.76696939635812
            ],
            [
              10.241443459870775,
              36.76697739298545
            ],
            [
              10.242962686291516,
              36.76707595666843
            ],
            [
              10.243061076326539,
              36.767083727699294
            ],
            [
              10.243071850582522,
              36.76707483387843
            ],
            [
              10.243103888980455,
              36.76703058933566
            ],
            [
              10.247769819638657,
              36.761220871911
            ],
            [
              10.24781276853565,
              36.761176513454146
            ],
            [
              10.247844944504214,
              36.76114104921921
            ],
            [
              10.248754345942894,
              36.75999865147273
            ],
            [
              10.24877560559676,
              36.759963299782626
            ],
            [
              10.248531612348499,
              36.75972868032728
            ],
            [
              10.248163700485206,
              36.7592581998105
            ],
            [
              10.248152785185207,
              36.75925831254042
            ],
            [
              10.247206603530774,
              36.756791278189766
            ],
            [
              10.24719554598529,
              36.756782609286596
            ],
            [
              10.247195260803368,
              36.75676504620905
            ],
            [
              10.246697186419377,
              36.75567231150251
            ],
            [
              10.246685845890857,
              36.75564607944291
            ],
            [
              10.24667478671984,
              36.75563741050458
            ],
            [
              10.24665310150766,
              36.755646417194214
            ],
            [
              10.246403771159244,
              36.75575438483784
            ],
            [
              10.246371169218273,
              36.75576350405543
            ],
            [
              10.24527489650033,
              36.75615247216685
            ],
            [
              10.244766026332956,
              36.756412421411575
            ],
            [
              10.244159202607344,
              36.7566909413888
            ],
            [
              10.243584124178524,
              36.75690765206607
            ],
            [
              10.242369459542116,
              36.75740320782824
            ],
            [
              10.242304537321754,
              36.757439007190776
            ],
            [
              10.242239474861789,
              36.75746602494549
            ],
            [
              10.242153006415007,
              36.75751961169867
            ],
            [
              10.242120403195733,
              36.757528729772105
            ],
            [
              10.239181548018955,
              36.75874459951601
            ],
            [
              10.23863932722542,
              36.758969731862166
            ],
            [
              10.237847749002874,
              36.759302811874896
            ],
            [
              10.23783683365403,
              36.759302923658595
            ],
            [
              10.237826059841124,
              36.75931181700757
            ],
            [
              10.237782681502155,
              36.75932982726135
            ],
            [
              10.232728976710044,
              36.761427909693275
            ],
            [
              10.231199866462314,
              36.762067086874005
            ],
            [
              10.230462098711746,
              36.76235565490945
            ],
            [
              10.23034244733829,
              36.76238322186517
            ],
            [
              10.22986524693032,
              36.762581303638456
            ],
            [
              10.229691718390018,
              36.76265333318505
            ],
            [
              10.228325173050854,
              36.76322055567489
            ],
            [
              10.227750420608478,
              36.763463535343874
            ],
            [
              10.227500897705447,
              36.763562682593104
            ],
            [
              10.226699288742635,
              36.76395727120431
            ],
            [
              10.226655764824509,
              36.76396649663156
            ],
            [
              10.22667801780204,
              36.76399261987905
            ],
            [
              10.230401224886304,
              36.768776640695435
            ],
            [
              10.23041214160828,
              36.768776529569045
            ],
            [
              10.230499334170004,
              36.76876685894998
            ],
            [
              10.230673438610342,
              36.76872995435973
            ],
            [
              10.23687952921048,
              36.767647778362736
            ],
            [
              10.236923053876053,
              36.76763854992838
            ],
            [
              10.236955661998234,
              36.76762943320304
            ],
            [
              10.24026562358002,
              36.76705974999989
            ],
            [
              10.240352671356018,
              36.767041290663094
            ],
            [
              10.240472609336898,
              36.7670312766873
            ],
            [
              10.241301546383632,
              36.766978850647234
            ]
          ]
        ]
      }
    }
  ]
}
