{
  "type": "FeatureCollection",
  "sourceId": "isie-local-sectors-2023-neighbor-review",
  "reviewedDate": "2026-09-07",
  "status": "REVIEWED_OFFICIAL_NEIGHBOR_SECTORS",
  "limitations": [
    "Dated official2023 electoral-sector outlines, not current survey certification.",
    "Retain independent-map registration overlaps and gaps.",
    "Zelfan zero-area retraced line is retained in source evidence; no positive-area geometry is discarded."
  ],
  "features": [
    {
      "type": "Feature",
      "id": "osm:relation:7103676",
      "properties": {
        "officialCode": "156353",
        "nameAr": "زاوية الجديدي",
        "nameFr": "Zaouiet djedidi",
        "governorateCode": "15",
        "governorateAr": "نابل",
        "governorateFr": "Nabeul",
        "delegationCode": "1563",
        "parentAr": "بني خلاد",
        "parentFr": "Beni khalled",
        "sourceId": "isie-local-sectors-2023-neighbor-review",
        "sourcePdfURL": "https://www.isie.tn/wp-content/uploads/2023/CartesCirconscriptionsElectoralesLocales2023/%D9%86%D8%A7%D8%A8%D9%84%202/%D8%A8%D9%86%D9%8A%20%D8%AE%D9%84%D8%A7%D8%AF/%D8%B2%D8%A7%D9%88%D9%8A%D8%A9%20%D8%A7%D9%84%D8%AC%D8%AF%D9%8A%D8%AF%D9%8A.pdf",
        "sourcePdfSha256": "a4ef074a663113a2a3e9257220fd6f274796c75dc645894219797d3cf683f46e",
        "sourcePdfFile": "C:\\Users\\barou\\Documents\\Codex\\2026-09-06\\the-android-app-app-currently-allows\\work\\isie-sector-maps-neighbor-conflicts\\zaouiet-jdidi.pdf",
        "sourcePdfCreated": "D:20231017014320+01",
        "reviewedDate": "2026-09-07",
        "sourceMapTitleAr": "زاوية الجديدي",
        "targetIsPageTitle": true,
        "sourceDrawingIndices": [
          329
        ],
        "sourceVectorLayer": "circonscription_isie2023",
        "sourceCrsEpsg": 32632,
        "sourceCrsWkt": "PROJCS[\"WGS_1984_UTM_Zone_32N\",GEOGCS[\"GCS_WGS_1984\",DATUM[\"D_WGS_1984\",SPHEROID[\"WGS_1984\",6378137.0,298.257223563]],PRIMEM[\"Greenwich\",0.0],UNIT[\"Degree\",0.0174532925199433]],PROJECTION[\"Transverse_Mercator\"],PARAMETER[\"False_Easting\",500000.0],PARAMETER[\"False_Northing\",0.0],PARAMETER[\"Central_Meridian\",9.0],PARAMETER[\"Scale_Factor\",0.9996],PARAMETER[\"Latitude_Of_Origin\",0.0],UNIT[\"Meter\",1.0]]",
        "sourceControlPointMaxResidualMeters": 0.3200559839750577,
        "sourceControlPointsLatLon": [
          [
            36.62256,
            10.52702
          ],
          [
            36.66309,
            10.52782
          ],
          [
            36.66215,
            10.59984
          ],
          [
            36.62161,
            10.599
          ]
        ],
        "sourceLocalControlPoints": [
          [
            0.0,
            1.0
          ],
          [
            0.0,
            0.0
          ],
          [
            1.0,
            0.0
          ],
          [
            1.0,
            1.0
          ]
        ],
        "sourceViewportBBox": [
          4.31908,
          590.46173,
          841.50095,
          5.38791
        ],
        "sourcePageTransformationMatrix": [
          1.0,
          0.0,
          0.0,
          -1.0,
          0.0,
          595.5023803710938
        ],
        "sourceAffineMetersFromPagePoints": [
          [
            7.6907524483308585,
            1.8169826703630064e-05
          ],
          [
            -9.724360506879748e-05,
            -7.688071696580664
          ],
          [
            636508.3455753971,
            4058625.1489075874
          ]
        ],
        "sourceGeometry": {
          "type": "Polygon",
          "coordinates": [
            [
              [
                10.57887329631014,
                36.64855412445768
              ],
              [
                10.57899508435354,
                36.64845270719458
              ],
              [
                10.579026041063786,
                36.648452296807456
              ],
              [
                10.579056997773407,
                36.6484518864123
              ],
              [
                10.579118911190765,
                36.64845106559785
              ],
              [
                10.57948019356708,
                36.64794725061088
              ],
              [
                10.579417770686572,
                36.64792312713032
              ],
              [
                10.579386304327345,
                36.64789859314054
              ],
              [
                10.579688729705204,
                36.64754526746761
              ],
              [
                10.579657773367872,
                36.647545678018254
              ],
              [
                10.579748602474053,
                36.64744466845813
              ],
              [
                10.579749112449097,
                36.64746961292931
              ],
              [
                10.5798739576992,
                36.647517859525436
              ],
              [
                10.579935870344508,
                36.647517038304244
              ],
              [
                10.579997782987308,
                36.64751621705089
              ],
              [
                10.580028229241693,
                36.64749086194455
              ],
              [
                10.580118547698776,
                36.647364907647066
              ],
              [
                10.580238801815597,
                36.647188653662056
              ],
              [
                10.580419947254933,
                36.64696168917002
              ],
              [
                10.580510774729204,
                36.646860681173685
              ],
              [
                10.580571156143375,
                36.64678502624234
              ],
              [
                10.580661983173579,
                36.64668401602321
              ],
              [
                10.580753320251677,
                36.64660795020156
              ],
              [
                10.580814211537323,
                36.64655723961675
              ],
              [
                10.58090554306674,
                36.64648117375365
              ],
              [
                10.580966434152893,
                36.64643046309475
              ],
              [
                10.581147575721205,
                36.64620349756202
              ],
              [
                10.581268846666505,
                36.64607713363637
              ],
              [
                10.58135916150143,
                36.645951178457395
              ],
              [
                10.581419541392162,
                36.64587552312176
              ],
              [
                10.581511387290574,
                36.6458244012068
              ],
              [
                10.581572277466586,
                36.645773690254714
              ],
              [
                10.581663102021444,
                36.64567267931548
              ],
              [
                10.581753926341309,
                36.64557166831104
              ],
              [
                10.581844750426182,
                36.64547065724137
              ],
              [
                10.582055310571228,
                36.64516844595099
              ],
              [
                10.58177415951005,
                36.64504742577887
              ],
              [
                10.580776451000832,
                36.644711353345485
              ],
              [
                10.57974728071845,
                36.64435074056848
              ],
              [
                10.578749589492036,
                36.64401465068526
              ],
              [
                10.57883990096776,
                36.64388869740396
              ],
              [
                10.578960152977317,
                36.64371244678541
              ],
              [
                10.579383324620439,
                36.64320781154972
              ],
              [
                10.57959439855395,
                36.64293054891031
              ],
              [
                10.579865850024396,
                36.64257763347224
              ],
              [
                10.58010787479163,
                36.64229995942281
              ],
              [
                10.580289519751124,
                36.64209793970394
              ],
              [
                10.580561475339548,
                36.641769967265645
              ],
              [
                10.581074930931441,
                36.641139373934415
              ],
              [
                10.581407255934586,
                36.64073574240255
              ],
              [
                10.581739577555556,
                36.64033211211468
              ],
              [
                10.58195012487144,
                36.640029901086166
              ],
              [
                10.582160670571715,
                36.639727689710256
              ],
              [
                10.582431078033375,
                36.63932487984626
              ],
              [
                10.582611688649413,
                36.63907296997158
              ],
              [
                10.582882086268972,
                36.63867015710795
              ],
              [
                10.582910995683102,
                36.63856996792399
              ],
              [
                10.583123066481079,
                36.638342588370776
              ],
              [
                10.583425949621525,
                36.638014196324875
              ],
              [
                10.583789712725896,
                36.637635093704255
              ],
              [
                10.584001267261431,
                36.637382768213755
              ],
              [
                10.58427267971467,
                36.63702984336718
              ],
              [
                10.584544601005636,
                36.63670186028585
              ],
              [
                10.584726216269592,
                36.63649983428249
              ],
              [
                10.585029085525587,
                36.63617143839949
              ],
              [
                10.585301512298486,
                36.63586840237709
              ],
              [
                10.586092946366398,
                36.63520913467131
              ],
              [
                10.586458730987808,
                36.63492980002359
              ],
              [
                10.586824513006304,
                36.63465046641784
              ],
              [
                10.586945751754058,
                36.63452409509144
              ],
              [
                10.587006629641612,
                36.634473381568675
              ],
              [
                10.587037068555484,
                36.63444802479617
              ],
              [
                10.587067507449417,
                36.63442266801626
              ],
              [
                10.587065971175061,
                36.63434783470323
              ],
              [
                10.587064946995307,
                36.63429794582732
              ],
              [
                10.58706238655694,
                36.634173223635585
              ],
              [
                10.586996900398042,
                36.633999439340215
              ],
              [
                10.586960829103214,
                36.63375040724917
              ],
              [
                10.586893295440806,
                36.63347684298412
              ],
              [
                10.586891759387768,
                36.633402009652855
              ],
              [
                10.58679072125576,
                36.63300413739808
              ],
              [
                10.586753622037621,
                36.632705216350296
              ],
              [
                10.586684559651344,
                36.63235682057414
              ],
              [
                10.586580959407376,
                36.63183422370321
              ],
              [
                10.586544890716112,
                36.63158519134213
              ],
              [
                10.586510357853866,
                36.631410992325655
              ],
              [
                10.586410343083102,
                36.63106301061236
              ],
              [
                10.58630930562318,
                36.63066513562043
              ],
              [
                10.58604328903492,
                36.62977043355441
              ],
              [
                10.586008758258961,
                36.629596234294446
              ],
              [
                10.586006199960414,
                36.62947151194022
              ],
              [
                10.585969622899379,
                36.62919753688015
              ],
              [
                10.585930487975793,
                36.62879883730325
              ],
              [
                10.585886749189738,
                36.628175639494756
              ],
              [
                10.585877029031733,
                36.627701696506975
              ],
              [
                10.585772418541085,
                36.62712920929008
              ],
              [
                10.585762187882805,
                36.62663031959241
              ],
              [
                10.585724078917671,
                36.62628151292917
              ],
              [
                10.585800041734888,
                36.6254571090116
              ],
              [
                10.585826896949415,
                36.625257141152666
              ],
              [
                10.586079843186935,
                36.62400621311452
              ],
              [
                10.586229461041542,
                36.62375470814833
              ],
              [
                10.586259384498561,
                36.623704407134134
              ],
              [
                10.58545425864029,
                36.623690172779504
              ],
              [
                10.585299525086533,
                36.62369223179876
              ],
              [
                10.585083409338322,
                36.62372005859476
              ],
              [
                10.58492867569704,
                36.62372211713387
              ],
              [
                10.584741973019707,
                36.623674698094455
              ],
              [
                10.584463452571239,
                36.62367840251821
              ],
              [
                10.584124065757068,
                36.62373281822986
              ],
              [
                10.583658332110568,
                36.62366415593796
              ],
              [
                10.5831012909465,
                36.623671559066885
              ],
              [
                10.582544249579088,
                36.6236789595929
              ],
              [
                10.582112531178451,
                36.62375954731519
              ],
              [
                10.581160320380043,
                36.624121506851814
              ],
              [
                10.580484075445616,
                36.62435504162757
              ],
              [
                10.57962418667858,
                36.62469081290853
              ],
              [
                10.579008807834208,
                36.62487362971434
              ],
              [
                10.578453793188745,
                36.624980785411296
              ],
              [
                10.577557852253838,
                36.625067510491625
              ],
              [
                10.576537605495282,
                36.62513091826928
              ],
              [
                10.576012012810809,
                36.6251628192911
              ],
              [
                10.57551736190508,
                36.625194313048155
              ],
              [
                10.574714251582465,
                36.625279784900876
              ],
              [
                10.573724951594182,
                36.62534275958021
              ],
              [
                10.573166880795284,
                36.62530022727195
              ],
              [
                10.57285842008958,
                36.625354202643415
              ],
              [
                10.572272444917296,
                36.62546174260591
              ],
              [
                10.572242004451194,
                36.62548709567267
              ],
              [
                10.57070121419074,
                36.62583178676272
              ],
              [
                10.568851942170529,
                36.62623042336484
              ],
              [
                10.568359304094919,
                36.62636166639644
              ],
              [
                10.568050332181622,
                36.62639068475358
              ],
              [
                10.567462319152874,
                36.62639842256126
              ],
              [
                10.564391401155625,
                36.626089467160554
              ],
              [
                10.560701549248325,
                36.62578854184351
              ],
              [
                10.560113035482859,
                36.62577129847903
              ],
              [
                10.559773617244524,
                36.62582564544128
              ],
              [
                10.559618877513133,
                36.625827671211944
              ],
              [
                10.559526536724599,
                36.625853831381775
              ],
              [
                10.559282473890951,
                36.62603168565156
              ],
              [
                10.556674177180579,
                36.628710635818535
              ],
              [
                10.556310318508563,
                36.62908965832098
              ],
              [
                10.555599490755759,
                36.629148844859586
              ],
              [
                10.551351426245555,
                36.62880501577092
              ],
              [
                10.551009986240114,
                36.62875955862661
              ],
              [
                10.550828293222608,
                36.62896153518979
              ],
              [
                10.55064659926551,
                36.62916351149156
              ],
              [
                10.549734618106152,
                36.6299987726163
              ],
              [
                10.549188520611422,
                36.63055480404321
              ],
              [
                10.548403304978114,
                36.631538117151415
              ],
              [
                10.547588618072998,
                36.632596657977615
              ],
              [
                10.546440930003607,
                36.63403378754815
              ],
              [
                10.545656642542658,
                36.63506697138502
              ],
              [
                10.544418020436346,
                36.63660506709383
              ],
              [
                10.543269717528045,
                36.63801722301384
              ],
              [
                10.542846333988628,
                36.638521733095246
              ],
              [
                10.542303113093924,
                36.63922740658762
              ],
              [
                10.541397391924445,
                36.64038688970021
              ],
              [
                10.540793728276263,
                36.641168190545194
              ],
              [
                10.540130131639277,
                36.642050068837946
              ],
              [
                10.539739151966566,
                36.642629003205315
              ],
              [
                10.539740145937511,
                36.642678893139475
              ],
              [
                10.539619804655176,
                36.64285510836284
              ],
              [
                10.539620301605948,
                36.64288005333043
              ],
              [
                10.540276819582015,
                36.64319593397406
              ],
              [
                10.540966287678504,
                36.64361118808741
              ],
              [
                10.541154506970612,
                36.64373350994281
              ],
              [
                10.54165526421863,
                36.6440014951992
              ],
              [
                10.54240715591778,
                36.64444088420463
              ],
              [
                10.543096148286393,
                36.64483118256515
              ],
              [
                10.543722737303431,
                36.645197332116105
              ],
              [
                10.544411243059006,
                36.64556267761875
              ],
              [
                10.544755250329185,
                36.64573287634701
              ],
              [
                10.545098758964546,
                36.64587812705328
              ],
              [
                10.545474222932487,
                36.646072866975075
              ],
              [
                10.545786778112513,
                36.64621851938231
              ],
              [
                10.546099834824176,
                36.64638911368323
              ],
              [
                10.547194292921441,
                36.646923832242145
              ],
              [
                10.547350572997972,
                36.64699665621441
              ],
              [
                10.547851374903429,
                36.647264612119265
              ],
              [
                10.54819489598356,
                36.64740985567419
              ],
              [
                10.548538918240288,
                36.64758004304705
              ],
              [
                10.54878907268273,
                36.64770154730708
              ],
              [
                10.549007769617164,
                36.64779850878973
              ],
              [
                10.549289382577621,
                36.647944554204685
              ],
              [
                10.549602453810817,
                36.64811513890164
              ],
              [
                10.550040853347765,
                36.648358947990324
              ],
              [
                10.550260055454046,
                36.64848085188417
              ],
              [
                10.549955487823073,
                36.648734328858545
              ],
              [
                10.549772748869168,
                36.64888641253835
              ],
              [
                10.549497134471519,
                36.64903970630402
              ],
              [
                10.549282933680722,
                36.649167249304995
              ],
              [
                10.549160104214938,
                36.649218749571496
              ],
              [
                10.548945402285389,
                36.649321347156594
              ],
              [
                10.548761158618596,
                36.64939859698543
              ],
              [
                10.548454084088254,
                36.64952734398077
              ],
              [
                10.547749056345298,
                36.6498858261375
              ],
              [
                10.5469511482697,
                36.65024551050621
              ],
              [
                10.54673644177425,
                36.65034810421014
              ],
              [
                10.546521234031488,
                36.650425750586656
              ],
              [
                10.546152235511604,
                36.65055529783343
              ],
              [
                10.545875609580992,
                36.650658693763454
              ],
              [
                10.545476149651252,
                36.65081358561958
              ],
              [
                10.545107646301759,
                36.650968074573186
              ],
              [
                10.544585846121677,
                36.65119940446866
              ],
              [
                10.544402092048939,
                36.65130159049734
              ],
              [
                10.544248796022043,
                36.65137843212901
              ],
              [
                10.544004119961274,
                36.651531312197775
              ],
              [
                10.543697527187915,
                36.6516849942624
              ],
              [
                10.543575188239586,
                36.651761433811245
              ],
              [
                10.543269588948405,
                36.65196500459738
              ],
              [
                10.543086329556358,
                36.65209213566812
              ],
              [
                10.542903566383247,
                36.6522442092607
              ],
              [
                10.542781725209338,
                36.65234559289974
              ],
              [
                10.542721800093998,
                36.652446174465325
              ],
              [
                10.542691339363863,
                36.65247152034642
              ],
              [
                10.542941998053337,
                36.652617981544566
              ],
              [
                10.543004912310618,
                36.65266706919673
              ],
              [
                10.54306732840712,
                36.65269121192757
              ],
              [
                10.543442821159735,
                36.65288595526843
              ],
              [
                10.543537193374698,
                36.652959586314296
              ],
              [
                10.543662524835279,
                36.65303281604046
              ],
              [
                10.543818815623931,
                36.65310564434712
              ],
              [
                10.543913187149567,
                36.65317927509463
              ],
              [
                10.544007560167323,
                36.65325290574523
              ],
              [
                10.544101933364706,
                36.6533265363159
              ],
              [
                10.54419730397758,
                36.653450056545665
              ],
              [
                10.544197802596434,
                36.65347500141497
              ],
              [
                10.544322635537972,
                36.65352328555474
              ],
              [
                10.54460476000828,
                36.65369428438247
              ],
              [
                10.544667676190482,
                36.65374337110202
              ],
              [
                10.54473059245252,
                36.65379245778604
              ],
              [
                10.544762549421156,
                36.65384194597587
              ],
              [
                10.544857421583124,
                36.65394052078389
              ],
              [
                10.544985251599204,
                36.65413847331224
              ],
              [
                10.54504966379695,
                36.65426239439834
              ],
              [
                10.5451130796584,
                36.65433642571566
              ],
              [
                10.545144538164795,
                36.65436096893307
              ],
              [
                10.545145536047265,
                36.654410858641654
              ],
              [
                10.545115075341133,
                36.65443620301995
              ],
              [
                10.545055151782297,
                36.65453678569258
              ],
              [
                10.544966263937129,
                36.654737549358856
              ],
              [
                10.544905842402889,
                36.654813187089424
              ],
              [
                10.544906341275025,
                36.65483813194468
              ],
              [
                10.54493779992772,
                36.65486267521146
              ],
              [
                10.545032174693041,
                36.65493630497554
              ],
              [
                10.545188470620978,
                36.65500913134094
              ],
              [
                10.54543864316307,
                36.65513063995484
              ],
              [
                10.545657857909557,
                36.65525255190668
              ],
              [
                10.545845114999352,
                36.65532497558954
              ],
              [
                10.546032871678005,
                36.65542234380829
              ],
              [
                10.546315005598911,
                36.655593340410014
              ],
              [
                10.546596641323308,
                36.655739391477596
              ],
              [
                10.546878778938376,
                36.65591038666091
              ],
              [
                10.547160416814428,
                36.65605643422074
              ],
              [
                10.54738013653549,
                36.656203287678686
              ],
              [
                10.54763081611034,
                36.65634973842276
              ],
              [
                10.54788099807666,
                36.656471243782896
              ],
              [
                10.548100219078997,
                36.65659315104802
              ],
              [
                10.548286981615615,
                36.65664062593557
              ],
              [
                10.548442783913014,
                36.65668850304891
              ],
              [
                10.548629045452852,
                36.65671103260163
              ],
              [
                10.548814808235921,
                36.65670861704202
              ],
              [
                10.548908189774274,
                36.656732351839416
              ],
              [
                10.54900157145239,
                36.65675609079078
              ],
              [
                10.549064492863222,
                36.65680517292363
              ],
              [
                10.549189334113985,
                36.65685345173624
              ],
              [
                10.549470981014023,
                36.65699949572125
              ],
              [
                10.549846011339172,
                36.65716927516666
              ],
              [
                10.550096196693621,
                36.65729077574515
              ],
              [
                10.55012765797117,
                36.65731531756847
              ],
              [
                10.550315424683623,
                36.65741267664656
              ],
              [
                10.550409808931782,
                36.65748630190615
              ],
              [
                10.550472731863703,
                36.657535385368135
              ],
              [
                10.550535154137409,
                36.65755952401727
              ],
              [
                10.55059807720783,
                36.65760860740914
              ],
              [
                10.550661000358105,
                36.657657690765475
              ],
              [
                10.550786346075979,
                36.65773091259793
              ],
              [
                10.550911692029095,
                36.65780413429194
              ],
              [
                10.551037038217451,
                36.657877355847496
              ],
              [
                10.551130922778917,
                36.65792603573114
              ],
              [
                10.551288229664056,
                36.658048743343954
              ],
              [
                10.551476500682268,
                36.658171047381536
              ],
              [
                10.551633310132251,
                36.65826880971259
              ],
              [
                10.551727696673167,
                36.65834243386287
              ],
              [
                10.551916470293998,
                36.65848968192352
              ],
              [
                10.552104740744728,
                36.658611984944244
              ],
              [
                10.552198626857397,
                36.658660663943145
              ],
              [
                10.552355438117289,
                36.65875842104163
              ],
              [
                10.552481288587874,
                36.658856585745916
              ],
              [
                10.55257567665043,
                36.65893020918085
              ],
              [
                10.55267006489266,
                36.6590038325358
              ],
              [
                10.552796417657337,
                36.65912694162882
              ],
              [
                10.552922269288283,
                36.65922510583367
              ],
              [
                10.552985696783294,
                36.65929913262392
              ],
              [
                10.553049121775986,
                36.65937315941084
              ],
              [
                10.55311255214192,
                36.65944718609176
              ],
              [
                10.553237900427641,
                36.65952040523265
              ],
              [
                10.55348910468456,
                36.659691787764075
              ],
              [
                10.553614456343013,
                36.659765006453526
              ],
              [
                10.553739808236719,
                36.65983822500452
              ],
              [
                10.553864658511008,
                36.65988649868889
              ],
              [
                10.553927585580526,
                36.65993558020776
              ],
              [
                10.554020972521048,
                36.65995931296755
              ],
              [
                10.554240211579485,
                36.66008120841238
              ],
              [
                10.554240713558883,
                36.66010615313526
              ],
              [
                10.554210758381602,
                36.660156446602834
              ],
              [
                10.554059964944793,
                36.660358024559045
              ],
              [
                10.554029504929323,
                36.6603833690657
              ],
              [
                10.554030508763798,
                36.6604332585138
              ],
              [
                10.55403101068196,
                36.66045820323769
              ],
              [
                10.554031512600742,
                36.66048314796147
              ],
              [
                10.554093938332704,
                36.66050728465058
              ],
              [
                10.554187827987398,
                36.66055596198175
              ],
              [
                10.554407069024876,
                36.660677857061266
              ],
              [
                10.554783132110382,
                36.66089750960429
              ],
              [
                10.555120198705255,
                36.66071844986181
              ],
              [
                10.555334920517717,
                36.660615840810415
              ],
              [
                10.555519184888865,
                36.660538580454926
              ],
              [
                10.555918171806812,
                36.66035870971527
              ],
              [
                10.556133899337391,
                36.660305988632395
              ],
              [
                10.556471962908054,
                36.660176814610196
              ],
              [
                10.556840989713125,
                36.66004723911531
              ],
              [
                10.557241479729525,
                36.659942198128675
              ],
              [
                10.557425740505117,
                36.65986493489702
              ],
              [
                10.557826226093928,
                36.65975989201574
              ],
              [
                10.558134331889914,
                36.65968100769396
              ],
              [
                10.558350559184055,
                36.659653227346176
              ],
              [
                10.558504863334187,
                36.65962625695257
              ],
              [
                10.558813972110867,
                36.6595972602778
              ],
              [
                10.559091618261135,
                36.65954372342364
              ],
              [
                10.559493107056925,
                36.6594885643525
              ],
              [
                10.559925559246562,
                36.65943299837902
              ],
              [
                10.560017939581261,
                36.65940683709239
              ],
              [
                10.560295584115453,
                36.65935329746478
              ],
              [
                10.560634644241755,
                36.6592740011699
              ],
              [
                10.561158465536622,
                36.659142379648614
              ],
              [
                10.561590410047138,
                36.65906186305725
              ],
              [
                10.561959924171926,
                36.65895721244524
              ],
              [
                10.562298983319165,
                36.65887791145268
              ],
              [
                10.562514701976808,
                36.65882517899637
              ],
              [
                10.562822291502567,
                36.65872133813899
              ],
              [
                10.563191804832941,
                36.65861668374163
              ],
              [
                10.56340701727635,
                36.65853900930534
              ],
              [
                10.563806477122887,
                36.65838405740488
              ],
              [
                10.564083104815362,
                36.65828061985613
              ],
              [
                10.564451603732671,
                36.6581260724095
              ],
              [
                10.564942425265007,
                36.65789506285134
              ],
              [
                10.565341881188068,
                36.65774010590098
              ],
              [
                10.565587543834864,
                36.65763707186755
              ],
              [
                10.56567991996726,
                36.65761090627655
              ],
              [
                10.56610881347545,
                36.6573807060545
              ],
              [
                10.566506746686924,
                36.65715091364365
              ],
              [
                10.567026997819326,
                36.65684465476805
              ],
              [
                10.567638609099152,
                36.6564623395557
              ],
              [
                10.56812839746171,
                36.65618142812767
              ],
              [
                10.568649144698517,
                36.655900106961106
              ],
              [
                10.569138419086899,
                36.6555942490729
              ],
              [
                10.56956627981718,
                36.65531414767423
              ],
              [
                10.57023927542211,
                36.6549060590694
              ],
              [
                10.570575771827793,
                36.654702012319504
              ],
              [
                10.570973167768027,
                36.654447258898394
              ],
              [
                10.571279208432799,
                36.65426856313449
              ],
              [
                10.571739535576953,
                36.65406288153115
              ],
              [
                10.57220036784176,
                36.65388214062043
              ],
              [
                10.572783504739215,
                36.65362492924252
              ],
              [
                10.573274782636846,
                36.65341883093495
              ],
              [
                10.573489969908671,
                36.65334113456639
              ],
              [
                10.573766057903164,
                36.65321273277038
              ],
              [
                10.574041636683193,
                36.653059383722926
              ],
              [
                10.574409581689588,
                36.65287986188159
              ],
              [
                10.574593299336426,
                36.6527776282925
              ],
              [
                10.575421034797927,
                36.65236746494581
              ],
              [
                10.576035621487474,
                36.65213477304325
              ],
              [
                10.576435024453946,
                36.651979779974425
              ],
              [
                10.576742060586646,
                36.651850959614464
              ],
              [
                10.577019150724324,
                36.65177243743072
              ],
              [
                10.57711151572374,
                36.651746263205766
              ],
              [
                10.577480975115837,
                36.651641567717625
              ],
              [
                10.57788139134543,
                36.65153645675756
              ],
              [
                10.578220400255695,
                36.651457113612956
              ],
              [
                10.578436086462192,
                36.65140435300193
              ],
              [
                10.57871317314905,
                36.65132582694976
              ],
              [
                10.579020712520338,
                36.651221945319016
              ],
              [
                10.579113076133668,
                36.651195769571046
              ],
              [
                10.578799420138564,
                36.65100031783046
              ],
              [
                10.578673555677032,
                36.65090218124518
              ],
              [
                10.578454813350266,
                36.6508052775332
              ],
              [
                10.578391369231841,
                36.65073126462665
              ],
              [
                10.578327925236275,
                36.65065725168247
              ],
              [
                10.57826499091816,
                36.65060818317656
              ],
              [
                10.57807669793431,
                36.650485921924
              ],
              [
                10.577825981148408,
                36.65033953608621
              ],
              [
                10.577669156295697,
                36.650241808535014
              ],
              [
                10.577542779975742,
                36.65011872837604
              ],
              [
                10.577573228008758,
                36.65009337174988
              ],
              [
                10.577724958764875,
                36.64994165670869
              ],
              [
                10.57778534525239,
                36.64986600310451
              ],
              [
                10.577815283754761,
                36.649815704049395
              ],
              [
                10.577936565677007,
                36.64968934121027
              ],
              [
                10.577996951765504,
                36.649613687505386
              ],
              [
                10.578149190216667,
                36.64948691432268
              ],
              [
                10.578269961551351,
                36.64933560668117
              ],
              [
                10.578299389999925,
                36.64926036303138
              ],
              [
                10.578360285009586,
                36.6492096557487
              ],
              [
                10.57835977540699,
                36.64918470915381
              ],
              [
                10.578419651163815,
                36.64908411288154
              ],
              [
                10.57857137826808,
                36.6489323947101
              ],
              [
                10.57869265759359,
                36.64880603114572
              ],
              [
                10.578782974471695,
                36.648680077868505
              ],
              [
                10.57887329631014,
                36.64855412445768
              ]
            ]
          ]
        },
        "sourcePagePaths": [
          [
            [
              601.0720825195312,
              205.22592163085938
            ],
            [
              602.5117797851562,
              206.66607666015625
            ],
            [
              602.8717041015625,
              206.66607666015625
            ],
            [
              603.2316284179688,
              206.66607666015625
            ],
            [
              603.9514770507812,
              206.66607666015625
            ],
            [
              608.2705688476562,
              213.86700439453125
            ],
            [
              607.5507202148438,
              214.22705078125
            ],
            [
              607.1907958984375,
              214.58709716796875
            ],
            [
              610.7900390625,
              219.62771606445312
            ],
            [
              610.4301147460938,
              219.62771606445312
            ],
            [
              611.5098876953125,
              221.06790161132812
            ],
            [
              611.5098876953125,
              220.70785522460938
            ],
            [
              612.9495849609375,
              219.98776245117188
            ],
            [
              613.66943359375,
              219.98776245117188
            ],
            [
              614.3892822265625,
              219.98776245117188
            ],
            [
              614.7492065429688,
              220.34780883789062
            ],
            [
              615.8289794921875,
              222.14804077148438
            ],
            [
              617.2686767578125,
              224.66836547851562
            ],
            [
              619.42822265625,
              227.90878295898438
            ],
            [
              620.5079956054688,
              229.34893798828125
            ],
            [
              621.2278442382812,
              230.4290771484375
            ],
            [
              622.3076171875,
              231.8692626953125
            ],
            [
              623.3873901367188,
              232.94940185546875
            ],
            [
              624.1072387695312,
              233.66949462890625
            ],
            [
              625.1869506835938,
              234.7496337890625
            ],
            [
              625.9067993164062,
              235.4697265625
            ],
            [
              628.0663452148438,
              238.71014404296875
            ],
            [
              629.5060424804688,
              240.51034545898438
            ],
            [
              630.5858154296875,
              242.31057739257812
            ],
            [
              631.3056640625,
              243.39071655273438
            ],
            [
              632.3854370117188,
              244.11080932617188
            ],
            [
              633.1052856445312,
              244.83090209960938
            ],
            [
              634.18505859375,
              246.27108764648438
            ],
            [
              635.2648315429688,
              247.71127319335938
            ],
            [
              636.3446044921875,
              249.15145874023438
            ],
            [
              638.8640747070312,
              253.47201538085938
            ],
            [
              635.624755859375,
              255.272216796875
            ],
            [
              624.1072387695312,
              260.3128662109375
            ],
            [
              612.229736328125,
              265.7135314941406
            ],
            [
              600.7122192382812,
              270.7541809082031
            ],
            [
              601.7919311523438,
              272.5544128417969
            ],
            [
              603.2316284179688,
              275.07470703125
            ],
            [
              608.2705688476562,
              282.275634765625
            ],
            [
              610.7900390625,
              286.23614501953125
            ],
            [
              614.0293579101562,
              291.2767639160156
            ],
            [
              616.9087524414062,
              295.2372741699219
            ],
            [
              619.0682983398438,
              298.1176452636719
            ],
            [
              622.3076171875,
              302.7982177734375
            ],
            [
              628.42626953125,
              311.7993469238281
            ],
            [
              632.3854370117188,
              317.5600891113281
            ],
            [
              636.3446044921875,
              323.32080078125
            ],
            [
              638.8640747070312,
              327.641357421875
            ],
            [
              641.383544921875,
              331.9619140625
            ],
            [
              644.6228637695312,
              337.7226257324219
            ],
            [
              646.7824096679688,
              341.32305908203125
            ],
            [
              650.0216674804688,
              347.08380126953125
            ],
            [
              650.381591796875,
              348.52398681640625
            ],
            [
              652.9010620117188,
              351.764404296875
            ],
            [
              656.5003051757812,
              356.44500732421875
            ],
            [
              660.8193969726562,
              361.8456726074219
            ],
            [
              663.3388671875,
              365.4461364746094
            ],
            [
              666.5781860351562,
              370.48675537109375
            ],
            [
              669.8175048828125,
              375.1673583984375
            ],
            [
              671.9769897460938,
              378.0477294921875
            ],
            [
              675.5762329101562,
              382.72833251953125
            ],
            [
              678.8155517578125,
              387.048828125
            ],
            [
              688.173583984375,
              396.4100341796875
            ],
            [
              692.49267578125,
              400.37054443359375
            ],
            [
              696.811767578125,
              404.3310241699219
            ],
            [
              698.2514038085938,
              406.1312561035156
            ],
            [
              698.9712524414062,
              406.8513488769531
            ],
            [
              699.3311767578125,
              407.2113952636719
            ],
            [
              699.6911010742188,
              407.5714416503906
            ],
            [
              699.6911010742188,
              408.6515808105469
            ],
            [
              699.6911010742188,
              409.3716735839844
            ],
            [
              699.6911010742188,
              411.1719055175781
            ],
            [
              698.9712524414062,
              413.69219970703125
            ],
            [
              698.611328125,
              417.29266357421875
            ],
            [
              697.8914794921875,
              421.253173828125
            ],
            [
              697.8914794921875,
              422.33331298828125
            ],
            [
              696.811767578125,
              428.0940246582031
            ],
            [
              696.4517822265625,
              432.4145812988281
            ],
            [
              695.7319946289062,
              437.4552001953125
            ],
            [
              694.6522216796875,
              445.01617431640625
            ],
            [
              694.2922973632812,
              448.61663818359375
            ],
            [
              693.932373046875,
              451.136962890625
            ],
            [
              692.8526000976562,
              456.17755126953125
            ],
            [
              691.7728271484375,
              461.93829345703125
            ],
            [
              688.8934326171875,
              474.8999328613281
            ],
            [
              688.5335083007812,
              477.4202575683594
            ],
            [
              688.5335083007812,
              479.2204895019531
            ],
            [
              688.173583984375,
              483.18096923828125
            ],
            [
              687.8136596679688,
              488.94171142578125
            ],
            [
              687.4537353515625,
              497.9428405761719
            ],
            [
              687.4537353515625,
              504.78369140625
            ],
            [
              686.3739624023438,
              513.0647583007812
            ],
            [
              686.3739624023438,
              520.2656860351562
            ],
            [
              686.0140380859375,
              525.3062744140625
            ],
            [
              687.0938110351562,
              537.1878051757812
            ],
            [
              687.4537353515625,
              540.0681762695312
            ],
            [
              690.6930541992188,
              558.0704345703125
            ],
            [
              692.49267578125,
              561.6708984375
            ],
            [
              692.8526000976562,
              562.3909912109375
            ],
            [
              683.4945678710938,
              562.7510375976562
            ],
            [
              681.6949462890625,
              562.7510375976562
            ],
            [
              679.1754760742188,
              562.3909912109375
            ],
            [
              677.3758544921875,
              562.3909912109375
            ],
            [
              675.21630859375,
              563.111083984375
            ],
            [
              671.9769897460938,
              563.111083984375
            ],
            [
              668.0178833007812,
              562.3909912109375
            ],
            [
              662.6190185546875,
              563.4711303710938
            ],
            [
              656.140380859375,
              563.4711303710938
            ],
            [
              649.6617431640625,
              563.4711303710938
            ],
            [
              644.6228637695312,
              562.3909912109375
            ],
            [
              633.4652099609375,
              557.350341796875
            ],
            [
              625.546875,
              554.1099243164062
            ],
            [
              615.4690551757812,
              549.4293212890625
            ],
            [
              608.2705688476562,
              546.9089965820312
            ],
            [
              601.7919311523438,
              545.4688720703125
            ],
            [
              591.3541870117188,
              544.388671875
            ],
            [
              579.4766845703125,
              543.6685791015625
            ],
            [
              573.3580322265625,
              543.30859375
            ],
            [
              567.5992431640625,
              542.9485473632812
            ],
            [
              558.2412109375,
              541.868408203125
            ],
            [
              546.7236938476562,
              541.1483154296875
            ],
            [
              540.2450561523438,
              541.868408203125
            ],
            [
              536.6458129882812,
              541.1483154296875
            ],
            [
              529.8072509765625,
              539.7081298828125
            ],
            [
              529.4473266601562,
              539.3480834960938
            ],
            [
              511.451171875,
              534.66748046875
            ],
            [
              489.85577392578125,
              529.2667846679688
            ],
            [
              484.09698486328125,
              527.466552734375
            ],
            [
              480.4977722167969,
              527.1065063476562
            ],
            [
              473.6592102050781,
              527.1065063476562
            ],
            [
              438.02679443359375,
              532.1471557617188
            ],
            [
              395.1959228515625,
              537.1878051757812
            ],
            [
              388.35736083984375,
              537.5478515625
            ],
            [
              384.3982238769531,
              536.8277587890625
            ],
            [
              382.5986022949219,
              536.8277587890625
            ],
            [
              381.5188293457031,
              536.4677124023438
            ],
            [
              378.6394348144531,
              533.9473876953125
            ],
            [
              347.68603515625,
              495.7825622558594
            ],
            [
              343.366943359375,
              490.38189697265625
            ],
            [
              335.0887145996094,
              489.66180419921875
            ],
            [
              285.7791748046875,
              495.42254638671875
            ],
            [
              281.8200378417969,
              496.14263916015625
            ],
            [
              279.6604919433594,
              493.26226806640625
            ],
            [
              277.5009460449219,
              490.38189697265625
            ],
            [
              266.7032470703125,
              478.5003967285156
            ],
            [
              260.2246398925781,
              470.57940673828125
            ],
            [
              250.8666229248047,
              456.53759765625
            ],
            [
              241.14869689941406,
              441.41571044921875
            ],
            [
              227.4716033935547,
              420.89312744140625
            ],
            [
              218.11358642578125,
              406.1312561035156
            ],
            [
              203.3567352294922,
              384.1684875488281
            ],
            [
              189.6796417236328,
              364.0059509277344
            ],
            [
              184.64071655273438,
              356.8050537109375
            ],
            [
              178.16209411621094,
              346.7237548828125
            ],
            [
              167.36439514160156,
              330.16168212890625
            ],
            [
              160.16592407226562,
              319.0002746582031
            ],
            [
              152.2476043701172,
              306.398681640625
            ],
            [
              147.568603515625,
              298.1176452636719
            ],
            [
              147.568603515625,
              297.3975524902344
            ],
            [
              146.12890625,
              294.8772277832031
            ],
            [
              146.12890625,
              294.5171813964844
            ],
            [
              153.6873016357422,
              289.8365783691406
            ],
            [
              161.60562133789062,
              283.7158203125
            ],
            [
              163.76516723632812,
              281.91558837890625
            ],
            [
              169.52392578125,
              277.955078125
            ],
            [
              178.16209411621094,
              271.4742736816406
            ],
            [
              186.08041381835938,
              265.7135314941406
            ],
            [
              193.2788848876953,
              260.3128662109375
            ],
            [
              201.1971893310547,
              254.91217041015625
            ],
            [
              205.15635681152344,
              252.391845703125
            ],
            [
              209.11550903320312,
              250.23159790039062
            ],
            [
              213.43458557128906,
              247.35122680664062
            ],
            [
              217.0338134765625,
              245.19094848632812
            ],
            [
              220.633056640625,
              242.670654296875
            ],
            [
              233.23037719726562,
              234.7496337890625
            ],
            [
              235.0299835205078,
              233.66949462890625
            ],
            [
              240.7887725830078,
              229.70901489257812
            ],
            [
              244.7479248046875,
              227.54873657226562
            ],
            [
              248.7070770263672,
              225.02841186523438
            ],
            [
              251.5864715576172,
              223.22817993164062
            ],
            [
              254.10592651367188,
              221.78799438476562
            ],
            [
              257.3452453613281,
              219.62771606445312
            ],
            [
              260.9444885253906,
              217.107421875
            ],
            [
              265.9833984375,
              213.5069580078125
            ],
            [
              268.50286865234375,
              211.70672607421875
            ],
            [
              264.90362548828125,
              208.10626220703125
            ],
            [
              262.7441101074219,
              205.94601440429688
            ],
            [
              259.5047912597656,
              203.78573608398438
            ],
            [
              256.9853210449219,
              201.98550415039062
            ],
            [
              255.54562377929688,
              201.26541137695312
            ],
            [
              253.02615356445312,
              199.82522583007812
            ],
            [
              250.8666229248047,
              198.74508666992188
            ],
            [
              247.26739501953125,
              196.94488525390625
            ],
            [
              238.98915100097656,
              191.90423583984375
            ],
            [
              229.63113403320312,
              186.86358642578125
            ],
            [
              227.11167907714844,
              185.42340087890625
            ],
            [
              224.5922088623047,
              184.34329223632812
            ],
            [
              220.27313232421875,
              182.54306030273438
            ],
            [
              217.0338134765625,
              181.10287475585938
            ],
            [
              212.3548126220703,
              178.94259643554688
            ],
            [
              208.03573608398438,
              176.78231811523438
            ],
            [
              201.9170379638672,
              173.54190063476562
            ],
            [
              199.75750732421875,
              172.10174560546875
            ],
            [
              197.9578857421875,
              171.0216064453125
            ],
            [
              195.0784912109375,
              168.861328125
            ],
            [
              191.47926330566406,
              166.7010498046875
            ],
            [
              190.03956604003906,
              165.62091064453125
            ],
            [
              186.44032287597656,
              162.74053955078125
            ],
            [
              184.28079223632812,
              160.9403076171875
            ],
            [
              182.12124633789062,
              158.78005981445312
            ],
            [
              180.6815643310547,
              157.33987426757812
            ],
            [
              179.9617156982422,
              155.89968872070312
            ],
            [
              179.60179138183594,
              155.53964233398438
            ],
            [
              182.48117065429688,
              153.37936401367188
            ],
            [
              183.20101928710938,
              152.65927124023438
            ],
            [
              183.92086791992188,
              152.29922485351562
            ],
            [
              188.2399444580078,
              149.41888427734375
            ],
            [
              189.31971740722656,
              148.3387451171875
            ],
            [
              190.75941467285156,
              147.25860595703125
            ],
            [
              192.5590362548828,
              146.178466796875
            ],
            [
              193.6387939453125,
              145.09832763671875
            ],
            [
              194.71856689453125,
              144.0181884765625
            ],
            [
              195.79833984375,
              142.93804931640625
            ],
            [
              196.87811279296875,
              141.1378173828125
            ],
            [
              196.87811279296875,
              140.77777099609375
            ],
            [
              198.3177947998047,
              140.05767822265625
            ],
            [
              201.55711364746094,
              137.53738403320312
            ],
            [
              202.27696228027344,
              136.81729125976562
            ],
            [
              202.99681091308594,
              136.09719848632812
            ],
            [
              203.3567352294922,
              135.37710571289062
            ],
            [
              204.43649291992188,
              133.93692016601562
            ],
            [
              205.87620544433594,
              131.05654907226562
            ],
            [
              206.59603881835938,
              129.25631713867188
            ],
            [
              207.31588745117188,
              128.17617797851562
            ],
            [
              207.67581176757812,
              127.81613159179688
            ],
            [
              207.67581176757812,
              127.09603881835938
            ],
            [
              207.31588745117188,
              126.73602294921875
            ],
            [
              206.59603881835938,
              125.29583740234375
            ],
            [
              205.51626586914062,
              122.41546630859375
            ],
            [
              204.7964324951172,
              121.3353271484375
            ],
            [
              204.7964324951172,
              120.97528076171875
            ],
            [
              205.15635681152344,
              120.615234375
            ],
            [
              206.23611450195312,
              119.53509521484375
            ],
            [
              208.03573608398438,
              118.4549560546875
            ],
            [
              210.9151153564453,
              116.65475463867188
            ],
            [
              213.43458557128906,
              114.85452270507812
            ],
            [
              215.59413146972656,
              113.77438354492188
            ],
            [
              217.75367736816406,
              112.33419799804688
            ],
            [
              220.99298095703125,
              109.81387329101562
            ],
            [
              224.23228454589844,
              107.65359497070312
            ],
            [
              227.4716033935547,
              105.13327026367188
            ],
            [
              230.71090698242188,
              102.9730224609375
            ],
            [
              233.23037719726562,
              100.812744140625
            ],
            [
              236.10975646972656,
              98.6524658203125
            ],
            [
              238.98915100097656,
              96.85223388671875
            ],
            [
              241.50860595703125,
              95.052001953125
            ],
            [
              243.66815185546875,
              94.3319091796875
            ],
            [
              245.4677734375,
              93.61181640625
            ],
            [
              247.62730407714844,
              93.25177001953125
            ],
            [
              249.78684997558594,
              93.25177001953125
            ],
            [
              250.8666229248047,
              92.89175415039062
            ],
            [
              251.94639587402344,
              92.53167724609375
            ],
            [
              252.66624450683594,
              91.81161499023438
            ],
            [
              254.10592651367188,
              91.09152221679688
            ],
            [
              257.3452453613281,
              88.93124389648438
            ],
            [
              261.6643371582031,
              86.41091918945312
            ],
            [
              264.543701171875,
              84.61068725585938
            ],
            [
              264.90362548828125,
              84.25064086914062
            ],
            [
              267.06317138671875,
              82.81048583984375
            ],
            [
              268.1429443359375,
              81.7303466796875
            ],
            [
              268.86279296875,
              81.01025390625
            ],
            [
              269.5826416015625,
              80.65020751953125
            ],
            [
              270.302490234375,
              79.93011474609375
            ],
            [
              271.0223388671875,
              79.21002197265625
            ],
            [
              272.4620361328125,
              78.1298828125
            ],
            [
              273.9017333984375,
              77.04974365234375
            ],
            [
              275.3414306640625,
              75.9696044921875
            ],
            [
              276.42120361328125,
              75.24951171875
            ],
            [
              278.2207946777344,
              73.44927978515625
            ],
            [
              280.3803405761719,
              71.6490478515625
            ],
            [
              282.1799621582031,
              70.2088623046875
            ],
            [
              283.2597351074219,
              69.12872314453125
            ],
            [
              285.4192810058594,
              66.96844482421875
            ],
            [
              287.57879638671875,
              65.168212890625
            ],
            [
              288.6585693359375,
              64.4481201171875
            ],
            [
              290.45819091796875,
              63.00799560546875
            ],
            [
              291.89788818359375,
              61.56781005859375
            ],
            [
              292.9776611328125,
              60.4876708984375
            ],
            [
              294.05743408203125,
              59.40753173828125
            ],
            [
              295.49713134765625,
              57.6072998046875
            ],
            [
              296.93682861328125,
              56.1671142578125
            ],
            [
              297.65667724609375,
              55.08697509765625
            ],
            [
              298.3764953613281,
              54.0068359375
            ],
            [
              299.09637451171875,
              52.92669677734375
            ],
            [
              300.5360412597656,
              51.8465576171875
            ],
            [
              303.4154357910156,
              49.32623291015625
            ],
            [
              304.8551330566406,
              48.24609375
            ],
            [
              306.2948303222656,
              47.16595458984375
            ],
            [
              307.7345275878906,
              46.44586181640625
            ],
            [
              308.4543762207031,
              45.72576904296875
            ],
            [
              309.5341491699219,
              45.36572265625
            ],
            [
              312.0535888671875,
              43.56549072265625
            ],
            [
              312.0535888671875,
              43.2054443359375
            ],
            [
              311.6936950683594,
              42.4853515625
            ],
            [
              309.8940734863281,
              39.60498046875
            ],
            [
              309.5341491699219,
              39.2449951171875
            ],
            [
              309.5341491699219,
              38.52490234375
            ],
            [
              309.5341491699219,
              38.16485595703125
            ],
            [
              309.5341491699219,
              37.8048095703125
            ],
            [
              310.2539978027344,
              37.44476318359375
            ],
            [
              311.3337707519531,
              36.72467041015625
            ],
            [
              313.85321044921875,
              34.9244384765625
            ],
            [
              318.17230224609375,
              31.68402099609375
            ],
            [
              322.1314697265625,
              34.204345703125
            ],
            [
              324.6509094238281,
              35.64453125
            ],
            [
              326.8104553222656,
              36.72467041015625
            ],
            [
              331.4894714355469,
              39.2449951171875
            ],
            [
              334.0089416503906,
              39.965087890625
            ],
            [
              337.96807861328125,
              41.76531982421875
            ],
            [
              342.28717041015625,
              43.56549072265625
            ],
            [
              346.9661865234375,
              45.00567626953125
            ],
            [
              349.125732421875,
              46.0858154296875
            ],
            [
              353.8047180175781,
              47.5260009765625
            ],
            [
              357.4039611816406,
              48.60614013671875
            ],
            [
              359.9234313964844,
              48.9661865234375
            ],
            [
              361.7230529785156,
              49.32623291015625
            ],
            [
              365.322265625,
              49.686279296875
            ],
            [
              368.56158447265625,
              50.4063720703125
            ],
            [
              373.2405700683594,
              51.12646484375
            ],
            [
              378.2795104980469,
              51.8465576171875
            ],
            [
              379.3592834472656,
              52.20660400390625
            ],
            [
              382.5986022949219,
              52.92669677734375
            ],
            [
              386.5577392578125,
              54.0068359375
            ],
            [
              392.67645263671875,
              55.80706787109375
            ],
            [
              397.71539306640625,
              56.88720703125
            ],
            [
              402.0344543457031,
              58.327392578125
            ],
            [
              405.9936218261719,
              59.40753173828125
            ],
            [
              408.5130920410156,
              60.12762451171875
            ],
            [
              412.1123046875,
              61.56781005859375
            ],
            [
              416.431396484375,
              63.00799560546875
            ],
            [
              418.95086669921875,
              64.08807373046875
            ],
            [
              423.6298522949219,
              66.24835205078125
            ],
            [
              426.8691711425781,
              67.68853759765625
            ],
            [
              431.1882629394531,
              69.84881591796875
            ],
            [
              436.947021484375,
              73.0892333984375
            ],
            [
              441.62603759765625,
              75.24951171875
            ],
            [
              444.50543212890625,
              76.689697265625
            ],
            [
              445.585205078125,
              77.04974365234375
            ],
            [
              450.6241149902344,
              80.2901611328125
            ],
            [
              455.3031311035156,
              83.53054809570312
            ],
            [
              461.42181396484375,
              87.85110473632812
            ],
            [
              468.62030029296875,
              93.25177001953125
            ],
            [
              474.3790588378906,
              97.2122802734375
            ],
            [
              480.4977722167969,
              101.17279052734375
            ],
            [
              486.25653076171875,
              105.49331665039062
            ],
            [
              491.29547119140625,
              109.45382690429688
            ],
            [
              499.2137756347656,
              115.21453857421875
            ],
            [
              503.1729431152344,
              118.09490966796875
            ],
            [
              507.8519287109375,
              121.69537353515625
            ],
            [
              511.451171875,
              124.2156982421875
            ],
            [
              516.8500366210938,
              127.09603881835938
            ],
            [
              522.2489013671875,
              129.61636352539062
            ],
            [
              529.08740234375,
              133.21682739257812
            ],
            [
              534.84619140625,
              136.09719848632812
            ],
            [
              537.3656616210938,
              137.17733764648438
            ],
            [
              540.60498046875,
              138.9775390625
            ],
            [
              543.8442993164062,
              141.1378173828125
            ],
            [
              548.1633911132812,
              143.65814208984375
            ],
            [
              550.3229370117188,
              145.09832763671875
            ],
            [
              560.0408325195312,
              150.85903930664062
            ],
            [
              567.2393188476562,
              154.09945678710938
            ],
            [
              571.9183349609375,
              156.25973510742188
            ],
            [
              575.517578125,
              158.05996704101562
            ],
            [
              578.7568359375,
              159.14010620117188
            ],
            [
              579.8366088867188,
              159.50015258789062
            ],
            [
              584.1557006835938,
              160.9403076171875
            ],
            [
              588.834716796875,
              162.38052368164062
            ],
            [
              592.7938842773438,
              163.46063232421875
            ],
            [
              595.3133544921875,
              164.18072509765625
            ],
            [
              598.5526123046875,
              165.2608642578125
            ],
            [
              602.15185546875,
              166.7010498046875
            ],
            [
              603.2316284179688,
              167.06109619140625
            ],
            [
              599.6323852539062,
              169.94146728515625
            ],
            [
              598.1927490234375,
              171.38165283203125
            ],
            [
              595.6732788085938,
              172.82180786132812
            ],
            [
              594.9534301757812,
              173.90194702148438
            ],
            [
              594.2335815429688,
              174.98208618164062
            ],
            [
              593.5137329101562,
              175.70217895507812
            ],
            [
              591.3541870117188,
              177.50241088867188
            ],
            [
              588.4747924804688,
              179.66268920898438
            ],
            [
              586.6751708984375,
              181.10287475585938
            ],
            [
              585.2354736328125,
              182.903076171875
            ],
            [
              585.5953979492188,
              183.26315307617188
            ],
            [
              587.39501953125,
              185.42340087890625
            ],
            [
              588.1148681640625,
              186.5035400390625
            ],
            [
              588.4747924804688,
              187.2236328125
            ],
            [
              589.9144897460938,
              189.02386474609375
            ],
            [
              590.6343383789062,
              190.10400390625
            ],
            [
              592.4339599609375,
              191.90423583984375
            ],
            [
              593.8736572265625,
              194.06451416015625
            ],
            [
              594.2335815429688,
              195.1446533203125
            ],
            [
              594.9534301757812,
              195.86471557617188
            ],
            [
              594.9534301757812,
              196.22479248046875
            ],
            [
              595.6732788085938,
              197.66494750976562
            ],
            [
              597.472900390625,
              199.82522583007812
            ],
            [
              598.91259765625,
              201.62545776367188
            ],
            [
              599.9923095703125,
              203.42568969726562
            ],
            [
              601.0720825195312,
              205.22592163085938
            ]
          ]
        ],
        "geometryHash": "01178895862a189f4be420ef3f8699adf9e5d6cca93e0eaf5a3f1bd4b7bf210a",
        "joiningReview": {
          "paths": 1,
          "allSourceSegmentsPreserved": true,
          "addedConnectorSegments": 0,
          "exactEndpointMatches": true,
          "explicitlyClosedCombinedPath": true,
          "originalSegmentCount": 411,
          "joinedSegmentCount": 411,
          "originalAndJoinedEdgeMultiplicityEqual": true,
          "sourcePathEndpoints": [
            {
              "first": [
                601.0720825195312,
                205.22592163085938
              ],
              "last": [
                601.0720825195312,
                205.22592163085938
              ]
            }
          ]
        },
        "repair": {
          "applied": false
        },
        "clipReview": {
          "outsideViewportAreaPoints2": 0.0,
          "distanceFromViewportPoints": 26.643310546875004,
          "activeClips": [
            {
              "sequence": 337,
              "outsideActiveClipAreasPoints2": [
                0.0,
                0.0
              ]
            }
          ]
        },
        "manualIdentityQualification": "Title and in-map red Zaouiet Jdidi label identify the single complete target ring west of the Beni Khalled town-side eastern boundary. The Beni Khalled Joufia text label extends across that boundary; the whole page distinguishes the two, so incidental other-label containment does not change identity. The southern farming extension of the old source lies in the separately published Beni Khalled Keblia sector.",
        "labelCenterContainmentPassed": true,
        "insideTargetLabels": [
          {
            "text": "يدﯾدﺟﻟا ﺔﯾواز",
            "normalizedForward": "يديدجلاةيواز",
            "normalizedReverse": "زاويةالجديدي",
            "colors": [
              15073280
            ],
            "bounds": [
              194.71856689453125,
              286.5513916015625,
              340.167724609375,
              339.8359375
            ],
            "point": [
              267.4431457519531,
              313.19366455078125
            ]
          }
        ],
        "visualReview": "full official PDF page inspected, including neighboring labels and legend",
        "sourceAssertion": {
          "id": "osm:relation:7103676",
          "expectedKind": "sector",
          "expectedTags": {
            "admin_level": "6",
            "boundary": "administrative",
            "name": "زاوية الجديدي",
            "name:ar": "زاوية الجديدي",
            "name:fr": "Zaouiet Jdidi",
            "ref:tn:codegeo": "156353"
          }
        },
        "currentOfficialIdentity": {
          "governorateCode": "15",
          "governorateFr": "Nabeul",
          "governorateAr": "نابل",
          "delegationCode": "1563",
          "delegationFr": "Beni khalled",
          "delegationAr": "بني خلاد",
          "sectorCode": "156353",
          "sectorFr": "Zaouiet djedidi",
          "sectorAr": "زاوية الجديدي",
          "sourceRows": {
            "Population_Secteur_Age_Sexe_Dynamique.xlsx": 13805,
            "Nombre_de_Logements_par_Secteurs.xlsx": 562,
            "Nombre_de_menages_par_Secteurs.xlsx": 561
          }
        },
        "officialRegistrySha256": "23b3ee87c07971eb48b456799833f1996ade5d0bdc10d7bf6b0e3bf6798c9eec",
        "validation": {
          "valid": true,
          "countryFullyContains": true,
          "areaMeters2": 11144115.312433423,
          "boundsWgs84": [
            10.539619804655176,
            36.62366415593796,
            10.587067507449417,
            36.66089750960429
          ],
          "quantizedValid": true,
          "quantizedPartCount": 1,
          "quantizedAreaMeters2": 11144086.88997672
        },
        "osmComparison": {
          "iou": 0.3732686645011774,
          "officialCoveredByOsm": 0.9782180479960043,
          "osmCoveredByOfficial": 0.37639711250740304,
          "oldAreaMeters2": 28962429.214588076,
          "newAreaMeters2": 11144115.312433423,
          "hausdorffMeters": 6475.095949984311
        }
      },
      "geometry": {
        "type": "Polygon",
        "coordinates": [
          [
            [
              10.57887329631014,
              36.64855412445768
            ],
            [
              10.57899508435354,
              36.64845270719458
            ],
            [
              10.579026041063786,
              36.648452296807456
            ],
            [
              10.579056997773407,
              36.6484518864123
            ],
            [
              10.579118911190765,
              36.64845106559785
            ],
            [
              10.57948019356708,
              36.64794725061088
            ],
            [
              10.579417770686572,
              36.64792312713032
            ],
            [
              10.579386304327345,
              36.64789859314054
            ],
            [
              10.579688729705204,
              36.64754526746761
            ],
            [
              10.579657773367872,
              36.647545678018254
            ],
            [
              10.579748602474053,
              36.64744466845813
            ],
            [
              10.579749112449097,
              36.64746961292931
            ],
            [
              10.5798739576992,
              36.647517859525436
            ],
            [
              10.579935870344508,
              36.647517038304244
            ],
            [
              10.579997782987308,
              36.64751621705089
            ],
            [
              10.580028229241693,
              36.64749086194455
            ],
            [
              10.580118547698776,
              36.647364907647066
            ],
            [
              10.580238801815597,
              36.647188653662056
            ],
            [
              10.580419947254933,
              36.64696168917002
            ],
            [
              10.580510774729204,
              36.646860681173685
            ],
            [
              10.580571156143375,
              36.64678502624234
            ],
            [
              10.580661983173579,
              36.64668401602321
            ],
            [
              10.580753320251677,
              36.64660795020156
            ],
            [
              10.580814211537323,
              36.64655723961675
            ],
            [
              10.58090554306674,
              36.64648117375365
            ],
            [
              10.580966434152893,
              36.64643046309475
            ],
            [
              10.581147575721205,
              36.64620349756202
            ],
            [
              10.581268846666505,
              36.64607713363637
            ],
            [
              10.58135916150143,
              36.645951178457395
            ],
            [
              10.581419541392162,
              36.64587552312176
            ],
            [
              10.581511387290574,
              36.6458244012068
            ],
            [
              10.581572277466586,
              36.645773690254714
            ],
            [
              10.581663102021444,
              36.64567267931548
            ],
            [
              10.581753926341309,
              36.64557166831104
            ],
            [
              10.581844750426182,
              36.64547065724137
            ],
            [
              10.582055310571228,
              36.64516844595099
            ],
            [
              10.58177415951005,
              36.64504742577887
            ],
            [
              10.580776451000832,
              36.644711353345485
            ],
            [
              10.57974728071845,
              36.64435074056848
            ],
            [
              10.578749589492036,
              36.64401465068526
            ],
            [
              10.57883990096776,
              36.64388869740396
            ],
            [
              10.578960152977317,
              36.64371244678541
            ],
            [
              10.579383324620439,
              36.64320781154972
            ],
            [
              10.57959439855395,
              36.64293054891031
            ],
            [
              10.579865850024396,
              36.64257763347224
            ],
            [
              10.58010787479163,
              36.64229995942281
            ],
            [
              10.580289519751124,
              36.64209793970394
            ],
            [
              10.580561475339548,
              36.641769967265645
            ],
            [
              10.581074930931441,
              36.641139373934415
            ],
            [
              10.581407255934586,
              36.64073574240255
            ],
            [
              10.581739577555556,
              36.64033211211468
            ],
            [
              10.58195012487144,
              36.640029901086166
            ],
            [
              10.582160670571715,
              36.639727689710256
            ],
            [
              10.582431078033375,
              36.63932487984626
            ],
            [
              10.582611688649413,
              36.63907296997158
            ],
            [
              10.582882086268972,
              36.63867015710795
            ],
            [
              10.582910995683102,
              36.63856996792399
            ],
            [
              10.583123066481079,
              36.638342588370776
            ],
            [
              10.583425949621525,
              36.638014196324875
            ],
            [
              10.583789712725896,
              36.637635093704255
            ],
            [
              10.584001267261431,
              36.637382768213755
            ],
            [
              10.58427267971467,
              36.63702984336718
            ],
            [
              10.584544601005636,
              36.63670186028585
            ],
            [
              10.584726216269592,
              36.63649983428249
            ],
            [
              10.585029085525587,
              36.63617143839949
            ],
            [
              10.585301512298486,
              36.63586840237709
            ],
            [
              10.586092946366398,
              36.63520913467131
            ],
            [
              10.586458730987808,
              36.63492980002359
            ],
            [
              10.586824513006304,
              36.63465046641784
            ],
            [
              10.586945751754058,
              36.63452409509144
            ],
            [
              10.587006629641612,
              36.634473381568675
            ],
            [
              10.587037068555484,
              36.63444802479617
            ],
            [
              10.587067507449417,
              36.63442266801626
            ],
            [
              10.587065971175061,
              36.63434783470323
            ],
            [
              10.587064946995307,
              36.63429794582732
            ],
            [
              10.58706238655694,
              36.634173223635585
            ],
            [
              10.586996900398042,
              36.633999439340215
            ],
            [
              10.586960829103214,
              36.63375040724917
            ],
            [
              10.586893295440806,
              36.63347684298412
            ],
            [
              10.586891759387768,
              36.633402009652855
            ],
            [
              10.58679072125576,
              36.63300413739808
            ],
            [
              10.586753622037621,
              36.632705216350296
            ],
            [
              10.586684559651344,
              36.63235682057414
            ],
            [
              10.586580959407376,
              36.63183422370321
            ],
            [
              10.586544890716112,
              36.63158519134213
            ],
            [
              10.586510357853866,
              36.631410992325655
            ],
            [
              10.586410343083102,
              36.63106301061236
            ],
            [
              10.58630930562318,
              36.63066513562043
            ],
            [
              10.58604328903492,
              36.62977043355441
            ],
            [
              10.586008758258961,
              36.629596234294446
            ],
            [
              10.586006199960414,
              36.62947151194022
            ],
            [
              10.585969622899379,
              36.62919753688015
            ],
            [
              10.585930487975793,
              36.62879883730325
            ],
            [
              10.585886749189738,
              36.628175639494756
            ],
            [
              10.585877029031733,
              36.627701696506975
            ],
            [
              10.585772418541085,
              36.62712920929008
            ],
            [
              10.585762187882805,
              36.62663031959241
            ],
            [
              10.585724078917671,
              36.62628151292917
            ],
            [
              10.585800041734888,
              36.6254571090116
            ],
            [
              10.585826896949415,
              36.625257141152666
            ],
            [
              10.586079843186935,
              36.62400621311452
            ],
            [
              10.586229461041542,
              36.62375470814833
            ],
            [
              10.586259384498561,
              36.623704407134134
            ],
            [
              10.58545425864029,
              36.623690172779504
            ],
            [
              10.585299525086533,
              36.62369223179876
            ],
            [
              10.585083409338322,
              36.62372005859476
            ],
            [
              10.58492867569704,
              36.62372211713387
            ],
            [
              10.584741973019707,
              36.623674698094455
            ],
            [
              10.584463452571239,
              36.62367840251821
            ],
            [
              10.584124065757068,
              36.62373281822986
            ],
            [
              10.583658332110568,
              36.62366415593796
            ],
            [
              10.5831012909465,
              36.623671559066885
            ],
            [
              10.582544249579088,
              36.6236789595929
            ],
            [
              10.582112531178451,
              36.62375954731519
            ],
            [
              10.581160320380043,
              36.624121506851814
            ],
            [
              10.580484075445616,
              36.62435504162757
            ],
            [
              10.57962418667858,
              36.62469081290853
            ],
            [
              10.579008807834208,
              36.62487362971434
            ],
            [
              10.578453793188745,
              36.624980785411296
            ],
            [
              10.577557852253838,
              36.625067510491625
            ],
            [
              10.576537605495282,
              36.62513091826928
            ],
            [
              10.576012012810809,
              36.6251628192911
            ],
            [
              10.57551736190508,
              36.625194313048155
            ],
            [
              10.574714251582465,
              36.625279784900876
            ],
            [
              10.573724951594182,
              36.62534275958021
            ],
            [
              10.573166880795284,
              36.62530022727195
            ],
            [
              10.57285842008958,
              36.625354202643415
            ],
            [
              10.572272444917296,
              36.62546174260591
            ],
            [
              10.572242004451194,
              36.62548709567267
            ],
            [
              10.57070121419074,
              36.62583178676272
            ],
            [
              10.568851942170529,
              36.62623042336484
            ],
            [
              10.568359304094919,
              36.62636166639644
            ],
            [
              10.568050332181622,
              36.62639068475358
            ],
            [
              10.567462319152874,
              36.62639842256126
            ],
            [
              10.564391401155625,
              36.626089467160554
            ],
            [
              10.560701549248325,
              36.62578854184351
            ],
            [
              10.560113035482859,
              36.62577129847903
            ],
            [
              10.559773617244524,
              36.62582564544128
            ],
            [
              10.559618877513133,
              36.625827671211944
            ],
            [
              10.559526536724599,
              36.625853831381775
            ],
            [
              10.559282473890951,
              36.62603168565156
            ],
            [
              10.556674177180579,
              36.628710635818535
            ],
            [
              10.556310318508563,
              36.62908965832098
            ],
            [
              10.555599490755759,
              36.629148844859586
            ],
            [
              10.551351426245555,
              36.62880501577092
            ],
            [
              10.551009986240114,
              36.62875955862661
            ],
            [
              10.550828293222608,
              36.62896153518979
            ],
            [
              10.55064659926551,
              36.62916351149156
            ],
            [
              10.549734618106152,
              36.6299987726163
            ],
            [
              10.549188520611422,
              36.63055480404321
            ],
            [
              10.548403304978114,
              36.631538117151415
            ],
            [
              10.547588618072998,
              36.632596657977615
            ],
            [
              10.546440930003607,
              36.63403378754815
            ],
            [
              10.545656642542658,
              36.63506697138502
            ],
            [
              10.544418020436346,
              36.63660506709383
            ],
            [
              10.543269717528045,
              36.63801722301384
            ],
            [
              10.542846333988628,
              36.638521733095246
            ],
            [
              10.542303113093924,
              36.63922740658762
            ],
            [
              10.541397391924445,
              36.64038688970021
            ],
            [
              10.540793728276263,
              36.641168190545194
            ],
            [
              10.540130131639277,
              36.642050068837946
            ],
            [
              10.539739151966566,
              36.642629003205315
            ],
            [
              10.539740145937511,
              36.642678893139475
            ],
            [
              10.539619804655176,
              36.64285510836284
            ],
            [
              10.539620301605948,
              36.64288005333043
            ],
            [
              10.540276819582015,
              36.64319593397406
            ],
            [
              10.540966287678504,
              36.64361118808741
            ],
            [
              10.541154506970612,
              36.64373350994281
            ],
            [
              10.54165526421863,
              36.6440014951992
            ],
            [
              10.54240715591778,
              36.64444088420463
            ],
            [
              10.543096148286393,
              36.64483118256515
            ],
            [
              10.543722737303431,
              36.645197332116105
            ],
            [
              10.544411243059006,
              36.64556267761875
            ],
            [
              10.544755250329185,
              36.64573287634701
            ],
            [
              10.545098758964546,
              36.64587812705328
            ],
            [
              10.545474222932487,
              36.646072866975075
            ],
            [
              10.545786778112513,
              36.64621851938231
            ],
            [
              10.546099834824176,
              36.64638911368323
            ],
            [
              10.547194292921441,
              36.646923832242145
            ],
            [
              10.547350572997972,
              36.64699665621441
            ],
            [
              10.547851374903429,
              36.647264612119265
            ],
            [
              10.54819489598356,
              36.64740985567419
            ],
            [
              10.548538918240288,
              36.64758004304705
            ],
            [
              10.54878907268273,
              36.64770154730708
            ],
            [
              10.549007769617164,
              36.64779850878973
            ],
            [
              10.549289382577621,
              36.647944554204685
            ],
            [
              10.549602453810817,
              36.64811513890164
            ],
            [
              10.550040853347765,
              36.648358947990324
            ],
            [
              10.550260055454046,
              36.64848085188417
            ],
            [
              10.549955487823073,
              36.648734328858545
            ],
            [
              10.549772748869168,
              36.64888641253835
            ],
            [
              10.549497134471519,
              36.64903970630402
            ],
            [
              10.549282933680722,
              36.649167249304995
            ],
            [
              10.549160104214938,
              36.649218749571496
            ],
            [
              10.548945402285389,
              36.649321347156594
            ],
            [
              10.548761158618596,
              36.64939859698543
            ],
            [
              10.548454084088254,
              36.64952734398077
            ],
            [
              10.547749056345298,
              36.6498858261375
            ],
            [
              10.5469511482697,
              36.65024551050621
            ],
            [
              10.54673644177425,
              36.65034810421014
            ],
            [
              10.546521234031488,
              36.650425750586656
            ],
            [
              10.546152235511604,
              36.65055529783343
            ],
            [
              10.545875609580992,
              36.650658693763454
            ],
            [
              10.545476149651252,
              36.65081358561958
            ],
            [
              10.545107646301759,
              36.650968074573186
            ],
            [
              10.544585846121677,
              36.65119940446866
            ],
            [
              10.544402092048939,
              36.65130159049734
            ],
            [
              10.544248796022043,
              36.65137843212901
            ],
            [
              10.544004119961274,
              36.651531312197775
            ],
            [
              10.543697527187915,
              36.6516849942624
            ],
            [
              10.543575188239586,
              36.651761433811245
            ],
            [
              10.543269588948405,
              36.65196500459738
            ],
            [
              10.543086329556358,
              36.65209213566812
            ],
            [
              10.542903566383247,
              36.6522442092607
            ],
            [
              10.542781725209338,
              36.65234559289974
            ],
            [
              10.542721800093998,
              36.652446174465325
            ],
            [
              10.542691339363863,
              36.65247152034642
            ],
            [
              10.542941998053337,
              36.652617981544566
            ],
            [
              10.543004912310618,
              36.65266706919673
            ],
            [
              10.54306732840712,
              36.65269121192757
            ],
            [
              10.543442821159735,
              36.65288595526843
            ],
            [
              10.543537193374698,
              36.652959586314296
            ],
            [
              10.543662524835279,
              36.65303281604046
            ],
            [
              10.543818815623931,
              36.65310564434712
            ],
            [
              10.543913187149567,
              36.65317927509463
            ],
            [
              10.544007560167323,
              36.65325290574523
            ],
            [
              10.544101933364706,
              36.6533265363159
            ],
            [
              10.54419730397758,
              36.653450056545665
            ],
            [
              10.544197802596434,
              36.65347500141497
            ],
            [
              10.544322635537972,
              36.65352328555474
            ],
            [
              10.54460476000828,
              36.65369428438247
            ],
            [
              10.544667676190482,
              36.65374337110202
            ],
            [
              10.54473059245252,
              36.65379245778604
            ],
            [
              10.544762549421156,
              36.65384194597587
            ],
            [
              10.544857421583124,
              36.65394052078389
            ],
            [
              10.544985251599204,
              36.65413847331224
            ],
            [
              10.54504966379695,
              36.65426239439834
            ],
            [
              10.5451130796584,
              36.65433642571566
            ],
            [
              10.545144538164795,
              36.65436096893307
            ],
            [
              10.545145536047265,
              36.654410858641654
            ],
            [
              10.545115075341133,
              36.65443620301995
            ],
            [
              10.545055151782297,
              36.65453678569258
            ],
            [
              10.544966263937129,
              36.654737549358856
            ],
            [
              10.544905842402889,
              36.654813187089424
            ],
            [
              10.544906341275025,
              36.65483813194468
            ],
            [
              10.54493779992772,
              36.65486267521146
            ],
            [
              10.545032174693041,
              36.65493630497554
            ],
            [
              10.545188470620978,
              36.65500913134094
            ],
            [
              10.54543864316307,
              36.65513063995484
            ],
            [
              10.545657857909557,
              36.65525255190668
            ],
            [
              10.545845114999352,
              36.65532497558954
            ],
            [
              10.546032871678005,
              36.65542234380829
            ],
            [
              10.546315005598911,
              36.655593340410014
            ],
            [
              10.546596641323308,
              36.655739391477596
            ],
            [
              10.546878778938376,
              36.65591038666091
            ],
            [
              10.547160416814428,
              36.65605643422074
            ],
            [
              10.54738013653549,
              36.656203287678686
            ],
            [
              10.54763081611034,
              36.65634973842276
            ],
            [
              10.54788099807666,
              36.656471243782896
            ],
            [
              10.548100219078997,
              36.65659315104802
            ],
            [
              10.548286981615615,
              36.65664062593557
            ],
            [
              10.548442783913014,
              36.65668850304891
            ],
            [
              10.548629045452852,
              36.65671103260163
            ],
            [
              10.548814808235921,
              36.65670861704202
            ],
            [
              10.548908189774274,
              36.656732351839416
            ],
            [
              10.54900157145239,
              36.65675609079078
            ],
            [
              10.549064492863222,
              36.65680517292363
            ],
            [
              10.549189334113985,
              36.65685345173624
            ],
            [
              10.549470981014023,
              36.65699949572125
            ],
            [
              10.549846011339172,
              36.65716927516666
            ],
            [
              10.550096196693621,
              36.65729077574515
            ],
            [
              10.55012765797117,
              36.65731531756847
            ],
            [
              10.550315424683623,
              36.65741267664656
            ],
            [
              10.550409808931782,
              36.65748630190615
            ],
            [
              10.550472731863703,
              36.657535385368135
            ],
            [
              10.550535154137409,
              36.65755952401727
            ],
            [
              10.55059807720783,
              36.65760860740914
            ],
            [
              10.550661000358105,
              36.657657690765475
            ],
            [
              10.550786346075979,
              36.65773091259793
            ],
            [
              10.550911692029095,
              36.65780413429194
            ],
            [
              10.551037038217451,
              36.657877355847496
            ],
            [
              10.551130922778917,
              36.65792603573114
            ],
            [
              10.551288229664056,
              36.658048743343954
            ],
            [
              10.551476500682268,
              36.658171047381536
            ],
            [
              10.551633310132251,
              36.65826880971259
            ],
            [
              10.551727696673167,
              36.65834243386287
            ],
            [
              10.551916470293998,
              36.65848968192352
            ],
            [
              10.552104740744728,
              36.658611984944244
            ],
            [
              10.552198626857397,
              36.658660663943145
            ],
            [
              10.552355438117289,
              36.65875842104163
            ],
            [
              10.552481288587874,
              36.658856585745916
            ],
            [
              10.55257567665043,
              36.65893020918085
            ],
            [
              10.55267006489266,
              36.6590038325358
            ],
            [
              10.552796417657337,
              36.65912694162882
            ],
            [
              10.552922269288283,
              36.65922510583367
            ],
            [
              10.552985696783294,
              36.65929913262392
            ],
            [
              10.553049121775986,
              36.65937315941084
            ],
            [
              10.55311255214192,
              36.65944718609176
            ],
            [
              10.553237900427641,
              36.65952040523265
            ],
            [
              10.55348910468456,
              36.659691787764075
            ],
            [
              10.553614456343013,
              36.659765006453526
            ],
            [
              10.553739808236719,
              36.65983822500452
            ],
            [
              10.553864658511008,
              36.65988649868889
            ],
            [
              10.553927585580526,
              36.65993558020776
            ],
            [
              10.554020972521048,
              36.65995931296755
            ],
            [
              10.554240211579485,
              36.66008120841238
            ],
            [
              10.554240713558883,
              36.66010615313526
            ],
            [
              10.554210758381602,
              36.660156446602834
            ],
            [
              10.554059964944793,
              36.660358024559045
            ],
            [
              10.554029504929323,
              36.6603833690657
            ],
            [
              10.554030508763798,
              36.6604332585138
            ],
            [
              10.55403101068196,
              36.66045820323769
            ],
            [
              10.554031512600742,
              36.66048314796147
            ],
            [
              10.554093938332704,
              36.66050728465058
            ],
            [
              10.554187827987398,
              36.66055596198175
            ],
            [
              10.554407069024876,
              36.660677857061266
            ],
            [
              10.554783132110382,
              36.66089750960429
            ],
            [
              10.555120198705255,
              36.66071844986181
            ],
            [
              10.555334920517717,
              36.660615840810415
            ],
            [
              10.555519184888865,
              36.660538580454926
            ],
            [
              10.555918171806812,
              36.66035870971527
            ],
            [
              10.556133899337391,
              36.660305988632395
            ],
            [
              10.556471962908054,
              36.660176814610196
            ],
            [
              10.556840989713125,
              36.66004723911531
            ],
            [
              10.557241479729525,
              36.659942198128675
            ],
            [
              10.557425740505117,
              36.65986493489702
            ],
            [
              10.557826226093928,
              36.65975989201574
            ],
            [
              10.558134331889914,
              36.65968100769396
            ],
            [
              10.558350559184055,
              36.659653227346176
            ],
            [
              10.558504863334187,
              36.65962625695257
            ],
            [
              10.558813972110867,
              36.6595972602778
            ],
            [
              10.559091618261135,
              36.65954372342364
            ],
            [
              10.559493107056925,
              36.6594885643525
            ],
            [
              10.559925559246562,
              36.65943299837902
            ],
            [
              10.560017939581261,
              36.65940683709239
            ],
            [
              10.560295584115453,
              36.65935329746478
            ],
            [
              10.560634644241755,
              36.6592740011699
            ],
            [
              10.561158465536622,
              36.659142379648614
            ],
            [
              10.561590410047138,
              36.65906186305725
            ],
            [
              10.561959924171926,
              36.65895721244524
            ],
            [
              10.562298983319165,
              36.65887791145268
            ],
            [
              10.562514701976808,
              36.65882517899637
            ],
            [
              10.562822291502567,
              36.65872133813899
            ],
            [
              10.563191804832941,
              36.65861668374163
            ],
            [
              10.56340701727635,
              36.65853900930534
            ],
            [
              10.563806477122887,
              36.65838405740488
            ],
            [
              10.564083104815362,
              36.65828061985613
            ],
            [
              10.564451603732671,
              36.6581260724095
            ],
            [
              10.564942425265007,
              36.65789506285134
            ],
            [
              10.565341881188068,
              36.65774010590098
            ],
            [
              10.565587543834864,
              36.65763707186755
            ],
            [
              10.56567991996726,
              36.65761090627655
            ],
            [
              10.56610881347545,
              36.6573807060545
            ],
            [
              10.566506746686924,
              36.65715091364365
            ],
            [
              10.567026997819326,
              36.65684465476805
            ],
            [
              10.567638609099152,
              36.6564623395557
            ],
            [
              10.56812839746171,
              36.65618142812767
            ],
            [
              10.568649144698517,
              36.655900106961106
            ],
            [
              10.569138419086899,
              36.6555942490729
            ],
            [
              10.56956627981718,
              36.65531414767423
            ],
            [
              10.57023927542211,
              36.6549060590694
            ],
            [
              10.570575771827793,
              36.654702012319504
            ],
            [
              10.570973167768027,
              36.654447258898394
            ],
            [
              10.571279208432799,
              36.65426856313449
            ],
            [
              10.571739535576953,
              36.65406288153115
            ],
            [
              10.57220036784176,
              36.65388214062043
            ],
            [
              10.572783504739215,
              36.65362492924252
            ],
            [
              10.573274782636846,
              36.65341883093495
            ],
            [
              10.573489969908671,
              36.65334113456639
            ],
            [
              10.573766057903164,
              36.65321273277038
            ],
            [
              10.574041636683193,
              36.653059383722926
            ],
            [
              10.574409581689588,
              36.65287986188159
            ],
            [
              10.574593299336426,
              36.6527776282925
            ],
            [
              10.575421034797927,
              36.65236746494581
            ],
            [
              10.576035621487474,
              36.65213477304325
            ],
            [
              10.576435024453946,
              36.651979779974425
            ],
            [
              10.576742060586646,
              36.651850959614464
            ],
            [
              10.577019150724324,
              36.65177243743072
            ],
            [
              10.57711151572374,
              36.651746263205766
            ],
            [
              10.577480975115837,
              36.651641567717625
            ],
            [
              10.57788139134543,
              36.65153645675756
            ],
            [
              10.578220400255695,
              36.651457113612956
            ],
            [
              10.578436086462192,
              36.65140435300193
            ],
            [
              10.57871317314905,
              36.65132582694976
            ],
            [
              10.579020712520338,
              36.651221945319016
            ],
            [
              10.579113076133668,
              36.651195769571046
            ],
            [
              10.578799420138564,
              36.65100031783046
            ],
            [
              10.578673555677032,
              36.65090218124518
            ],
            [
              10.578454813350266,
              36.6508052775332
            ],
            [
              10.578391369231841,
              36.65073126462665
            ],
            [
              10.578327925236275,
              36.65065725168247
            ],
            [
              10.57826499091816,
              36.65060818317656
            ],
            [
              10.57807669793431,
              36.650485921924
            ],
            [
              10.577825981148408,
              36.65033953608621
            ],
            [
              10.577669156295697,
              36.650241808535014
            ],
            [
              10.577542779975742,
              36.65011872837604
            ],
            [
              10.577573228008758,
              36.65009337174988
            ],
            [
              10.577724958764875,
              36.64994165670869
            ],
            [
              10.57778534525239,
              36.64986600310451
            ],
            [
              10.577815283754761,
              36.649815704049395
            ],
            [
              10.577936565677007,
              36.64968934121027
            ],
            [
              10.577996951765504,
              36.649613687505386
            ],
            [
              10.578149190216667,
              36.64948691432268
            ],
            [
              10.578269961551351,
              36.64933560668117
            ],
            [
              10.578299389999925,
              36.64926036303138
            ],
            [
              10.578360285009586,
              36.6492096557487
            ],
            [
              10.57835977540699,
              36.64918470915381
            ],
            [
              10.578419651163815,
              36.64908411288154
            ],
            [
              10.57857137826808,
              36.6489323947101
            ],
            [
              10.57869265759359,
              36.64880603114572
            ],
            [
              10.578782974471695,
              36.648680077868505
            ],
            [
              10.57887329631014,
              36.64855412445768
            ]
          ]
        ]
      }
    },
    {
      "type": "Feature",
      "id": "osm:relation:7165010",
      "properties": {
        "officialCode": "425959",
        "nameAr": "زلفان",
        "nameFr": "Zelfane",
        "governorateCode": "42",
        "governorateAr": "القصرين",
        "governorateFr": "Kasserine",
        "delegationCode": "4259",
        "parentAr": "تالة",
        "parentFr": "Thala",
        "sourceId": "isie-local-sectors-2023-neighbor-review",
        "sourcePdfURL": "https://www.isie.tn/wp-content/uploads/2023/CartesCirconscriptionsElectoralesLocales2023/%D8%A7%D9%84%D9%82%D8%B5%D8%B1%D9%8A%D9%86/%D8%AA%D8%A7%D9%84%D8%A9/%D8%B2%D9%84%D9%81%D8%A7%D9%86.pdf",
        "sourcePdfSha256": "1d2fda81dc2c0d6e850ff82cc640031e24be57a99979db5559ca337ad0dcd4b8",
        "sourcePdfFile": "C:\\Users\\barou\\Documents\\Codex\\2026-09-06\\the-android-app-app-currently-allows\\work\\isie-sector-maps-neighbor-conflicts\\zelfan.pdf",
        "sourcePdfCreated": "D:20231017020240+01",
        "reviewedDate": "2026-09-07",
        "sourceMapTitleAr": "زلفان",
        "targetIsPageTitle": true,
        "sourceDrawingIndices": [
          267
        ],
        "sourceVectorLayer": "circonscription_isie2023",
        "sourceCrsEpsg": 32632,
        "sourceCrsWkt": "PROJCS[\"WGS_1984_UTM_Zone_32N\",GEOGCS[\"GCS_WGS_1984\",DATUM[\"D_WGS_1984\",SPHEROID[\"WGS_1984\",6378137.0,298.257223563]],PRIMEM[\"Greenwich\",0.0],UNIT[\"Degree\",0.0174532925199433]],PROJECTION[\"Transverse_Mercator\"],PARAMETER[\"False_Easting\",500000.0],PARAMETER[\"False_Northing\",0.0],PARAMETER[\"Central_Meridian\",9.0],PARAMETER[\"Scale_Factor\",0.9996],PARAMETER[\"Latitude_Of_Origin\",0.0],UNIT[\"Meter\",1.0]]",
        "sourceControlPointMaxResidualMeters": 0.244458321695984,
        "sourceControlPointsLatLon": [
          [
            35.36356,
            8.66855
          ],
          [
            35.4801,
            8.66807
          ],
          [
            35.48049,
            8.87201
          ],
          [
            35.36394,
            8.8722
          ]
        ],
        "sourceLocalControlPoints": [
          [
            0.0,
            1.0
          ],
          [
            0.0,
            0.0
          ],
          [
            1.0,
            0.0
          ],
          [
            1.0,
            1.0
          ]
        ],
        "sourceViewportBBox": [
          4.31908,
          590.46173,
          841.50095,
          5.38791
        ],
        "sourcePageTransformationMatrix": [
          1.0,
          0.0,
          0.0,
          -1.0,
          0.0,
          595.5023803710938
        ],
        "sourceAffineMetersFromPagePoints": [
          [
            22.098875439580382,
            -0.000367618897058382
          ],
          [
            0.0006264440030463447,
            -22.091957927357726
          ],
          [
            469793.23173595406,
            3926448.6590851704
          ]
        ],
        "sourceGeometry": {
          "type": "Polygon",
          "coordinates": [
            [
              [
                8.802499013739402,
                35.4730796852533
              ],
              [
                8.802149573930347,
                35.47257708884542
              ],
              [
                8.80206279398178,
                35.47221834700152
              ],
              [
                8.801713003507484,
                35.4718591768487
              ],
              [
                8.801276082937031,
                35.47128470294936
              ],
              [
                8.80092613561042,
                35.47099725037965
              ],
              [
                8.800750976040966,
                35.47092524356998
              ],
              [
                8.800576175907862,
                35.47070979676535
              ],
              [
                8.800576535028455,
                35.47056635702102
              ],
              [
                8.800576894146527,
                35.47042291727327
              ],
              [
                8.80057725326208,
                35.470279477522105
              ],
              [
                8.800489764188912,
                35.47020761395629
              ],
              [
                8.800314247140424,
                35.47027904626306
              ],
              [
                8.800226398565625,
                35.47035062225717
              ],
              [
                8.800138729782436,
                35.470350478312746
              ],
              [
                8.799788955939778,
                35.46999130252692
              ],
              [
                8.799004102258957,
                35.468340444582964
              ],
              [
                8.798829312326548,
                35.46812500734775
              ],
              [
                8.798654885851674,
                35.46776611790278
              ],
              [
                8.798568126500072,
                35.467407373327895
              ],
              [
                8.798481186514481,
                35.4671203485771
              ],
              [
                8.798657060774675,
                35.46690547906662
              ],
              [
                8.798220006988515,
                35.46640271370528
              ],
              [
                8.797870622575338,
                35.46590009237712
              ],
              [
                8.796909609316556,
                35.46460753435783
              ],
              [
                8.796822129637022,
                35.464535668097106
              ],
              [
                8.79673501597217,
                35.46432036191366
              ],
              [
                8.79656005769996,
                35.46417662907169
              ],
              [
                8.7964725787973,
                35.464104762555095
              ],
              [
                8.796385283287531,
                35.46396117604211
              ],
              [
                8.796210143023083,
                35.46388916262292
              ],
              [
                8.796122848211718,
                35.46374557591735
              ],
              [
                8.796123215147357,
                35.46360213604671
              ],
              [
                8.796211610137966,
                35.463315403130395
              ],
              [
                8.796211976910252,
                35.46317196324872
              ],
              [
                8.796212343679965,
                35.463028523363626
              ],
              [
                8.796388214980805,
                35.46281366308252
              ],
              [
                8.796476241861482,
                35.46267036982805
              ],
              [
                8.796740503534378,
                35.46216876969713
              ],
              [
                8.796216744700212,
                35.46130725055481
              ],
              [
                8.794993592251123,
                35.45972735603455
              ],
              [
                8.795256932357729,
                35.45958435881441
              ],
              [
                8.796222612155907,
                35.459012217350896
              ],
              [
                8.797100454753435,
                35.45851164198017
              ],
              [
                8.797627300776181,
                35.45815391765027
              ],
              [
                8.798329815363838,
                35.45765304765001
              ],
              [
                8.799032321263217,
                35.45715216741201
              ],
              [
                8.799207991549471,
                35.45700901669566
              ],
              [
                8.799822832650367,
                35.45650798713238
              ],
              [
                8.80008597384213,
                35.45643669927755
              ],
              [
                8.800173807352863,
                35.45636512317125
              ],
              [
                8.800261640708012,
                35.45629354699968
              ],
              [
                8.800525139824751,
                35.456078824172366
              ],
              [
                8.800613331419985,
                35.45586380764498
              ],
              [
                8.800877007409516,
                35.455577357895685
              ],
              [
                8.801052656140547,
                35.455434204411326
              ],
              [
                8.801140502568595,
                35.4553626276077
              ],
              [
                8.8014916337593,
                35.45514803968018
              ],
              [
                8.802018082082878,
                35.45493373598364
              ],
              [
                8.802369046085515,
                35.454790865567894
              ],
              [
                8.802456875786499,
                35.45471928776852
              ],
              [
                8.802632357091156,
                35.45464785204596
              ],
              [
                8.802720008851015,
                35.4546479941244
              ],
              [
                8.802807660611489,
                35.4546481361392
              ],
              [
                8.802895489769835,
                35.45457655801725
              ],
              [
                8.803158621986743,
                35.45450526341264
              ],
              [
                8.803334279216925,
                35.45436210658641
              ],
              [
                8.803421930670579,
                35.45436224815421
              ],
              [
                8.803509935824836,
                35.45421894949919
              ],
              [
                8.8035101126739,
                35.454147229418325
              ],
              [
                8.803510289522343,
                35.454075509336604
              ],
              [
                8.803510466370165,
                35.45400378925403
              ],
              [
                8.803598294205571,
                35.453932210608855
              ],
              [
                8.803949427520765,
                35.45371762154338
              ],
              [
                8.804037431034192,
                35.453574322483234
              ],
              [
                8.804125081637187,
                35.45357446353776
              ],
              [
                8.804300558988492,
                35.45350302536397
              ],
              [
                8.80430073513136,
                35.453431305271174
              ],
              [
                8.804388385580632,
                35.453431446134026
              ],
              [
                8.804388561645103,
                35.45335972604
              ],
              [
                8.804213965776645,
                35.45307256386971
              ],
              [
                8.804039371145148,
                35.45278540143721
              ],
              [
                8.804039547515158,
                35.45271368133699
              ],
              [
                8.803952074293251,
                35.45264182012264
              ],
              [
                8.803951897846085,
                35.45271354022333
              ],
              [
                8.803952074293251,
                35.45264182012264
              ],
              [
                8.803864248177625,
                35.452713399046054
              ],
              [
                8.803601652691821,
                35.45256953493313
              ],
              [
                8.80316446801166,
                35.45213850653449
              ],
              [
                8.802727465518085,
                35.45163575642954
              ],
              [
                8.80194058954371,
                35.45084556045523
              ],
              [
                8.802995020411599,
                35.44977146519309
              ],
              [
                8.801684070547626,
                35.44826321384143
              ],
              [
                8.802298473806605,
                35.44790561097633
              ],
              [
                8.801424724059528,
                35.44682838831306
              ],
              [
                8.804058591775476,
                35.44496792979938
              ],
              [
                8.803535042107425,
                35.44403471985619
              ],
              [
                8.80485192871773,
                35.44310447120035
              ],
              [
                8.80415292914175,
                35.4422427089249
              ],
              [
                8.804767275662114,
                35.44188509295651
              ],
              [
                8.805205640602844,
                35.441814074506894
              ],
              [
                8.805296957262613,
                35.44030808953283
              ],
              [
                8.80529940963097,
                35.43930401197588
              ],
              [
                8.80538897070336,
                35.438515229086626
              ],
              [
                8.805566863080193,
                35.437439710905636
              ],
              [
                8.805480804886221,
                35.43679408832089
              ],
              [
                8.805569661670564,
                35.436292186171805
              ],
              [
                8.805570186388776,
                35.43607702525988
              ],
              [
                8.805657992859777,
                35.43600544483536
              ],
              [
                8.805658167686296,
                35.43593372452845
              ],
              [
                8.805571935394772,
                35.43535982824355
              ],
              [
                8.805835351991862,
                35.4351450867376
              ],
              [
                8.805487279044188,
                35.434140442850314
              ],
              [
                8.806364619647868,
                35.43371151733378
              ],
              [
                8.806104871819068,
                35.43242013895964
              ],
              [
                8.806105046226445,
                35.43234841860813
              ],
              [
                8.805842163409249,
                35.43234799978479
              ],
              [
                8.805754535804727,
                35.43234786004983
              ],
              [
                8.805666908200811,
                35.43234772025128
              ],
              [
                8.805491827945437,
                35.43227572011368
              ],
              [
                8.805316748002662,
                35.43220371972236
              ],
              [
                8.80522929573967,
                35.432131859256295
              ],
              [
                8.805229470921553,
                35.4320601389051
              ],
              [
                8.805054391679835,
                35.431988138133065
              ],
              [
                8.804879488241532,
                35.43184441675505
              ],
              [
                8.804441704734472,
                35.43170027325681
              ],
              [
                8.804179000160198,
                35.43162813046726
              ],
              [
                8.803916296056965,
                35.4315559871068
              ],
              [
                8.803653592424777,
                35.43148384317549
              ],
              [
                8.803391242877579,
                35.43126825796877
              ],
              [
                8.803128894728772,
                35.43105267218888
              ],
              [
                8.802691296059498,
                35.43083680807323
              ],
              [
                8.802078448316665,
                35.43062065156305
              ],
              [
                8.801553229338246,
                35.430404634786036
              ],
              [
                8.80102767024209,
                35.43033205645993
              ],
              [
                8.800764973186311,
                35.43025990625107
              ],
              [
                8.800502097240576,
                35.43025947582433
              ],
              [
                8.80015231467173,
                35.42997201962103
              ],
              [
                8.799801994652462,
                35.429899723464054
              ],
              [
                8.800153033345065,
                35.42968513819656
              ],
              [
                8.800855821312037,
                35.42896908308804
              ],
              [
                8.801206853158579,
                35.428754500780634
              ],
              [
                8.802260456088161,
                35.42789556823124
              ],
              [
                8.802523857039562,
                35.427680833633104
              ],
              [
                8.803402380416978,
                35.426749886185014
              ],
              [
                8.803842251809384,
                35.42603339460934
              ],
              [
                8.804018198184462,
                35.42574679506799
              ],
              [
                8.804282291380877,
                35.42524517481398
              ],
              [
                8.804546029808712,
                35.424886994799984
              ],
              [
                8.80481011690616,
                35.424385373300645
              ],
              [
                8.805074200702103,
                35.42388375725058
              ],
              [
                8.805338631284318,
                35.42323869357937
              ],
              [
                8.805865734190773,
                35.42266576895663
              ],
              [
                8.806481490153777,
                35.4216626644019
              ],
              [
                8.806745207116876,
                35.42130447930405
              ],
              [
                8.807272792464312,
                35.42051638677389
              ],
              [
                8.807360768557391,
                35.42037308439241
              ],
              [
                8.807360941774924,
                35.42030136389219
              ],
              [
                8.80692391055955,
                35.41987035336866
              ],
              [
                8.805962423403443,
                35.41893645532212
              ],
              [
                8.805613369133031,
                35.41836213243128
              ],
              [
                8.805087519179061,
                35.41843301287416
              ],
              [
                8.804473879944863,
                35.4185754709166
              ],
              [
                8.803948027629575,
                35.41864634638789
              ],
              [
                8.803074555142173,
                35.417569125282604
              ],
              [
                8.802987120617521,
                35.41749726915495
              ],
              [
                8.80307473212535,
                35.41749741084644
              ],
              [
                8.803074909137909,
                35.41742568425134
              ],
              [
                8.802987474767292,
                35.41735382812274
              ],
              [
                8.802812606536898,
                35.41721009743747
              ],
              [
                8.802637206747749,
                35.417281540208414
              ],
              [
                8.802461629139545,
                35.41742469107896
              ],
              [
                8.802286228577039,
                35.41749613333512
              ],
              [
                8.802111005573074,
                35.41749584874463
              ],
              [
                8.80193578257158,
                35.4174955638999
              ],
              [
                8.801236155829878,
                35.416992378428645
              ],
              [
                8.801412790606689,
                35.41641890011815
              ],
              [
                8.802031044450066,
                35.414411729666945
              ],
              [
                8.802031933955767,
                35.41405312691721
              ],
              [
                8.801070587058037,
                35.41311919553604
              ],
              [
                8.800633628062624,
                35.412688155893164
              ],
              [
                8.798187359974088,
                35.4100304544173
              ],
              [
                8.798274963374746,
                35.41003059956396
              ],
              [
                8.798362566776037,
                35.41003074464708
              ],
              [
                8.798450351208952,
                35.40995917516108
              ],
              [
                8.798625919639807,
                35.40981602383552
              ],
              [
                8.798626281432945,
                35.4096725765797
              ],
              [
                8.798714246053418,
                35.409529286304846
              ],
              [
                8.798802210376879,
                35.40938598988244
              ],
              [
                8.798890174387997,
                35.409242693391526
              ],
              [
                8.798978860372758,
                35.40881251443484
              ],
              [
                8.799241846972649,
                35.40874122734641
              ],
              [
                8.799329809500971,
                35.40859793051514
              ],
              [
                8.799505733605379,
                35.40831134272614
              ],
              [
                8.799945718144594,
                35.4075231362373
              ],
              [
                8.800121278637954,
                35.40737998265422
              ],
              [
                8.800209058651822,
                35.40730840576494
              ],
              [
                8.800912902752213,
                35.40609030256248
              ],
              [
                8.80152823631868,
                35.40523066160265
              ],
              [
                8.801879504250262,
                35.40487262873171
              ],
              [
                8.80214300873438,
                35.40458617323936
              ],
              [
                8.802670543892413,
                35.403798104523446
              ],
              [
                8.802496592473384,
                35.403295775832426
              ],
              [
                8.802409706314663,
                35.40300875103744
              ],
              [
                8.802235935831183,
                35.402434701225054
              ],
              [
                8.801800452196176,
                35.40142989961954
              ],
              [
                8.801539288980884,
                35.4007839854389
              ],
              [
                8.802328680165468,
                35.40035494907258
              ],
              [
                8.803732106838337,
                35.39956829327922
              ],
              [
                8.804345954653716,
                35.399282396622816
              ],
              [
                8.803910109296089,
                35.398421043563175
              ],
              [
                8.803997876224543,
                35.39834946377194
              ],
              [
                8.80496260140746,
                35.397848964807984
              ],
              [
                8.804438640823973,
                35.39720263549779
              ],
              [
                8.804613995441384,
                35.397131195806836
              ],
              [
                8.804701760346953,
                35.397059615482405
              ],
              [
                8.804177982811092,
                35.396341564207766
              ],
              [
                8.803916273616865,
                35.39591082300138
              ],
              [
                8.803130278723087,
                35.39497718154259
              ],
              [
                8.803043045325335,
                35.39483360448033
              ],
              [
                8.805323104929084,
                35.393689731886155
              ],
              [
                8.804190293141751,
                35.39132112630452
              ],
              [
                8.80384136955364,
                35.390746796086894
              ],
              [
                8.802969259056873,
                35.38923925119305
              ],
              [
                8.802184405042734,
                35.38787527761657
              ],
              [
                8.801923444889784,
                35.38715764813097
              ],
              [
                8.802273937150908,
                35.387086490224775
              ],
              [
                8.802975273571116,
                35.38680074783162
              ],
              [
                8.802714309834768,
                35.38608311383584
              ],
              [
                8.80253880024639,
                35.386226271858206
              ],
              [
                8.802013156446653,
                35.386297139962636
              ],
              [
                8.801399755632357,
                35.386439583921074
              ],
              [
                8.800523633365925,
                35.3865815948611
              ],
              [
                8.799735071408733,
                35.38672374341506
              ],
              [
                8.799296639975449,
                35.386938185346736
              ],
              [
                8.798946145799485,
                35.387009328531974
              ],
              [
                8.79842031292954,
                35.3871519018262
              ],
              [
                8.79798223833874,
                35.387222897247106
              ],
              [
                8.797281426586359,
                35.387293448020976
              ],
              [
                8.79693111137275,
                35.38729286449731
              ],
              [
                8.796580613602524,
                35.38736400688294
              ],
              [
                8.796317876973964,
                35.38736356781064
              ],
              [
                8.796142719224763,
                35.38736327477837
              ],
              [
                8.795792220499893,
                35.38743440271452
              ],
              [
                8.795441552439314,
                35.38757725657324
              ],
              [
                8.795091037315418,
                35.38764838852162
              ],
              [
                8.794915709787903,
                35.38771981456789
              ],
              [
                8.794652787772119,
                35.38779109270336
              ],
              [
                8.794214706489807,
                35.387862074433166
              ],
              [
                8.793864203924853,
                35.387933202836166
              ],
              [
                8.79360128030215,
                35.38800447867533
              ],
              [
                8.793338541645564,
                35.38800403311703
              ],
              [
                8.79307561733605,
                35.388075307809025
              ],
              [
                8.792725112864433,
                35.38814643289833
              ],
              [
                8.792462373762024,
                35.38814598543309
              ],
              [
                8.792024288680594,
                35.38821695920317
              ],
              [
                8.791410856009561,
                35.388359352293044
              ],
              [
                8.790797616301127,
                35.38843002146407
              ],
              [
                8.790447108327427,
                35.38850113992822
              ],
              [
                8.790009019596162,
                35.38857210637394
              ],
              [
                8.789746090548713,
                35.388643373796945
              ],
              [
                8.78948316104132,
                35.3887146406453
              ],
              [
                8.789133785615144,
                35.38835543050103
              ],
              [
                8.788959004410717,
                35.38821168544649
              ],
              [
                8.788697023301303,
                35.38792434658577
              ],
              [
                8.788260265615433,
                35.38749326715604
              ],
              [
                8.788085677906487,
                35.38727779394279
              ],
              [
                8.787910710643379,
                35.38720577424817
              ],
              [
                8.787648546042256,
                35.3869901539003
              ],
              [
                8.787124610283854,
                35.38641546987718
              ],
              [
                8.786688251698237,
                35.38584093699931
              ],
              [
                8.786163939203266,
                35.385409696462084
              ],
              [
                8.785901977045665,
                35.38512235147382
              ],
              [
                8.785639824524882,
                35.38490672673533
              ],
              [
                8.78546524932525,
                35.384691255766356
              ],
              [
                8.785290675052378,
                35.384475784540726
              ],
              [
                8.785115909027809,
                35.38433203388769
              ],
              [
                8.784941151048727,
                35.38418828299374
              ],
              [
                8.784853954062534,
                35.38404468660127
              ],
              [
                8.784591815239338,
                35.38382905958571
              ],
              [
                8.784504433466498,
                35.38375718378247
              ],
              [
                8.784417245141102,
                35.38361358708211
              ],
              [
                8.784242095631289,
                35.3836132768254
              ],
              [
                8.784154907925268,
                35.38346967993451
              ],
              [
                8.783980146084719,
                35.383325927629514
              ],
              [
                8.783805384864209,
                35.38318217507054
              ],
              [
                8.783717810578727,
                35.38318201953209
              ],
              [
                8.783193919826708,
                35.38260732435323
              ],
              [
                8.783019356070929,
                35.38239184980894
              ],
              [
                8.78293217183899,
                35.38224825201907
              ],
              [
                8.782844793241761,
                35.382176375008065
              ],
              [
                8.78267003651231,
                35.38203262079558
              ],
              [
                8.782582658380084,
                35.38196074359411
              ],
              [
                8.782495280402857,
                35.381888866329135
              ],
              [
                8.782233342612146,
                35.381601513306144
              ],
              [
                8.78197140667662,
                35.38131415970828
              ],
              [
                8.781796653354377,
                35.38117040422428
              ],
              [
                8.781709284350878,
                35.381098526400365
              ],
              [
                8.781534531958581,
                35.38095477053545
              ],
              [
                8.781185813538556,
                35.380380380701475
              ],
              [
                8.781098046089193,
                35.38045194413141
              ],
              [
                8.780922707088624,
                35.38052334994212
              ],
              [
                8.78083493925244,
                35.38059491317785
              ],
              [
                8.780747367780105,
                35.38059475549644
              ],
              [
                8.780572028163634,
                35.38066616079435
              ],
              [
                8.780396885068749,
                35.3806658449864
              ],
              [
                8.780134170431547,
                35.38066537079848
              ],
              [
                8.77995883012648,
                35.38073677520318
              ],
              [
                8.77978368688618,
                35.38073645850586
              ],
              [
                8.779520972030875,
                35.380735982983836
              ],
              [
                8.779345828797439,
                35.38073566565182
              ],
              [
                8.779258264606849,
                35.38073550690409
              ],
              [
                8.77899613654524,
                35.380519867695604
              ],
              [
                8.77882139765424,
                35.380376107928384
              ],
              [
                8.778646651958109,
                35.38023234789381
              ],
              [
                8.778384534576306,
                35.380016707365904
              ],
              [
                8.778209790430028,
                35.379872946696594
              ],
              [
                8.77803504690368,
                35.379729185773435
              ],
              [
                8.77786030399726,
                35.37958542459639
              ],
              [
                8.777597792205537,
                35.37951322405646
              ],
              [
                8.777422452184062,
                35.37958462479505
              ],
              [
                8.77715974110446,
                35.37958414415265
              ],
              [
                8.776985000068956,
                35.37944038171314
              ],
              [
                8.77681025965337,
                35.37929661901977
              ],
              [
                8.77654794996835,
                35.37915269535327
              ],
              [
                8.776636520583125,
                35.378794251814256
              ],
              [
                8.776549351521464,
                35.378650649388675
              ],
              [
                8.776550552825292,
                35.37822032424287
              ],
              [
                8.776550753040135,
                35.37814860338223
              ],
              [
                8.776638922252474,
                35.37793360150723
              ],
              [
                8.77663972278644,
                35.377646718044225
              ],
              [
                8.776640523309162,
                35.37735983456755
              ],
              [
                8.776729091478245,
                35.37700140300362
              ],
              [
                8.776729491573398,
                35.37685796125077
              ],
              [
                8.776729691619922,
                35.37678624037306
              ],
              [
                8.77673009171086,
                35.376642798615094
              ],
              [
                8.776818058822716,
                35.3764995174302
              ],
              [
                8.776818458753073,
                35.37635607566453
              ],
              [
                8.776731692046525,
                35.376069031549
              ],
              [
                8.776644725835107,
                35.37585370824902
              ],
              [
                8.776645126062744,
                35.375710266469696
              ],
              [
                8.776470594524403,
                35.375494782336006
              ],
              [
                8.77638362961535,
                35.375279458832445
              ],
              [
                8.77620930761396,
                35.37499225342881
              ],
              [
                8.775948016504692,
                35.37448972391308
              ],
              [
                8.775861054049463,
                35.37427440000668
              ],
              [
                8.775861254845433,
                35.37420267910251
              ],
              [
                8.775686929569193,
                35.37391547289576
              ],
              [
                8.775599968416177,
                35.37370014878581
              ],
              [
                8.775337678950766,
                35.37355622243341
              ],
              [
                8.77507559190322,
                35.37334057460117
              ],
              [
                8.774901069617083,
                35.37312508815023
              ],
              [
                8.774464060881584,
                35.37283739410551
              ],
              [
                8.774202180699325,
                35.37255003561262
              ],
              [
                8.773853145090985,
                35.37211905990511
              ],
              [
                8.773416761744047,
                35.37161619930474
              ],
              [
                8.773154686072946,
                35.371400547279386
              ],
              [
                8.772979969733473,
                35.37125677894533
              ],
              [
                8.772805050536855,
                35.37118473128331
              ],
              [
                8.77271769283258,
                35.37111284689469
              ],
              [
                8.772542977888778,
                35.37096907792721
              ],
              [
                8.772368059703377,
                35.37089702963296
              ],
              [
                8.772193141829938,
                35.37082498108585
              ],
              [
                8.771930663481058,
                35.370752768254135
              ],
              [
                8.771405503483438,
                35.37068006180776
              ],
              [
                8.7712305869403,
                35.37060801186974
              ],
              [
                8.770968110161933,
                35.37053579695057
              ],
              [
                8.770793399572844,
                35.37039202545615
              ],
              [
                8.770531129369601,
                35.370248088664326
              ],
              [
                8.7702688600994,
                35.37010415130337
              ],
              [
                8.770094159106021,
                35.36996037880994
              ],
              [
                8.77000679770553,
                35.36988849244708
              ],
              [
                8.769919863346017,
                35.36967316419303
              ],
              [
                8.769745774986465,
                35.369314228384
              ],
              [
                8.769658422013354,
                35.36924234177944
              ],
              [
                8.76948371653184,
                35.36909856838009
              ],
              [
                8.768080488782523,
                35.36988483712222
              ],
              [
                8.767905369131892,
                35.36988450329607
              ],
              [
                8.767730249484151,
                35.36988416921614
              ],
              [
                8.767642481626744,
                35.36995572299527
              ],
              [
                8.767554713614414,
                35.37002727670921
              ],
              [
                8.767554505500875,
                35.3700989976213
              ],
              [
                8.767467153638163,
                35.370027109446305
              ],
              [
                8.76737938539418,
                35.370098663031165
              ],
              [
                8.7672916244194,
                35.37017021656503
              ],
              [
                8.767203848441447,
                35.370241770005315
              ],
              [
                8.767116087156834,
                35.370313323408816
              ],
              [
                8.767028526874373,
                35.37031315582692
              ],
              [
                8.766853197575504,
                35.370384541377895
              ],
              [
                8.766765428403444,
                35.37045609450904
              ],
              [
                8.766677659076462,
                35.37052764757496
              ],
              [
                8.766589889594552,
                35.37059920057572
              ],
              [
                8.766063897767044,
                35.370813354528366
              ],
              [
                8.765976127435232,
                35.370884907076665
              ],
              [
                8.76588835694849,
                35.37095645955976
              ],
              [
                8.765800586306822,
                35.37102801197766
              ],
              [
                8.765713025260675,
                35.371027843439606
              ],
              [
                8.765625254387345,
                35.37109939572841
              ],
              [
                8.76545013214378,
                35.371099058334195
              ],
              [
                8.765362571023092,
                35.37109888954193
              ],
              [
                8.76509925678294,
                35.37131354544209
              ],
              [
                8.764835941148412,
                35.37152820075544
              ],
              [
                8.764572624119484,
                35.37174285548197
              ],
              [
                8.764309938690092,
                35.37174234699926
              ],
              [
                8.764133970461044,
                35.37202889118477
              ],
              [
                8.764045782068614,
                35.37224388405741
              ],
              [
                8.76299312443014,
                35.37288732982341
              ],
              [
                8.76255488413616,
                35.37302991799207
              ],
              [
                8.761854378653013,
                35.373028549029414
              ],
              [
                8.761328785963501,
                35.373099228328535
              ],
              [
                8.760891191115604,
                35.373026660089856
              ],
              [
                8.759666167243697,
                35.3727373493544
              ],
              [
                8.758966311594605,
                35.3725208133034
              ],
              [
                8.758878748979448,
                35.37252063980695
              ],
              [
                8.758441584497346,
                35.37230460886301
              ],
              [
                8.758004638928854,
                35.372016855500505
              ],
              [
                8.757479925099494,
                35.371800646904205
              ],
              [
                8.7568676450641,
                35.37158426106841
              ],
              [
                8.756517616597785,
                35.37151183979847
              ],
              [
                8.754768588318166,
                35.37079111410942
              ],
              [
                8.75389408217085,
                35.37043074177918
              ],
              [
                8.752317774847427,
                35.370499263969386
              ],
              [
                8.751617521401789,
                35.370426114943264
              ],
              [
                8.75170485956934,
                35.370498014515654
              ],
              [
                8.751879536369172,
                35.37064181347041
              ],
              [
                8.752054435619865,
                35.37071389134973
              ],
              [
                8.752141552730757,
                35.37085751142742
              ],
              [
                8.752316002053561,
                35.37107303055362
              ],
              [
                8.752403127435246,
                35.37121665045276
              ],
              [
                8.752578020968883,
                35.371288727559275
              ],
              [
                8.752665139621154,
                35.37143234725213
              ],
              [
                8.752927160625532,
                35.37164804349644
              ],
              [
                8.753276524133577,
                35.3719356376019
              ],
              [
                8.75336364471461,
                35.37207925678366
              ],
              [
                8.753538548391285,
                35.37215133251577
              ],
              [
                8.753625890120366,
                35.372223230693706
              ],
              [
                8.753800353743474,
                35.3724387476713
              ],
              [
                8.753800133442873,
                35.372510468482304
              ],
              [
                8.753887255602763,
                35.37265407512103
              ],
              [
                8.753974378032847,
                35.37279769385288
              ],
              [
                8.754061500770478,
                35.372941312519764
              ],
              [
                8.754061060622478,
                35.373084754131796
              ],
              [
                8.754060840547318,
                35.37315647493652
              ],
              [
                8.75406040039468,
                35.373299916543424
              ],
              [
                8.75414686381249,
                35.37365869753938
              ],
              [
                8.754233767844665,
                35.37387403686354
              ],
              [
                8.754320232627581,
                35.374232817706904
              ],
              [
                8.754320012772471,
                35.37430453849939
              ],
              [
                8.754407137727359,
                35.37444815689026
              ],
              [
                8.754581608187177,
                35.374663672688285
              ],
              [
                8.754756079572804,
                35.37487918823045
              ],
              [
                8.754843425311693,
                35.3749510855121
              ],
              [
                8.755018117254302,
                35.375094879885296
              ],
              [
                8.755192371633624,
                35.3753821155746
              ],
              [
                8.755629099093648,
                35.37574159974617
              ],
              [
                8.75597827138815,
                35.3761009067347
              ],
              [
                8.756327446774842,
                35.376460212705275
              ],
              [
                8.756676625253789,
                35.376819517657864
              ],
              [
                8.757549910553932,
                35.37761018227312
              ],
              [
                8.757899099397028,
                35.377969483666064
              ],
              [
                8.758597695041212,
                35.37861636261944
              ],
              [
                8.759296309255419,
                35.37926323752345
              ],
              [
                8.759645728134583,
                35.379550813072356
              ],
              [
                8.759907364010571,
                35.37990993558054
              ],
              [
                8.760257002491871,
                35.380125788597084
              ],
              [
                8.760343929615958,
                35.38034112338814
              ],
              [
                8.760518428505568,
                35.380556630516644
              ],
              [
                8.760780071498978,
                35.38091574502428
              ],
              [
                8.76121685353624,
                35.38127520888642
              ],
              [
                8.761741219352922,
                35.38163484270212
              ],
              [
                8.761740792658049,
                35.38177828418914
              ],
              [
                8.761827938750413,
                35.38192189713526
              ],
              [
                8.761826659103834,
                35.38235222156831
              ],
              [
                8.761826232567058,
                35.3824956569601
              ],
              [
                8.761825166166819,
                35.38285426062228
              ],
              [
                8.761736952287382,
                35.38306925133953
              ],
              [
                8.761648097609234,
                35.38349940415182
              ],
              [
                8.761647670720377,
                35.38364284559349
              ],
              [
                8.761032722273663,
                35.384287129474096
              ],
              [
                8.760593781080463,
                35.38464487213297
              ],
              [
                8.760505776427177,
                35.384788141166865
              ],
              [
                8.760330410048903,
                35.38485951693655
              ],
              [
                8.760155043362806,
                35.384930892449624
              ],
              [
                8.75997967636889,
                35.3850022677061
              ],
              [
                8.759891670240531,
                35.38514553627838
              ],
              [
                8.759716087402067,
                35.38528862575891
              ],
              [
                8.75962808047652,
                35.38543190020837
              ],
              [
                8.759540073256874,
                35.38557516851003
              ],
              [
                8.759364488846774,
                35.385718263542294
              ],
              [
                8.759276480866427,
                35.38586152556303
              ],
              [
                8.75901310238854,
                35.38607616742229
              ],
              [
                8.75883730000825,
                35.38629098234293
              ],
              [
                8.75866149669391,
                35.386505796996424
              ],
              [
                8.758310327538112,
                35.38679198418851
              ],
              [
                8.757607749882288,
                35.38743607606451
              ],
              [
                8.757432158042297,
                35.38757916213568
              ],
              [
                8.7571687690918,
                35.387793799871474
              ],
              [
                8.756905596422698,
                35.38793671637648
              ],
              [
                8.756554843414879,
                35.38807945705372
              ],
              [
                8.75629166873991,
                35.388222372206585
              ],
              [
                8.756116291234587,
                35.38829374177433
              ],
              [
                8.755941131954955,
                35.388293390451445
              ],
              [
                8.755765972678368,
                35.388293038874615
              ],
              [
                8.755591032247686,
                35.38822096641089
              ],
              [
                8.755503452689585,
                35.38822079040075
              ],
              [
                8.755328731724244,
                35.388076996924354
              ],
              [
                8.755241598049778,
                35.38793337947152
              ],
              [
                8.75515401880483,
                35.38793320320933
              ],
              [
                8.75497907969891,
                35.38786112986054
              ],
              [
                8.754804140905375,
                35.38778905625884
              ],
              [
                8.754804360440572,
                35.38771733562413
              ],
              [
                8.754717001043968,
                35.38764543841083
              ],
              [
                8.754629641802406,
                35.38757354113414
              ],
              [
                8.75454250246194,
                35.3874299292364
              ],
              [
                8.754367565007959,
                35.38735784892367
              ],
              [
                8.754017911207951,
                35.38714198513939
              ],
              [
                8.753755617000751,
                35.38699800615819
              ],
              [
                8.753580901757815,
                35.38685421622731
              ],
              [
                8.753405966388968,
                35.38678214060294
              ],
              [
                8.753143453423057,
                35.38670988701139
              ],
              [
                8.752968518758035,
                35.38663781075474
              ],
              [
                8.752881162156724,
                35.38656591221249
              ],
              [
                8.752794027014717,
                35.38642229296764
              ],
              [
                8.752619314740743,
                35.38627849556542
              ],
              [
                8.75227055734263,
                35.38577573807079
              ],
              [
                8.752096076711231,
                35.38556022535422
              ],
              [
                8.751921145481875,
                35.38548814150222
              ],
              [
                8.751833791029032,
                35.38541624827688
              ],
              [
                8.751745992322512,
                35.38548778412189
              ],
              [
                8.751483262589272,
                35.38548724757531
              ],
              [
                8.751307886806847,
                35.38555861628149
              ],
              [
                8.751132733503281,
                35.38555825801151
              ],
              [
                8.750957580202815,
                35.385557899487615
              ],
              [
                8.750782426905454,
                35.3855575407098
              ],
              [
                8.750607496862184,
                35.38548545496061
              ],
              [
                8.75052014358361,
                35.38541356079026
              ],
              [
                8.750345437548319,
                35.385269754022275
              ],
              [
                8.750170732095237,
                35.38512595915889
              ],
              [
                8.750083379610698,
                35.38505405859263
              ],
              [
                8.749820651316979,
                35.38505351843639
              ],
              [
                8.749294977786011,
                35.3851241570617
              ],
              [
                8.749119825448435,
                35.385123795877476
              ],
              [
                8.748944673113987,
                35.385123434439336
              ],
              [
                8.748506792291563,
                35.38512252973315
              ],
              [
                8.748243838486484,
                35.385193706777414
              ],
              [
                8.748068686012676,
                35.38519334406877
              ],
              [
                8.74789353354201,
                35.385192981106194
              ],
              [
                8.747631030705532,
                35.385120715559935
              ],
              [
                8.747280952266019,
                35.38504826748801
              ],
              [
                8.746930647976273,
                35.38504753902764
              ],
              [
                8.74666814648194,
                35.384975271393145
              ],
              [
                8.746493001927032,
                35.384974906417675
              ],
              [
                8.746317842524343,
                35.38497454115734
              ],
              [
                8.746054894732627,
                35.385045713448804
              ],
              [
                8.745879515195176,
                35.38511706818569
              ],
              [
                8.74570390779958,
                35.385260137201605
              ],
              [
                8.745528755216508,
                35.385259770810286
              ],
              [
                8.74544117892616,
                35.385259587519386
              ],
              [
                8.74535337473669,
                35.38533113085607
              ],
              [
                8.744914351560302,
                35.38568881616454
              ],
              [
                8.74465116432051,
                35.38583169988561
              ],
              [
                8.744475781854067,
                35.38590305256323
              ],
              [
                8.744388204875612,
                35.38590286850619
              ],
              [
                8.744300627897958,
                35.385902684385684
              ],
              [
                8.744213050921097,
                35.38590250020169
              ],
              [
                8.744038126019538,
                35.38583041104547
              ],
              [
                8.744038584097241,
                35.385686975926326
              ],
              [
                8.74395146560425,
                35.385543350352755
              ],
              [
                8.743951923849961,
                35.38539990914872
              ],
              [
                8.743864576618064,
                35.385328004111436
              ],
              [
                8.74386480583585,
                35.38525627742873
              ],
              [
                8.743689653286197,
                35.38525590837132
              ],
              [
                8.743602077012566,
                35.3852557237474
              ],
              [
                8.743163973243956,
                35.38532652637008
              ],
              [
                8.742813667863356,
                35.3853257859681
              ],
              [
                8.742550938836319,
                35.38532523000009
              ],
              [
                8.742200402806226,
                35.38539620841418
              ],
              [
                8.742025249976942,
                35.38539583694264
              ],
              [
                8.741850097150873,
                35.38539546521719
              ],
              [
                8.74176275179857,
                35.38532355866827
              ],
              [
                8.74167540662088,
                35.38525164597696
              ],
              [
                8.741675868871305,
                35.38510821087077
              ],
              [
                8.741589448819541,
                35.384749421812316
              ],
              [
                8.741502798241898,
                35.38446235327456
              ],
              [
                8.741416379627918,
                35.38410356406012
              ],
              [
                8.741416610982869,
                35.38403184345574
              ],
              [
                8.741329267479458,
                35.38395993658509
              ],
              [
                8.74124192413106,
                35.38388802965112
              ],
              [
                8.741154349352634,
                35.38388784325925
              ],
              [
                8.740979199798202,
                35.38388747028509
              ],
              [
                8.740804050247002,
                35.38388709705702
              ],
              [
                8.740541325926257,
                35.38388653673887
              ],
              [
                8.740366183808502,
                35.383886162891905
              ],
              [
                8.740278601612788,
                35.38388597584944
              ],
              [
                8.74010345949989,
                35.383885601621635
              ],
              [
                8.73957824388475,
                35.38381275677081
              ],
              [
                8.739227945147451,
                35.38381200600042
              ],
              [
                8.73905279578368,
                35.38381163023438
              ],
              [
                8.738790305421086,
                35.383739345516425
              ],
              [
                8.738615156220469,
                35.38373896911663
              ],
              [
                8.73844000702311,
                35.38373859246295
              ],
              [
                8.738002134043981,
                35.38373764971794
              ],
              [
                8.737739417691653,
                35.383737083325265
              ],
              [
                8.737389111907506,
                35.383736327209014
              ],
              [
                8.737038820987156,
                35.383735570109245
              ],
              [
                8.736776097236485,
                35.38373500160591
              ],
              [
                8.736513609184565,
                35.383662711950706
              ],
              [
                8.735988398340812,
                35.38358985151228
              ],
              [
                8.735813249502629,
                35.38358947105218
              ],
              [
                8.7353756141189,
                35.38351679821539
              ],
              [
                8.734237868347435,
                35.3832991532205
              ],
              [
                8.733887809992178,
                35.383226666406145
              ],
              [
                8.73353775226941,
                35.383154178579446
              ],
              [
                8.733187456549162,
                35.38315341030856
              ],
              [
                8.733186024751664,
                35.38358373369942
              ],
              [
                8.733270974957637,
                35.384372852007736
              ],
              [
                8.733357357746284,
                35.38473164687622
              ],
              [
                8.733355926768246,
                35.385161970160425
              ],
              [
                8.733440880203789,
                35.38595108207844
              ],
              [
                8.733526550306935,
                35.38652503833496
              ],
              [
                8.733612936460606,
                35.38688383290783
              ],
              [
                8.733865909463448,
                35.38982494315823
              ],
              [
                8.734289306525472,
                35.39420083745932
              ],
              [
                8.73428835551297,
                35.39448771922345
              ],
              [
                8.734629684243764,
                35.39721384852839
              ],
              [
                8.73471560414494,
                35.397716082540605
              ],
              [
                8.735150471280669,
                35.398649402729
              ],
              [
                8.736281361341645,
                35.40101863896452
              ],
              [
                8.737064522900813,
                35.40259819481629
              ],
              [
                8.737151639874222,
                35.40274182496073
              ],
              [
                8.737238536794457,
                35.40295717542849
              ],
              [
                8.738717826418098,
                35.40597262757891
              ],
              [
                8.73880519120644,
                35.40604453616729
              ],
              [
                8.738804957351562,
                35.40611625649487
              ],
              [
                8.740632215786457,
                35.4099213598202
              ],
              [
                8.741937939492534,
                35.41250608673294
              ],
              [
                8.743156367711132,
                35.41501888736845
              ],
              [
                8.74420055804765,
                35.41724442546401
              ],
              [
                8.74463609582913,
                35.41803426287827
              ],
              [
                8.744897102560671,
                35.418608576486974
              ],
              [
                8.746207414745712,
                35.419830564877905
              ],
              [
                8.747080832015639,
                35.420693033391444
              ],
              [
                8.748478158020909,
                35.42213033985256
              ],
              [
                8.748739205103526,
                35.42270464493575
              ],
              [
                8.74952303457909,
                35.42421238995643
              ],
              [
                8.750395191879639,
                35.42550515518898
              ],
              [
                8.750917115203102,
                35.42672547009355
              ],
              [
                8.753526517016857,
                35.43297046036098
              ],
              [
                8.754656879231517,
                35.43584156177112
              ],
              [
                8.755432827856703,
                35.4400029072478
              ],
              [
                8.75690169437741,
                35.44689099560433
              ],
              [
                8.757332069905848,
                35.44947377650442
              ],
              [
                8.75733185211625,
                35.44954549641779
              ],
              [
                8.757419498077002,
                35.44954567136565
              ],
              [
                8.75785772789213,
                35.449546545150454
              ],
              [
                8.758295957726164,
                35.44954741734457
              ],
              [
                8.758909688484017,
                35.44947691580747
              ],
              [
                8.75943577979742,
                35.449406237740185
              ],
              [
                8.759699148627744,
                35.449263324031804
              ],
              [
                8.760488819647897,
                35.4489779949757
              ],
              [
                8.76154205497873,
                35.44847802906886
              ],
              [
                8.762682929061414,
                35.44797821893691
              ],
              [
                8.764351125042596,
                35.446977378473974
              ],
              [
                8.764790608046743,
                35.44654791321172
              ],
              [
                8.765668508247856,
                35.44604756558642
              ],
              [
                8.766019077138433,
                35.44604824072923
              ],
              [
                8.76689612724673,
                35.44583476411519
              ],
              [
                8.767071202123812,
                35.44590682003742
              ],
              [
                8.766892569469439,
                35.44705399803449
              ],
              [
                8.76689173231033,
                35.4473408779982
              ],
              [
                8.767240627543112,
                35.44791530949691
              ],
              [
                8.767151937959115,
                35.448273741593596
              ],
              [
                8.767151519822566,
                35.44841718155078
              ],
              [
                8.766887546338383,
                35.448775277611524
              ],
              [
                8.766886918434972,
                35.44899043144504
              ],
              [
                8.76706179095052,
                35.44913421341716
              ],
              [
                8.766973510262074,
                35.44934919927889
              ],
              [
                8.766885034631828,
                35.44963591113638
              ],
              [
                8.766796132144657,
                35.45006606281302
              ],
              [
                8.766969743929707,
                35.45064015852349
              ],
              [
                8.767056561886129,
                35.450927206289506
              ],
              [
                8.767319079139044,
                35.45107114966091
              ],
              [
                8.767230804402836,
                35.45128614172948
              ],
              [
                8.767142738294353,
                35.45142941378263
              ],
              [
                8.767229341258297,
                35.451788175237446
              ],
              [
                8.767316153915875,
                35.452075222756115
              ],
              [
                8.767578265343294,
                35.45236260543345
              ],
              [
                8.767314482285085,
                35.452648982209
              ],
              [
                8.767488737049149,
                35.453007917206975
              ],
              [
                8.767750226371321,
                35.453510459243354
              ],
              [
                8.768187020694892,
                35.45401332896683
              ],
              [
                8.768537000547784,
                35.454229156677854
              ],
              [
                8.768798915619113,
                35.45458825655796
              ],
              [
                8.768885529228895,
                35.4549470227565
              ],
              [
                8.768971728585434,
                35.455449228682795
              ],
              [
                8.769058758729436,
                35.455664554911856
              ],
              [
                8.769408333802938,
                35.456023819871476
              ],
              [
                8.769582398119784,
                35.45645446552485
              ],
              [
                8.769756250008262,
                35.456956836858154
              ],
              [
                8.769930524817159,
                35.45731576815126
              ],
              [
                8.770718179207751,
                35.457747577681815
              ],
              [
                8.771242670300978,
                35.45825060141656
              ],
              [
                8.771505020926888,
                35.4584662555223
              ],
              [
                8.771679922122079,
                35.45861002460801
              ],
              [
                8.772379533126296,
                35.459185098405655
              ],
              [
                8.773166811225835,
                35.45976033168746
              ],
              [
                8.774305129801181,
                35.460192771374395
              ],
              [
                8.774655355264189,
                35.460336861413836
              ],
              [
                8.77509404835516,
                35.46019423309562
              ],
              [
                8.775794503403011,
                35.460482401513
              ],
              [
                8.776582413475623,
                35.460842452893495
              ],
              [
                8.777106760849234,
                35.4614171770508
              ],
              [
                8.777457196669822,
                35.46148953909684
              ],
              [
                8.778421446147666,
                35.461491299822534
              ],
              [
                8.7792105686334,
                35.46142101479103
              ],
              [
                8.779560411922429,
                35.46170853038427
              ],
              [
                8.779735136498298,
                35.46192400767898
              ],
              [
                8.779646684646806,
                35.462210728393714
              ],
              [
                8.779557439501515,
                35.46278432850879
              ],
              [
                8.77981844152531,
                35.4635019974867
              ],
              [
                8.77999297285715,
                35.46378919421944
              ],
              [
                8.780342236712157,
                35.46429186704622
              ],
              [
                8.78095449285549,
                35.464795006711164
              ],
              [
                8.781654223481013,
                35.465370026597824
              ],
              [
                8.782091748685174,
                35.46565769209789
              ],
              [
                8.782792080838298,
                35.466017545832
              ],
              [
                8.784105875754687,
                35.4664502061552
              ],
              [
                8.785332205505602,
                35.46681097764987
              ],
              [
                8.78577014445083,
                35.46695519014054
              ],
              [
                8.786119073174408,
                35.46760128584884
              ],
              [
                8.786381493912197,
                35.4678169075369
              ],
              [
                8.787169338878126,
                35.46824860964543
              ],
              [
                8.78760652470469,
                35.468679682670356
              ],
              [
                8.787956231112837,
                35.4690388936199
              ],
              [
                8.788306138508021,
                35.46932638372671
              ],
              [
                8.789182245597955,
                35.46954306571817
              ],
              [
                8.789444491389695,
                35.46983040055909
              ],
              [
                8.790408086850805,
                35.47011894520652
              ],
              [
                8.790933149699441,
                35.470478449471216
              ],
              [
                8.791370179921826,
                35.47098124079927
              ],
              [
                8.791807215577293,
                35.47148403052151
              ],
              [
                8.79294580715949,
                35.471916294508944
              ],
              [
                8.793120217095943,
                35.472275191902014
              ],
              [
                8.793468669823138,
                35.473136425506716
              ],
              [
                8.793291837941153,
                35.47370987401051
              ],
              [
                8.793729457264842,
                35.47399749723644
              ],
              [
                8.794166894432161,
                35.47435683867212
              ],
              [
                8.794866787129138,
                35.4749317816291
              ],
              [
                8.795480135006997,
                35.47507625441874
              ],
              [
                8.796445097581845,
                35.474862712307015
              ],
              [
                8.797234708221701,
                35.47464887038092
              ],
              [
                8.798287334321266,
                35.47443545956076
              ],
              [
                8.798901771073297,
                35.4741495960645
              ],
              [
                8.79925282419543,
                35.4740067354572
              ],
              [
                8.80012919173599,
                35.47415161825848
              ],
              [
                8.800742902113278,
                35.47415262467453
              ],
              [
                8.801532837156044,
                35.473795314845255
              ],
              [
                8.802235642262444,
                35.47322269785149
              ],
              [
                8.802499013739402,
                35.4730796852533
              ]
            ]
          ]
        },
        "sourcePagePaths": [
          [
            [
              556.0816650390625,
              41.76531982421875
            ],
            [
              554.6419677734375,
              44.28558349609375
            ],
            [
              554.2820434570312,
              46.0858154296875
            ],
            [
              552.8423461914062,
              47.88604736328125
            ],
            [
              551.042724609375,
              50.76641845703125
            ],
            [
              549.6030883789062,
              52.20660400390625
            ],
            [
              548.8832397460938,
              52.566650390625
            ],
            [
              548.1633911132812,
              53.64678955078125
            ],
            [
              548.1633911132812,
              54.36688232421875
            ],
            [
              548.1633911132812,
              55.08697509765625
            ],
            [
              548.1633911132812,
              55.80706787109375
            ],
            [
              547.803466796875,
              56.1671142578125
            ],
            [
              547.0836181640625,
              55.80706787109375
            ],
            [
              546.7236938476562,
              55.447021484375
            ],
            [
              546.36376953125,
              55.447021484375
            ],
            [
              544.924072265625,
              57.24725341796875
            ],
            [
              541.6847534179688,
              65.5283203125
            ],
            [
              540.9649047851562,
              66.6083984375
            ],
            [
              540.2450561523438,
              68.40863037109375
            ],
            [
              539.8851318359375,
              70.2088623046875
            ],
            [
              539.5252075195312,
              71.6490478515625
            ],
            [
              540.2450561523438,
              72.72918701171875
            ],
            [
              538.4454345703125,
              75.24951171875
            ],
            [
              537.0057373046875,
              77.76983642578125
            ],
            [
              533.0465698242188,
              84.25064086914062
            ],
            [
              532.6866455078125,
              84.61068725585938
            ],
            [
              532.3267211914062,
              85.69082641601562
            ],
            [
              531.6068725585938,
              86.41091918945312
            ],
            [
              531.2469482421875,
              86.77096557617188
            ],
            [
              530.8870239257812,
              87.49105834960938
            ],
            [
              530.1671752929688,
              87.85110473632812
            ],
            [
              529.8072509765625,
              88.57119750976562
            ],
            [
              529.8072509765625,
              89.29129028320312
            ],
            [
              530.1671752929688,
              90.73147583007812
            ],
            [
              530.1671752929688,
              91.45156860351562
            ],
            [
              530.1671752929688,
              92.17166137695312
            ],
            [
              530.8870239257812,
              93.25177001953125
            ],
            [
              531.2469482421875,
              93.97186279296875
            ],
            [
              532.3267211914062,
              96.4921875
            ],
            [
              530.1671752929688,
              100.812744140625
            ],
            [
              525.1282958984375,
              108.73373413085938
            ],
            [
              526.2080688476562,
              109.45382690429688
            ],
            [
              530.1671752929688,
              112.33419799804688
            ],
            [
              533.7664184570312,
              114.85452270507812
            ],
            [
              535.9259643554688,
              116.65475463867188
            ],
            [
              538.8053588867188,
              119.175048828125
            ],
            [
              541.6847534179688,
              121.69537353515625
            ],
            [
              542.4046020507812,
              122.41546630859375
            ],
            [
              544.924072265625,
              124.935791015625
            ],
            [
              546.0038452148438,
              125.29583740234375
            ],
            [
              546.36376953125,
              125.6558837890625
            ],
            [
              546.7236938476562,
              126.01593017578125
            ],
            [
              547.803466796875,
              127.09603881835938
            ],
            [
              548.1633911132812,
              128.17617797851562
            ],
            [
              549.2431640625,
              129.61636352539062
            ],
            [
              549.9629516601562,
              130.33645629882812
            ],
            [
              550.3229370117188,
              130.69650268554688
            ],
            [
              551.7625732421875,
              131.77664184570312
            ],
            [
              553.922119140625,
              132.85678100585938
            ],
            [
              555.36181640625,
              133.57687377929688
            ],
            [
              555.7217407226562,
              133.93692016601562
            ],
            [
              556.4415893554688,
              134.29696655273438
            ],
            [
              556.801513671875,
              134.29696655273438
            ],
            [
              557.1614379882812,
              134.29696655273438
            ],
            [
              557.5213623046875,
              134.65701293945312
            ],
            [
              558.6011352539062,
              135.01705932617188
            ],
            [
              559.3209838867188,
              135.73715209960938
            ],
            [
              559.680908203125,
              135.73715209960938
            ],
            [
              560.0408325195312,
              136.45724487304688
            ],
            [
              560.0408325195312,
              136.81729125976562
            ],
            [
              560.0408325195312,
              137.17733764648438
            ],
            [
              560.0408325195312,
              137.53738403320312
            ],
            [
              560.4007568359375,
              137.89743041992188
            ],
            [
              561.8404541015625,
              138.9775390625
            ],
            [
              562.2003784179688,
              139.6976318359375
            ],
            [
              562.560302734375,
              139.6976318359375
            ],
            [
              563.2801513671875,
              140.05767822265625
            ],
            [
              563.2801513671875,
              140.417724609375
            ],
            [
              563.6400756835938,
              140.417724609375
            ],
            [
              563.6400756835938,
              140.77777099609375
            ],
            [
              562.9202270507812,
              142.21795654296875
            ],
            [
              562.2003784179688,
              143.65814208984375
            ],
            [
              562.2003784179688,
              144.0181884765625
            ],
            [
              561.8404541015625,
              144.37823486328125
            ],
            [
              561.8404541015625,
              144.0181884765625
            ],
            [
              561.8404541015625,
              144.37823486328125
            ],
            [
              561.4805297851562,
              144.0181884765625
            ],
            [
              560.4007568359375,
              144.73828125
            ],
            [
              558.6011352539062,
              146.8985595703125
            ],
            [
              556.801513671875,
              149.41888427734375
            ],
            [
              553.5621948242188,
              153.37936401367188
            ],
            [
              557.8812866210938,
              158.78005981445312
            ],
            [
              552.482421875,
              166.34100341796875
            ],
            [
              555.0018920898438,
              168.1412353515625
            ],
            [
              551.4027099609375,
              173.54190063476562
            ],
            [
              562.2003784179688,
              182.903076171875
            ],
            [
              560.0408325195312,
              187.58367919921875
            ],
            [
              565.439697265625,
              192.2642822265625
            ],
            [
              562.560302734375,
              196.58480834960938
            ],
            [
              565.0797729492188,
              198.38504028320312
            ],
            [
              566.87939453125,
              198.74508666992188
            ],
            [
              567.2393188476562,
              206.30606079101562
            ],
            [
              567.2393188476562,
              211.3466796875
            ],
            [
              567.5992431640625,
              215.30718994140625
            ],
            [
              568.319091796875,
              220.70785522460938
            ],
            [
              567.9591674804688,
              223.94827270507812
            ],
            [
              568.319091796875,
              226.46859741210938
            ],
            [
              568.319091796875,
              227.54873657226562
            ],
            [
              568.6790161132812,
              227.90878295898438
            ],
            [
              568.6790161132812,
              228.26882934570312
            ],
            [
              568.319091796875,
              231.149169921875
            ],
            [
              569.3988647460938,
              232.22930908203125
            ],
            [
              567.9591674804688,
              237.26995849609375
            ],
            [
              571.5584106445312,
              239.43023681640625
            ],
            [
              570.4786376953125,
              245.91104125976562
            ],
            [
              570.4786376953125,
              246.27108764648438
            ],
            [
              569.3988647460938,
              246.27108764648438
            ],
            [
              569.0389404296875,
              246.27108764648438
            ],
            [
              568.6790161132812,
              246.27108764648438
            ],
            [
              567.9591674804688,
              246.63113403320312
            ],
            [
              567.2393188476562,
              246.99118041992188
            ],
            [
              566.87939453125,
              247.35122680664062
            ],
            [
              566.87939453125,
              247.71127319335938
            ],
            [
              566.1595458984375,
              248.07131958007812
            ],
            [
              565.439697265625,
              248.79141235351562
            ],
            [
              563.6400756835938,
              249.51150512695312
            ],
            [
              562.560302734375,
              249.87155151367188
            ],
            [
              561.4805297851562,
              250.23159790039062
            ],
            [
              560.4007568359375,
              250.59164428710938
            ],
            [
              559.3209838867188,
              251.67178344726562
            ],
            [
              558.2412109375,
              252.75192260742188
            ],
            [
              556.4415893554688,
              253.83203125
            ],
            [
              553.922119140625,
              254.91217041015625
            ],
            [
              551.7625732421875,
              255.9923095703125
            ],
            [
              549.6030883789062,
              256.35235595703125
            ],
            [
              548.5233154296875,
              256.71240234375
            ],
            [
              547.4435424804688,
              256.71240234375
            ],
            [
              546.0038452148438,
              258.152587890625
            ],
            [
              544.5641479492188,
              258.51263427734375
            ],
            [
              546.0038452148438,
              259.5927734375
            ],
            [
              548.8832397460938,
              263.1932373046875
            ],
            [
              550.3229370117188,
              264.2733459472656
            ],
            [
              554.6419677734375,
              268.5939025878906
            ],
            [
              555.7217407226562,
              269.6740417480469
            ],
            [
              559.3209838867188,
              274.3546447753906
            ],
            [
              561.12060546875,
              277.955078125
            ],
            [
              561.8404541015625,
              279.395263671875
            ],
            [
              562.9202270507812,
              281.91558837890625
            ],
            [
              564.0,
              283.7158203125
            ],
            [
              565.0797729492188,
              286.23614501953125
            ],
            [
              566.1595458984375,
              288.7564392089844
            ],
            [
              567.2393188476562,
              291.9968566894531
            ],
            [
              569.3988647460938,
              294.8772277832031
            ],
            [
              571.9183349609375,
              299.9178466796875
            ],
            [
              572.9981079101562,
              301.71807861328125
            ],
            [
              575.1575927734375,
              305.6785888671875
            ],
            [
              575.517578125,
              306.398681640625
            ],
            [
              575.517578125,
              306.75872802734375
            ],
            [
              573.7179565429688,
              308.9189758300781
            ],
            [
              569.7587890625,
              313.5995788574219
            ],
            [
              568.319091796875,
              316.4799499511719
            ],
            [
              566.1595458984375,
              316.1199035644531
            ],
            [
              563.6400756835938,
              315.3998107910156
            ],
            [
              561.4805297851562,
              315.0397644042969
            ],
            [
              557.8812866210938,
              320.4404602050781
            ],
            [
              557.5213623046875,
              320.80047607421875
            ],
            [
              557.8812866210938,
              320.80047607421875
            ],
            [
              557.8812866210938,
              321.1605529785156
            ],
            [
              557.5213623046875,
              321.52056884765625
            ],
            [
              556.801513671875,
              322.2406921386719
            ],
            [
              556.0816650390625,
              321.880615234375
            ],
            [
              555.36181640625,
              321.1605529785156
            ],
            [
              554.6419677734375,
              320.80047607421875
            ],
            [
              553.922119140625,
              320.80047607421875
            ],
            [
              553.2022705078125,
              320.80047607421875
            ],
            [
              550.3229370117188,
              323.32080078125
            ],
            [
              551.042724609375,
              326.201171875
            ],
            [
              553.5621948242188,
              336.2824401855469
            ],
            [
              553.5621948242188,
              338.0826721191406
            ],
            [
              549.6030883789062,
              342.76324462890625
            ],
            [
              547.803466796875,
              344.92352294921875
            ],
            [
              537.7255859375,
              358.2452392578125
            ],
            [
              538.0855102539062,
              358.2452392578125
            ],
            [
              538.4454345703125,
              358.2452392578125
            ],
            [
              538.8053588867188,
              358.6052551269531
            ],
            [
              539.5252075195312,
              359.3253479003906
            ],
            [
              539.5252075195312,
              360.04547119140625
            ],
            [
              539.8851318359375,
              360.7655334472656
            ],
            [
              540.2450561523438,
              361.4856262207031
            ],
            [
              540.60498046875,
              362.2057189941406
            ],
            [
              540.9649047851562,
              364.3659973144531
            ],
            [
              542.044677734375,
              364.7260437011719
            ],
            [
              542.4046020507812,
              365.4461364746094
            ],
            [
              543.1244506835938,
              366.88629150390625
            ],
            [
              544.924072265625,
              370.8468017578125
            ],
            [
              545.6439208984375,
              371.56689453125
            ],
            [
              546.0038452148438,
              371.92694091796875
            ],
            [
              548.8832397460938,
              378.0477294921875
            ],
            [
              551.4027099609375,
              382.3682556152344
            ],
            [
              552.8423461914062,
              384.1684875488281
            ],
            [
              553.922119140625,
              385.6086730957031
            ],
            [
              556.0816650390625,
              389.56915283203125
            ],
            [
              555.36181640625,
              392.0894775390625
            ],
            [
              555.0018920898438,
              393.5296630859375
            ],
            [
              554.2820434570312,
              396.4100341796875
            ],
            [
              552.482421875,
              401.45068359375
            ],
            [
              551.4027099609375,
              404.69110107421875
            ],
            [
              554.6419677734375,
              406.8513488769531
            ],
            [
              560.4007568359375,
              410.81182861328125
            ],
            [
              562.9202270507812,
              412.25201416015625
            ],
            [
              561.12060546875,
              416.57257080078125
            ],
            [
              561.4805297851562,
              416.9326171875
            ],
            [
              565.439697265625,
              419.45294189453125
            ],
            [
              563.2801513671875,
              422.693359375
            ],
            [
              564.0,
              423.05340576171875
            ],
            [
              564.3599243164062,
              423.4134521484375
            ],
            [
              562.2003784179688,
              427.013916015625
            ],
            [
              561.12060546875,
              429.1741638183594
            ],
            [
              557.8812866210938,
              433.8547668457031
            ],
            [
              557.5213623046875,
              434.5748291015625
            ],
            [
              566.87939453125,
              440.3355712890625
            ],
            [
              562.2003784179688,
              452.2170715332031
            ],
            [
              560.7606811523438,
              455.0974426269531
            ],
            [
              557.1614379882812,
              462.65838623046875
            ],
            [
              553.922119140625,
              469.499267578125
            ],
            [
              552.8423461914062,
              473.0997009277344
            ],
            [
              554.2820434570312,
              473.45977783203125
            ],
            [
              557.1614379882812,
              474.8999328613281
            ],
            [
              556.0816650390625,
              478.5003967285156
            ],
            [
              555.36181640625,
              477.7803039550781
            ],
            [
              553.2022705078125,
              477.4202575683594
            ],
            [
              550.6828002929688,
              476.7001647949219
            ],
            [
              547.0836181640625,
              475.9800720214844
            ],
            [
              543.8442993164062,
              475.2599792480469
            ],
            [
              542.044677734375,
              474.1798400878906
            ],
            [
              540.60498046875,
              473.8197937011719
            ],
            [
              538.4454345703125,
              473.0997009277344
            ],
            [
              536.6458129882812,
              472.7396545410156
            ],
            [
              533.7664184570312,
              472.379638671875
            ],
            [
              532.3267211914062,
              472.379638671875
            ],
            [
              530.8870239257812,
              472.0195617675781
            ],
            [
              529.8072509765625,
              472.0195617675781
            ],
            [
              529.08740234375,
              472.0195617675781
            ],
            [
              527.647705078125,
              471.6595458984375
            ],
            [
              526.2080688476562,
              470.939453125
            ],
            [
              524.768310546875,
              470.57940673828125
            ],
            [
              524.0485229492188,
              470.2193603515625
            ],
            [
              522.96875,
              469.85931396484375
            ],
            [
              521.1691284179688,
              469.499267578125
            ],
            [
              519.7294311523438,
              469.13922119140625
            ],
            [
              518.649658203125,
              468.7791748046875
            ],
            [
              517.5698852539062,
              468.7791748046875
            ],
            [
              516.4901123046875,
              468.41912841796875
            ],
            [
              515.0504150390625,
              468.05908203125
            ],
            [
              513.9706420898438,
              468.05908203125
            ],
            [
              512.1710205078125,
              467.69903564453125
            ],
            [
              509.65155029296875,
              466.97894287109375
            ],
            [
              507.1321105957031,
              466.618896484375
            ],
            [
              505.6924133300781,
              466.25885009765625
            ],
            [
              503.8927917480469,
              465.8988037109375
            ],
            [
              502.8130187988281,
              465.53875732421875
            ],
            [
              501.7332458496094,
              465.1787109375
            ],
            [
              500.2935485839844,
              466.97894287109375
            ],
            [
              499.5736999511719,
              467.69903564453125
            ],
            [
              498.4939270019531,
              469.13922119140625
            ],
            [
              496.6943054199219,
              471.2994689941406
            ],
            [
              495.9744567871094,
              472.379638671875
            ],
            [
              495.2546081542969,
              472.7396545410156
            ],
            [
              494.1748352050781,
              473.8197937011719
            ],
            [
              492.01531982421875,
              476.7001647949219
            ],
            [
              490.2156982421875,
              479.5805358886719
            ],
            [
              488.05615234375,
              481.74078369140625
            ],
            [
              486.97637939453125,
              483.18096923828125
            ],
            [
              485.8966064453125,
              484.2611083984375
            ],
            [
              485.1767578125,
              485.34124755859375
            ],
            [
              484.4569091796875,
              486.42138671875
            ],
            [
              483.737060546875,
              487.1414794921875
            ],
            [
              483.0172424316406,
              487.861572265625
            ],
            [
              482.65728759765625,
              488.5816650390625
            ],
            [
              481.5775451660156,
              489.66180419921875
            ],
            [
              481.2176208496094,
              490.0218505859375
            ],
            [
              480.8576965332031,
              490.741943359375
            ],
            [
              480.1378479003906,
              490.741943359375
            ],
            [
              479.7779235839844,
              491.4620361328125
            ],
            [
              479.0580749511719,
              492.18212890625
            ],
            [
              478.3382263183594,
              492.9022216796875
            ],
            [
              477.9783020019531,
              492.9022216796875
            ],
            [
              475.8187561035156,
              495.7825622558594
            ],
            [
              475.0989074707031,
              496.8627014160156
            ],
            [
              474.7389831542969,
              497.5827941894531
            ],
            [
              474.3790588378906,
              497.9428405761719
            ],
            [
              473.6592102050781,
              498.6629333496094
            ],
            [
              473.2992858886719,
              499.0229797363281
            ],
            [
              472.9393615722656,
              499.3830261230469
            ],
            [
              471.8595886230469,
              500.8232116699219
            ],
            [
              470.7798156738281,
              502.2633972167969
            ],
            [
              470.0599670410156,
              502.9834899902344
            ],
            [
              469.7000732421875,
              503.3435363769531
            ],
            [
              468.980224609375,
              504.0636291503906
            ],
            [
              467.54052734375,
              506.9439697265625
            ],
            [
              467.18060302734375,
              506.58392333984375
            ],
            [
              466.46075439453125,
              506.223876953125
            ],
            [
              466.100830078125,
              505.86383056640625
            ],
            [
              465.74090576171875,
              505.86383056640625
            ],
            [
              465.02105712890625,
              505.5037841796875
            ],
            [
              464.30120849609375,
              505.5037841796875
            ],
            [
              463.221435546875,
              505.5037841796875
            ],
            [
              462.5015869140625,
              505.14373779296875
            ],
            [
              461.78173828125,
              505.14373779296875
            ],
            [
              460.70196533203125,
              505.14373779296875
            ],
            [
              459.98211669921875,
              505.14373779296875
            ],
            [
              459.6222229003906,
              505.14373779296875
            ],
            [
              458.54241943359375,
              506.223876953125
            ],
            [
              457.8226013183594,
              506.9439697265625
            ],
            [
              457.1027526855469,
              507.6640625
            ],
            [
              456.0229797363281,
              508.74420166015625
            ],
            [
              455.3031311035156,
              509.46429443359375
            ],
            [
              454.5832824707031,
              510.18438720703125
            ],
            [
              453.8634338378906,
              510.90447998046875
            ],
            [
              452.7836608886719,
              511.2645263671875
            ],
            [
              452.0638122558594,
              510.90447998046875
            ],
            [
              450.9840393066406,
              510.90447998046875
            ],
            [
              450.2641906738281,
              511.62457275390625
            ],
            [
              449.5443420410156,
              512.3446655273438
            ],
            [
              448.4645690917969,
              513.0647583007812
            ],
            [
              448.8244934082031,
              514.864990234375
            ],
            [
              448.4645690917969,
              515.5850830078125
            ],
            [
              448.4645690917969,
              517.745361328125
            ],
            [
              448.4645690917969,
              518.1054077148438
            ],
            [
              448.8244934082031,
              519.185546875
            ],
            [
              448.8244934082031,
              520.625732421875
            ],
            [
              448.8244934082031,
              522.06591796875
            ],
            [
              449.1844177246094,
              523.8660888671875
            ],
            [
              449.1844177246094,
              524.586181640625
            ],
            [
              449.1844177246094,
              524.9462280273438
            ],
            [
              449.1844177246094,
              525.6663208007812
            ],
            [
              449.5443420410156,
              526.3864135742188
            ],
            [
              449.5443420410156,
              527.1065063476562
            ],
            [
              449.1844177246094,
              528.5466918945312
            ],
            [
              448.8244934082031,
              529.6268310546875
            ],
            [
              448.8244934082031,
              530.346923828125
            ],
            [
              448.1046447753906,
              531.4270629882812
            ],
            [
              447.7447204589844,
              532.5072021484375
            ],
            [
              447.02490234375,
              533.9473876953125
            ],
            [
              445.94512939453125,
              536.4677124023438
            ],
            [
              445.585205078125,
              537.5478515625
            ],
            [
              445.585205078125,
              537.9078979492188
            ],
            [
              444.8653564453125,
              539.3480834960938
            ],
            [
              444.50543212890625,
              540.42822265625
            ],
            [
              443.4256591796875,
              541.1483154296875
            ],
            [
              442.34588623046875,
              542.2284545898438
            ],
            [
              441.62603759765625,
              543.30859375
            ],
            [
              439.826416015625,
              544.748779296875
            ],
            [
              438.74664306640625,
              546.1889038085938
            ],
            [
              437.30694580078125,
              548.3491821289062
            ],
            [
              435.5073547363281,
              550.8695068359375
            ],
            [
              434.4275817871094,
              551.9496459960938
            ],
            [
              433.7077331542969,
              552.6697387695312
            ],
            [
              432.9878845214844,
              553.02978515625
            ],
            [
              432.6279602050781,
              553.3898315429688
            ],
            [
              431.9081115722656,
              554.1099243164062
            ],
            [
              431.1882629394531,
              554.469970703125
            ],
            [
              430.4684143066406,
              554.8300170898438
            ],
            [
              429.3886413574219,
              555.1900634765625
            ],
            [
              427.2290954589844,
              555.5501098632812
            ],
            [
              426.5092468261719,
              555.91015625
            ],
            [
              425.4294738769531,
              556.2702026367188
            ],
            [
              424.7096252441406,
              556.9902954101562
            ],
            [
              423.6298522949219,
              557.7103881835938
            ],
            [
              422.5500793457031,
              558.4304809570312
            ],
            [
              421.83026123046875,
              559.1505737304688
            ],
            [
              421.4703063964844,
              559.5106201171875
            ],
            [
              421.11041259765625,
              560.5907592773438
            ],
            [
              420.39056396484375,
              562.3909912109375
            ],
            [
              420.0306396484375,
              562.7510375976562
            ],
            [
              419.310791015625,
              563.4711303710938
            ],
            [
              413.552001953125,
              559.5106201171875
            ],
            [
              412.8321533203125,
              559.5106201171875
            ],
            [
              412.1123046875,
              559.5106201171875
            ],
            [
              411.75238037109375,
              559.1505737304688
            ],
            [
              411.3924560546875,
              558.79052734375
            ],
            [
              411.3924560546875,
              558.4304809570312
            ],
            [
              411.03253173828125,
              558.79052734375
            ],
            [
              410.672607421875,
              558.4304809570312
            ],
            [
              410.3127136230469,
              558.0704345703125
            ],
            [
              409.9527587890625,
              557.7103881835938
            ],
            [
              409.5928649902344,
              557.350341796875
            ],
            [
              409.2329406738281,
              557.350341796875
            ],
            [
              408.5130920410156,
              556.9902954101562
            ],
            [
              408.1531677246094,
              556.6302490234375
            ],
            [
              407.7932434082031,
              556.2702026367188
            ],
            [
              407.4333190917969,
              555.91015625
            ],
            [
              405.2737731933594,
              554.8300170898438
            ],
            [
              404.9138488769531,
              554.469970703125
            ],
            [
              404.5539245605469,
              554.1099243164062
            ],
            [
              404.1940002441406,
              553.7498779296875
            ],
            [
              403.8340759277344,
              553.7498779296875
            ],
            [
              403.4741516113281,
              553.3898315429688
            ],
            [
              402.7543029785156,
              553.3898315429688
            ],
            [
              402.3943786621094,
              553.3898315429688
            ],
            [
              401.3146057128906,
              552.3096923828125
            ],
            [
              400.2348327636719,
              551.2295532226562
            ],
            [
              399.1550598144531,
              550.1494140625
            ],
            [
              398.0752868652344,
              550.1494140625
            ],
            [
              397.3554382324219,
              548.709228515625
            ],
            [
              396.99554443359375,
              547.6290893554688
            ],
            [
              392.67645263671875,
              544.388671875
            ],
            [
              390.8768310546875,
              543.6685791015625
            ],
            [
              387.9974365234375,
              543.6685791015625
            ],
            [
              385.837890625,
              543.30859375
            ],
            [
              384.0382995605469,
              543.6685791015625
            ],
            [
              378.9993591308594,
              545.1088256835938
            ],
            [
              376.1199645996094,
              546.1889038085938
            ],
            [
              375.7600402832031,
              546.1889038085938
            ],
            [
              373.9604187011719,
              547.26904296875
            ],
            [
              372.1607971191406,
              548.709228515625
            ],
            [
              370.00128173828125,
              549.7893676757812
            ],
            [
              367.4818115234375,
              550.8695068359375
            ],
            [
              366.0421142578125,
              551.2295532226562
            ],
            [
              358.8436584472656,
              554.8300170898438
            ],
            [
              355.2444152832031,
              556.6302490234375
            ],
            [
              348.7657775878906,
              556.2702026367188
            ],
            [
              345.88641357421875,
              556.6302490234375
            ],
            [
              346.246337890625,
              556.2702026367188
            ],
            [
              346.9661865234375,
              555.5501098632812
            ],
            [
              347.68603515625,
              555.1900634765625
            ],
            [
              348.04595947265625,
              554.469970703125
            ],
            [
              348.7657775878906,
              553.3898315429688
            ],
            [
              349.125732421875,
              552.6697387695312
            ],
            [
              349.8455505371094,
              552.3096923828125
            ],
            [
              350.2054748535156,
              551.589599609375
            ],
            [
              351.2852478027344,
              550.5094604492188
            ],
            [
              352.7249450683594,
              549.0692749023438
            ],
            [
              353.0848693847656,
              548.3491821289062
            ],
            [
              353.8047180175781,
              547.9891357421875
            ],
            [
              354.1646423339844,
              547.6290893554688
            ],
            [
              354.8844909667969,
              546.5489501953125
            ],
            [
              354.8844909667969,
              546.1889038085938
            ],
            [
              355.2444152832031,
              545.4688720703125
            ],
            [
              355.6043395996094,
              544.748779296875
            ],
            [
              355.9642639160156,
              544.0286865234375
            ],
            [
              355.9642639160156,
              543.30859375
            ],
            [
              355.9642639160156,
              542.9485473632812
            ],
            [
              355.9642639160156,
              542.2284545898438
            ],
            [
              356.3241882324219,
              540.42822265625
            ],
            [
              356.6841125488281,
              539.3480834960938
            ],
            [
              357.0440368652344,
              537.5478515625
            ],
            [
              357.0440368652344,
              537.1878051757812
            ],
            [
              357.4039611816406,
              536.4677124023438
            ],
            [
              358.1238098144531,
              535.3875732421875
            ],
            [
              358.8436584472656,
              534.3074340820312
            ],
            [
              359.2035827636719,
              533.9473876953125
            ],
            [
              359.9234313964844,
              533.227294921875
            ],
            [
              360.6432800292969,
              531.787109375
            ],
            [
              362.44287109375,
              529.9868774414062
            ],
            [
              363.882568359375,
              528.1866455078125
            ],
            [
              365.322265625,
              526.3864135742188
            ],
            [
              366.761962890625,
              524.586181640625
            ],
            [
              370.3612060546875,
              520.625732421875
            ],
            [
              371.8009033203125,
              518.8255004882812
            ],
            [
              374.6802673339844,
              515.5850830078125
            ],
            [
              377.5596618652344,
              512.3446655273438
            ],
            [
              378.9993591308594,
              510.90447998046875
            ],
            [
              380.0791320800781,
              509.104248046875
            ],
            [
              381.5188293457031,
              508.02410888671875
            ],
            [
              381.8787536621094,
              506.9439697265625
            ],
            [
              382.5986022949219,
              505.86383056640625
            ],
            [
              383.6783752441406,
              504.0636291503906
            ],
            [
              385.47796630859375,
              502.2633972167969
            ],
            [
              387.63751220703125,
              500.4631652832031
            ],
            [
              387.63751220703125,
              499.7430725097656
            ],
            [
              387.9974365234375,
              499.0229797363281
            ],
            [
              387.9974365234375,
              496.8627014160156
            ],
            [
              387.9974365234375,
              496.14263916015625
            ],
            [
              387.9974365234375,
              494.3424072265625
            ],
            [
              387.63751220703125,
              493.26226806640625
            ],
            [
              387.277587890625,
              491.10198974609375
            ],
            [
              387.277587890625,
              490.38189697265625
            ],
            [
              384.75811767578125,
              487.1414794921875
            ],
            [
              382.9585266113281,
              485.34124755859375
            ],
            [
              382.5986022949219,
              484.62115478515625
            ],
            [
              381.8787536621094,
              484.2611083984375
            ],
            [
              381.1589050292969,
              483.90106201171875
            ],
            [
              380.4390563964844,
              483.541015625
            ],
            [
              380.0791320800781,
              482.8209228515625
            ],
            [
              379.3592834472656,
              482.1008605957031
            ],
            [
              378.9993591308594,
              481.3807373046875
            ],
            [
              378.6394348144531,
              480.66064453125
            ],
            [
              377.9195861816406,
              479.9405517578125
            ],
            [
              377.5596618652344,
              479.2204895019531
            ],
            [
              376.4798889160156,
              478.1403503417969
            ],
            [
              375.7600402832031,
              477.0602111816406
            ],
            [
              375.0401916503906,
              475.9800720214844
            ],
            [
              373.60052490234375,
              474.5398864746094
            ],
            [
              370.72113037109375,
              471.2994689941406
            ],
            [
              370.00128173828125,
              470.57940673828125
            ],
            [
              368.9215087890625,
              469.499267578125
            ],
            [
              367.84173583984375,
              468.7791748046875
            ],
            [
              366.40203857421875,
              468.05908203125
            ],
            [
              365.322265625,
              467.3389892578125
            ],
            [
              364.6024169921875,
              466.97894287109375
            ],
            [
              363.882568359375,
              466.97894287109375
            ],
            [
              363.1627197265625,
              466.97894287109375
            ],
            [
              362.44287109375,
              467.3389892578125
            ],
            [
              362.08294677734375,
              467.3389892578125
            ],
            [
              361.36309814453125,
              468.05908203125
            ],
            [
              361.0032043457031,
              468.7791748046875
            ],
            [
              360.6432800292969,
              468.7791748046875
            ],
            [
              359.9234313964844,
              469.13922119140625
            ],
            [
              359.2035827636719,
              469.499267578125
            ],
            [
              359.2035827636719,
              469.85931396484375
            ],
            [
              358.8436584472656,
              470.2193603515625
            ],
            [
              358.4837341308594,
              470.57940673828125
            ],
            [
              358.1238098144531,
              471.2994689941406
            ],
            [
              357.4039611816406,
              471.6595458984375
            ],
            [
              355.9642639160156,
              472.7396545410156
            ],
            [
              354.8844909667969,
              473.45977783203125
            ],
            [
              354.1646423339844,
              474.1798400878906
            ],
            [
              353.4447937011719,
              474.5398864746094
            ],
            [
              352.3650207519531,
              474.8999328613281
            ],
            [
              351.6451721191406,
              475.2599792480469
            ],
            [
              351.2852478027344,
              475.6200256347656
            ],
            [
              350.9253234863281,
              476.3401184082031
            ],
            [
              350.2054748535156,
              477.0602111816406
            ],
            [
              348.7657775878906,
              479.5805358886719
            ],
            [
              348.04595947265625,
              480.66064453125
            ],
            [
              347.32611083984375,
              481.0207214355469
            ],
            [
              346.9661865234375,
              481.3807373046875
            ],
            [
              346.60626220703125,
              481.0207214355469
            ],
            [
              345.5264892578125,
              481.0207214355469
            ],
            [
              344.806640625,
              480.66064453125
            ],
            [
              344.0867919921875,
              480.66064453125
            ],
            [
              343.366943359375,
              480.66064453125
            ],
            [
              342.6470947265625,
              480.66064453125
            ],
            [
              341.92724609375,
              481.0207214355469
            ],
            [
              341.56732177734375,
              481.3807373046875
            ],
            [
              340.84747314453125,
              482.1008605957031
            ],
            [
              340.12762451171875,
              482.8209228515625
            ],
            [
              339.7677001953125,
              483.18096923828125
            ],
            [
              338.68792724609375,
              483.18096923828125
            ],
            [
              336.5284118652344,
              482.8209228515625
            ],
            [
              335.8085632324219,
              482.8209228515625
            ],
            [
              335.0887145996094,
              482.8209228515625
            ],
            [
              333.2890930175781,
              482.8209228515625
            ],
            [
              332.2093200683594,
              482.46087646484375
            ],
            [
              331.4894714355469,
              482.46087646484375
            ],
            [
              330.7696228027344,
              482.46087646484375
            ],
            [
              329.6898498535156,
              482.8209228515625
            ],
            [
              328.2501525878906,
              483.18096923828125
            ],
            [
              326.8104553222656,
              483.18096923828125
            ],
            [
              325.7306823730469,
              483.541015625
            ],
            [
              325.0108642578125,
              483.541015625
            ],
            [
              324.2909851074219,
              483.541015625
            ],
            [
              323.21124267578125,
              483.18096923828125
            ],
            [
              322.49139404296875,
              482.8209228515625
            ],
            [
              321.77154541015625,
              482.1008605957031
            ],
            [
              321.05169677734375,
              482.1008605957031
            ],
            [
              320.6917724609375,
              482.1008605957031
            ],
            [
              320.33184814453125,
              481.74078369140625
            ],
            [
              318.5322265625,
              479.9405517578125
            ],
            [
              317.45245361328125,
              479.2204895019531
            ],
            [
              316.73260498046875,
              478.8604431152344
            ],
            [
              316.3726806640625,
              478.8604431152344
            ],
            [
              316.01275634765625,
              478.8604431152344
            ],
            [
              315.65283203125,
              478.8604431152344
            ],
            [
              314.9329833984375,
              479.2204895019531
            ],
            [
              314.9329833984375,
              479.9405517578125
            ],
            [
              314.57305908203125,
              480.66064453125
            ],
            [
              314.57305908203125,
              481.3807373046875
            ],
            [
              314.213134765625,
              481.74078369140625
            ],
            [
              314.213134765625,
              482.1008605957031
            ],
            [
              313.4932861328125,
              482.1008605957031
            ],
            [
              313.13336181640625,
              482.1008605957031
            ],
            [
              311.3337707519531,
              481.74078369140625
            ],
            [
              309.8940734863281,
              481.74078369140625
            ],
            [
              308.8143005371094,
              481.74078369140625
            ],
            [
              307.3746032714844,
              481.3807373046875
            ],
            [
              306.6547546386719,
              481.3807373046875
            ],
            [
              305.9349060058594,
              481.3807373046875
            ],
            [
              305.5749816894531,
              481.74078369140625
            ],
            [
              305.2150573730469,
              482.1008605957031
            ],
            [
              305.2150573730469,
              482.8209228515625
            ],
            [
              304.8551330566406,
              484.62115478515625
            ],
            [
              304.4952087402344,
              486.06134033203125
            ],
            [
              304.1352844238281,
              487.861572265625
            ],
            [
              304.1352844238281,
              488.22161865234375
            ],
            [
              303.7753601074219,
              488.5816650390625
            ],
            [
              303.4154357910156,
              488.94171142578125
            ],
            [
              303.0555114746094,
              488.94171142578125
            ],
            [
              302.3356628417969,
              488.94171142578125
            ],
            [
              301.6158142089844,
              488.94171142578125
            ],
            [
              300.5360412597656,
              488.94171142578125
            ],
            [
              299.81622314453125,
              488.94171142578125
            ],
            [
              299.4562683105469,
              488.94171142578125
            ],
            [
              298.7364501953125,
              488.94171142578125
            ],
            [
              296.576904296875,
              489.3017578125
            ],
            [
              295.13720703125,
              489.3017578125
            ],
            [
              294.4173583984375,
              489.3017578125
            ],
            [
              293.33758544921875,
              489.66180419921875
            ],
            [
              292.61773681640625,
              489.66180419921875
            ],
            [
              291.89788818359375,
              489.66180419921875
            ],
            [
              290.0982666015625,
              489.66180419921875
            ],
            [
              289.0185241699219,
              489.66180419921875
            ],
            [
              287.57879638671875,
              489.66180419921875
            ],
            [
              286.1391296386719,
              489.66180419921875
            ],
            [
              285.0593566894531,
              489.66180419921875
            ],
            [
              283.9795837402344,
              490.0218505859375
            ],
            [
              281.8200378417969,
              490.38189697265625
            ],
            [
              281.1001892089844,
              490.38189697265625
            ],
            [
              279.3005676269531,
              490.741943359375
            ],
            [
              274.62158203125,
              491.82208251953125
            ],
            [
              273.181884765625,
              492.18212890625
            ],
            [
              271.7421875,
              492.54217529296875
            ],
            [
              270.302490234375,
              492.54217529296875
            ],
            [
              270.302490234375,
              490.38189697265625
            ],
            [
              270.66241455078125,
              486.42138671875
            ],
            [
              271.0223388671875,
              484.62115478515625
            ],
            [
              271.0223388671875,
              482.46087646484375
            ],
            [
              271.38226318359375,
              478.5003967285156
            ],
            [
              271.7421875,
              475.6200256347656
            ],
            [
              272.10211181640625,
              473.8197937011719
            ],
            [
              273.181884765625,
              459.05792236328125
            ],
            [
              274.9814758300781,
              437.09515380859375
            ],
            [
              274.9814758300781,
              435.65496826171875
            ],
            [
              276.42120361328125,
              421.9732666015625
            ],
            [
              276.7810974121094,
              419.45294189453125
            ],
            [
              278.5807189941406,
              414.7723388671875
            ],
            [
              283.2597351074219,
              402.890869140625
            ],
            [
              286.4990539550781,
              394.9698486328125
            ],
            [
              286.85894775390625,
              394.249755859375
            ],
            [
              287.2189025878906,
              393.16961669921875
            ],
            [
              293.33758544921875,
              378.0477294921875
            ],
            [
              293.697509765625,
              377.68768310546875
            ],
            [
              293.697509765625,
              377.32763671875
            ],
            [
              301.2558898925781,
              358.2452392578125
            ],
            [
              306.6547546386719,
              345.2835693359375
            ],
            [
              311.6936950683594,
              332.6819763183594
            ],
            [
              316.01275634765625,
              321.52056884765625
            ],
            [
              317.8123779296875,
              317.5600891113281
            ],
            [
              318.89215087890625,
              314.6797180175781
            ],
            [
              324.2909851074219,
              308.5589599609375
            ],
            [
              327.8902282714844,
              304.2384033203125
            ],
            [
              333.6490173339844,
              297.0375061035156
            ],
            [
              334.7287902832031,
              294.1571350097656
            ],
            [
              337.96807861328125,
              286.59619140625
            ],
            [
              341.56732177734375,
              280.1153564453125
            ],
            [
              343.72686767578125,
              273.9945983886719
            ],
            [
              354.5245666503906,
              242.670654296875
            ],
            [
              359.2035827636719,
              228.26882934570312
            ],
            [
              362.44287109375,
              207.38616943359375
            ],
            [
              368.56158447265625,
              172.82180786132812
            ],
            [
              370.3612060546875,
              159.86019897460938
            ],
            [
              370.3612060546875,
              159.50015258789062
            ],
            [
              370.72113037109375,
              159.50015258789062
            ],
            [
              372.520751953125,
              159.50015258789062
            ],
            [
              374.32037353515625,
              159.50015258789062
            ],
            [
              376.8398132324219,
              159.86019897460938
            ],
            [
              378.9993591308594,
              160.22024536132812
            ],
            [
              380.0791320800781,
              160.9403076171875
            ],
            [
              383.3184509277344,
              162.38052368164062
            ],
            [
              387.63751220703125,
              164.90081787109375
            ],
            [
              392.3165283203125,
              167.421142578125
            ],
            [
              399.1550598144531,
              172.4617919921875
            ],
            [
              400.9546813964844,
              174.62203979492188
            ],
            [
              404.5539245605469,
              177.14236450195312
            ],
            [
              405.9936218261719,
              177.14236450195312
            ],
            [
              409.5928649902344,
              178.22250366210938
            ],
            [
              410.3127136230469,
              177.86245727539062
            ],
            [
              409.5928649902344,
              172.10174560546875
            ],
            [
              409.5928649902344,
              170.66156005859375
            ],
            [
              411.03253173828125,
              167.78118896484375
            ],
            [
              410.672607421875,
              165.98095703125
            ],
            [
              410.672607421875,
              165.2608642578125
            ],
            [
              409.5928649902344,
              163.46063232421875
            ],
            [
              409.5928649902344,
              162.38052368164062
            ],
            [
              410.3127136230469,
              161.660400390625
            ],
            [
              409.9527587890625,
              160.58029174804688
            ],
            [
              409.5928649902344,
              159.14010620117188
            ],
            [
              409.2329406738281,
              156.97982788085938
            ],
            [
              409.9527587890625,
              154.09945678710938
            ],
            [
              410.3127136230469,
              152.65927124023438
            ],
            [
              411.3924560546875,
              151.93917846679688
            ],
            [
              411.03253173828125,
              150.85903930664062
            ],
            [
              410.672607421875,
              150.13894653320312
            ],
            [
              411.03253173828125,
              148.3387451171875
            ],
            [
              411.3924560546875,
              146.8985595703125
            ],
            [
              412.47222900390625,
              145.4583740234375
            ],
            [
              411.3924560546875,
              144.0181884765625
            ],
            [
              412.1123046875,
              142.21795654296875
            ],
            [
              413.19207763671875,
              139.6976318359375
            ],
            [
              414.99169921875,
              137.17733764648438
            ],
            [
              416.431396484375,
              136.09719848632812
            ],
            [
              417.51116943359375,
              134.29696655273438
            ],
            [
              417.87109375,
              132.49673461914062
            ],
            [
              418.23101806640625,
              129.97640991210938
            ],
            [
              418.5909423828125,
              128.89627075195312
            ],
            [
              420.0306396484375,
              127.09603881835938
            ],
            [
              420.75048828125,
              124.935791015625
            ],
            [
              421.4703063964844,
              122.41546630859375
            ],
            [
              422.1901550292969,
              120.615234375
            ],
            [
              425.4294738769531,
              118.4549560546875
            ],
            [
              427.5890197753906,
              115.93466186523438
            ],
            [
              428.6687927246094,
              114.85452270507812
            ],
            [
              429.3886413574219,
              114.13442993164062
            ],
            [
              432.2680358886719,
              111.25405883789062
            ],
            [
              435.5073547363281,
              108.37368774414062
            ],
            [
              440.18634033203125,
              106.21340942382812
            ],
            [
              441.62603759765625,
              105.49331665039062
            ],
            [
              443.4256591796875,
              106.21340942382812
            ],
            [
              446.3050537109375,
              104.77325439453125
            ],
            [
              449.5443420410156,
              102.9730224609375
            ],
            [
              451.7038879394531,
              100.0926513671875
            ],
            [
              453.1435852050781,
              99.73260498046875
            ],
            [
              457.1027526855469,
              99.73260498046875
            ],
            [
              460.342041015625,
              100.0926513671875
            ],
            [
              461.78173828125,
              98.6524658203125
            ],
            [
              462.5015869140625,
              97.57232666015625
            ],
            [
              462.14166259765625,
              96.13214111328125
            ],
            [
              461.78173828125,
              93.25177001953125
            ],
            [
              462.86151123046875,
              89.65133666992188
            ],
            [
              463.58135986328125,
              88.21115112304688
            ],
            [
              465.02105712890625,
              85.69082641601562
            ],
            [
              467.54052734375,
              83.1705322265625
            ],
            [
              470.419921875,
              80.2901611328125
            ],
            [
              472.2195129394531,
              78.8499755859375
            ],
            [
              475.0989074707031,
              77.04974365234375
            ],
            [
              480.4977722167969,
              74.88946533203125
            ],
            [
              485.53668212890625,
              73.0892333984375
            ],
            [
              487.3363037109375,
              72.369140625
            ],
            [
              488.7760009765625,
              69.12872314453125
            ],
            [
              489.85577392578125,
              68.048583984375
            ],
            [
              493.0950927734375,
              65.8883056640625
            ],
            [
              494.89471435546875,
              63.72808837890625
            ],
            [
              496.3343811035156,
              61.9278564453125
            ],
            [
              497.7740783691406,
              60.4876708984375
            ],
            [
              501.3733215332031,
              59.40753173828125
            ],
            [
              502.4530944824219,
              57.96734619140625
            ],
            [
              506.4122619628906,
              56.52716064453125
            ],
            [
              508.57177734375,
              54.7269287109375
            ],
            [
              510.37139892578125,
              52.20660400390625
            ],
            [
              512.1710205078125,
              49.686279296875
            ],
            [
              516.8500366210938,
              47.5260009765625
            ],
            [
              517.5698852539062,
              45.72576904296875
            ],
            [
              519.0095825195312,
              41.40521240234375
            ],
            [
              518.2897338867188,
              38.52490234375
            ],
            [
              520.08935546875,
              37.084716796875
            ],
            [
              521.8889770507812,
              35.28448486328125
            ],
            [
              524.768310546875,
              32.40411376953125
            ],
            [
              527.2877807617188,
              31.68402099609375
            ],
            [
              531.2469482421875,
              32.76416015625
            ],
            [
              534.4862670898438,
              33.84429931640625
            ],
            [
              538.8053588867188,
              34.9244384765625
            ],
            [
              541.3248291015625,
              36.3646240234375
            ],
            [
              542.7645263671875,
              37.084716796875
            ],
            [
              546.36376953125,
              36.3646240234375
            ],
            [
              548.8832397460938,
              36.3646240234375
            ],
            [
              552.1224975585938,
              38.16485595703125
            ],
            [
              555.0018920898438,
              41.04522705078125
            ],
            [
              556.0816650390625,
              41.76531982421875
            ]
          ]
        ],
        "geometryHash": "5232c0a8bbf1ce0abdefecb358ecc79276376a3345c95c8e7ebfebf89c51177d",
        "joiningReview": {
          "paths": 1,
          "allSourceSegmentsPreserved": true,
          "addedConnectorSegments": 0,
          "exactEndpointMatches": true,
          "explicitlyClosedCombinedPath": true,
          "originalSegmentCount": 758,
          "joinedSegmentCount": 758,
          "originalAndJoinedEdgeMultiplicityEqual": true,
          "sourcePathEndpoints": [
            {
              "first": [
                556.0816650390625,
                41.76531982421875
              ],
              "last": [
                556.0816650390625,
                41.76531982421875
              ]
            }
          ]
        },
        "repair": {
          "applied": true,
          "operation": "make_valid followed by explicitly reviewed separation of one positive-area polygon from one zero-area retraced line",
          "approved": true,
          "shapelyVersion": "2.1.2",
          "rawValidityIssue": "Self-intersection[561.840454101562 144.378234863281]",
          "polygonAreaMeters2": 45351271.17224469,
          "areaDifferenceMeters2": -7.450580596923828e-09,
          "exactAreaEqualityProof": {
            "coordinateSystem": "PDF page coordinates, exact rational arithmetic from the stored binary floats",
            "twiceAreaNumerator": 199487160635603,
            "twiceAreaDenominator": 1073741824,
            "sourceAndResultEqual": true,
            "affinePreservesAreaEquality": true,
            "floatingProjectedAreaCaveat": "Any ~1e-8 square metre difference in separately summed floating point shoelace areas is rounding; exact source edge inventory and rational source area are unchanged."
          },
          "newVertices": 0,
          "newBoundarySegments": 0,
          "removedRetracedSegmentOccurrences": 2,
          "removedSegmentPagePoints": [
            [
              561.8404541015625,
              144.0181884765625
            ],
            [
              561.8404541015625,
              144.37823486328125
            ]
          ],
          "nonArealComponentType": "LineString",
          "nonArealComponentLengthMeters": 7.954129630172319,
          "nonArealComponentGeometry": {
            "type": "LineString",
            "coordinates": [
              [
                8.803952074293251,
                35.45264182012264
              ],
              [
                8.803951897846085,
                35.45271354022333
              ]
            ]
          },
          "qualification": "Every positive-area component retained. The original retraced line and complete source path remain in provenance; no buffering, snapping or invented boundary segment."
        },
        "clipReview": {
          "outsideViewportAreaPoints2": 0.0,
          "distanceFromViewportPoints": 26.643310546875004,
          "activeClips": [
            {
              "sequence": 275,
              "outsideActiveClipAreasPoints2": [
                0.0,
                0.0
              ]
            }
          ]
        },
        "manualIdentityQualification": "Title and in-map red Zelfan label identify the complete eastern Thala sector around Zelfan medical centre, bounded by Oued Rachah to the west, El Ayoun to the east and Khmouda South to the south. The separate complete ring264 belongs to Oued Rachah and must not be substituted.",
        "labelCenterContainmentPassed": true,
        "insideTargetLabels": [
          {
            "text": "زﻟﻔﺎن",
            "normalizedForward": "زلفان",
            "normalizedReverse": "نافلز",
            "colors": [
              15073280
            ],
            "bounds": [
              349.3056945800781,
              259.90802001953125,
              414.4648742675781,
              313.1925964355469
            ],
            "point": [
              381.8852844238281,
              286.55030822753906
            ]
          }
        ],
        "visualReview": "full official PDF page inspected, including neighboring labels and legend",
        "sourceAssertion": {
          "id": "osm:relation:7165010",
          "expectedKind": "sector",
          "expectedTags": {
            "admin_level": "6",
            "boundary": "administrative",
            "name": "زلفان",
            "name:ar": "زلفان",
            "name:fr": "Zelfane",
            "ref:tn:codegeo": "425959"
          }
        },
        "currentOfficialIdentity": {
          "governorateCode": "42",
          "governorateFr": "Kasserine",
          "governorateAr": "القصرين",
          "delegationCode": "4259",
          "delegationFr": "Thala",
          "delegationAr": "تالة",
          "sectorCode": "425959",
          "sectorFr": "Zelfane",
          "sectorAr": "زلفان",
          "sourceRows": {
            "Population_Secteur_Age_Sexe_Dynamique.xlsx": 52359,
            "Nombre_de_Logements_par_Secteurs.xlsx": 2546,
            "Nombre_de_menages_par_Secteurs.xlsx": 2541
          }
        },
        "officialRegistrySha256": "23b3ee87c07971eb48b456799833f1996ade5d0bdc10d7bf6b0e3bf6798c9eec",
        "validation": {
          "valid": true,
          "countryFullyContains": true,
          "areaMeters2": 45351271.172245115,
          "boundsWgs84": [
            8.733186024751664,
            35.36909856838009,
            8.807360941774924,
            35.47507625441874
          ],
          "quantizedValid": true,
          "quantizedPartCount": 1,
          "quantizedAreaMeters2": 45351249.29805323
        },
        "osmComparison": {
          "iou": 0.8081269432968253,
          "officialCoveredByOsm": 0.9489051166462916,
          "osmCoveredByOfficial": 0.8448920148675266,
          "oldAreaMeters2": 50934382.74298793,
          "newAreaMeters2": 45351271.172245115,
          "hausdorffMeters": 3110.3314979991555
        }
      },
      "geometry": {
        "type": "Polygon",
        "coordinates": [
          [
            [
              8.804039547515158,
              35.45271368133699
            ],
            [
              8.804039371145148,
              35.45278540143721
            ],
            [
              8.804213965776645,
              35.45307256386971
            ],
            [
              8.804388561645103,
              35.45335972604
            ],
            [
              8.804388385580632,
              35.453431446134026
            ],
            [
              8.80430073513136,
              35.453431305271174
            ],
            [
              8.804300558988492,
              35.45350302536397
            ],
            [
              8.804125081637187,
              35.45357446353776
            ],
            [
              8.804037431034192,
              35.453574322483234
            ],
            [
              8.803949427520765,
              35.45371762154338
            ],
            [
              8.803598294205571,
              35.453932210608855
            ],
            [
              8.803510466370165,
              35.45400378925403
            ],
            [
              8.803510289522343,
              35.454075509336604
            ],
            [
              8.8035101126739,
              35.454147229418325
            ],
            [
              8.803509935824836,
              35.45421894949919
            ],
            [
              8.803421930670579,
              35.45436224815421
            ],
            [
              8.803334279216925,
              35.45436210658641
            ],
            [
              8.803158621986743,
              35.45450526341264
            ],
            [
              8.802895489769835,
              35.45457655801725
            ],
            [
              8.802807660611489,
              35.4546481361392
            ],
            [
              8.802720008851015,
              35.4546479941244
            ],
            [
              8.802632357091156,
              35.45464785204596
            ],
            [
              8.802456875786499,
              35.45471928776852
            ],
            [
              8.802369046085515,
              35.454790865567894
            ],
            [
              8.802018082082878,
              35.45493373598364
            ],
            [
              8.8014916337593,
              35.45514803968018
            ],
            [
              8.801140502568595,
              35.4553626276077
            ],
            [
              8.801052656140547,
              35.455434204411326
            ],
            [
              8.800877007409516,
              35.455577357895685
            ],
            [
              8.800613331419985,
              35.45586380764498
            ],
            [
              8.800525139824751,
              35.456078824172366
            ],
            [
              8.800261640708012,
              35.45629354699968
            ],
            [
              8.800173807352863,
              35.45636512317125
            ],
            [
              8.80008597384213,
              35.45643669927755
            ],
            [
              8.799822832650367,
              35.45650798713238
            ],
            [
              8.799207991549471,
              35.45700901669566
            ],
            [
              8.799032321263217,
              35.45715216741201
            ],
            [
              8.798329815363838,
              35.45765304765001
            ],
            [
              8.797627300776181,
              35.45815391765027
            ],
            [
              8.797100454753435,
              35.45851164198017
            ],
            [
              8.796222612155907,
              35.459012217350896
            ],
            [
              8.795256932357729,
              35.45958435881441
            ],
            [
              8.794993592251123,
              35.45972735603455
            ],
            [
              8.796216744700212,
              35.46130725055481
            ],
            [
              8.796740503534378,
              35.46216876969713
            ],
            [
              8.796476241861482,
              35.46267036982805
            ],
            [
              8.796388214980805,
              35.46281366308252
            ],
            [
              8.796212343679965,
              35.463028523363626
            ],
            [
              8.796211976910252,
              35.46317196324872
            ],
            [
              8.796211610137966,
              35.463315403130395
            ],
            [
              8.796123215147357,
              35.46360213604671
            ],
            [
              8.796122848211718,
              35.46374557591735
            ],
            [
              8.796210143023083,
              35.46388916262292
            ],
            [
              8.796385283287531,
              35.46396117604211
            ],
            [
              8.7964725787973,
              35.464104762555095
            ],
            [
              8.79656005769996,
              35.46417662907169
            ],
            [
              8.79673501597217,
              35.46432036191366
            ],
            [
              8.796822129637022,
              35.464535668097106
            ],
            [
              8.796909609316556,
              35.46460753435783
            ],
            [
              8.797870622575338,
              35.46590009237712
            ],
            [
              8.798220006988515,
              35.46640271370528
            ],
            [
              8.798657060774675,
              35.46690547906662
            ],
            [
              8.798481186514481,
              35.4671203485771
            ],
            [
              8.798568126500072,
              35.467407373327895
            ],
            [
              8.798654885851674,
              35.46776611790278
            ],
            [
              8.798829312326548,
              35.46812500734775
            ],
            [
              8.799004102258957,
              35.468340444582964
            ],
            [
              8.799788955939778,
              35.46999130252692
            ],
            [
              8.800138729782436,
              35.470350478312746
            ],
            [
              8.800226398565625,
              35.47035062225717
            ],
            [
              8.800314247140424,
              35.47027904626306
            ],
            [
              8.800489764188912,
              35.47020761395629
            ],
            [
              8.80057725326208,
              35.470279477522105
            ],
            [
              8.800576894146527,
              35.47042291727327
            ],
            [
              8.800576535028455,
              35.47056635702102
            ],
            [
              8.800576175907862,
              35.47070979676535
            ],
            [
              8.800750976040966,
              35.47092524356998
            ],
            [
              8.80092613561042,
              35.47099725037965
            ],
            [
              8.801276082937031,
              35.47128470294936
            ],
            [
              8.801713003507484,
              35.4718591768487
            ],
            [
              8.80206279398178,
              35.47221834700152
            ],
            [
              8.802149573930347,
              35.47257708884542
            ],
            [
              8.802499013739402,
              35.4730796852533
            ],
            [
              8.802235642262444,
              35.47322269785149
            ],
            [
              8.801532837156044,
              35.473795314845255
            ],
            [
              8.800742902113278,
              35.47415262467453
            ],
            [
              8.80012919173599,
              35.47415161825848
            ],
            [
              8.79925282419543,
              35.4740067354572
            ],
            [
              8.798901771073297,
              35.4741495960645
            ],
            [
              8.798287334321266,
              35.47443545956076
            ],
            [
              8.797234708221701,
              35.47464887038092
            ],
            [
              8.796445097581845,
              35.474862712307015
            ],
            [
              8.795480135006997,
              35.47507625441874
            ],
            [
              8.794866787129138,
              35.4749317816291
            ],
            [
              8.794166894432161,
              35.47435683867212
            ],
            [
              8.793729457264842,
              35.47399749723644
            ],
            [
              8.793291837941153,
              35.47370987401051
            ],
            [
              8.793468669823138,
              35.473136425506716
            ],
            [
              8.793120217095943,
              35.472275191902014
            ],
            [
              8.79294580715949,
              35.471916294508944
            ],
            [
              8.791807215577293,
              35.47148403052151
            ],
            [
              8.791370179921826,
              35.47098124079927
            ],
            [
              8.790933149699441,
              35.470478449471216
            ],
            [
              8.790408086850805,
              35.47011894520652
            ],
            [
              8.789444491389695,
              35.46983040055909
            ],
            [
              8.789182245597955,
              35.46954306571817
            ],
            [
              8.788306138508021,
              35.46932638372671
            ],
            [
              8.787956231112837,
              35.4690388936199
            ],
            [
              8.78760652470469,
              35.468679682670356
            ],
            [
              8.787169338878126,
              35.46824860964543
            ],
            [
              8.786381493912197,
              35.4678169075369
            ],
            [
              8.786119073174408,
              35.46760128584884
            ],
            [
              8.78577014445083,
              35.46695519014054
            ],
            [
              8.785332205505602,
              35.46681097764987
            ],
            [
              8.784105875754687,
              35.4664502061552
            ],
            [
              8.782792080838298,
              35.466017545832
            ],
            [
              8.782091748685174,
              35.46565769209789
            ],
            [
              8.781654223481013,
              35.465370026597824
            ],
            [
              8.78095449285549,
              35.464795006711164
            ],
            [
              8.780342236712157,
              35.46429186704622
            ],
            [
              8.77999297285715,
              35.46378919421944
            ],
            [
              8.77981844152531,
              35.4635019974867
            ],
            [
              8.779557439501515,
              35.46278432850879
            ],
            [
              8.779646684646806,
              35.462210728393714
            ],
            [
              8.779735136498298,
              35.46192400767898
            ],
            [
              8.779560411922429,
              35.46170853038427
            ],
            [
              8.7792105686334,
              35.46142101479103
            ],
            [
              8.778421446147666,
              35.461491299822534
            ],
            [
              8.777457196669822,
              35.46148953909684
            ],
            [
              8.777106760849234,
              35.4614171770508
            ],
            [
              8.776582413475623,
              35.460842452893495
            ],
            [
              8.775794503403011,
              35.460482401513
            ],
            [
              8.77509404835516,
              35.46019423309562
            ],
            [
              8.774655355264189,
              35.460336861413836
            ],
            [
              8.774305129801181,
              35.460192771374395
            ],
            [
              8.773166811225835,
              35.45976033168746
            ],
            [
              8.772379533126296,
              35.459185098405655
            ],
            [
              8.771679922122079,
              35.45861002460801
            ],
            [
              8.771505020926888,
              35.4584662555223
            ],
            [
              8.771242670300978,
              35.45825060141656
            ],
            [
              8.770718179207751,
              35.457747577681815
            ],
            [
              8.769930524817159,
              35.45731576815126
            ],
            [
              8.769756250008262,
              35.456956836858154
            ],
            [
              8.769582398119784,
              35.45645446552485
            ],
            [
              8.769408333802938,
              35.456023819871476
            ],
            [
              8.769058758729436,
              35.455664554911856
            ],
            [
              8.768971728585434,
              35.455449228682795
            ],
            [
              8.768885529228895,
              35.4549470227565
            ],
            [
              8.768798915619113,
              35.45458825655796
            ],
            [
              8.768537000547784,
              35.454229156677854
            ],
            [
              8.768187020694892,
              35.45401332896683
            ],
            [
              8.767750226371321,
              35.453510459243354
            ],
            [
              8.767488737049149,
              35.453007917206975
            ],
            [
              8.767314482285085,
              35.452648982209
            ],
            [
              8.767578265343294,
              35.45236260543345
            ],
            [
              8.767316153915875,
              35.452075222756115
            ],
            [
              8.767229341258297,
              35.451788175237446
            ],
            [
              8.767142738294353,
              35.45142941378263
            ],
            [
              8.767230804402836,
              35.45128614172948
            ],
            [
              8.767319079139044,
              35.45107114966091
            ],
            [
              8.767056561886129,
              35.450927206289506
            ],
            [
              8.766969743929707,
              35.45064015852349
            ],
            [
              8.766796132144657,
              35.45006606281302
            ],
            [
              8.766885034631828,
              35.44963591113638
            ],
            [
              8.766973510262074,
              35.44934919927889
            ],
            [
              8.76706179095052,
              35.44913421341716
            ],
            [
              8.766886918434972,
              35.44899043144504
            ],
            [
              8.766887546338383,
              35.448775277611524
            ],
            [
              8.767151519822566,
              35.44841718155078
            ],
            [
              8.767151937959115,
              35.448273741593596
            ],
            [
              8.767240627543112,
              35.44791530949691
            ],
            [
              8.76689173231033,
              35.4473408779982
            ],
            [
              8.766892569469439,
              35.44705399803449
            ],
            [
              8.767071202123812,
              35.44590682003742
            ],
            [
              8.76689612724673,
              35.44583476411519
            ],
            [
              8.766019077138433,
              35.44604824072923
            ],
            [
              8.765668508247856,
              35.44604756558642
            ],
            [
              8.764790608046743,
              35.44654791321172
            ],
            [
              8.764351125042596,
              35.446977378473974
            ],
            [
              8.762682929061414,
              35.44797821893691
            ],
            [
              8.76154205497873,
              35.44847802906886
            ],
            [
              8.760488819647897,
              35.4489779949757
            ],
            [
              8.759699148627744,
              35.449263324031804
            ],
            [
              8.75943577979742,
              35.449406237740185
            ],
            [
              8.758909688484017,
              35.44947691580747
            ],
            [
              8.758295957726164,
              35.44954741734457
            ],
            [
              8.75785772789213,
              35.449546545150454
            ],
            [
              8.757419498077002,
              35.44954567136565
            ],
            [
              8.75733185211625,
              35.44954549641779
            ],
            [
              8.757332069905848,
              35.44947377650442
            ],
            [
              8.75690169437741,
              35.44689099560433
            ],
            [
              8.755432827856703,
              35.4400029072478
            ],
            [
              8.754656879231517,
              35.43584156177112
            ],
            [
              8.753526517016857,
              35.43297046036098
            ],
            [
              8.750917115203102,
              35.42672547009355
            ],
            [
              8.750395191879639,
              35.42550515518898
            ],
            [
              8.74952303457909,
              35.42421238995643
            ],
            [
              8.748739205103526,
              35.42270464493575
            ],
            [
              8.748478158020909,
              35.42213033985256
            ],
            [
              8.747080832015639,
              35.420693033391444
            ],
            [
              8.746207414745712,
              35.419830564877905
            ],
            [
              8.744897102560671,
              35.418608576486974
            ],
            [
              8.74463609582913,
              35.41803426287827
            ],
            [
              8.74420055804765,
              35.41724442546401
            ],
            [
              8.743156367711132,
              35.41501888736845
            ],
            [
              8.741937939492534,
              35.41250608673294
            ],
            [
              8.740632215786457,
              35.4099213598202
            ],
            [
              8.738804957351562,
              35.40611625649487
            ],
            [
              8.73880519120644,
              35.40604453616729
            ],
            [
              8.738717826418098,
              35.40597262757891
            ],
            [
              8.737238536794457,
              35.40295717542849
            ],
            [
              8.737151639874222,
              35.40274182496073
            ],
            [
              8.737064522900813,
              35.40259819481629
            ],
            [
              8.736281361341645,
              35.40101863896452
            ],
            [
              8.735150471280669,
              35.398649402729
            ],
            [
              8.73471560414494,
              35.397716082540605
            ],
            [
              8.734629684243764,
              35.39721384852839
            ],
            [
              8.73428835551297,
              35.39448771922345
            ],
            [
              8.734289306525472,
              35.39420083745932
            ],
            [
              8.733865909463448,
              35.38982494315823
            ],
            [
              8.733612936460606,
              35.38688383290783
            ],
            [
              8.733526550306935,
              35.38652503833496
            ],
            [
              8.733440880203789,
              35.38595108207844
            ],
            [
              8.733355926768246,
              35.385161970160425
            ],
            [
              8.733357357746284,
              35.38473164687622
            ],
            [
              8.733270974957637,
              35.384372852007736
            ],
            [
              8.733186024751664,
              35.38358373369942
            ],
            [
              8.733187456549162,
              35.38315341030856
            ],
            [
              8.73353775226941,
              35.383154178579446
            ],
            [
              8.733887809992178,
              35.383226666406145
            ],
            [
              8.734237868347435,
              35.3832991532205
            ],
            [
              8.7353756141189,
              35.38351679821539
            ],
            [
              8.735813249502629,
              35.38358947105218
            ],
            [
              8.735988398340812,
              35.38358985151228
            ],
            [
              8.736513609184565,
              35.383662711950706
            ],
            [
              8.736776097236485,
              35.38373500160591
            ],
            [
              8.737038820987156,
              35.383735570109245
            ],
            [
              8.737389111907506,
              35.383736327209014
            ],
            [
              8.737739417691653,
              35.383737083325265
            ],
            [
              8.738002134043981,
              35.38373764971794
            ],
            [
              8.73844000702311,
              35.38373859246295
            ],
            [
              8.738615156220469,
              35.38373896911663
            ],
            [
              8.738790305421086,
              35.383739345516425
            ],
            [
              8.73905279578368,
              35.38381163023438
            ],
            [
              8.739227945147451,
              35.38381200600042
            ],
            [
              8.73957824388475,
              35.38381275677081
            ],
            [
              8.74010345949989,
              35.383885601621635
            ],
            [
              8.740278601612788,
              35.38388597584944
            ],
            [
              8.740366183808502,
              35.383886162891905
            ],
            [
              8.740541325926257,
              35.38388653673887
            ],
            [
              8.740804050247002,
              35.38388709705702
            ],
            [
              8.740979199798202,
              35.38388747028509
            ],
            [
              8.741154349352634,
              35.38388784325925
            ],
            [
              8.74124192413106,
              35.38388802965112
            ],
            [
              8.741329267479458,
              35.38395993658509
            ],
            [
              8.741416610982869,
              35.38403184345574
            ],
            [
              8.741416379627918,
              35.38410356406012
            ],
            [
              8.741502798241898,
              35.38446235327456
            ],
            [
              8.741589448819541,
              35.384749421812316
            ],
            [
              8.741675868871305,
              35.38510821087077
            ],
            [
              8.74167540662088,
              35.38525164597696
            ],
            [
              8.74176275179857,
              35.38532355866827
            ],
            [
              8.741850097150873,
              35.38539546521719
            ],
            [
              8.742025249976942,
              35.38539583694264
            ],
            [
              8.742200402806226,
              35.38539620841418
            ],
            [
              8.742550938836319,
              35.38532523000009
            ],
            [
              8.742813667863356,
              35.3853257859681
            ],
            [
              8.743163973243956,
              35.38532652637008
            ],
            [
              8.743602077012566,
              35.3852557237474
            ],
            [
              8.743689653286197,
              35.38525590837132
            ],
            [
              8.74386480583585,
              35.38525627742873
            ],
            [
              8.743864576618064,
              35.385328004111436
            ],
            [
              8.743951923849961,
              35.38539990914872
            ],
            [
              8.74395146560425,
              35.385543350352755
            ],
            [
              8.744038584097241,
              35.385686975926326
            ],
            [
              8.744038126019538,
              35.38583041104547
            ],
            [
              8.744213050921097,
              35.38590250020169
            ],
            [
              8.744300627897958,
              35.385902684385684
            ],
            [
              8.744388204875612,
              35.38590286850619
            ],
            [
              8.744475781854067,
              35.38590305256323
            ],
            [
              8.74465116432051,
              35.38583169988561
            ],
            [
              8.744914351560302,
              35.38568881616454
            ],
            [
              8.74535337473669,
              35.38533113085607
            ],
            [
              8.74544117892616,
              35.385259587519386
            ],
            [
              8.745528755216508,
              35.385259770810286
            ],
            [
              8.74570390779958,
              35.385260137201605
            ],
            [
              8.745879515195176,
              35.38511706818569
            ],
            [
              8.746054894732627,
              35.385045713448804
            ],
            [
              8.746317842524343,
              35.38497454115734
            ],
            [
              8.746493001927032,
              35.384974906417675
            ],
            [
              8.74666814648194,
              35.384975271393145
            ],
            [
              8.746930647976273,
              35.38504753902764
            ],
            [
              8.747280952266019,
              35.38504826748801
            ],
            [
              8.747631030705532,
              35.385120715559935
            ],
            [
              8.74789353354201,
              35.385192981106194
            ],
            [
              8.748068686012676,
              35.38519334406877
            ],
            [
              8.748243838486484,
              35.385193706777414
            ],
            [
              8.748506792291563,
              35.38512252973315
            ],
            [
              8.748944673113987,
              35.385123434439336
            ],
            [
              8.749119825448435,
              35.385123795877476
            ],
            [
              8.749294977786011,
              35.3851241570617
            ],
            [
              8.749820651316979,
              35.38505351843639
            ],
            [
              8.750083379610698,
              35.38505405859263
            ],
            [
              8.750170732095237,
              35.38512595915889
            ],
            [
              8.750345437548319,
              35.385269754022275
            ],
            [
              8.75052014358361,
              35.38541356079026
            ],
            [
              8.750607496862184,
              35.38548545496061
            ],
            [
              8.750782426905454,
              35.3855575407098
            ],
            [
              8.750957580202815,
              35.385557899487615
            ],
            [
              8.751132733503281,
              35.38555825801151
            ],
            [
              8.751307886806847,
              35.38555861628149
            ],
            [
              8.751483262589272,
              35.38548724757531
            ],
            [
              8.751745992322512,
              35.38548778412189
            ],
            [
              8.751833791029032,
              35.38541624827688
            ],
            [
              8.751921145481875,
              35.38548814150222
            ],
            [
              8.752096076711231,
              35.38556022535422
            ],
            [
              8.75227055734263,
              35.38577573807079
            ],
            [
              8.752619314740743,
              35.38627849556542
            ],
            [
              8.752794027014717,
              35.38642229296764
            ],
            [
              8.752881162156724,
              35.38656591221249
            ],
            [
              8.752968518758035,
              35.38663781075474
            ],
            [
              8.753143453423057,
              35.38670988701139
            ],
            [
              8.753405966388968,
              35.38678214060294
            ],
            [
              8.753580901757815,
              35.38685421622731
            ],
            [
              8.753755617000751,
              35.38699800615819
            ],
            [
              8.754017911207951,
              35.38714198513939
            ],
            [
              8.754367565007959,
              35.38735784892367
            ],
            [
              8.75454250246194,
              35.3874299292364
            ],
            [
              8.754629641802406,
              35.38757354113414
            ],
            [
              8.754717001043968,
              35.38764543841083
            ],
            [
              8.754804360440572,
              35.38771733562413
            ],
            [
              8.754804140905375,
              35.38778905625884
            ],
            [
              8.75497907969891,
              35.38786112986054
            ],
            [
              8.75515401880483,
              35.38793320320933
            ],
            [
              8.755241598049778,
              35.38793337947152
            ],
            [
              8.755328731724244,
              35.388076996924354
            ],
            [
              8.755503452689585,
              35.38822079040075
            ],
            [
              8.755591032247686,
              35.38822096641089
            ],
            [
              8.755765972678368,
              35.388293038874615
            ],
            [
              8.755941131954955,
              35.388293390451445
            ],
            [
              8.756116291234587,
              35.38829374177433
            ],
            [
              8.75629166873991,
              35.388222372206585
            ],
            [
              8.756554843414879,
              35.38807945705372
            ],
            [
              8.756905596422698,
              35.38793671637648
            ],
            [
              8.7571687690918,
              35.387793799871474
            ],
            [
              8.757432158042297,
              35.38757916213568
            ],
            [
              8.757607749882288,
              35.38743607606451
            ],
            [
              8.758310327538112,
              35.38679198418851
            ],
            [
              8.75866149669391,
              35.386505796996424
            ],
            [
              8.75883730000825,
              35.38629098234293
            ],
            [
              8.75901310238854,
              35.38607616742229
            ],
            [
              8.759276480866427,
              35.38586152556303
            ],
            [
              8.759364488846774,
              35.385718263542294
            ],
            [
              8.759540073256874,
              35.38557516851003
            ],
            [
              8.75962808047652,
              35.38543190020837
            ],
            [
              8.759716087402067,
              35.38528862575891
            ],
            [
              8.759891670240531,
              35.38514553627838
            ],
            [
              8.75997967636889,
              35.3850022677061
            ],
            [
              8.760155043362806,
              35.384930892449624
            ],
            [
              8.760330410048903,
              35.38485951693655
            ],
            [
              8.760505776427177,
              35.384788141166865
            ],
            [
              8.760593781080463,
              35.38464487213297
            ],
            [
              8.761032722273663,
              35.384287129474096
            ],
            [
              8.761647670720377,
              35.38364284559349
            ],
            [
              8.761648097609234,
              35.38349940415182
            ],
            [
              8.761736952287382,
              35.38306925133953
            ],
            [
              8.761825166166819,
              35.38285426062228
            ],
            [
              8.761826232567058,
              35.3824956569601
            ],
            [
              8.761826659103834,
              35.38235222156831
            ],
            [
              8.761827938750413,
              35.38192189713526
            ],
            [
              8.761740792658049,
              35.38177828418914
            ],
            [
              8.761741219352922,
              35.38163484270212
            ],
            [
              8.76121685353624,
              35.38127520888642
            ],
            [
              8.760780071498978,
              35.38091574502428
            ],
            [
              8.760518428505568,
              35.380556630516644
            ],
            [
              8.760343929615958,
              35.38034112338814
            ],
            [
              8.760257002491871,
              35.380125788597084
            ],
            [
              8.759907364010571,
              35.37990993558054
            ],
            [
              8.759645728134583,
              35.379550813072356
            ],
            [
              8.759296309255419,
              35.37926323752345
            ],
            [
              8.758597695041212,
              35.37861636261944
            ],
            [
              8.757899099397028,
              35.377969483666064
            ],
            [
              8.757549910553932,
              35.37761018227312
            ],
            [
              8.756676625253789,
              35.376819517657864
            ],
            [
              8.756327446774842,
              35.376460212705275
            ],
            [
              8.75597827138815,
              35.3761009067347
            ],
            [
              8.755629099093648,
              35.37574159974617
            ],
            [
              8.755192371633624,
              35.3753821155746
            ],
            [
              8.755018117254302,
              35.375094879885296
            ],
            [
              8.754843425311693,
              35.3749510855121
            ],
            [
              8.754756079572804,
              35.37487918823045
            ],
            [
              8.754581608187177,
              35.374663672688285
            ],
            [
              8.754407137727359,
              35.37444815689026
            ],
            [
              8.754320012772471,
              35.37430453849939
            ],
            [
              8.754320232627581,
              35.374232817706904
            ],
            [
              8.754233767844665,
              35.37387403686354
            ],
            [
              8.75414686381249,
              35.37365869753938
            ],
            [
              8.75406040039468,
              35.373299916543424
            ],
            [
              8.754060840547318,
              35.37315647493652
            ],
            [
              8.754061060622478,
              35.373084754131796
            ],
            [
              8.754061500770478,
              35.372941312519764
            ],
            [
              8.753974378032847,
              35.37279769385288
            ],
            [
              8.753887255602763,
              35.37265407512103
            ],
            [
              8.753800133442873,
              35.372510468482304
            ],
            [
              8.753800353743474,
              35.3724387476713
            ],
            [
              8.753625890120366,
              35.372223230693706
            ],
            [
              8.753538548391285,
              35.37215133251577
            ],
            [
              8.75336364471461,
              35.37207925678366
            ],
            [
              8.753276524133577,
              35.3719356376019
            ],
            [
              8.752927160625532,
              35.37164804349644
            ],
            [
              8.752665139621154,
              35.37143234725213
            ],
            [
              8.752578020968883,
              35.371288727559275
            ],
            [
              8.752403127435246,
              35.37121665045276
            ],
            [
              8.752316002053561,
              35.37107303055362
            ],
            [
              8.752141552730757,
              35.37085751142742
            ],
            [
              8.752054435619865,
              35.37071389134973
            ],
            [
              8.751879536369172,
              35.37064181347041
            ],
            [
              8.75170485956934,
              35.370498014515654
            ],
            [
              8.751617521401789,
              35.370426114943264
            ],
            [
              8.752317774847427,
              35.370499263969386
            ],
            [
              8.75389408217085,
              35.37043074177918
            ],
            [
              8.754768588318166,
              35.37079111410942
            ],
            [
              8.756517616597785,
              35.37151183979847
            ],
            [
              8.7568676450641,
              35.37158426106841
            ],
            [
              8.757479925099494,
              35.371800646904205
            ],
            [
              8.758004638928854,
              35.372016855500505
            ],
            [
              8.758441584497346,
              35.37230460886301
            ],
            [
              8.758878748979448,
              35.37252063980695
            ],
            [
              8.758966311594605,
              35.3725208133034
            ],
            [
              8.759666167243697,
              35.3727373493544
            ],
            [
              8.760891191115604,
              35.373026660089856
            ],
            [
              8.761328785963501,
              35.373099228328535
            ],
            [
              8.761854378653013,
              35.373028549029414
            ],
            [
              8.76255488413616,
              35.37302991799207
            ],
            [
              8.76299312443014,
              35.37288732982341
            ],
            [
              8.764045782068614,
              35.37224388405741
            ],
            [
              8.764133970461044,
              35.37202889118477
            ],
            [
              8.764309938690092,
              35.37174234699926
            ],
            [
              8.764572624119484,
              35.37174285548197
            ],
            [
              8.764835941148412,
              35.37152820075544
            ],
            [
              8.76509925678294,
              35.37131354544209
            ],
            [
              8.765362571023092,
              35.37109888954193
            ],
            [
              8.76545013214378,
              35.371099058334195
            ],
            [
              8.765625254387345,
              35.37109939572841
            ],
            [
              8.765713025260675,
              35.371027843439606
            ],
            [
              8.765800586306822,
              35.37102801197766
            ],
            [
              8.76588835694849,
              35.37095645955976
            ],
            [
              8.765976127435232,
              35.370884907076665
            ],
            [
              8.766063897767044,
              35.370813354528366
            ],
            [
              8.766589889594552,
              35.37059920057572
            ],
            [
              8.766677659076462,
              35.37052764757496
            ],
            [
              8.766765428403444,
              35.37045609450904
            ],
            [
              8.766853197575504,
              35.370384541377895
            ],
            [
              8.767028526874373,
              35.37031315582692
            ],
            [
              8.767116087156834,
              35.370313323408816
            ],
            [
              8.767203848441447,
              35.370241770005315
            ],
            [
              8.7672916244194,
              35.37017021656503
            ],
            [
              8.76737938539418,
              35.370098663031165
            ],
            [
              8.767467153638163,
              35.370027109446305
            ],
            [
              8.767554505500875,
              35.3700989976213
            ],
            [
              8.767554713614414,
              35.37002727670921
            ],
            [
              8.767642481626744,
              35.36995572299527
            ],
            [
              8.767730249484151,
              35.36988416921614
            ],
            [
              8.767905369131892,
              35.36988450329607
            ],
            [
              8.768080488782523,
              35.36988483712222
            ],
            [
              8.76948371653184,
              35.36909856838009
            ],
            [
              8.769658422013354,
              35.36924234177944
            ],
            [
              8.769745774986465,
              35.369314228384
            ],
            [
              8.769919863346017,
              35.36967316419303
            ],
            [
              8.77000679770553,
              35.36988849244708
            ],
            [
              8.770094159106021,
              35.36996037880994
            ],
            [
              8.7702688600994,
              35.37010415130337
            ],
            [
              8.770531129369601,
              35.370248088664326
            ],
            [
              8.770793399572844,
              35.37039202545615
            ],
            [
              8.770968110161933,
              35.37053579695057
            ],
            [
              8.7712305869403,
              35.37060801186974
            ],
            [
              8.771405503483438,
              35.37068006180776
            ],
            [
              8.771930663481058,
              35.370752768254135
            ],
            [
              8.772193141829938,
              35.37082498108585
            ],
            [
              8.772368059703377,
              35.37089702963296
            ],
            [
              8.772542977888778,
              35.37096907792721
            ],
            [
              8.77271769283258,
              35.37111284689469
            ],
            [
              8.772805050536855,
              35.37118473128331
            ],
            [
              8.772979969733473,
              35.37125677894533
            ],
            [
              8.773154686072946,
              35.371400547279386
            ],
            [
              8.773416761744047,
              35.37161619930474
            ],
            [
              8.773853145090985,
              35.37211905990511
            ],
            [
              8.774202180699325,
              35.37255003561262
            ],
            [
              8.774464060881584,
              35.37283739410551
            ],
            [
              8.774901069617083,
              35.37312508815023
            ],
            [
              8.77507559190322,
              35.37334057460117
            ],
            [
              8.775337678950766,
              35.37355622243341
            ],
            [
              8.775599968416177,
              35.37370014878581
            ],
            [
              8.775686929569193,
              35.37391547289576
            ],
            [
              8.775861254845433,
              35.37420267910251
            ],
            [
              8.775861054049463,
              35.37427440000668
            ],
            [
              8.775948016504692,
              35.37448972391308
            ],
            [
              8.77620930761396,
              35.37499225342881
            ],
            [
              8.77638362961535,
              35.375279458832445
            ],
            [
              8.776470594524403,
              35.375494782336006
            ],
            [
              8.776645126062744,
              35.375710266469696
            ],
            [
              8.776644725835107,
              35.37585370824902
            ],
            [
              8.776731692046525,
              35.376069031549
            ],
            [
              8.776818458753073,
              35.37635607566453
            ],
            [
              8.776818058822716,
              35.3764995174302
            ],
            [
              8.77673009171086,
              35.376642798615094
            ],
            [
              8.776729691619922,
              35.37678624037306
            ],
            [
              8.776729491573398,
              35.37685796125077
            ],
            [
              8.776729091478245,
              35.37700140300362
            ],
            [
              8.776640523309162,
              35.37735983456755
            ],
            [
              8.77663972278644,
              35.377646718044225
            ],
            [
              8.776638922252474,
              35.37793360150723
            ],
            [
              8.776550753040135,
              35.37814860338223
            ],
            [
              8.776550552825292,
              35.37822032424287
            ],
            [
              8.776549351521464,
              35.378650649388675
            ],
            [
              8.776636520583125,
              35.378794251814256
            ],
            [
              8.77654794996835,
              35.37915269535327
            ],
            [
              8.77681025965337,
              35.37929661901977
            ],
            [
              8.776985000068956,
              35.37944038171314
            ],
            [
              8.77715974110446,
              35.37958414415265
            ],
            [
              8.777422452184062,
              35.37958462479505
            ],
            [
              8.777597792205537,
              35.37951322405646
            ],
            [
              8.77786030399726,
              35.37958542459639
            ],
            [
              8.77803504690368,
              35.379729185773435
            ],
            [
              8.778209790430028,
              35.379872946696594
            ],
            [
              8.778384534576306,
              35.380016707365904
            ],
            [
              8.778646651958109,
              35.38023234789381
            ],
            [
              8.77882139765424,
              35.380376107928384
            ],
            [
              8.77899613654524,
              35.380519867695604
            ],
            [
              8.779258264606849,
              35.38073550690409
            ],
            [
              8.779345828797439,
              35.38073566565182
            ],
            [
              8.779520972030875,
              35.380735982983836
            ],
            [
              8.77978368688618,
              35.38073645850586
            ],
            [
              8.77995883012648,
              35.38073677520318
            ],
            [
              8.780134170431547,
              35.38066537079848
            ],
            [
              8.780396885068749,
              35.3806658449864
            ],
            [
              8.780572028163634,
              35.38066616079435
            ],
            [
              8.780747367780105,
              35.38059475549644
            ],
            [
              8.78083493925244,
              35.38059491317785
            ],
            [
              8.780922707088624,
              35.38052334994212
            ],
            [
              8.781098046089193,
              35.38045194413141
            ],
            [
              8.781185813538556,
              35.380380380701475
            ],
            [
              8.781534531958581,
              35.38095477053545
            ],
            [
              8.781709284350878,
              35.381098526400365
            ],
            [
              8.781796653354377,
              35.38117040422428
            ],
            [
              8.78197140667662,
              35.38131415970828
            ],
            [
              8.782233342612146,
              35.381601513306144
            ],
            [
              8.782495280402857,
              35.381888866329135
            ],
            [
              8.782582658380084,
              35.38196074359411
            ],
            [
              8.78267003651231,
              35.38203262079558
            ],
            [
              8.782844793241761,
              35.382176375008065
            ],
            [
              8.78293217183899,
              35.38224825201907
            ],
            [
              8.783019356070929,
              35.38239184980894
            ],
            [
              8.783193919826708,
              35.38260732435323
            ],
            [
              8.783717810578727,
              35.38318201953209
            ],
            [
              8.783805384864209,
              35.38318217507054
            ],
            [
              8.783980146084719,
              35.383325927629514
            ],
            [
              8.784154907925268,
              35.38346967993451
            ],
            [
              8.784242095631289,
              35.3836132768254
            ],
            [
              8.784417245141102,
              35.38361358708211
            ],
            [
              8.784504433466498,
              35.38375718378247
            ],
            [
              8.784591815239338,
              35.38382905958571
            ],
            [
              8.784853954062534,
              35.38404468660127
            ],
            [
              8.784941151048727,
              35.38418828299374
            ],
            [
              8.785115909027809,
              35.38433203388769
            ],
            [
              8.785290675052378,
              35.384475784540726
            ],
            [
              8.78546524932525,
              35.384691255766356
            ],
            [
              8.785639824524882,
              35.38490672673533
            ],
            [
              8.785901977045665,
              35.38512235147382
            ],
            [
              8.786163939203266,
              35.385409696462084
            ],
            [
              8.786688251698237,
              35.38584093699931
            ],
            [
              8.787124610283854,
              35.38641546987718
            ],
            [
              8.787648546042256,
              35.3869901539003
            ],
            [
              8.787910710643379,
              35.38720577424817
            ],
            [
              8.788085677906487,
              35.38727779394279
            ],
            [
              8.788260265615433,
              35.38749326715604
            ],
            [
              8.788697023301303,
              35.38792434658577
            ],
            [
              8.788959004410717,
              35.38821168544649
            ],
            [
              8.789133785615144,
              35.38835543050103
            ],
            [
              8.78948316104132,
              35.3887146406453
            ],
            [
              8.789746090548713,
              35.388643373796945
            ],
            [
              8.790009019596162,
              35.38857210637394
            ],
            [
              8.790447108327427,
              35.38850113992822
            ],
            [
              8.790797616301127,
              35.38843002146407
            ],
            [
              8.791410856009561,
              35.388359352293044
            ],
            [
              8.792024288680594,
              35.38821695920317
            ],
            [
              8.792462373762024,
              35.38814598543309
            ],
            [
              8.792725112864433,
              35.38814643289833
            ],
            [
              8.79307561733605,
              35.388075307809025
            ],
            [
              8.793338541645564,
              35.38800403311703
            ],
            [
              8.79360128030215,
              35.38800447867533
            ],
            [
              8.793864203924853,
              35.387933202836166
            ],
            [
              8.794214706489807,
              35.387862074433166
            ],
            [
              8.794652787772119,
              35.38779109270336
            ],
            [
              8.794915709787903,
              35.38771981456789
            ],
            [
              8.795091037315418,
              35.38764838852162
            ],
            [
              8.795441552439314,
              35.38757725657324
            ],
            [
              8.795792220499893,
              35.38743440271452
            ],
            [
              8.796142719224763,
              35.38736327477837
            ],
            [
              8.796317876973964,
              35.38736356781064
            ],
            [
              8.796580613602524,
              35.38736400688294
            ],
            [
              8.79693111137275,
              35.38729286449731
            ],
            [
              8.797281426586359,
              35.387293448020976
            ],
            [
              8.79798223833874,
              35.387222897247106
            ],
            [
              8.79842031292954,
              35.3871519018262
            ],
            [
              8.798946145799485,
              35.387009328531974
            ],
            [
              8.799296639975449,
              35.386938185346736
            ],
            [
              8.799735071408733,
              35.38672374341506
            ],
            [
              8.800523633365925,
              35.3865815948611
            ],
            [
              8.801399755632357,
              35.386439583921074
            ],
            [
              8.802013156446653,
              35.386297139962636
            ],
            [
              8.80253880024639,
              35.386226271858206
            ],
            [
              8.802714309834768,
              35.38608311383584
            ],
            [
              8.802975273571116,
              35.38680074783162
            ],
            [
              8.802273937150908,
              35.387086490224775
            ],
            [
              8.801923444889784,
              35.38715764813097
            ],
            [
              8.802184405042734,
              35.38787527761657
            ],
            [
              8.802969259056873,
              35.38923925119305
            ],
            [
              8.80384136955364,
              35.390746796086894
            ],
            [
              8.804190293141751,
              35.39132112630452
            ],
            [
              8.805323104929084,
              35.393689731886155
            ],
            [
              8.803043045325335,
              35.39483360448033
            ],
            [
              8.803130278723087,
              35.39497718154259
            ],
            [
              8.803916273616865,
              35.39591082300138
            ],
            [
              8.804177982811092,
              35.396341564207766
            ],
            [
              8.804701760346953,
              35.397059615482405
            ],
            [
              8.804613995441384,
              35.397131195806836
            ],
            [
              8.804438640823973,
              35.39720263549779
            ],
            [
              8.80496260140746,
              35.397848964807984
            ],
            [
              8.803997876224543,
              35.39834946377194
            ],
            [
              8.803910109296089,
              35.398421043563175
            ],
            [
              8.804345954653716,
              35.399282396622816
            ],
            [
              8.803732106838337,
              35.39956829327922
            ],
            [
              8.802328680165468,
              35.40035494907258
            ],
            [
              8.801539288980884,
              35.4007839854389
            ],
            [
              8.801800452196176,
              35.40142989961954
            ],
            [
              8.802235935831183,
              35.402434701225054
            ],
            [
              8.802409706314663,
              35.40300875103744
            ],
            [
              8.802496592473384,
              35.403295775832426
            ],
            [
              8.802670543892413,
              35.403798104523446
            ],
            [
              8.80214300873438,
              35.40458617323936
            ],
            [
              8.801879504250262,
              35.40487262873171
            ],
            [
              8.80152823631868,
              35.40523066160265
            ],
            [
              8.800912902752213,
              35.40609030256248
            ],
            [
              8.800209058651822,
              35.40730840576494
            ],
            [
              8.800121278637954,
              35.40737998265422
            ],
            [
              8.799945718144594,
              35.4075231362373
            ],
            [
              8.799505733605379,
              35.40831134272614
            ],
            [
              8.799329809500971,
              35.40859793051514
            ],
            [
              8.799241846972649,
              35.40874122734641
            ],
            [
              8.798978860372758,
              35.40881251443484
            ],
            [
              8.798890174387997,
              35.409242693391526
            ],
            [
              8.798802210376879,
              35.40938598988244
            ],
            [
              8.798714246053418,
              35.409529286304846
            ],
            [
              8.798626281432945,
              35.4096725765797
            ],
            [
              8.798625919639807,
              35.40981602383552
            ],
            [
              8.798450351208952,
              35.40995917516108
            ],
            [
              8.798362566776037,
              35.41003074464708
            ],
            [
              8.798274963374746,
              35.41003059956396
            ],
            [
              8.798187359974088,
              35.4100304544173
            ],
            [
              8.800633628062624,
              35.412688155893164
            ],
            [
              8.801070587058037,
              35.41311919553604
            ],
            [
              8.802031933955767,
              35.41405312691721
            ],
            [
              8.802031044450066,
              35.414411729666945
            ],
            [
              8.801412790606689,
              35.41641890011815
            ],
            [
              8.801236155829878,
              35.416992378428645
            ],
            [
              8.80193578257158,
              35.4174955638999
            ],
            [
              8.802111005573074,
              35.41749584874463
            ],
            [
              8.802286228577039,
              35.41749613333512
            ],
            [
              8.802461629139545,
              35.41742469107896
            ],
            [
              8.802637206747749,
              35.417281540208414
            ],
            [
              8.802812606536898,
              35.41721009743747
            ],
            [
              8.802987474767292,
              35.41735382812274
            ],
            [
              8.803074909137909,
              35.41742568425134
            ],
            [
              8.80307473212535,
              35.41749741084644
            ],
            [
              8.802987120617521,
              35.41749726915495
            ],
            [
              8.803074555142173,
              35.417569125282604
            ],
            [
              8.803948027629575,
              35.41864634638789
            ],
            [
              8.804473879944863,
              35.4185754709166
            ],
            [
              8.805087519179061,
              35.41843301287416
            ],
            [
              8.805613369133031,
              35.41836213243128
            ],
            [
              8.805962423403443,
              35.41893645532212
            ],
            [
              8.80692391055955,
              35.41987035336866
            ],
            [
              8.807360941774924,
              35.42030136389219
            ],
            [
              8.807360768557391,
              35.42037308439241
            ],
            [
              8.807272792464312,
              35.42051638677389
            ],
            [
              8.806745207116876,
              35.42130447930405
            ],
            [
              8.806481490153777,
              35.4216626644019
            ],
            [
              8.805865734190773,
              35.42266576895663
            ],
            [
              8.805338631284318,
              35.42323869357937
            ],
            [
              8.805074200702103,
              35.42388375725058
            ],
            [
              8.80481011690616,
              35.424385373300645
            ],
            [
              8.804546029808712,
              35.424886994799984
            ],
            [
              8.804282291380877,
              35.42524517481398
            ],
            [
              8.804018198184462,
              35.42574679506799
            ],
            [
              8.803842251809384,
              35.42603339460934
            ],
            [
              8.803402380416978,
              35.426749886185014
            ],
            [
              8.802523857039562,
              35.427680833633104
            ],
            [
              8.802260456088161,
              35.42789556823124
            ],
            [
              8.801206853158579,
              35.428754500780634
            ],
            [
              8.800855821312037,
              35.42896908308804
            ],
            [
              8.800153033345065,
              35.42968513819656
            ],
            [
              8.799801994652462,
              35.429899723464054
            ],
            [
              8.80015231467173,
              35.42997201962103
            ],
            [
              8.800502097240576,
              35.43025947582433
            ],
            [
              8.800764973186311,
              35.43025990625107
            ],
            [
              8.80102767024209,
              35.43033205645993
            ],
            [
              8.801553229338246,
              35.430404634786036
            ],
            [
              8.802078448316665,
              35.43062065156305
            ],
            [
              8.802691296059498,
              35.43083680807323
            ],
            [
              8.803128894728772,
              35.43105267218888
            ],
            [
              8.803391242877579,
              35.43126825796877
            ],
            [
              8.803653592424777,
              35.43148384317549
            ],
            [
              8.803916296056965,
              35.4315559871068
            ],
            [
              8.804179000160198,
              35.43162813046726
            ],
            [
              8.804441704734472,
              35.43170027325681
            ],
            [
              8.804879488241532,
              35.43184441675505
            ],
            [
              8.805054391679835,
              35.431988138133065
            ],
            [
              8.805229470921553,
              35.4320601389051
            ],
            [
              8.80522929573967,
              35.432131859256295
            ],
            [
              8.805316748002662,
              35.43220371972236
            ],
            [
              8.805491827945437,
              35.43227572011368
            ],
            [
              8.805666908200811,
              35.43234772025128
            ],
            [
              8.805754535804727,
              35.43234786004983
            ],
            [
              8.805842163409249,
              35.43234799978479
            ],
            [
              8.806105046226445,
              35.43234841860813
            ],
            [
              8.806104871819068,
              35.43242013895964
            ],
            [
              8.806364619647868,
              35.43371151733378
            ],
            [
              8.805487279044188,
              35.434140442850314
            ],
            [
              8.805835351991862,
              35.4351450867376
            ],
            [
              8.805571935394772,
              35.43535982824355
            ],
            [
              8.805658167686296,
              35.43593372452845
            ],
            [
              8.805657992859777,
              35.43600544483536
            ],
            [
              8.805570186388776,
              35.43607702525988
            ],
            [
              8.805569661670564,
              35.436292186171805
            ],
            [
              8.805480804886221,
              35.43679408832089
            ],
            [
              8.805566863080193,
              35.437439710905636
            ],
            [
              8.80538897070336,
              35.438515229086626
            ],
            [
              8.80529940963097,
              35.43930401197588
            ],
            [
              8.805296957262613,
              35.44030808953283
            ],
            [
              8.805205640602844,
              35.441814074506894
            ],
            [
              8.804767275662114,
              35.44188509295651
            ],
            [
              8.80415292914175,
              35.4422427089249
            ],
            [
              8.80485192871773,
              35.44310447120035
            ],
            [
              8.803535042107425,
              35.44403471985619
            ],
            [
              8.804058591775476,
              35.44496792979938
            ],
            [
              8.801424724059528,
              35.44682838831306
            ],
            [
              8.802298473806605,
              35.44790561097633
            ],
            [
              8.801684070547626,
              35.44826321384143
            ],
            [
              8.802995020411599,
              35.44977146519309
            ],
            [
              8.80194058954371,
              35.45084556045523
            ],
            [
              8.802727465518085,
              35.45163575642954
            ],
            [
              8.80316446801166,
              35.45213850653449
            ],
            [
              8.803601652691821,
              35.45256953493313
            ],
            [
              8.803864248177625,
              35.452713399046054
            ],
            [
              8.803952074293251,
              35.45264182012264
            ],
            [
              8.804039547515158,
              35.45271368133699
            ]
          ]
        ]
      }
    },
    {
      "type": "Feature",
      "id": "osm:relation:7164966",
      "properties": {
        "officialCode": "426152",
        "nameAr": "فوسانة الأحواز",
        "nameFr": "Foussana lahouaz",
        "governorateCode": "42",
        "governorateAr": "القصرين",
        "governorateFr": "Kasserine",
        "delegationCode": "4261",
        "parentAr": "فوسانة",
        "parentFr": "Foussana",
        "sourceId": "isie-local-sectors-2023-neighbor-review",
        "sourcePdfURL": "https://www.isie.tn/wp-content/uploads/2023/CartesCirconscriptionsElectoralesLocales2023/%D8%A7%D9%84%D9%82%D8%B5%D8%B1%D9%8A%D9%86/%D9%81%D9%88%D8%B3%D8%A7%D9%86%D8%A9/%D9%81%D9%88%D8%B3%D8%A7%D9%86%D8%A9%20%D8%A7%D9%84%D8%A3%D8%AD%D9%88%D8%A7%D8%B2.pdf",
        "sourcePdfSha256": "d566994827fe0b9072fa0ef60c1a8f893d726f1c59b5549ba8f0b8b0292942b0",
        "sourcePdfFile": "C:\\Users\\barou\\Documents\\Codex\\2026-09-06\\the-android-app-app-currently-allows\\work\\isie-sector-maps-neighbor-conflicts\\foussana-ahwaz.pdf",
        "sourcePdfCreated": "D:20231017020634+01",
        "reviewedDate": "2026-09-07",
        "sourceMapTitleAr": "فوسانة الأحواز",
        "targetIsPageTitle": true,
        "sourceDrawingIndices": [
          421,
          422
        ],
        "sourceVectorLayer": "circonscription_isie2023",
        "sourceCrsEpsg": 32632,
        "sourceCrsWkt": "PROJCS[\"WGS_1984_UTM_Zone_32N\",GEOGCS[\"GCS_WGS_1984\",DATUM[\"D_WGS_1984\",SPHEROID[\"WGS_1984\",6378137.0,298.257223563]],PRIMEM[\"Greenwich\",0.0],UNIT[\"Degree\",0.0174532925199433]],PROJECTION[\"Transverse_Mercator\"],PARAMETER[\"False_Easting\",500000.0],PARAMETER[\"False_Northing\",0.0],PARAMETER[\"Central_Meridian\",9.0],PARAMETER[\"Scale_Factor\",0.9996],PARAMETER[\"Latitude_Of_Origin\",0.0],UNIT[\"Meter\",1.0]]",
        "sourceControlPointMaxResidualMeters": 0.11721885732719613,
        "sourceControlPointsLatLon": [
          [
            35.28719,
            8.50897
          ],
          [
            35.42981,
            8.50811
          ],
          [
            35.43056,
            8.75753
          ],
          [
            35.28794,
            8.75795
          ]
        ],
        "sourceLocalControlPoints": [
          [
            0.0,
            1.0
          ],
          [
            0.0,
            0.0
          ],
          [
            1.0,
            0.0
          ],
          [
            1.0,
            1.0
          ]
        ],
        "sourceViewportBBox": [
          4.31908,
          590.46173,
          841.50095,
          5.38791
        ],
        "sourcePageTransformationMatrix": [
          1.0,
          0.0,
          0.0,
          -1.0,
          0.0,
          595.5023803710938
        ],
        "sourceAffineMetersFromPagePoints": [
          [
            27.04384345192579,
            -0.0008525475433488902
          ],
          [
            -0.0007915635617337102,
            -27.034736726678602
          ],
          [
            455233.2552263043,
            3920956.3290315284
          ]
        ],
        "sourceGeometry": {
          "type": "Polygon",
          "coordinates": [
            [
              [
                8.591304896629943,
                35.411861660070244
              ],
              [
                8.597228111832006,
                35.40643986979229
              ],
              [
                8.607178191458402,
                35.41050965544136
              ],
              [
                8.611349961131861,
                35.4124539090211
              ],
              [
                8.614558709888565,
                35.414043913637585
              ],
              [
                8.616796502752468,
                35.41694726984756
              ],
              [
                8.617005571077138,
                35.41808889709063
              ],
              [
                8.619033626351028,
                35.4200261301981
              ],
              [
                8.623633442669838,
                35.42232235727629
              ],
              [
                8.624489591414934,
                35.422676067674566
              ],
              [
                8.624489187249907,
                35.4227638332601
              ],
              [
                8.639967754871213,
                35.414033906629435
              ],
              [
                8.640074973844609,
                35.41403422342825
              ],
              [
                8.641254659436047,
                35.41394993573501
              ],
              [
                8.642541561450459,
                35.41386595111138
              ],
              [
                8.644901311639698,
                35.413609550047894
              ],
              [
                8.646725011055393,
                35.413351549916115
              ],
              [
                8.64962115420384,
                35.41300884336949
              ],
              [
                8.650587159163898,
                35.412748315756545
              ],
              [
                8.65305331450911,
                35.412667594374795
              ],
              [
                8.653375684574716,
                35.412492977504044
              ],
              [
                8.653805633245833,
                35.412230898310746
              ],
              [
                8.654450356194253,
                35.41188165959053
              ],
              [
                8.655632227115445,
                35.41127063492844
              ],
              [
                8.656061792231794,
                35.411096321069316
              ],
              [
                8.657028860144065,
                35.41057244339474
              ],
              [
                8.657781138075261,
                35.41013572218507
              ],
              [
                8.658854645174586,
                35.40978766278599
              ],
              [
                8.659175892239775,
                35.40987632853297
              ],
              [
                8.659925593338944,
                35.41005395659385
              ],
              [
                8.660676027253972,
                35.41005604778538
              ],
              [
                8.660890436958233,
                35.41005664441234
              ],
              [
                8.66089080146854,
                35.40996887829395
              ],
              [
                8.660998734990242,
                35.409793644221175
              ],
              [
                8.66099909937958,
                35.40970587809796
              ],
              [
                8.660999463767334,
                35.40961811197349
              ],
              [
                8.66121532892433,
                35.40926764350137
              ],
              [
                8.661323260798403,
                35.40909240910912
              ],
              [
                8.661430828261787,
                35.40900494819039
              ],
              [
                8.661539123106897,
                35.40874194745125
              ],
              [
                8.66164705357217,
                35.4085667127466
              ],
              [
                8.66175534711839,
                35.40830371178733
              ],
              [
                8.661755710667352,
                35.40821594563558
              ],
              [
                8.661863276525118,
                35.408128476870885
              ],
              [
                8.662078407543387,
                35.407953539046424
              ],
              [
                8.662293174671946,
                35.407866366991534
              ],
              [
                8.663152600609104,
                35.4074299087392
              ],
              [
                8.663259783831307,
                35.407430204832785
              ],
              [
                8.663474928163508,
                35.40725526452395
              ],
              [
                8.663689330512025,
                35.4072558561417
              ],
              [
                8.663904075893802,
                35.40716868114244
              ],
              [
                8.664118838994392,
                35.40708150580763
              ],
              [
                8.664226039944865,
                35.407081801091344
              ],
              [
                8.664978246830014,
                35.40664503440813
              ],
              [
                8.66508544721198,
                35.406645328925954
              ],
              [
                8.665300207634418,
                35.406558158907494
              ],
              [
                8.665407767501899,
                35.40647067948988
              ],
              [
                8.665514967657703,
                35.40647097362523
              ],
              [
                8.665836927234658,
                35.4063840892454
              ],
              [
                8.665944486262918,
                35.40629661678192
              ],
              [
                8.666051686194116,
                35.40629691043969
              ],
              [
                8.666159244875331,
                35.40620943778181
              ],
              [
                8.666266086061185,
                35.40629749746985
              ],
              [
                8.666373285997055,
                35.40629779084221
              ],
              [
                8.66648048593448,
                35.40629808411944
              ],
              [
                8.666587685873463,
                35.40629837730153
              ],
              [
                8.666695243981454,
                35.4062109041632
              ],
              [
                8.66691000153795,
                35.406123731260436
              ],
              [
                8.667017201250756,
                35.406124024060084
              ],
              [
                8.667124400965118,
                35.40612431676461
              ],
              [
                8.667231958294687,
                35.4060368357023
              ],
              [
                8.667446357498749,
                35.40603742063376
              ],
              [
                8.667983069041052,
                35.40586335625427
              ],
              [
                8.668090268420768,
                35.40586364809973
              ],
              [
                8.668197467802035,
                35.40586393985006
              ],
              [
                8.668304667184847,
                35.40586423150524
              ],
              [
                8.668412222869716,
                35.40577675681841
              ],
              [
                8.668519422139426,
                35.405777048282374
              ],
              [
                8.668626265342569,
                35.405865105899984
              ],
              [
                8.668733464731567,
                35.40586539717464
              ],
              [
                8.668948219233716,
                35.405778213186906
              ],
              [
                8.669270172440024,
                35.40569131961068
              ],
              [
                8.669484925908735,
                35.405604134660585
              ],
              [
                8.669592479979189,
                35.40551665891021
              ],
              [
                8.669914431465665,
                35.40542976360361
              ],
              [
                8.670236736583185,
                35.405255101163235
              ],
              [
                8.670881696269324,
                35.40481800738212
              ],
              [
                8.670989229611262,
                35.40473053031374
              ],
              [
                8.671096780899212,
                35.40464305319617
              ],
              [
                8.67120399687525,
                35.40464334231861
              ],
              [
                8.671418727322346,
                35.404556153839884
              ],
              [
                8.671526277916215,
                35.40446867633359
              ],
              [
                8.671740673060588,
                35.40446925362051
              ],
              [
                8.671955068211087,
                35.40446983052693
              ],
              [
                8.672169463367704,
                35.40447040705282
              ],
              [
                8.672383858530436,
                35.404470983198195
              ],
              [
                8.672598253699281,
                35.404471558963046
              ],
              [
                8.672705802914152,
                35.404384080397826
              ],
              [
                8.672813000386201,
                35.404384368041484
              ],
              [
                8.673027044055285,
                35.404472709351204
              ],
              [
                8.673241790289646,
                35.40438551766486
              ],
              [
                8.673670930798396,
                35.404298899451526
              ],
              [
                8.67409972028581,
                35.404300046027046
              ],
              [
                8.674314464920903,
                35.40421285242252
              ],
              [
                8.674528859447426,
                35.40421342475712
              ],
              [
                8.67474325398002,
                35.4042139967112
              ],
              [
                8.674957997702291,
                35.40412680195642
              ],
              [
                8.67527993800661,
                35.40403989226811
              ],
              [
                8.675601877625914,
                35.40395298171682
              ],
              [
                8.675709771288018,
                35.40377773410872
              ],
              [
                8.67592451279289,
                35.40369054505672
              ],
              [
                8.676032057423143,
                35.403603056054706
              ],
              [
                8.679035954315015,
                35.40299663407197
              ],
              [
                8.679039401722413,
                35.40211897020133
              ],
              [
                8.679472311008013,
                35.401066900801766
              ],
              [
                8.67968944938327,
                35.40036534002169
              ],
              [
                8.68012062305099,
                35.39975210009495
              ],
              [
                8.680979182241797,
                35.39949104634352
              ],
              [
                8.681514453631424,
                35.39966797963421
              ],
              [
                8.68236959660926,
                35.400284573055394
              ],
              [
                8.683121643059016,
                35.39984769948231
              ],
              [
                8.683658620047323,
                35.399585790973276
              ],
              [
                8.684303123461264,
                35.399236390980796
              ],
              [
                8.685484230198895,
                35.39871283722088
              ],
              [
                8.68559412096469,
                35.39801098145526
              ],
              [
                8.686237256012477,
                35.398012637004534
              ],
              [
                8.686666349126986,
                35.39792597972245
              ],
              [
                8.687203301983509,
                35.3976640552481
              ],
              [
                8.687847104637086,
                35.39749016914805
              ],
              [
                8.68838304717524,
                35.39749153899721
              ],
              [
                8.688170344042865,
                35.39705215863656
              ],
              [
                8.687637087212876,
                35.39634865549753
              ],
              [
                8.687639769909532,
                35.39564652305452
              ],
              [
                8.687640440569131,
                35.39547098993095
              ],
              [
                8.687641446547609,
                35.39520769023601
              ],
              [
                8.68732123275966,
                35.394855807856096
              ],
              [
                8.686787661410762,
                35.39424006739998
              ],
              [
                8.68636027144826,
                35.39388789984548
              ],
              [
                8.686360608143229,
                35.39380013326945
              ],
              [
                8.686575311818737,
                35.39371291750317
              ],
              [
                8.686682831655586,
                35.39362542618476
              ],
              [
                8.687004717789343,
                35.39353848481492
              ],
              [
                8.687326603237993,
                35.3934515425826
              ],
              [
                8.687649158585405,
                35.39318906629769
              ],
              [
                8.688078559487176,
                35.39301462975117
              ],
              [
                8.688615475145307,
                35.39275269859605
              ],
              [
                8.688722991509987,
                35.39266520543011
              ],
              [
                8.688829171619101,
                35.39292877861617
              ],
              [
                8.68904253524179,
                35.39319262486645
              ],
              [
                8.689364417167502,
                35.39310567718123
              ],
              [
                8.69000817896338,
                35.39293177922357
              ],
              [
                8.690437241216255,
                35.392845100876926
              ],
              [
                8.690544755748984,
                35.39275760608157
              ],
              [
                8.690866634360512,
                35.39267065437053
              ],
              [
                8.690974148199379,
                35.392583159186955
              ],
              [
                8.691296025664071,
                35.39249620632346
              ],
              [
                8.69151072059752,
                35.39240898916131
              ],
              [
                8.69172541512692,
                35.39232175673576
              ],
              [
                8.691832266055707,
                35.39240980150226
              ],
              [
                8.692046960245328,
                35.39232256850356
              ],
              [
                8.692154141954335,
                35.39232283890265
              ],
              [
                8.692260993353392,
                35.392410883292314
              ],
              [
                8.69236850537665,
                35.392323379415565
              ],
              [
                8.692368835514499,
                35.39223562020597
              ],
              [
                8.692584518430351,
                35.391885093722166
              ],
              [
                8.692909357557623,
                35.391008236542234
              ],
              [
                8.693235817403947,
                35.38969254482886
              ],
              [
                8.693560311663846,
                35.38890345964664
              ],
              [
                8.693884142631676,
                35.38828989945969
              ],
              [
                8.693992304094877,
                35.38802686803613
              ],
              [
                8.694207640548605,
                35.38776410504782
              ],
              [
                8.694639619825644,
                35.38688751089142
              ],
              [
                8.694749741997954,
                35.386097885621695
              ],
              [
                8.694857242893352,
                35.3860103868221
              ],
              [
                8.695722791199918,
                35.38381835749119
              ],
              [
                8.696803928360461,
                35.38127580094215
              ],
              [
                8.697454395090821,
                35.37925875825947
              ],
              [
                8.697671318147218,
                35.378557154104314
              ],
              [
                8.697886941318913,
                35.37820662450292
              ],
              [
                8.697995076114001,
                35.37794358892467
              ],
              [
                8.69820972527978,
                35.3778563519801
              ],
              [
                8.698210372604768,
                35.3776808181651
              ],
              [
                8.698318182096632,
                35.37750554917863
              ],
              [
                8.698426314542818,
                35.3772425131723
              ],
              [
                8.698534122979108,
                35.377067243975205
              ],
              [
                8.698641930947044,
                35.37689197467453
              ],
              [
                8.698749415380474,
                35.376804472196774
              ],
              [
                8.69864225413064,
                35.37680420775015
              ],
              [
                8.698642577312832,
                35.376716440824495
              ],
              [
                8.698642900493619,
                35.37662867389755
              ],
              [
                8.698750384574739,
                35.37654117141337
              ],
              [
                8.698858514311416,
                35.3762781349649
              ],
              [
                8.698859160193427,
                35.376102601093514
              ],
              [
                8.698859806042456,
                35.37592707465614
              ],
              [
                8.698967934618153,
                35.37566403063802
              ],
              [
                8.699076062459094,
                35.375400993947345
              ],
              [
                8.699183544410321,
                35.3753134984888
              ],
              [
                8.699184189565324,
                35.375137964584106
              ],
              [
                8.699184512140725,
                35.375050197629825
              ],
              [
                8.699292315991551,
                35.374874927670035
              ],
              [
                8.699400119374086,
                35.374699657606655
              ],
              [
                8.699615402634185,
                35.37443688413714
              ],
              [
                8.699616046833006,
                35.37426135019998
              ],
              [
                8.699616368930318,
                35.37417358322947
              ],
              [
                8.699724814623165,
                35.373822778896866
              ],
              [
                8.699942024865361,
                35.37303341031407
              ],
              [
                8.700374808157804,
                35.37189349174995
              ],
              [
                8.700380269175819,
                35.37040145238812
              ],
              [
                8.700275044391915,
                35.36987458721849
              ],
              [
                8.70027697233224,
                35.36934799240068
              ],
              [
                8.700278578933487,
                35.36890915715135
              ],
              [
                8.70027986418936,
                35.36855808892884
              ],
              [
                8.700281149422901,
                35.36820702068586
              ],
              [
                8.700282113333401,
                35.367943719490185
              ],
              [
                8.70028307723134,
                35.36768041828299
              ],
              [
                8.700176910430063,
                35.36741685408419
              ],
              [
                8.700177874650757,
                35.36715355285653
              ],
              [
                8.700071351012184,
                35.36697775553832
              ],
              [
                8.699859324823581,
                35.36636286693031
              ],
              [
                8.699754430322855,
                35.365748233903204
              ],
              [
                8.699649537378608,
                35.36513360073037
              ],
              [
                8.699544323904068,
                35.36460674196141
              ],
              [
                8.69954690034011,
                35.36390460504214
              ],
              [
                8.699440722620265,
                35.363641040023445
              ],
              [
                8.699441366938807,
                35.36346550577488
              ],
              [
                8.699334867856706,
                35.363289707776765
              ],
              [
                8.699335512395965,
                35.36311417351966
              ],
              [
                8.699229658759766,
                35.36276284115585
              ],
              [
                8.699231270635178,
                35.36232400546939
              ],
              [
                8.699232237743619,
                35.36206070404215
              ],
              [
                8.6991260634184,
                35.3617971386836
              ],
              [
                8.698812386579705,
                35.359689941951174
              ],
              [
                8.699994448247274,
                35.35872740364207
              ],
              [
                8.700102210196999,
                35.35855213976445
              ],
              [
                8.700318732516735,
                35.35793829527629
              ],
              [
                8.700641745481919,
                35.35750024740969
              ],
              [
                8.700856978663811,
                35.35723747073438
              ],
              [
                8.700964434513548,
                35.35714996586111
              ],
              [
                8.701179665716413,
                35.35688718858617
              ],
              [
                8.701288080989812,
                35.35653638169912
              ],
              [
                8.701503629345726,
                35.35618583656056
              ],
              [
                8.701504908692028,
                35.35583476755828
              ],
              [
                8.701719175830307,
                35.35583529100805
              ],
              [
                8.701612361950563,
                35.35574726951519
              ],
              [
                8.70171981500438,
                35.35565976393499
              ],
              [
                8.701720134602876,
                35.35557199667697
              ],
              [
                8.701827587307566,
                35.3554844909967
              ],
              [
                8.701934720416533,
                35.355484752480784
              ],
              [
                8.701935039780432,
                35.35539698521848
              ],
              [
                8.702042492021473,
                35.355309479342345
              ],
              [
                8.702042811266685,
                35.35522171207665
              ],
              [
                8.701935678504062,
                35.35522145069008
              ],
              [
                8.701935997863798,
                35.355133683423965
              ],
              [
                8.701936317222147,
                35.35504591615654
              ],
              [
                8.701829184692734,
                35.355045654676715
              ],
              [
                8.701829504165604,
                35.35495788740887
              ],
              [
                8.701829823637086,
                35.35487012013976
              ],
              [
                8.701830143107179,
                35.35478235286936
              ],
              [
                8.701937594641665,
                35.35469484707413
              ],
              [
                8.701937913993076,
                35.35460707980032
              ],
              [
                8.7019382333431,
                35.354519312525234
              ],
              [
                8.701938552691736,
                35.35443154524887
              ],
              [
                8.702046003642526,
                35.35434403934931
              ],
              [
                8.702046322872482,
                35.35425627206954
              ],
              [
                8.70204664210105,
                35.35416850478848
              ],
              [
                8.702046961328236,
                35.35408073750616
              ],
              [
                8.702047280554032,
                35.35399297022254
              ],
              [
                8.70215441169534,
                35.35399323150227
              ],
              [
                8.702154730803846,
                35.35390546421653
              ],
              [
                8.702155049910965,
                35.35381769692951
              ],
              [
                8.702155369016701,
                35.35372992964121
              ],
              [
                8.702155688121048,
                35.35364216235164
              ],
              [
                8.70226313778719,
                35.35355465624131
              ],
              [
                8.702263456745827,
                35.35346689638749
              ],
              [
                8.702263775757153,
                35.35337912165405
              ],
              [
                8.70226409471302,
                35.35329136179767
              ],
              [
                8.702157283594943,
                35.35320333332372
              ],
              [
                8.702157602718021,
                35.3531155585873
              ],
              [
                8.702157921785618,
                35.35302779872793
              ],
              [
                8.702158559970746,
                35.35285226412702
              ],
              [
                8.702159198150332,
                35.35267672952098
              ],
              [
                8.702159517238043,
                35.35258896221606
              ],
              [
                8.702160155409311,
                35.35241342760235
              ],
              [
                8.702160474492866,
                35.35232566029358
              ],
              [
                8.702160793575034,
                35.35223789298353
              ],
              [
                8.70205430314365,
                35.35206209709854
              ],
              [
                8.701947493863267,
                35.35197406843036
              ],
              [
                8.70184068481467,
                35.35188603966765
              ],
              [
                8.701733875997855,
                35.351798010810406
              ],
              [
                8.701626747759514,
                35.35179774917213
              ],
              [
                8.701413131055784,
                35.35162169098589
              ],
              [
                8.70130632305159,
                35.35153366175098
              ],
              [
                8.701199835390478,
                35.35135786510634
              ],
              [
                8.701093668411767,
                35.351094301046885
              ],
              [
                8.701094308853637,
                35.350918766406686
              ],
              [
                8.70098782245059,
                35.35074296956363
              ],
              [
                8.701095909933963,
                35.35047992978379
              ],
              [
                8.701097190746044,
                35.350128867901624
              ],
              [
                8.700991025680322,
                35.349865303707965
              ],
              [
                8.700777415421625,
                35.349689244373806
              ],
              [
                8.700563503478655,
                35.34960095204306
              ],
              [
                8.700349555671234,
                35.34951265924563
              ],
              [
                8.700135626497577,
                35.349424366115144
              ],
              [
                8.69992203742606,
                35.34924830531598
              ],
              [
                8.699601628307873,
                35.34898421334156
              ],
              [
                8.699387701347009,
                35.348895918890534
              ],
              [
                8.699067295361623,
                35.34863182549982
              ],
              [
                8.698853369915506,
                35.348543530105474
              ],
              [
                8.69874656870553,
                35.34845550603683
              ],
              [
                8.698425843474233,
                35.34827917828544
              ],
              [
                8.698212242965711,
                35.34810311442019
              ],
              [
                8.697570475024706,
                35.34783822257607
              ],
              [
                8.697035509337256,
                35.34766136044512
              ],
              [
                8.696500545996743,
                35.34748449595302
              ],
              [
                8.695965910726521,
                35.347219861766575
              ],
              [
                8.696501846575549,
                35.347133426605325
              ],
              [
                8.696823537462345,
                35.34704645742741
              ],
              [
                8.697787958524728,
                35.34696107943603
              ],
              [
                8.698431012487635,
                35.34687490070772
              ],
              [
                8.698859499325643,
                35.346875957892294
              ],
              [
                8.699287986186063,
                35.34687701355799
              ],
              [
                8.699930716518645,
                35.346878594208654
              ],
              [
                8.700787672208104,
                35.34688069638231
              ],
              [
                8.701537204711435,
                35.3469702982225
              ],
              [
                8.702179935914591,
                35.34697186691722
              ],
              [
                8.70260810487552,
                35.34706067820532
              ],
              [
                8.703250836856915,
                35.34706224120931
              ],
              [
                8.703144350767653,
                35.34688644615579
              ],
              [
                8.702931379967048,
                35.34653485575877
              ],
              [
                8.702825531839839,
                35.346183525609696
              ],
              [
                8.702720321418026,
                35.34565666053275
              ],
              [
                8.702613838303787,
                35.34548086498567
              ],
              [
                8.70250767427255,
                35.345217301926965
              ],
              [
                8.702294710566559,
                35.34486571034612
              ],
              [
                8.702081748697566,
                35.34451411837869
              ],
              [
                8.701655510942048,
                35.34389870071277
              ],
              [
                8.70080241385282,
                35.34284340309449
              ],
              [
                8.7001622844295,
                35.34213969518292
              ],
              [
                8.699736734932348,
                35.34134873578842
              ],
              [
                8.69920309571624,
                35.340820813441624
              ],
              [
                8.698883366995389,
                35.340381184458735
              ],
              [
                8.698030666153322,
                35.33923809212036
              ],
              [
                8.696856334264966,
                35.33818197153989
              ],
              [
                8.696642763593672,
                35.33800590475702
              ],
              [
                8.696109166419332,
                35.33747796867092
              ],
              [
                8.695362011523077,
                35.33677396116715
              ],
              [
                8.694935538375388,
                35.33624629440306
              ],
              [
                8.694829084368033,
                35.33607049187109
              ],
              [
                8.694402291115766,
                35.335630583252865
              ],
              [
                8.694081953496275,
                35.335366476413306
              ],
              [
                8.693335492399887,
                35.334486921328995
              ],
              [
                8.693015491512064,
                35.33413504415364
              ],
              [
                8.691841976742488,
                35.33290333970021
              ],
              [
                8.69088168943226,
                35.3319354611874
              ],
              [
                8.689600455483047,
                35.33087899874173
              ],
              [
                8.68917338491875,
                35.330526839093096
              ],
              [
                8.68863988535696,
                35.32999886988527
              ],
              [
                8.688000296439416,
                35.32920732216213
              ],
              [
                8.68757391073716,
                35.328679621778456
              ],
              [
                8.68714753056224,
                35.328151919873605
              ],
              [
                8.686188045486603,
                35.32700847628598
              ],
              [
                8.68554882246569,
                35.32612914784608
              ],
              [
                8.684909312126763,
                35.32533759106502
              ],
              [
                8.684590059174269,
                35.32481015630138
              ],
              [
                8.684483980298399,
                35.32454657695276
              ],
              [
                8.68427148651413,
                35.32410718552649
              ],
              [
                8.683952919328378,
                35.32340421385926
              ],
              [
                8.683527606820716,
                35.322613196231224
              ],
              [
                8.683097891316983,
                35.322963155694275
              ],
              [
                8.682776281629511,
                35.32305008911396
              ],
              [
                8.682453991191595,
                35.32331255681467
              ],
              [
                8.682024948372852,
                35.32348697725397
              ],
              [
                8.68148847172847,
                35.323748884419025
              ],
              [
                8.681382745494695,
                35.32339753480474
              ],
              [
                8.681169588650528,
                35.32313367307339
              ],
              [
                8.681063864578514,
                35.322782323156005
              ],
              [
                8.680958141410047,
                35.32243097313059
              ],
              [
                8.680852760894918,
                35.32199185542277
              ],
              [
                8.68053662604987,
                35.32067450903218
              ],
              [
                8.680000163306763,
                35.32093640978833
              ],
              [
                8.679786674485163,
                35.3207603131545
              ],
              [
                8.6794667861867,
                35.32040840735024
              ],
              [
                8.678933416021927,
                35.31988039511079
              ],
              [
                8.678614223174325,
                35.31935294441096
              ],
              [
                8.677975178388891,
                35.31847357566506
              ],
              [
                8.677442175960158,
                35.31785778919112
              ],
              [
                8.678193481332526,
                35.31742092897501
              ],
              [
                8.679052186192397,
                35.31689657783482
              ],
              [
                8.679588968192647,
                35.31654692078069
              ],
              [
                8.68044835721681,
                35.315847024286285
              ],
              [
                8.6816286296586,
                35.3152357271034
              ],
              [
                8.684312383485342,
                35.31348732955758
              ],
              [
                8.68527877611849,
                35.31278767471386
              ],
              [
                8.682612732249124,
                35.30997218698075
              ],
              [
                8.681760917844148,
                35.30874120921351
              ],
              [
                8.681868670025084,
                35.30856596004619
              ],
              [
                8.68229763412634,
                35.30839153931813
              ],
              [
                8.682941076842148,
                35.30812990534547
              ],
              [
                8.682728294127733,
                35.307778278081514
              ],
              [
                8.682195665143396,
                35.3070747438458
              ],
              [
                8.681343205077367,
                35.30601929836964
              ],
              [
                8.68123681968659,
                35.30584348335149
              ],
              [
                8.68017127967426,
                35.30452416700734
              ],
              [
                8.679745073329576,
                35.303996437811705
              ],
              [
                8.67942353529988,
                35.30408337784369
              ],
              [
                8.678890959003821,
                35.30337982890308
              ],
              [
                8.677611382576227,
                35.30205992671818
              ],
              [
                8.676439582623948,
                35.30056475888571
              ],
              [
                8.670148455316674,
                35.294228589049084
              ],
              [
                8.667356916292979,
                35.29623969898133
              ],
              [
                8.667032901669604,
                35.29694096616978
              ],
              [
                8.6665996839671,
                35.29816854689366
              ],
              [
                8.666271011404028,
                35.30001077795681
              ],
              [
                8.665621853429421,
                35.30167660760815
              ],
              [
                8.665299593281615,
                35.30193903067754
              ],
              [
                8.664763565029157,
                35.302113097336424
              ],
              [
                8.664121928355723,
                35.301935796261326
              ],
              [
                8.66358805846967,
                35.30158325138697
              ],
              [
                8.662305488239356,
                35.30105309788321
              ],
              [
                8.661770907897262,
                35.300876080446926
              ],
              [
                8.66070066453599,
                35.30078534163301
              ],
              [
                8.659950876768011,
                35.30087102392367
              ],
              [
                8.659307418709577,
                35.3011325358
              ],
              [
                8.658555442030991,
                35.30174481550538
              ],
              [
                8.657161803688533,
                35.30217975241334
              ],
              [
                8.655661087656158,
                35.30261437113472
              ],
              [
                8.654590088975688,
                35.302699113434876
              ],
              [
                8.65384028649347,
                35.30278475770346
              ],
              [
                8.65319567971957,
                35.30330953959408
              ],
              [
                8.652657385148686,
                35.30401015790188
              ],
              [
                8.652334701794883,
                35.304360313610594
              ],
              [
                8.65233284022475,
                35.30479913660206
              ],
              [
                8.652652921463936,
                35.30506335395445
              ],
              [
                8.653507965903346,
                35.305416859140685
              ],
              [
                8.654149624520263,
                35.30559421650209
              ],
              [
                8.654682739693703,
                35.30612233787386
              ],
              [
                8.654895387286519,
                35.3064740138509
              ],
              [
                8.654357095189182,
                35.30717463934715
              ],
              [
                8.65349757530798,
                35.307874350674446
              ],
              [
                8.651996361901789,
                35.30839669031601
              ],
              [
                8.65081709987274,
                35.30874439580647
              ],
              [
                8.65049476403169,
                35.30900677868438
              ],
              [
                8.650279872346294,
                35.309181692673455
              ],
              [
                8.650277624664367,
                35.30970829757779
              ],
              [
                8.65048952266487,
                35.31023551601404
              ],
              [
                8.650915944474118,
                35.310675579408986
              ],
              [
                8.651770657995737,
                35.311116864293496
              ],
              [
                8.6525205486187,
                35.31103122601607
              ],
              [
                8.652948100900403,
                35.311207979834435
              ],
              [
                8.653267837808231,
                35.31155996291662
              ],
              [
                8.653158905490383,
                35.31199849600972
              ],
              [
                8.652513848502094,
                35.312611040482686
              ],
              [
                8.652084053575805,
                35.31296088985455
              ],
              [
                8.65079764857446,
                35.313308289160055
              ],
              [
                8.65026151459563,
                35.31348229060467
              ],
              [
                8.650152938218566,
                35.31383305332308
              ],
              [
                8.650468179459553,
                35.315238245104744
              ],
              [
                8.65067784717656,
                35.31629206716775
              ],
              [
                8.650781560540983,
                35.31708227270547
              ],
              [
                8.650779315451489,
                35.31760887694853
              ],
              [
                8.650242778202404,
                35.317870645385455
              ],
              [
                8.6495999051724,
                35.31795656920993
              ],
              [
                8.649065994164323,
                35.31760396091621
              ],
              [
                8.648637663907724,
                35.3176027281151
              ],
              [
                8.648315662534342,
                35.317777337210075
              ],
              [
                8.648207071869205,
                35.31812809784987
              ],
              [
                8.647773841165208,
                35.319267837254586
              ],
              [
                8.647128307488146,
                35.319968111555106
              ],
              [
                8.64637719195293,
                35.32031701762555
              ],
              [
                8.645949226956189,
                35.320228007930936
              ],
              [
                8.645413417000821,
                35.32031422007208
              ],
              [
                8.645089876499348,
                35.32083988204778
              ],
              [
                8.64540505617642,
                35.32224508504753
              ],
              [
                8.645402775795437,
                35.32277168853649
              ],
              [
                8.645187075909163,
                35.32312213471707
              ],
              [
                8.64475871673039,
                35.32312088800602
              ],
              [
                8.644546442134464,
                35.3226814279099
              ],
              [
                8.644119992566452,
                35.322241342759625
              ],
              [
                8.643799490286545,
                35.32206487057753
              ],
              [
                8.643478998483426,
                35.32188839757548
              ],
              [
                8.643158498997305,
                35.321711923700434
              ],
              [
                8.642730530258785,
                35.32162291005056
              ],
              [
                8.642408500310841,
                35.32179750312973
              ],
              [
                8.642084934438389,
                35.32232315678599
              ],
              [
                8.6419759268938,
                35.32276167858425
              ],
              [
                8.642081097879975,
                35.323200828914324
              ],
              [
                8.642079179538321,
                35.32363966493046
              ],
              [
                8.641754067932848,
                35.32451639367523
              ],
              [
                8.641539116204047,
                35.32469129876832
              ],
              [
                8.63992965999058,
                35.3253887044292
              ],
              [
                8.638214237214,
                35.3258224693651
              ],
              [
                8.63767838242085,
                35.32590863944079
              ],
              [
                8.63650075407226,
                35.32581737429163
              ],
              [
                8.636071990920989,
                35.32590385639296
              ],
              [
                8.635749539209598,
                35.32616619852915
              ],
              [
                8.63564088283425,
                35.32651694700521
              ],
              [
                8.63574641475898,
                35.326868335305434
              ],
              [
                8.636066918246822,
                35.32704482126408
              ],
              [
                8.636708318879274,
                35.32731003842623
              ],
              [
                8.637135523489631,
                35.32757461505358
              ],
              [
                8.637348159268544,
                35.327926320550866
              ],
              [
                8.637345437296908,
                35.32854069016414
              ],
              [
                8.63723756249283,
                35.328715905802504
              ],
              [
                8.637236784533194,
                35.32889143995901
              ],
              [
                8.638198332753422,
                35.32942090578514
              ],
              [
                8.638731111251813,
                35.33003686279037
              ],
              [
                8.639050859629592,
                35.33038888244507
              ],
              [
                8.639689978323213,
                35.331180686273626
              ],
              [
                8.640116450265367,
                35.33162078653479
              ],
              [
                8.640543303227437,
                35.331973110757644
              ],
              [
                8.640756350397675,
                35.33223704310034
              ],
              [
                8.641076116184744,
                35.33258905737429
              ],
              [
                8.641502603047606,
                35.33302914529254
              ],
              [
                8.645341563549504,
                35.3369021610837
              ],
              [
                8.645661747485693,
                35.337166403585165
              ],
              [
                8.6460886627183,
                35.33751870824428
              ],
              [
                8.646408472357132,
                35.33787070836418
              ],
              [
                8.647155210174326,
                35.338575008524266
              ],
              [
                8.648646077851623,
                35.340597978979034
              ],
              [
                8.649178256158041,
                35.34138942371421
              ],
              [
                8.649391355987214,
                35.34165334073598
              ],
              [
                8.650029537765796,
                35.34270838308655
              ],
              [
                8.65045350186743,
                35.343762808209384
              ],
              [
                8.650559869348918,
                35.34393865655356
              ],
              [
                8.650666237320674,
                35.344114497362526
              ],
              [
                8.650878225763885,
                35.344641705211146
              ],
              [
                8.651090965367317,
                35.344993386150435
              ],
              [
                8.651197326774323,
                35.34516922645002
              ],
              [
                8.651409695235671,
                35.34560867378219
              ],
              [
                8.651622439649618,
                35.34596035375768
              ],
              [
                8.651940813044542,
                35.34666340691936
              ],
              [
                8.65215244316041,
                35.347278386787266
              ],
              [
                8.652364449371781,
                35.34780559185646
              ],
              [
                8.65257720358525,
                35.348157277519725
              ],
              [
                8.65160861282509,
                35.3492077231641
              ],
              [
                8.65107487199837,
                35.34876735743417
              ],
              [
                8.650752376947414,
                35.34902973834911
              ],
              [
                8.650537004199675,
                35.34929242537552
              ],
              [
                8.650321630053305,
                35.349555111998704
              ],
              [
                8.650213754833356,
                35.349730338607976
              ],
              [
                8.650105879176825,
                35.34990555767404
              ],
              [
                8.650104002336013,
                35.35034439212754
              ],
              [
                8.650103626931147,
                35.35043216645354
              ],
              [
                8.650208876543125,
                35.350871300727604
              ],
              [
                8.650207750737406,
                35.35113460136427
              ],
              [
                8.650313752083822,
                35.351398209198585
              ],
              [
                8.650419754112527,
                35.35166181693241
              ],
              [
                8.6503115010944,
                35.35192481042029
              ],
              [
                8.650311125923798,
                35.352012577286104
              ],
              [
                8.650310000402214,
                35.352275877875826
              ],
              [
                8.650201746192613,
                35.3525388712319
              ],
              [
                8.650201370894715,
                35.35262663808775
              ],
              [
                8.64987923327252,
                35.35280124211141
              ],
              [
                8.649449588845327,
                35.3530633190924
              ],
              [
                8.649234577464382,
                35.353238229259965
              ],
              [
                8.649019941679894,
                35.35332538707953
              ],
              [
                8.648912435311653,
                35.35341283810223
              ],
              [
                8.648698175691102,
                35.35341222107435
              ],
              [
                8.64805464160278,
                35.35358590135669
              ],
              [
                8.647409591439043,
                35.35411064543136
              ],
              [
                8.646657789773215,
                35.35454730882266
              ],
              [
                8.645046630718394,
                35.35550807623881
              ],
              [
                8.644509442103313,
                35.355857575333516
              ],
              [
                8.64311327531024,
                35.35664340753146
              ],
              [
                8.64268358880696,
                35.35690545260725
              ],
              [
                8.642361418072458,
                35.35708004371435
              ],
              [
                8.641931726838179,
                35.35734208607016
              ],
              [
                8.641502417613875,
                35.35751636016947
              ],
              [
                8.641073491800611,
                35.357602866032195
              ],
              [
                8.640965585821572,
                35.3577780839732
              ],
              [
                8.64075054365944,
                35.35795298616899
              ],
              [
                8.640643022230602,
                35.35804043711945
              ],
              [
                8.640214092751302,
                35.3581269399028
              ],
              [
                8.63946298932821,
                35.3583880244592
              ],
              [
                8.639141193169145,
                35.3584748401978
              ],
              [
                8.639034056786041,
                35.358474523031155
              ],
              [
                8.638819008629376,
                35.35864942173424
              ],
              [
                8.63849682273978,
                35.35882399495936
              ],
              [
                8.638603183705493,
                35.35899984591189
              ],
              [
                8.63892343214806,
                35.35926409824513
              ],
              [
                8.639563548382851,
                35.35988036701766
              ],
              [
                8.640737432346333,
                35.360937045385
              ],
              [
                8.641483561476049,
                35.36181691213548
              ],
              [
                8.642016959908595,
                35.36234508613293
              ],
              [
                8.642869491715986,
                35.36340079953489
              ],
              [
                8.64308301128191,
                35.36357696030933
              ],
              [
                8.643615657443503,
                35.364280653006794
              ],
              [
                8.644361848372672,
                35.36516050930423
              ],
              [
                8.645001290118158,
                35.36595228241385
              ],
              [
                8.646067434037452,
                35.367184122633056
              ],
              [
                8.647026839583527,
                35.368327884069096
              ],
              [
                8.649265673978077,
                35.37096736790845
              ],
              [
                8.649905209147008,
                35.37175911485172
              ],
              [
                8.650011611666253,
                35.37193495562984
              ],
              [
                8.650544756770776,
                35.372550858378574
              ],
              [
                8.651078275538051,
                35.37307898472864
              ],
              [
                8.65086321416563,
                35.37325390436776
              ],
              [
                8.65054100467428,
                35.373428516560224
              ],
              [
                8.650218784713282,
                35.37360312785441
              ],
              [
                8.650110876831445,
                35.37377835348851
              ],
              [
                8.649788654556689,
                35.37395296361223
              ],
              [
                8.649681497597152,
                35.37395265576658
              ],
              [
                8.649467560073056,
                35.37386427325154
              ],
              [
                8.648825373233262,
                35.37368688997875
              ],
              [
                8.648397501944933,
                35.37351012155098
              ],
              [
                8.648183189230155,
                35.373509503304085
              ],
              [
                8.647968876521933,
                35.373508884677115
              ],
              [
                8.647861720170283,
                35.373508575221095
              ],
              [
                8.647754563820273,
                35.373508265670054
              ],
              [
                8.647647407471904,
                35.37350795602399
              ],
              [
                8.647539881739078,
                35.3735954128349
              ],
              [
                8.647539503265667,
                35.37368317935935
              ],
              [
                8.647646272399687,
                35.373771255600325
              ],
              [
                8.647753050851417,
                35.37385933177328
              ],
              [
                8.647752672605098,
                35.373947098295886
              ],
              [
                8.648179789189815,
                35.37429940204367
              ],
              [
                8.648393348874372,
                35.374475553351786
              ],
              [
                8.648392593749328,
                35.37465108638982
              ],
              [
                8.647962072131806,
                35.3750886820164
              ],
              [
                8.647854157415692,
                35.37526389811327
              ],
              [
                8.647639083297765,
                35.37543881187689
              ],
              [
                8.647531176434985,
                35.37561404257286
              ],
              [
                8.64731609160351,
                35.37578895571572
              ],
              [
                8.646993864460748,
                35.37596355083441
              ],
              [
                8.646349007986233,
                35.37640051975363
              ],
              [
                8.645811305295654,
                35.376837796553986
              ],
              [
                8.645489061638663,
                35.377012394998886
              ],
              [
                8.645166435504027,
                35.37727475902094
              ],
              [
                8.644952112910062,
                35.37727413498573
              ],
              [
                8.644737027202446,
                35.377449043457894
              ],
              [
                8.644199691021587,
                35.377798546485614
              ],
              [
                8.643769521769414,
                35.37814835287951
              ],
              [
                8.643446885554564,
                35.37841071220169
              ],
              [
                8.64323102716515,
                35.378761150745326
              ],
              [
                8.643123480596461,
                35.378848603454706
              ],
              [
                8.642479348408544,
                35.379110018460885
              ],
              [
                8.642049540155506,
                35.379372059593564
              ],
              [
                8.641834442621764,
                35.37954696276842
              ],
              [
                8.641619729129046,
                35.37963409916952
              ],
              [
                8.641297850688403,
                35.379720919860176
              ],
              [
                8.641083521715935,
                35.37972028892522
              ],
              [
                8.64086880696675,
                35.37980742398194
              ],
              [
                8.640654091758398,
                35.37989455865308
              ],
              [
                8.640546540914372,
                35.37998200902701
              ],
              [
                8.640331824900377,
                35.38006914311816
              ],
              [
                8.63990201374339,
                35.380331176525544
              ],
              [
                8.639365412530655,
                35.38050512495732
              ],
              [
                8.638399369198392,
                35.38085333261486
              ],
              [
                8.637648039715579,
                35.38111440359138
              ],
              [
                8.636789938146212,
                35.38128737679765
              ],
              [
                8.636146548219678,
                35.38137322509307
              ],
              [
                8.634644253067705,
                35.3818075678448
              ],
              [
                8.634322751569721,
                35.3818066035469
              ],
              [
                8.633893689562154,
                35.3818930827595
              ],
              [
                8.633571794034467,
                35.381979882731834
              ],
              [
                8.633464626651708,
                35.381979560441664
              ],
              [
                8.631426475572697,
                35.3824122501194
              ],
              [
                8.631104575394437,
                35.38249904348259
              ],
              [
                8.63089023931676,
                35.38249839442228
              ],
              [
                8.630567941253288,
                35.38267295257974
              ],
              [
                8.630138870763977,
                35.38275941839371
              ],
              [
                8.629924136340298,
                35.38284653383701
              ],
              [
                8.629709401457532,
                35.3829336488946
              ],
              [
                8.629494267965615,
                35.383108529779264
              ],
              [
                8.629278744244532,
                35.38337117650464
              ],
              [
                8.62917116751533,
                35.383458609133335
              ],
              [
                8.628956439260246,
                35.38354573029573
              ],
              [
                8.628741701526906,
                35.38363283616659
              ],
              [
                8.628634132891781,
                35.3837202832135
              ],
              [
                8.62831182517299,
                35.38389482781885
              ],
              [
                8.628204655321122,
                35.3838945008479
              ],
              [
                8.628098284784436,
                35.38371864884469
              ],
              [
                8.627992314558238,
                35.383455015675835
              ],
              [
                8.627779576039261,
                35.38310330374767
              ],
              [
                8.62777997604638,
                35.38301553755181
              ],
              [
                8.62735530594494,
                35.382136565252615
              ],
              [
                8.627143374997022,
                35.381609312306566
              ],
              [
                8.627144176343188,
                35.38143377988277
              ],
              [
                8.627144977682397,
                35.38125824745384
              ],
              [
                8.627145778980692,
                35.38108272245888
              ],
              [
                8.627147381624335,
                35.38073165757539
              ],
              [
                8.626934252977728,
                35.380467702854176
              ],
              [
                8.626615164437641,
                35.37994012071881
              ],
              [
                8.62650920384261,
                35.37967649358344
              ],
              [
                8.626189317803252,
                35.37932444276396
              ],
              [
                8.62587023856361,
                35.378796858619125
              ],
              [
                8.625657521365184,
                35.378445135376424
              ],
              [
                8.625444806002443,
                35.37809341175016
              ],
              [
                8.625445610888587,
                35.37791788669705
              ],
              [
                8.625338860634992,
                35.377829791013276
              ],
              [
                8.62533926320678,
                35.37774202476503
              ],
              [
                8.624700728988817,
                35.37677461724905
              ],
              [
                8.62427450966936,
                35.37624669867788
              ],
              [
                8.623528841390101,
                35.37527896183852
              ],
              [
                8.622777516693239,
                35.37553994061201
              ],
              [
                8.62267035795657,
                35.37553960880042
              ],
              [
                8.621597153440817,
                35.37588734301016
              ],
              [
                8.621489587547444,
                35.375974776385426
              ],
              [
                8.621596340247109,
                35.376062875483946
              ],
              [
                8.621595933647608,
                35.37615064171893
              ],
              [
                8.621595120443315,
                35.37632617418504
              ],
              [
                8.621701864631852,
                35.37641427316059
              ],
              [
                8.621807814470081,
                35.3766779045586
              ],
              [
                8.621913340549325,
                35.377029302025505
              ],
              [
                8.622125631733242,
                35.377468798039246
              ],
              [
                8.622338736844165,
                35.37773276122731
              ],
              [
                8.622444275681087,
                35.37808415078116
              ],
              [
                8.622551032148952,
                35.37817225646831
              ],
              [
                8.622335896096065,
                35.378347117288556
              ],
              [
                8.622228327704317,
                35.3784345512705
              ],
              [
                8.622013596409339,
                35.37852165273556
              ],
              [
                8.621797654480629,
                35.37887205243915
              ],
              [
                8.622011159274347,
                35.3790482499368
              ],
              [
                8.622117916562454,
                35.379136348558475
              ],
              [
                8.6221175104814,
                35.379224114753995
              ],
              [
                8.622117104398585,
                35.37931188094822
              ],
              [
                8.622009940683057,
                35.3793115485201
              ],
              [
                8.62190237065262,
                35.37939898218775
              ],
              [
                8.62190196433419,
                35.37948674837726
              ],
              [
                8.62168722989548,
                35.37957384922758
              ],
              [
                8.621579668255102,
                35.379661282628
              ],
              [
                8.621364933011135,
                35.37974838289796
              ],
              [
                8.621257361705966,
                35.37983581597707
              ],
              [
                8.621149790168703,
                35.37992324895772
              ],
              [
                8.620934646397888,
                35.38009811462351
              ],
              [
                8.62093423902092,
                35.38018588079304
              ],
              [
                8.620827074164335,
                35.38018554730868
              ],
              [
                8.620719501698682,
                35.38027297989535
              ],
              [
                8.620719094086077,
                35.38036074606016
              ],
              [
                8.620611521270506,
                35.380448178546
              ],
              [
                8.620504763917548,
                35.38036007861187
              ],
              [
                8.620290433756097,
                35.38035941078341
              ],
              [
                8.620076103601727,
                35.380358742574764
              ],
              [
                8.619969346952153,
                35.38027064217064
              ],
              [
                8.619969755375335,
                35.380182876012135
              ],
              [
                8.619970163796745,
                35.38009510985235
              ],
              [
                8.619970572216385,
                35.380007343691254
              ],
              [
                8.62007814512853,
                35.37991991177037
              ],
              [
                8.620078553428577,
                35.379832145605654
              ],
              [
                8.62007896172685,
                35.37974437943966
              ],
              [
                8.61997220587721,
                35.37965627903415
              ],
              [
                8.619865041732838,
                35.3796559447009
              ],
              [
                8.61975787759024,
                35.3796556102726
              ],
              [
                8.619436794164091,
                35.379566840255414
              ],
              [
                8.619330039249908,
                35.37947873928579
              ],
              [
                8.619009366451813,
                35.379302201974845
              ],
              [
                8.619010185346202,
                35.37912666964789
              ],
              [
                8.619011004233482,
                35.37895113731581
              ],
              [
                8.619118986083397,
                35.37877594006131
              ],
              [
                8.619119395404775,
                35.37868817388969
              ],
              [
                8.61911980472438,
                35.378600407716796
              ],
              [
                8.61912021404221,
                35.37851264154262
              ],
              [
                8.61901346085268,
                35.378424540288805
              ],
              [
                8.618906298348874,
                35.378424205115394
              ],
              [
                8.618906707895226,
                35.378336438940835
              ],
              [
                8.618799545509237,
                35.378336103673476
              ],
              [
                8.618692792901678,
                35.37824800213741
              ],
              [
                8.61869320264182,
                35.37816024340153
              ],
              [
                8.618586459501476,
                35.3780721343605
              ],
              [
                8.618266605219443,
                35.377720070138096
              ],
              [
                8.617946352259574,
                35.37745576383424
              ],
              [
                8.61773286053272,
                35.3772795591895
              ],
              [
                8.61751894961817,
                35.37719112031809
              ],
              [
                8.61741219990968,
                35.37710301765221
              ],
              [
                8.6171991125615,
                35.37683904585913
              ],
              [
                8.617092775148514,
                35.376663176730275
              ],
              [
                8.616987672976169,
                35.37622400895238
              ],
              [
                8.615912775295374,
                35.37692276452047
              ],
              [
                8.616019523125926,
                35.377010868501884
              ],
              [
                8.616126271188538,
                35.37709897238916
              ],
              [
                8.616125858650248,
                35.37718673855329
              ],
              [
                8.616018285162964,
                35.37727416699098
              ],
              [
                8.615910711443615,
                35.37736159533017
              ],
              [
                8.61591029866789,
                35.377449361488274
              ],
              [
                8.61580272459865,
                35.37753678972657
              ],
              [
                8.615695150297341,
                35.37762421786637
              ],
              [
                8.615587162632968,
                35.37779941205734
              ],
              [
                8.615479174499075,
                35.37797460614375
              ],
              [
                8.61547876128169,
                35.37806236484942
              ],
              [
                8.615371185895654,
                35.37814980012562
              ],
              [
                8.615263610347618,
                35.37823722042516
              ],
              [
                8.615156034532468,
                35.378324648065266
              ],
              [
                8.615048044759709,
                35.37849984174079
              ],
              [
                8.614940468362567,
                35.37858726918149
              ],
              [
                8.614832900819557,
                35.37867469655239
              ],
              [
                8.61461816106176,
                35.37876178481679
              ],
              [
                8.61461774686489,
                35.378849550941204
              ],
              [
                8.614724072624142,
                35.37902542214002
              ],
              [
                8.614830830986644,
                35.37911352717906
              ],
              [
                8.614830417014673,
                35.37920129330053
              ],
              [
                8.614937157550976,
                35.37928939818781
              ],
              [
                8.614936743691446,
                35.379377164307826
              ],
              [
                8.615043493660357,
                35.37946526912952
              ],
              [
                8.615150657492388,
                35.37946560773743
              ],
              [
                8.615150243861356,
                35.37955337385708
              ],
              [
                8.615257407811226,
                35.379553712371056
              ],
              [
                8.615256994294445,
                35.37964147849052
              ],
              [
                8.6153633315553,
                35.37981734914784
              ],
              [
                8.615470082566828,
                35.37990545359285
              ],
              [
                8.615683585286165,
                35.38008166220045
              ],
              [
                8.615790336993976,
                35.38016976636305
              ],
              [
                8.615897088933885,
                35.38025787043154
              ],
              [
                8.615896263262417,
                35.380433402661865
              ],
              [
                8.615895850458989,
                35.38052116133601
              ],
              [
                8.615895437583783,
                35.38060893488704
              ],
              [
                8.61600219021283,
                35.38069703886064
              ],
              [
                8.616001777485085,
                35.380784804971135
              ],
              [
                8.61600095205921,
                35.3809603297492
              ],
              [
                8.616000539291111,
                35.381048103294916
              ],
              [
                8.616000126591187,
                35.381135861961205
              ],
              [
                8.615892547687128,
                35.38122329019578
              ],
              [
                8.615892134832583,
                35.3813110562975
              ],
              [
                8.615998888375719,
                35.3813991602696
              ],
              [
                8.61631956279528,
                35.38157570552016
              ],
              [
                8.616426729434023,
                35.381576043013865
              ],
              [
                8.617067671360761,
                35.38201689651028
              ],
              [
                8.617387939317897,
                35.38228120503919
              ],
              [
                8.617708209364132,
                35.38254551272077
              ],
              [
                8.617922125480256,
                35.382633951240614
              ],
              [
                8.618242808998883,
                35.38281049140784
              ],
              [
                8.618349576163956,
                35.382898593338155
              ],
              [
                8.618456325387783,
                35.38298669511736
              ],
              [
                8.618562683026612,
                35.38316256296146
              ],
              [
                8.618669432828955,
                35.38325066455219
              ],
              [
                8.618669022950932,
                35.38333843065281
              ],
              [
                8.618776191950149,
                35.383338766077216
              ],
              [
                8.618882541654035,
                35.383514633608314
              ],
              [
                8.61909606128568,
                35.38369083618717
              ],
              [
                8.619202821449708,
                35.38377893733536
              ],
              [
                8.61952269440384,
                35.38413099887363
              ],
              [
                8.61973621704974,
                35.38430720032211
              ],
              [
                8.619949740624222,
                35.38448340139392
              ],
              [
                8.620056094363948,
                35.384659267884096
              ],
              [
                8.620376790558957,
                35.38483580240749
              ],
              [
                8.620483553623018,
                35.38492390242544
              ],
              [
                8.620589909095019,
                35.38509976844374
              ],
              [
                8.62069667273769,
                35.38518786827315
              ],
              [
                8.620803436612519,
                35.38527596800837
              ],
              [
                8.62090979323645,
                35.385451833742074
              ],
              [
                8.620909385751629,
                35.385539599833436
              ],
              [
                8.621015335573073,
                35.38580323155839
              ],
              [
                8.620907348301003,
                35.38597843027103
              ],
              [
                8.620691372382508,
                35.3863288199437
              ],
              [
                8.620582975812656,
                35.38659179185458
              ],
              [
                8.620581752239143,
                35.386855090065104
              ],
              [
                8.620688518202638,
                35.38694318245145
              ],
              [
                8.620687294956152,
                35.387206480649866
              ],
              [
                8.619936258891595,
                35.3873796744367
              ],
              [
                8.619614326905053,
                35.387466436915545
              ],
              [
                8.619399568817817,
                35.38755353343718
              ],
              [
                8.619077635577337,
                35.38764029447549
              ],
              [
                8.61854136113716,
                35.38772638362614
              ],
              [
                8.618005076491531,
                35.38781247035945
              ],
              [
                8.617683551776425,
                35.387811461638115
              ],
              [
                8.617254440701526,
                35.387897881365134
              ],
              [
                8.616718153605282,
                35.38798396236769
              ],
              [
                8.616181865391003,
                35.388070040981255
              ],
              [
                8.615538400726871,
                35.38815577896452
              ],
              [
                8.615002110169565,
                35.38824185232361
              ],
              [
                8.614572588734982,
                35.388416028501325
              ],
              [
                8.614143471237952,
                35.3885024371287
              ],
              [
                8.613928704604545,
                35.38858952385578
              ],
              [
                8.613392409529274,
                35.38867559003411
              ],
              [
                8.613817791793206,
                35.38937907036101
              ],
              [
                8.614775757083523,
                35.39078638032956
              ],
              [
                8.615201153193707,
                35.39148986309681
              ],
              [
                8.614335421248168,
                35.39324246217248
              ],
              [
                8.611967827896464,
                35.395253580048504
              ],
              [
                8.609286539718902,
                35.39559607577251
              ],
              [
                8.604034907227021,
                35.395491344880405
              ],
              [
                8.603283768660358,
                35.3956644342095
              ],
              [
                8.603068971475116,
                35.39575150132839
              ],
              [
                8.60178103547372,
                35.39609836445758
              ],
              [
                8.601568378554191,
                35.395746600191
              ],
              [
                8.601678563074227,
                35.39513259066384
              ],
              [
                8.601894644739913,
                35.39478223617653
              ],
              [
                8.602218763767173,
                35.394256692501244
              ],
              [
                8.602219191635285,
                35.39416892673097
              ],
              [
                8.602114148413163,
                35.393729747662576
              ],
              [
                8.602115004357506,
                35.39355421610762
              ],
              [
                8.601581235603845,
                35.39311363482236
              ],
              [
                8.601582092683408,
                35.39293810326082
              ],
              [
                8.601260548253226,
                35.39293705070135
              ],
              [
                8.601153795781695,
                35.39284893387986
              ],
              [
                8.601262263783486,
                35.392585987576524
              ],
              [
                8.601369873555667,
                35.39249857273467
              ],
              [
                8.601370731073674,
                35.39232304115973
              ],
              [
                8.601263979283972,
                35.39223492443119
              ],
              [
                8.601050047264057,
                35.392146463919424
              ],
              [
                8.601050476401268,
                35.39205869069185
              ],
              [
                8.600944154485118,
                35.39188281533011
              ],
              [
                8.601051763692622,
                35.391795393318525
              ],
              [
                8.60115980157058,
                35.391620220290264
              ],
              [
                8.601160659515832,
                35.39144468869424
              ],
              [
                8.60105390910461,
                35.39135657177637
              ],
              [
                8.601054767270922,
                35.39118104017493
              ],
              [
                8.601269554418595,
                35.39109397650622
              ],
              [
                8.60137716218521,
                35.39100656162322
              ],
              [
                8.601378019639972,
                35.39083103000469
              ],
              [
                8.60148562693843,
                35.39074361501823
              ],
              [
                8.601593662493322,
                35.39056843411708
              ],
              [
                8.601701269209377,
                35.39048101893092
              ],
              [
                8.601701697578207,
                35.3903932531112
              ],
              [
                8.601702125945177,
                35.39030548729018
              ],
              [
                8.601702982673544,
                35.390129955644305
              ],
              [
                8.601810160440237,
                35.39013030617583
              ],
              [
                8.601810588685527,
                35.39004254034984
              ],
              [
                8.60181101692896,
                35.38995477452255
              ],
              [
                8.601811445170535,
                35.389867008694
              ],
              [
                8.601919050714386,
                35.389779593296055
              ],
              [
                8.601919478836141,
                35.38969182746379
              ],
              [
                8.60191990695604,
                35.38960406163026
              ],
              [
                8.60181272988411,
                35.389603711200614
              ],
              [
                8.60181315811825,
                35.389515945366924
              ],
              [
                8.601706409512666,
                35.38942782900952
              ],
              [
                8.601814014580961,
                35.38934041369571
              ],
              [
                8.601921619380768,
                35.389253005722296
              ],
              [
                8.601815299224796,
                35.38907712361829
              ],
              [
                8.601708122851317,
                35.389076773100406
              ],
              [
                8.60170855119041,
                35.388989007260164
              ],
              [
                8.601601374934887,
                35.38898865664835
              ],
              [
                8.601601803388222,
                35.38890089080795
              ],
              [
                8.601708979527645,
                35.38890124141864
              ],
              [
                8.60192418801657,
                35.38872641066334
              ],
              [
                8.601924616116037,
                35.388638644815686
              ],
              [
                8.602032219894252,
                35.38855122928769
              ],
              [
                8.602032647873907,
                35.38846346343634
              ],
              [
                8.602033075851706,
                35.38837569758372
              ],
              [
                8.602033503827647,
                35.388287931729806
              ],
              [
                8.601926328495326,
                35.38828758141229
              ],
              [
                8.601819581371133,
                35.38819946514678
              ],
              [
                8.60171283447913,
                35.3881113487872
              ],
              [
                8.601713262797782,
                35.38802358293285
              ],
              [
                8.601820865978807,
                35.387936167580335
              ],
              [
                8.601714119429507,
                35.3878480512203
              ],
              [
                8.601607373112392,
                35.3877599347662
              ],
              [
                8.6016078015397,
                35.38767216890786
              ],
              [
                8.601501484108681,
                35.38749628649978
              ],
              [
                8.601501912646503,
                35.387408520638736
              ],
              [
                8.601287993092281,
                35.38732005312061
              ],
              [
                8.60128885062298,
                35.387144521396664
              ],
              [
                8.601182534568292,
                35.38696863870164
              ],
              [
                8.601183392279932,
                35.386793114408746
              ],
              [
                8.601076647959655,
                35.38670499004422
              ],
              [
                8.601184678887964,
                35.38652981680123
              ],
              [
                8.601292280671379,
                35.38644239444955
              ],
              [
                8.60118553661735,
                35.38635428505647
              ],
              [
                8.601186394339294,
                35.38617875330658
              ],
              [
                8.60097247836882,
                35.38609028523542
              ],
              [
                8.600865305957285,
                35.38608993399566
              ],
              [
                8.600758992187043,
                35.38591405091238
              ],
              [
                8.60065310830481,
                35.385650401855884
              ],
              [
                8.60043962397286,
                35.3854741669679
              ],
              [
                8.600226140569536,
                35.38529793170366
              ],
              [
                8.600119838301504,
                35.38512204808073
              ],
              [
                8.599905926292609,
                35.38503357813172
              ],
              [
                8.599799185635627,
                35.384945460076345
              ],
              [
                8.599478534371984,
                35.384768871225
              ],
              [
                8.59905028295606,
                35.3846796945662
              ],
              [
                8.598622464107208,
                35.384502750521804
              ],
              [
                8.598408987226478,
                35.3843265120614
              ],
              [
                8.597981171657604,
                35.38414956575744
              ],
              [
                8.597659662246606,
                35.3841485038435
              ],
              [
                8.597124679716043,
                35.38397120035873
              ],
              [
                8.596804038185661,
                35.38379460444508
              ],
              [
                8.596482530229489,
                35.383793539408074
              ],
              [
                8.596267757415683,
                35.383880602204705
              ],
              [
                8.595089773755662,
                35.38370115598522
              ],
              [
                8.594446758737664,
                35.383699015937445
              ],
              [
                8.594126124222388,
                35.38352240551604
              ],
              [
                8.592091240015245,
                35.383252310761875
              ],
              [
                8.591556275812755,
                35.38307498271561
              ],
              [
                8.590914145913887,
                35.38289729227268
              ],
              [
                8.59038050819357,
                35.3824566616024
              ],
              [
                8.589633425134165,
                35.3818397747163
              ],
              [
                8.589425723702883,
                35.38052257224637
              ],
              [
                8.589542589618507,
                35.37859208493017
              ],
              [
                8.591701201634276,
                35.375527491924096
              ],
              [
                8.59203627262599,
                35.37280783238509
              ],
              [
                8.592036711140722,
                35.37272007385141
              ],
              [
                8.591929556525821,
                35.37271971480342
              ],
              [
                8.591824157029444,
                35.37236829176596
              ],
              [
                8.591825034613521,
                35.37219275237197
              ],
              [
                8.591932627147893,
                35.37210535296651
              ],
              [
                8.59204021948745,
                35.37201794602336
              ],
              [
                8.592147811595003,
                35.371930538981594
              ],
              [
                8.592148688426857,
                35.37175500700686
              ],
              [
                8.592256270981204,
                35.37166759983118
              ],
              [
                8.592257147569669,
                35.371492067846425
              ],
              [
                8.592150442067735,
                35.371403943042026
              ],
              [
                8.592151318876764,
                35.37122841105192
              ],
              [
                8.592258900723774,
                35.37114100386156
              ],
              [
                8.592259339007546,
                35.37105323786213
              ],
              [
                8.59236606234171,
                35.37114136263399
              ],
              [
                8.592473214876204,
                35.37114172128097
              ],
              [
                8.592687957770671,
                35.37105467228587
              ],
              [
                8.592688395588551,
                35.370966906280515
              ],
              [
                8.592688833404534,
                35.37087914027388
              ],
              [
                8.592689271218616,
                35.37079137426594
              ],
              [
                8.592689709030797,
                35.370703608256754
              ],
              [
                8.592797289600021,
                35.37061620057088
              ],
              [
                8.59290487902255,
                35.370528792816785
              ],
              [
                8.592905316597061,
                35.3704410268014
              ],
              [
                8.592691022455949,
                35.37044031022145
              ],
              [
                8.592584737599616,
                35.370264419715745
              ],
              [
                8.59247803334117,
                35.37017629519122
              ],
              [
                8.59258561343129,
                35.37008888768302
              ],
              [
                8.593015092924345,
                35.369914788837946
              ],
              [
                8.593015530332499,
                35.369827030251486
              ],
              [
                8.593123118502923,
                35.369739614844
              ],
              [
                8.593016842693887,
                35.36956372472821
              ],
              [
                8.592910567306019,
                35.369387841955984
              ],
              [
                8.59291100485585,
                35.36930007592395
              ],
              [
                8.593018592395989,
                35.36921266803702
              ],
              [
                8.593125742390091,
                35.369213026088424
              ],
              [
                8.593126179704157,
                35.369125260051504
              ],
              [
                8.59280604305016,
                35.36886088750777
              ],
              [
                8.589577449971262,
                35.37165860025779
              ],
              [
                8.583653158862544,
                35.377694421128524
              ],
              [
                8.583329883386359,
                35.37804438447219
              ],
              [
                8.581713918453232,
                35.37970641444392
              ],
              [
                8.581390176341092,
                35.38014413811786
              ],
              [
                8.581067331869109,
                35.38040632195168
              ],
              [
                8.580205504503539,
                35.381281025789505
              ],
              [
                8.579020794799348,
                35.38241790882463
              ],
              [
                8.578481789311228,
                35.38303041424041
              ],
              [
                8.57805039385246,
                35.38355552300791
              ],
              [
                8.576326583596517,
                35.38530487195391
              ],
              [
                8.575465104932633,
                35.38609177493691
              ],
              [
                8.574602698767599,
                35.38705419527778
              ],
              [
                8.574171256617511,
                35.38757928951902
              ],
              [
                8.573415535423917,
                35.3886298488478
              ],
              [
                8.572983617705614,
                35.38924269668128
              ],
              [
                8.571903568795596,
                35.39081871039208
              ],
              [
                8.571147321682663,
                35.39195701255726
              ],
              [
                8.57103921868542,
                35.39213216572106
              ],
              [
                8.56995863019666,
                35.393795926175144
              ],
              [
                8.569094680189654,
                35.39502160110225
              ],
              [
                8.568014477736147,
                35.39659757745454
              ],
              [
                8.56758154529221,
                35.397385942698705
              ],
              [
                8.567472961712898,
                35.397648850304
              ],
              [
                8.567364377381102,
                35.39791176523425
              ],
              [
                8.566175511565815,
                35.3997506385821
              ],
              [
                8.564878926048067,
                35.40167687376811
              ],
              [
                8.563258816837322,
                35.403953000780625
              ],
              [
                8.562825327449408,
                35.40482911258311
              ],
              [
                8.563788688647769,
                35.40509587115341
              ],
              [
                8.565287570782402,
                35.40545230357823
              ],
              [
                8.565501965884026,
                35.405453069444576
              ],
              [
                8.565822623552403,
                35.40562974793126
              ],
              [
                8.566036547363787,
                35.405718270596935
              ],
              [
                8.566571603562064,
                35.405895711648654
              ],
              [
                8.566999929963819,
                35.405985003667524
              ],
              [
                8.567213394521971,
                35.40616129692198
              ],
              [
                8.567427325744145,
                35.40624983203168
              ],
              [
                8.567747990844985,
                35.40642649799716
              ],
              [
                8.568175386910404,
                35.40669131627386
              ],
              [
                8.568601861297472,
                35.407131663483845
              ],
              [
                8.569026484057508,
                35.40792307001004
              ],
              [
                8.56902601998825,
                35.40801083521214
              ],
              [
                8.569342521944542,
                35.408977383727226
              ],
              [
                8.569661348367264,
                35.40950511283193
              ],
              [
                8.569870196083102,
                35.41055905319183
              ],
              [
                8.569968597020752,
                35.41222696279713
              ],
              [
                8.57018023282993,
                35.41275431137823
              ],
              [
                8.570286977332914,
                35.41284245523112
              ],
              [
                8.57039418473933,
                35.41284283384382
              ],
              [
                8.571036505270804,
                35.4130206338276
              ],
              [
                8.571358123690553,
                35.41302176737333
              ],
              [
                8.571678824110986,
                35.41319843039403
              ],
              [
                8.57189231780238,
                35.41337471537518
              ],
              [
                8.572746762006695,
                35.41399208638339
              ],
              [
                8.57360121925979,
                35.41460945137514
              ],
              [
                8.57434939123815,
                35.41505090498721
              ],
              [
                8.574563353829184,
                35.41513942010813
              ],
              [
                8.574454310087603,
                35.41549010580411
              ],
              [
                8.574238971056074,
                35.41566488594448
              ],
              [
                8.574023631094544,
                35.415839665689326
              ],
              [
                8.573915501937892,
                35.416014805677065
              ],
              [
                8.573914584122063,
                35.41619033595641
              ],
              [
                8.573805536111925,
                35.41654102097604
              ],
              [
                8.57369510965789,
                35.41715500124153
              ],
              [
                8.573693732155972,
                35.41741829660129
              ],
              [
                8.573799109439074,
                35.41776973269889
              ],
              [
                8.57401078439279,
                35.41829707436114
              ],
              [
                8.57411616416002,
                35.418648510148664
              ],
              [
                8.574436892845828,
                35.41882516587975
              ],
              [
                8.574650865469694,
                35.418913680860854
              ],
              [
                8.57475761839144,
                35.41900182074781
              ],
              [
                8.574864380636411,
                35.419089960572485
              ],
              [
                8.574863922706243,
                35.41917772567882
              ],
              [
                8.574863464774085,
                35.419265490783886
              ],
              [
                8.574863006839943,
                35.419353255887664
              ],
              [
                8.57475487009489,
                35.41952841136703
              ],
              [
                8.574646741969541,
                35.419703566773
              ],
              [
                8.574539525415538,
                35.41970319187177
              ],
              [
                8.574539067122647,
                35.419790956965485
              ],
              [
                8.574430933630058,
                35.41996611214902
              ],
              [
                8.57453723393119,
                35.42014201732755
              ],
              [
                8.574643992880006,
                35.42023015732337
              ],
              [
                8.57475028944169,
                35.42040606229643
              ],
              [
                8.574856595553372,
                35.42058196720583
              ],
              [
                8.575069653255234,
                35.42084601160746
              ],
              [
                8.57517458782863,
                35.42128519659525
              ],
              [
                8.57538764840169,
                35.421549240425335
              ],
              [
                8.57581195497878,
                35.422428387270806
              ],
              [
                8.576025025160344,
                35.42269242997778
              ],
              [
                8.576130875841303,
                35.42295609878865
              ],
              [
                8.576236727204167,
                35.42321976750004
              ],
              [
                8.576343035648343,
                35.42339567105152
              ],
              [
                8.576557022426709,
                35.42348418268716
              ],
              [
                8.576663787966064,
                35.423572320894756
              ],
              [
                8.577199891990833,
                35.42357418518117
              ],
              [
                8.577307118256442,
                35.42357455777183
              ],
              [
                8.578488364505617,
                35.4232275894402
              ],
              [
                8.580423771381845,
                35.422181079169945
              ],
              [
                8.583656055635684,
                35.41912036220003
              ],
              [
                8.584521389570991,
                35.417631285115746
              ],
              [
                8.586244823830894,
                35.41605735518954
              ],
              [
                8.58925958262035,
                35.413522344869406
              ],
              [
                8.591304896629943,
                35.411861660070244
              ]
            ]
          ]
        },
        "sourcePagePaths": [
          [
            [
              283.2597351074219,
              79.93011474609375
            ],
            [
              303.0555114746094,
              102.2529296875
            ],
            [
              336.5284118652344,
              85.69082641601562
            ],
            [
              350.5653991699219,
              77.76983642578125
            ],
            [
              361.36309814453125,
              71.28900146484375
            ],
            [
              368.9215087890625,
              59.40753173828125
            ],
            [
              369.641357421875,
              54.7269287109375
            ],
            [
              376.4798889160156,
              46.805908203125
            ],
            [
              391.95660400390625,
              37.44476318359375
            ],
            [
              394.83599853515625,
              36.00457763671875
            ],
            [
              394.83599853515625,
              35.64453125
            ],
            [
              446.6649475097656,
              71.6490478515625
            ],
            [
              447.02490234375,
              71.6490478515625
            ],
            [
              450.9840393066406,
              72.00909423828125
            ],
            [
              455.3031311035156,
              72.369140625
            ],
            [
              463.221435546875,
              73.44927978515625
            ],
            [
              469.34014892578125,
              74.5294189453125
            ],
            [
              479.0580749511719,
              75.9696044921875
            ],
            [
              482.2973937988281,
              77.04974365234375
            ],
            [
              490.57562255859375,
              77.4097900390625
            ],
            [
              491.6553955078125,
              78.1298828125
            ],
            [
              493.0950927734375,
              79.21002197265625
            ],
            [
              495.2546081542969,
              80.65020751953125
            ],
            [
              499.2137756347656,
              83.1705322265625
            ],
            [
              500.6534729003906,
              83.89059448242188
            ],
            [
              503.8927917480469,
              86.05087280273438
            ],
            [
              506.4122619628906,
              87.85110473632812
            ],
            [
              510.011474609375,
              89.29129028320312
            ],
            [
              511.09124755859375,
              88.93124389648438
            ],
            [
              513.6107177734375,
              88.21115112304688
            ],
            [
              516.1301879882812,
              88.21115112304688
            ],
            [
              516.8500366210938,
              88.21115112304688
            ],
            [
              516.8500366210938,
              88.57119750976562
            ],
            [
              517.2099609375,
              89.29129028320312
            ],
            [
              517.2099609375,
              89.65133666992188
            ],
            [
              517.2099609375,
              90.01138305664062
            ],
            [
              517.9298095703125,
              91.45156860351562
            ],
            [
              518.2897338867188,
              92.17166137695312
            ],
            [
              518.649658203125,
              92.53167724609375
            ],
            [
              519.0095825195312,
              93.61181640625
            ],
            [
              519.3695068359375,
              94.3319091796875
            ],
            [
              519.7294311523438,
              95.41204833984375
            ],
            [
              519.7294311523438,
              95.7720947265625
            ],
            [
              520.08935546875,
              96.13214111328125
            ],
            [
              520.8092041015625,
              96.85223388671875
            ],
            [
              521.529052734375,
              97.2122802734375
            ],
            [
              524.408447265625,
              99.01251220703125
            ],
            [
              524.768310546875,
              99.01251220703125
            ],
            [
              525.4882202148438,
              99.73260498046875
            ],
            [
              526.2080688476562,
              99.73260498046875
            ],
            [
              526.9278564453125,
              100.0926513671875
            ],
            [
              527.647705078125,
              100.45269775390625
            ],
            [
              528.0076293945312,
              100.45269775390625
            ],
            [
              530.527099609375,
              102.2529296875
            ],
            [
              530.8870239257812,
              102.2529296875
            ],
            [
              531.6068725585938,
              102.61294555664062
            ],
            [
              531.966796875,
              102.9730224609375
            ],
            [
              532.3267211914062,
              102.9730224609375
            ],
            [
              533.406494140625,
              103.33306884765625
            ],
            [
              533.7664184570312,
              103.693115234375
            ],
            [
              534.1263427734375,
              103.693115234375
            ],
            [
              534.4862670898438,
              104.05316162109375
            ],
            [
              534.84619140625,
              103.693115234375
            ],
            [
              535.2061157226562,
              103.693115234375
            ],
            [
              535.5660400390625,
              103.693115234375
            ],
            [
              535.9259643554688,
              103.693115234375
            ],
            [
              536.285888671875,
              104.05316162109375
            ],
            [
              537.0057373046875,
              104.41317749023438
            ],
            [
              537.3656616210938,
              104.41317749023438
            ],
            [
              537.7255859375,
              104.41317749023438
            ],
            [
              538.0855102539062,
              104.77325439453125
            ],
            [
              538.8053588867188,
              104.77325439453125
            ],
            [
              540.60498046875,
              105.49331665039062
            ],
            [
              540.9649047851562,
              105.49331665039062
            ],
            [
              541.3248291015625,
              105.49331665039062
            ],
            [
              541.6847534179688,
              105.49331665039062
            ],
            [
              542.044677734375,
              105.85336303710938
            ],
            [
              542.4046020507812,
              105.85336303710938
            ],
            [
              542.7645263671875,
              105.49331665039062
            ],
            [
              543.1244506835938,
              105.49331665039062
            ],
            [
              543.8442993164062,
              105.85336303710938
            ],
            [
              544.924072265625,
              106.21340942382812
            ],
            [
              545.6439208984375,
              106.57345581054688
            ],
            [
              546.0038452148438,
              106.93350219726562
            ],
            [
              547.0836181640625,
              107.29354858398438
            ],
            [
              548.1633911132812,
              108.01364135742188
            ],
            [
              550.3229370117188,
              109.81387329101562
            ],
            [
              550.6828002929688,
              110.17391967773438
            ],
            [
              551.042724609375,
              110.53396606445312
            ],
            [
              551.4027099609375,
              110.53396606445312
            ],
            [
              552.1224975585938,
              110.89401245117188
            ],
            [
              552.482421875,
              111.25405883789062
            ],
            [
              553.2022705078125,
              111.25405883789062
            ],
            [
              553.922119140625,
              111.25405883789062
            ],
            [
              554.6419677734375,
              111.25405883789062
            ],
            [
              555.36181640625,
              111.25405883789062
            ],
            [
              556.0816650390625,
              111.25405883789062
            ],
            [
              556.4415893554688,
              111.61410522460938
            ],
            [
              556.801513671875,
              111.61410522460938
            ],
            [
              557.5213623046875,
              111.25405883789062
            ],
            [
              558.2412109375,
              111.61410522460938
            ],
            [
              559.680908203125,
              111.97415161132812
            ],
            [
              561.12060546875,
              111.97415161132812
            ],
            [
              561.8404541015625,
              112.33419799804688
            ],
            [
              562.560302734375,
              112.33419799804688
            ],
            [
              563.2801513671875,
              112.33419799804688
            ],
            [
              564.0,
              112.69424438476562
            ],
            [
              565.0797729492188,
              113.05429077148438
            ],
            [
              566.1595458984375,
              113.41433715820312
            ],
            [
              566.5194702148438,
              114.13442993164062
            ],
            [
              567.2393188476562,
              114.49444580078125
            ],
            [
              567.5992431640625,
              114.85452270507812
            ],
            [
              577.6770629882812,
              117.37481689453125
            ],
            [
              577.6770629882812,
              120.97528076171875
            ],
            [
              579.1167602539062,
              125.29583740234375
            ],
            [
              579.8366088867188,
              128.17617797851562
            ],
            [
              581.2763061523438,
              130.69650268554688
            ],
            [
              584.1557006835938,
              131.77664184570312
            ],
            [
              585.955322265625,
              131.05654907226562
            ],
            [
              588.834716796875,
              128.5362548828125
            ],
            [
              591.3541870117188,
              130.33645629882812
            ],
            [
              593.15380859375,
              131.41659545898438
            ],
            [
              595.3133544921875,
              132.85678100585938
            ],
            [
              599.2724609375,
              135.01705932617188
            ],
            [
              599.6323852539062,
              137.89743041992188
            ],
            [
              601.7919311523438,
              137.89743041992188
            ],
            [
              603.2316284179688,
              138.2574462890625
            ],
            [
              605.03125,
              139.33758544921875
            ],
            [
              607.1907958984375,
              140.05767822265625
            ],
            [
              608.9904174804688,
              140.05767822265625
            ],
            [
              608.2705688476562,
              141.85791015625
            ],
            [
              606.470947265625,
              144.73828125
            ],
            [
              606.470947265625,
              147.61865234375
            ],
            [
              606.470947265625,
              148.3387451171875
            ],
            [
              606.470947265625,
              149.41888427734375
            ],
            [
              605.3911743164062,
              150.85903930664062
            ],
            [
              603.591552734375,
              153.37936401367188
            ],
            [
              602.15185546875,
              154.81954956054688
            ],
            [
              602.15185546875,
              155.17959594726562
            ],
            [
              602.8717041015625,
              155.53964233398438
            ],
            [
              603.2316284179688,
              155.89968872070312
            ],
            [
              604.3114013671875,
              156.25973510742188
            ],
            [
              605.3911743164062,
              156.61978149414062
            ],
            [
              606.470947265625,
              157.69992065429688
            ],
            [
              607.91064453125,
              158.42001342773438
            ],
            [
              609.7102661132812,
              159.50015258789062
            ],
            [
              610.0701904296875,
              159.86019897460938
            ],
            [
              610.4301147460938,
              158.78005981445312
            ],
            [
              611.1499633789062,
              157.69992065429688
            ],
            [
              612.229736328125,
              158.05996704101562
            ],
            [
              614.3892822265625,
              158.78005981445312
            ],
            [
              615.8289794921875,
              159.14010620117188
            ],
            [
              616.1889038085938,
              159.50015258789062
            ],
            [
              617.2686767578125,
              159.86019897460938
            ],
            [
              617.6286010742188,
              160.22024536132812
            ],
            [
              618.7083740234375,
              160.58029174804688
            ],
            [
              619.42822265625,
              160.9403076171875
            ],
            [
              620.1480712890625,
              161.30038452148438
            ],
            [
              620.5079956054688,
              160.9403076171875
            ],
            [
              621.2278442382812,
              161.30038452148438
            ],
            [
              621.5877685546875,
              161.30038452148438
            ],
            [
              621.9476928710938,
              160.9403076171875
            ],
            [
              622.3076171875,
              161.30038452148438
            ],
            [
              622.3076171875,
              161.660400390625
            ],
            [
              623.0274658203125,
              163.1005859375
            ],
            [
              624.1072387695312,
              166.7010498046875
            ],
            [
              625.1869506835938,
              172.10174560546875
            ],
            [
              626.2667236328125,
              175.34213256835938
            ],
            [
              627.3464965820312,
              177.86245727539062
            ],
            [
              627.7064208984375,
              178.94259643554688
            ],
            [
              628.42626953125,
              180.02273559570312
            ],
            [
              629.865966796875,
              183.62319946289062
            ],
            [
              630.2258911132812,
              186.86358642578125
            ],
            [
              630.5858154296875,
              187.2236328125
            ],
            [
              633.4652099609375,
              196.22479248046875
            ],
            [
              637.064453125,
              206.66607666015625
            ],
            [
              639.2239990234375,
              214.9471435546875
            ],
            [
              639.94384765625,
              217.8275146484375
            ],
            [
              640.6636962890625,
              219.26766967773438
            ],
            [
              641.0236206054688,
              220.34780883789062
            ],
            [
              641.7434692382812,
              220.70785522460938
            ],
            [
              641.7434692382812,
              221.42794799804688
            ],
            [
              642.1033935546875,
              222.14804077148438
            ],
            [
              642.4633178710938,
              223.22817993164062
            ],
            [
              642.8232421875,
              223.94827270507812
            ],
            [
              643.1831665039062,
              224.66836547851562
            ],
            [
              643.5430908203125,
              225.02841186523438
            ],
            [
              643.1831665039062,
              225.02841186523438
            ],
            [
              643.1831665039062,
              225.38845825195312
            ],
            [
              643.1831665039062,
              225.74850463867188
            ],
            [
              643.5430908203125,
              226.10855102539062
            ],
            [
              643.9030151367188,
              227.18869018554688
            ],
            [
              643.9030151367188,
              227.90878295898438
            ],
            [
              643.9030151367188,
              228.62884521484375
            ],
            [
              644.262939453125,
              229.70901489257812
            ],
            [
              644.6228637695312,
              230.78915405273438
            ],
            [
              644.9827880859375,
              231.149169921875
            ],
            [
              644.9827880859375,
              231.8692626953125
            ],
            [
              644.9827880859375,
              232.22930908203125
            ],
            [
              645.3427124023438,
              232.94940185546875
            ],
            [
              645.70263671875,
              233.66949462890625
            ],
            [
              646.4224853515625,
              234.7496337890625
            ],
            [
              646.4224853515625,
              235.4697265625
            ],
            [
              646.4224853515625,
              235.82977294921875
            ],
            [
              646.7824096679688,
              237.26995849609375
            ],
            [
              647.5022583007812,
              240.51034545898438
            ],
            [
              648.94189453125,
              245.19094848632812
            ],
            [
              648.94189453125,
              251.31173706054688
            ],
            [
              648.5819702148438,
              253.47201538085938
            ],
            [
              648.5819702148438,
              255.63226318359375
            ],
            [
              648.5819702148438,
              257.4324951171875
            ],
            [
              648.5819702148438,
              258.8726806640625
            ],
            [
              648.5819702148438,
              260.3128662109375
            ],
            [
              648.5819702148438,
              261.39300537109375
            ],
            [
              648.5819702148438,
              262.47314453125
            ],
            [
              648.2221069335938,
              263.55328369140625
            ],
            [
              648.2221069335938,
              264.6334228515625
            ],
            [
              647.8621215820312,
              265.353515625
            ],
            [
              647.142333984375,
              267.8738098144531
            ],
            [
              646.7824096679688,
              270.3941345214844
            ],
            [
              646.4224853515625,
              272.9144592285156
            ],
            [
              646.0625610351562,
              275.07470703125
            ],
            [
              646.0625610351562,
              277.955078125
            ],
            [
              645.70263671875,
              279.03521728515625
            ],
            [
              645.70263671875,
              279.75531005859375
            ],
            [
              645.3427124023438,
              280.47540283203125
            ],
            [
              645.3427124023438,
              281.19549560546875
            ],
            [
              644.9827880859375,
              282.63568115234375
            ],
            [
              644.9827880859375,
              284.4359130859375
            ],
            [
              644.9827880859375,
              285.51605224609375
            ],
            [
              644.6228637695312,
              286.59619140625
            ],
            [
              643.5430908203125,
              295.2372741699219
            ],
            [
              647.5022583007812,
              299.1977844238281
            ],
            [
              647.8621215820312,
              299.9178466796875
            ],
            [
              648.5819702148438,
              302.43817138671875
            ],
            [
              649.6617431640625,
              304.2384033203125
            ],
            [
              650.381591796875,
              305.31854248046875
            ],
            [
              650.7415161132812,
              305.6785888671875
            ],
            [
              651.4613647460938,
              306.75872802734375
            ],
            [
              651.8212890625,
              308.19891357421875
            ],
            [
              652.5411376953125,
              309.63909912109375
            ],
            [
              652.5411376953125,
              311.07928466796875
            ],
            [
              653.260986328125,
              311.07928466796875
            ],
            [
              652.9010620117188,
              311.4393005371094
            ],
            [
              653.260986328125,
              311.7993469238281
            ],
            [
              653.260986328125,
              312.1593933105469
            ],
            [
              653.6209106445312,
              312.5194396972656
            ],
            [
              653.9808349609375,
              312.5194396972656
            ],
            [
              653.9808349609375,
              312.8794860839844
            ],
            [
              654.3407592773438,
              313.2395324707031
            ],
            [
              654.3407592773438,
              313.5995788574219
            ],
            [
              653.9808349609375,
              313.5995788574219
            ],
            [
              653.9808349609375,
              313.9596252441406
            ],
            [
              653.9808349609375,
              314.3196716308594
            ],
            [
              653.6209106445312,
              314.3196716308594
            ],
            [
              653.6209106445312,
              314.6797180175781
            ],
            [
              653.6209106445312,
              315.0397644042969
            ],
            [
              653.6209106445312,
              315.3998107910156
            ],
            [
              653.9808349609375,
              315.7598571777344
            ],
            [
              653.9808349609375,
              316.1199035644531
            ],
            [
              653.9808349609375,
              316.4799499511719
            ],
            [
              653.9808349609375,
              316.8399963378906
            ],
            [
              654.3407592773438,
              317.2000427246094
            ],
            [
              654.3407592773438,
              317.5600891113281
            ],
            [
              654.3407592773438,
              317.9201354980469
            ],
            [
              654.3407592773438,
              318.2801818847656
            ],
            [
              654.3407592773438,
              318.6402282714844
            ],
            [
              654.70068359375,
              318.6402282714844
            ],
            [
              654.70068359375,
              319.0002746582031
            ],
            [
              654.70068359375,
              319.3603210449219
            ],
            [
              654.70068359375,
              319.7203674316406
            ],
            [
              654.70068359375,
              320.0804138183594
            ],
            [
              655.0606079101562,
              320.4404602050781
            ],
            [
              655.0606079101562,
              320.80047607421875
            ],
            [
              655.0606079101562,
              321.1605529785156
            ],
            [
              655.0606079101562,
              321.52056884765625
            ],
            [
              654.70068359375,
              321.880615234375
            ],
            [
              654.70068359375,
              322.2406921386719
            ],
            [
              654.70068359375,
              322.6007080078125
            ],
            [
              654.70068359375,
              323.32080078125
            ],
            [
              654.70068359375,
              324.0408935546875
            ],
            [
              654.70068359375,
              324.40093994140625
            ],
            [
              654.70068359375,
              325.12103271484375
            ],
            [
              654.70068359375,
              325.4810791015625
            ],
            [
              654.70068359375,
              325.84112548828125
            ],
            [
              654.3407592773438,
              326.56121826171875
            ],
            [
              653.9808349609375,
              326.9212646484375
            ],
            [
              653.6209106445312,
              327.28131103515625
            ],
            [
              653.260986328125,
              327.641357421875
            ],
            [
              652.9010620117188,
              327.641357421875
            ],
            [
              652.1812133789062,
              328.3614501953125
            ],
            [
              651.8212890625,
              328.72149658203125
            ],
            [
              651.4613647460938,
              329.44158935546875
            ],
            [
              651.1014404296875,
              330.521728515625
            ],
            [
              651.1014404296875,
              331.2418212890625
            ],
            [
              650.7415161132812,
              331.9619140625
            ],
            [
              651.1014404296875,
              333.04205322265625
            ],
            [
              651.1014404296875,
              334.4822082519531
            ],
            [
              650.7415161132812,
              335.5623474121094
            ],
            [
              650.0216674804688,
              336.2824401855469
            ],
            [
              649.3018798828125,
              336.6424865722656
            ],
            [
              648.5819702148438,
              337.0025329589844
            ],
            [
              647.8621215820312,
              337.3625793457031
            ],
            [
              647.142333984375,
              338.0826721191406
            ],
            [
              646.0625610351562,
              339.1628112792969
            ],
            [
              645.3427124023438,
              339.5228576660156
            ],
            [
              644.262939453125,
              340.6029968261719
            ],
            [
              643.5430908203125,
              340.9630432128906
            ],
            [
              643.1831665039062,
              341.32305908203125
            ],
            [
              642.1033935546875,
              342.04315185546875
            ],
            [
              641.383544921875,
              342.76324462890625
            ],
            [
              639.2239990234375,
              343.8433837890625
            ],
            [
              637.4243774414062,
              344.5634765625
            ],
            [
              635.624755859375,
              345.2835693359375
            ],
            [
              633.8251342773438,
              346.36370849609375
            ],
            [
              635.624755859375,
              346.7237548828125
            ],
            [
              636.7045288085938,
              347.08380126953125
            ],
            [
              639.94384765625,
              347.44384765625
            ],
            [
              642.1033935546875,
              347.80389404296875
            ],
            [
              643.5430908203125,
              347.80389404296875
            ],
            [
              644.9827880859375,
              347.80389404296875
            ],
            [
              647.142333984375,
              347.80389404296875
            ],
            [
              650.0216674804688,
              347.80389404296875
            ],
            [
              652.5411376953125,
              347.44384765625
            ],
            [
              654.70068359375,
              347.44384765625
            ],
            [
              656.140380859375,
              347.08380126953125
            ],
            [
              658.2999267578125,
              347.08380126953125
            ],
            [
              657.9400024414062,
              347.80389404296875
            ],
            [
              657.2201538085938,
              349.24407958984375
            ],
            [
              656.8602294921875,
              350.68426513671875
            ],
            [
              656.5003051757812,
              352.84454345703125
            ],
            [
              656.140380859375,
              353.56463623046875
            ],
            [
              655.7804565429688,
              354.644775390625
            ],
            [
              655.0606079101562,
              356.0849609375
            ],
            [
              654.3407592773438,
              357.525146484375
            ],
            [
              652.9010620117188,
              360.04547119140625
            ],
            [
              650.0216674804688,
              364.3659973144531
            ],
            [
              647.8621215820312,
              367.246337890625
            ],
            [
              646.4224853515625,
              370.48675537109375
            ],
            [
              644.6228637695312,
              372.64703369140625
            ],
            [
              643.5430908203125,
              374.447265625
            ],
            [
              640.6636962890625,
              379.12786865234375
            ],
            [
              636.7045288085938,
              383.4483947753906
            ],
            [
              635.9846801757812,
              384.1684875488281
            ],
            [
              634.18505859375,
              386.3287658691406
            ],
            [
              631.6655883789062,
              389.2091369628906
            ],
            [
              630.2258911132812,
              391.369384765625
            ],
            [
              629.865966796875,
              392.0894775390625
            ],
            [
              628.42626953125,
              393.88970947265625
            ],
            [
              627.3464965820312,
              394.9698486328125
            ],
            [
              624.8270263671875,
              398.5703125
            ],
            [
              623.7472534179688,
              400.010498046875
            ],
            [
              619.7881469726562,
              405.0511169433594
            ],
            [
              616.548828125,
              409.0116271972656
            ],
            [
              612.229736328125,
              413.3321533203125
            ],
            [
              610.7900390625,
              414.7723388671875
            ],
            [
              608.9904174804688,
              416.9326171875
            ],
            [
              606.8308715820312,
              420.17303466796875
            ],
            [
              605.3911743164062,
              422.33331298828125
            ],
            [
              603.9514770507812,
              424.49359130859375
            ],
            [
              600.7122192382812,
              429.1741638183594
            ],
            [
              598.5526123046875,
              432.7746276855469
            ],
            [
              596.3931274414062,
              436.0150146484375
            ],
            [
              595.3133544921875,
              438.17529296875
            ],
            [
              594.9534301757812,
              439.25543212890625
            ],
            [
              594.2335815429688,
              441.0556640625
            ],
            [
              593.15380859375,
              443.93603515625
            ],
            [
              591.714111328125,
              447.17645263671875
            ],
            [
              590.2744140625,
              445.73626708984375
            ],
            [
              589.1946411132812,
              445.376220703125
            ],
            [
              588.1148681640625,
              444.29608154296875
            ],
            [
              586.6751708984375,
              443.57598876953125
            ],
            [
              584.8755493164062,
              442.495849609375
            ],
            [
              584.515625,
              443.93603515625
            ],
            [
              583.7957763671875,
              445.01617431640625
            ],
            [
              583.4358520507812,
              446.45635986328125
            ],
            [
              583.075927734375,
              447.89654541015625
            ],
            [
              582.7160034179688,
              449.69677734375
            ],
            [
              581.63623046875,
              455.0974426269531
            ],
            [
              579.8366088867188,
              454.0173034667969
            ],
            [
              579.1167602539062,
              454.7373962402344
            ],
            [
              578.0369873046875,
              456.17755126953125
            ],
            [
              576.2373657226562,
              458.33782958984375
            ],
            [
              575.1575927734375,
              460.49810791015625
            ],
            [
              572.9981079101562,
              464.09857177734375
            ],
            [
              571.198486328125,
              466.618896484375
            ],
            [
              573.7179565429688,
              468.41912841796875
            ],
            [
              576.5972900390625,
              470.57940673828125
            ],
            [
              578.3969116210938,
              472.0195617675781
            ],
            [
              581.2763061523438,
              474.8999328613281
            ],
            [
              585.2354736328125,
              477.4202575683594
            ],
            [
              594.2335815429688,
              484.62115478515625
            ],
            [
              597.472900390625,
              487.50152587890625
            ],
            [
              588.4747924804688,
              499.0229797363281
            ],
            [
              585.5953979492188,
              504.0636291503906
            ],
            [
              585.955322265625,
              504.78369140625
            ],
            [
              587.39501953125,
              505.5037841796875
            ],
            [
              589.5545654296875,
              506.58392333984375
            ],
            [
              588.834716796875,
              508.02410888671875
            ],
            [
              587.0350952148438,
              510.90447998046875
            ],
            [
              584.1557006835938,
              515.2250366210938
            ],
            [
              583.7957763671875,
              515.9451293945312
            ],
            [
              580.196533203125,
              521.3458251953125
            ],
            [
              578.7568359375,
              523.506103515625
            ],
            [
              577.6770629882812,
              523.14599609375
            ],
            [
              575.87744140625,
              526.0263671875
            ],
            [
              571.5584106445312,
              531.4270629882812
            ],
            [
              567.5992431640625,
              537.5478515625
            ],
            [
              546.36376953125,
              563.4711303710938
            ],
            [
              537.0057373046875,
              555.1900634765625
            ],
            [
              535.9259643554688,
              552.3096923828125
            ],
            [
              534.4862670898438,
              547.26904296875
            ],
            [
              533.406494140625,
              539.7081298828125
            ],
            [
              531.2469482421875,
              532.8672485351562
            ],
            [
              530.1671752929688,
              531.787109375
            ],
            [
              528.3675537109375,
              531.0670166015625
            ],
            [
              526.2080688476562,
              531.787109375
            ],
            [
              524.408447265625,
              533.227294921875
            ],
            [
              520.08935546875,
              535.3875732421875
            ],
            [
              518.2897338867188,
              536.107666015625
            ],
            [
              514.6904907226562,
              536.4677124023438
            ],
            [
              512.1710205078125,
              536.107666015625
            ],
            [
              510.011474609375,
              535.0275268554688
            ],
            [
              507.4920349121094,
              532.5072021484375
            ],
            [
              502.8130187988281,
              530.7069702148438
            ],
            [
              497.7740783691406,
              528.90673828125
            ],
            [
              494.1748352050781,
              528.5466918945312
            ],
            [
              491.6553955078125,
              528.1866455078125
            ],
            [
              489.495849609375,
              526.0263671875
            ],
            [
              487.69622802734375,
              523.14599609375
            ],
            [
              486.616455078125,
              521.705810546875
            ],
            [
              486.616455078125,
              519.9056396484375
            ],
            [
              487.69622802734375,
              518.8255004882812
            ],
            [
              490.57562255859375,
              517.3853149414062
            ],
            [
              492.73516845703125,
              516.6652221679688
            ],
            [
              494.5347900390625,
              514.5049438476562
            ],
            [
              495.2546081542969,
              513.0647583007812
            ],
            [
              493.45501708984375,
              510.18438720703125
            ],
            [
              490.57562255859375,
              507.30401611328125
            ],
            [
              485.53668212890625,
              505.14373779296875
            ],
            [
              481.5775451660156,
              503.70355224609375
            ],
            [
              480.4977722167969,
              502.6234130859375
            ],
            [
              479.7779235839844,
              501.9033508300781
            ],
            [
              479.7779235839844,
              499.7430725097656
            ],
            [
              480.4977722167969,
              497.5827941894531
            ],
            [
              481.9374694824219,
              495.7825622558594
            ],
            [
              484.81683349609375,
              493.9823303222656
            ],
            [
              487.3363037109375,
              494.3424072265625
            ],
            [
              488.7760009765625,
              493.622314453125
            ],
            [
              489.85577392578125,
              492.18212890625
            ],
            [
              489.495849609375,
              490.38189697265625
            ],
            [
              487.3363037109375,
              487.861572265625
            ],
            [
              485.8966064453125,
              486.42138671875
            ],
            [
              481.5775451660156,
              484.981201171875
            ],
            [
              479.7779235839844,
              484.2611083984375
            ],
            [
              479.4179992675781,
              482.8209228515625
            ],
            [
              480.4977722167969,
              477.0602111816406
            ],
            [
              481.2176208496094,
              472.7396545410156
            ],
            [
              481.5775451660156,
              469.499267578125
            ],
            [
              481.5775451660156,
              467.3389892578125
            ],
            [
              479.7779235839844,
              466.25885009765625
            ],
            [
              477.6183776855469,
              465.8988037109375
            ],
            [
              475.8187561035156,
              467.3389892578125
            ],
            [
              474.3790588378906,
              467.3389892578125
            ],
            [
              473.2992858886719,
              466.618896484375
            ],
            [
              472.9393615722656,
              465.1787109375
            ],
            [
              471.49969482421875,
              460.49810791015625
            ],
            [
              469.34014892578125,
              457.6177673339844
            ],
            [
              466.8206787109375,
              456.17755126953125
            ],
            [
              465.3809814453125,
              456.53759765625
            ],
            [
              463.58135986328125,
              456.17755126953125
            ],
            [
              462.5015869140625,
              454.0173034667969
            ],
            [
              463.58135986328125,
              448.256591796875
            ],
            [
              463.58135986328125,
              446.0963134765625
            ],
            [
              462.86151123046875,
              444.6561279296875
            ],
            [
              461.42181396484375,
              444.6561279296875
            ],
            [
              460.70196533203125,
              446.45635986328125
            ],
            [
              459.26226806640625,
              448.256591796875
            ],
            [
              458.1824951171875,
              448.9766845703125
            ],
            [
              457.1027526855469,
              449.69677734375
            ],
            [
              456.0229797363281,
              450.4168701171875
            ],
            [
              454.5832824707031,
              450.7768859863281
            ],
            [
              453.5035095214844,
              450.0567932128906
            ],
            [
              452.4237365722656,
              447.89654541015625
            ],
            [
              452.0638122558594,
              446.0963134765625
            ],
            [
              452.4237365722656,
              444.29608154296875
            ],
            [
              452.4237365722656,
              442.495849609375
            ],
            [
              451.3439636230469,
              438.8953857421875
            ],
            [
              450.6241149902344,
              438.17529296875
            ],
            [
              445.22528076171875,
              435.294921875
            ],
            [
              439.46649169921875,
              433.49468994140625
            ],
            [
              437.6668701171875,
              433.1346740722656
            ],
            [
              433.7077331542969,
              433.49468994140625
            ],
            [
              432.2680358886719,
              433.1346740722656
            ],
            [
              431.1882629394531,
              432.0545349121094
            ],
            [
              430.8283386230469,
              430.6143493652344
            ],
            [
              431.1882629394531,
              429.1741638183594
            ],
            [
              432.2680358886719,
              428.4541015625
            ],
            [
              434.4275817871094,
              427.37396240234375
            ],
            [
              435.86724853515625,
              426.2938232421875
            ],
            [
              436.58709716796875,
              424.8536376953125
            ],
            [
              436.58709716796875,
              422.33331298828125
            ],
            [
              436.2271728515625,
              421.61322021484375
            ],
            [
              436.2271728515625,
              420.89312744140625
            ],
            [
              439.46649169921875,
              418.73284912109375
            ],
            [
              441.26611328125,
              416.2125244140625
            ],
            [
              442.34588623046875,
              414.7723388671875
            ],
            [
              444.50543212890625,
              411.53192138671875
            ],
            [
              445.94512939453125,
              409.731689453125
            ],
            [
              447.3847961425781,
              408.2915344238281
            ],
            [
              448.1046447753906,
              407.2113952636719
            ],
            [
              449.1844177246094,
              405.7712097167969
            ],
            [
              450.6241149902344,
              403.97100830078125
            ],
            [
              463.58135986328125,
              388.1289978027344
            ],
            [
              464.6611328125,
              387.048828125
            ],
            [
              466.100830078125,
              385.6086730957031
            ],
            [
              467.18060302734375,
              384.1684875488281
            ],
            [
              469.7000732421875,
              381.28814697265625
            ],
            [
              474.7389831542969,
              373.007080078125
            ],
            [
              476.5386047363281,
              369.76666259765625
            ],
            [
              477.2584533691406,
              368.6865234375
            ],
            [
              479.4179992675781,
              364.3659973144531
            ],
            [
              480.8576965332031,
              360.04547119140625
            ],
            [
              481.2176208496094,
              359.3253479003906
            ],
            [
              481.5775451660156,
              358.6052551269531
            ],
            [
              482.2973937988281,
              356.44500732421875
            ],
            [
              483.0172424316406,
              355.00482177734375
            ],
            [
              483.37713623046875,
              354.28472900390625
            ],
            [
              484.09698486328125,
              352.4844970703125
            ],
            [
              484.81683349609375,
              351.0443115234375
            ],
            [
              485.8966064453125,
              348.1639404296875
            ],
            [
              486.616455078125,
              345.64361572265625
            ],
            [
              487.3363037109375,
              343.4833679199219
            ],
            [
              488.05615234375,
              342.04315185546875
            ],
            [
              484.81683349609375,
              337.7226257324219
            ],
            [
              483.0172424316406,
              339.5228576660156
            ],
            [
              481.9374694824219,
              338.4427185058594
            ],
            [
              481.2176208496094,
              337.3625793457031
            ],
            [
              480.4977722167969,
              336.2824401855469
            ],
            [
              480.1378479003906,
              335.5623474121094
            ],
            [
              479.7779235839844,
              334.84228515625
            ],
            [
              479.7779235839844,
              333.04205322265625
            ],
            [
              479.7779235839844,
              332.6819763183594
            ],
            [
              480.1378479003906,
              330.88177490234375
            ],
            [
              480.1378479003906,
              329.8016357421875
            ],
            [
              480.4977722167969,
              328.72149658203125
            ],
            [
              480.8576965332031,
              327.641357421875
            ],
            [
              480.4977722167969,
              326.56121826171875
            ],
            [
              480.4977722167969,
              326.201171875
            ],
            [
              480.4977722167969,
              325.12103271484375
            ],
            [
              480.1378479003906,
              324.0408935546875
            ],
            [
              480.1378479003906,
              323.68084716796875
            ],
            [
              479.0580749511719,
              322.9607849121094
            ],
            [
              477.6183776855469,
              321.880615234375
            ],
            [
              476.8985290527344,
              321.1605529785156
            ],
            [
              476.1786804199219,
              320.80047607421875
            ],
            [
              475.8187561035156,
              320.4404602050781
            ],
            [
              475.0989074707031,
              320.4404602050781
            ],
            [
              472.9393615722656,
              319.7203674316406
            ],
            [
              470.7798156738281,
              317.5600891113281
            ],
            [
              468.2603759765625,
              315.7598571777344
            ],
            [
              462.86151123046875,
              311.7993469238281
            ],
            [
              461.0618896484375,
              310.35919189453125
            ],
            [
              456.3829040527344,
              307.1187744140625
            ],
            [
              454.9432067871094,
              306.03863525390625
            ],
            [
              453.8634338378906,
              305.31854248046875
            ],
            [
              452.4237365722656,
              304.2384033203125
            ],
            [
              450.9840393066406,
              303.518310546875
            ],
            [
              449.5443420410156,
              303.15826416015625
            ],
            [
              449.1844177246094,
              302.43817138671875
            ],
            [
              448.4645690917969,
              301.71807861328125
            ],
            [
              448.1046447753906,
              301.3580322265625
            ],
            [
              446.6649475097656,
              300.99798583984375
            ],
            [
              444.1455078125,
              299.9178466796875
            ],
            [
              443.06573486328125,
              299.55780029296875
            ],
            [
              442.705810546875,
              299.55780029296875
            ],
            [
              441.9859619140625,
              298.83770751953125
            ],
            [
              440.90618896484375,
              298.1176452636719
            ],
            [
              441.26611328125,
              297.3975524902344
            ],
            [
              442.34588623046875,
              296.3174133300781
            ],
            [
              444.50543212890625,
              293.7970886230469
            ],
            [
              448.4645690917969,
              289.4765319824219
            ],
            [
              450.9840393066406,
              285.8760986328125
            ],
            [
              452.7836608886719,
              283.7158203125
            ],
            [
              455.6630554199219,
              279.395263671875
            ],
            [
              456.3829040527344,
              278.6751708984375
            ],
            [
              458.1824951171875,
              275.7948303222656
            ],
            [
              460.70196533203125,
              272.1943664550781
            ],
            [
              462.86151123046875,
              268.9539489746094
            ],
            [
              466.46075439453125,
              263.913330078125
            ],
            [
              469.7000732421875,
              259.23272705078125
            ],
            [
              477.2584533691406,
              248.43136596679688
            ],
            [
              479.4179992675781,
              245.19094848632812
            ],
            [
              479.7779235839844,
              244.47085571289062
            ],
            [
              481.5775451660156,
              241.95053100585938
            ],
            [
              483.37713623046875,
              239.790283203125
            ],
            [
              482.65728759765625,
              239.0701904296875
            ],
            [
              481.5775451660156,
              238.35009765625
            ],
            [
              480.4977722167969,
              237.6300048828125
            ],
            [
              480.1378479003906,
              236.909912109375
            ],
            [
              479.0580749511719,
              236.1898193359375
            ],
            [
              478.6981506347656,
              236.1898193359375
            ],
            [
              477.9783020019531,
              236.54986572265625
            ],
            [
              475.8187561035156,
              237.26995849609375
            ],
            [
              474.3790588378906,
              237.99005126953125
            ],
            [
              473.6592102050781,
              237.99005126953125
            ],
            [
              472.9393615722656,
              237.99005126953125
            ],
            [
              472.5794372558594,
              237.99005126953125
            ],
            [
              472.2195129394531,
              237.99005126953125
            ],
            [
              471.8595886230469,
              237.99005126953125
            ],
            [
              471.49969482421875,
              237.6300048828125
            ],
            [
              471.49969482421875,
              237.26995849609375
            ],
            [
              471.8595886230469,
              236.909912109375
            ],
            [
              472.2195129394531,
              236.54986572265625
            ],
            [
              472.2195129394531,
              236.1898193359375
            ],
            [
              473.6592102050781,
              234.7496337890625
            ],
            [
              474.3790588378906,
              234.029541015625
            ],
            [
              474.3790588378906,
              233.3094482421875
            ],
            [
              472.9393615722656,
              231.50921630859375
            ],
            [
              472.5794372558594,
              230.78915405273438
            ],
            [
              471.8595886230469,
              230.06906127929688
            ],
            [
              471.49969482421875,
              229.34893798828125
            ],
            [
              470.7798156738281,
              228.62884521484375
            ],
            [
              469.7000732421875,
              227.90878295898438
            ],
            [
              467.54052734375,
              226.10855102539062
            ],
            [
              465.74090576171875,
              224.30831909179688
            ],
            [
              464.6611328125,
              223.58822631835938
            ],
            [
              463.58135986328125,
              222.50808715820312
            ],
            [
              462.86151123046875,
              222.50808715820312
            ],
            [
              462.14166259765625,
              221.78799438476562
            ],
            [
              460.342041015625,
              220.34780883789062
            ],
            [
              458.9023742675781,
              218.90765380859375
            ],
            [
              457.8226013183594,
              217.8275146484375
            ],
            [
              457.1027526855469,
              216.3873291015625
            ],
            [
              456.7428283691406,
              216.02728271484375
            ],
            [
              454.5832824707031,
              214.9471435546875
            ],
            [
              453.1435852050781,
              213.86700439453125
            ],
            [
              452.4237365722656,
              213.14691162109375
            ],
            [
              451.7038879394531,
              212.786865234375
            ],
            [
              450.6241149902344,
              212.42681884765625
            ],
            [
              449.9042663574219,
              212.42681884765625
            ],
            [
              449.1844177246094,
              212.0667724609375
            ],
            [
              448.4645690917969,
              211.70672607421875
            ],
            [
              448.1046447753906,
              211.3466796875
            ],
            [
              447.3847961425781,
              210.98663330078125
            ],
            [
              445.94512939453125,
              209.906494140625
            ],
            [
              444.1455078125,
              209.1864013671875
            ],
            [
              440.90618896484375,
              207.7462158203125
            ],
            [
              438.38671875,
              206.66607666015625
            ],
            [
              435.5073547363281,
              205.94601440429688
            ],
            [
              433.3478088378906,
              205.58596801757812
            ],
            [
              428.3088684082031,
              203.78573608398438
            ],
            [
              427.2290954589844,
              203.78573608398438
            ],
            [
              425.7893981933594,
              203.42568969726562
            ],
            [
              424.7096252441406,
              203.06564331054688
            ],
            [
              424.3497009277344,
              203.06564331054688
            ],
            [
              417.51116943359375,
              201.26541137695312
            ],
            [
              416.431396484375,
              200.90536499023438
            ],
            [
              415.7115478515625,
              200.90536499023438
            ],
            [
              414.63177490234375,
              200.18527221679688
            ],
            [
              413.19207763671875,
              199.82522583007812
            ],
            [
              412.47222900390625,
              199.46517944335938
            ],
            [
              411.75238037109375,
              199.10513305664062
            ],
            [
              411.03253173828125,
              198.38504028320312
            ],
            [
              410.3127136230469,
              197.30490112304688
            ],
            [
              409.9527587890625,
              196.94488525390625
            ],
            [
              409.2329406738281,
              196.58480834960938
            ],
            [
              408.5130920410156,
              196.22479248046875
            ],
            [
              408.1531677246094,
              195.86471557617188
            ],
            [
              407.0733947753906,
              195.1446533203125
            ],
            [
              406.7134704589844,
              195.1446533203125
            ],
            [
              406.3535461425781,
              195.86471557617188
            ],
            [
              405.9936218261719,
              196.94488525390625
            ],
            [
              405.2737731933594,
              198.38504028320312
            ],
            [
              405.2737731933594,
              198.74508666992188
            ],
            [
              403.8340759277344,
              202.34555053710938
            ],
            [
              403.1142272949219,
              204.50582885742188
            ],
            [
              403.1142272949219,
              205.22592163085938
            ],
            [
              403.1142272949219,
              205.94601440429688
            ],
            [
              403.1142272949219,
              206.66607666015625
            ],
            [
              403.1142272949219,
              208.10626220703125
            ],
            [
              402.3943786621094,
              209.1864013671875
            ],
            [
              401.3146057128906,
              211.3466796875
            ],
            [
              400.9546813964844,
              212.42681884765625
            ],
            [
              399.8749084472656,
              213.86700439453125
            ],
            [
              398.7951354980469,
              216.02728271484375
            ],
            [
              398.0752868652344,
              217.46746826171875
            ],
            [
              397.3554382324219,
              218.90765380859375
            ],
            [
              397.3554382324219,
              219.62771606445312
            ],
            [
              396.99554443359375,
              219.98776245117188
            ],
            [
              396.99554443359375,
              220.34780883789062
            ],
            [
              394.83599853515625,
              224.30831909179688
            ],
            [
              393.39630126953125,
              226.46859741210938
            ],
            [
              390.8768310546875,
              230.4290771484375
            ],
            [
              388.35736083984375,
              229.34893798828125
            ],
            [
              387.9974365234375,
              229.34893798828125
            ],
            [
              384.3982238769531,
              227.90878295898438
            ],
            [
              384.0382995605469,
              227.54873657226562
            ],
            [
              384.3982238769531,
              227.18869018554688
            ],
            [
              384.3982238769531,
              226.82864379882812
            ],
            [
              384.3982238769531,
              226.10855102539062
            ],
            [
              384.75811767578125,
              225.74850463867188
            ],
            [
              385.1180725097656,
              224.66836547851562
            ],
            [
              385.47796630859375,
              223.22817993164062
            ],
            [
              386.19781494140625,
              221.42794799804688
            ],
            [
              386.91766357421875,
              220.34780883789062
            ],
            [
              387.277587890625,
              218.90765380859375
            ],
            [
              387.63751220703125,
              218.54757690429688
            ],
            [
              386.91766357421875,
              217.8275146484375
            ],
            [
              386.5577392578125,
              217.46746826171875
            ],
            [
              385.837890625,
              217.107421875
            ],
            [
              385.1180725097656,
              215.667236328125
            ],
            [
              385.837890625,
              214.9471435546875
            ],
            [
              386.19781494140625,
              214.58709716796875
            ],
            [
              386.19781494140625,
              214.22705078125
            ],
            [
              386.19781494140625,
              213.86700439453125
            ],
            [
              385.837890625,
              213.86700439453125
            ],
            [
              385.47796630859375,
              213.5069580078125
            ],
            [
              385.47796630859375,
              213.14691162109375
            ],
            [
              384.75811767578125,
              212.786865234375
            ],
            [
              384.3982238769531,
              212.42681884765625
            ],
            [
              383.6783752441406,
              212.0667724609375
            ],
            [
              383.3184509277344,
              211.70672607421875
            ],
            [
              382.9585266113281,
              211.3466796875
            ],
            [
              382.2386779785156,
              210.6265869140625
            ],
            [
              382.2386779785156,
              210.26654052734375
            ],
            [
              381.8787536621094,
              210.26654052734375
            ],
            [
              381.5188293457031,
              209.906494140625
            ],
            [
              381.5188293457031,
              209.54644775390625
            ],
            [
              381.1589050292969,
              209.1864013671875
            ],
            [
              380.7989807128906,
              209.54644775390625
            ],
            [
              380.0791320800781,
              209.54644775390625
            ],
            [
              379.3592834472656,
              209.54644775390625
            ],
            [
              378.9993591308594,
              209.906494140625
            ],
            [
              378.9993591308594,
              210.26654052734375
            ],
            [
              378.9993591308594,
              210.6265869140625
            ],
            [
              378.9993591308594,
              210.98663330078125
            ],
            [
              379.3592834472656,
              211.3466796875
            ],
            [
              379.3592834472656,
              211.70672607421875
            ],
            [
              379.3592834472656,
              212.0667724609375
            ],
            [
              378.9993591308594,
              212.42681884765625
            ],
            [
              378.6394348144531,
              212.42681884765625
            ],
            [
              378.2795104980469,
              212.42681884765625
            ],
            [
              377.1997375488281,
              212.786865234375
            ],
            [
              376.8398132324219,
              213.14691162109375
            ],
            [
              375.7600402832031,
              213.86700439453125
            ],
            [
              375.7600402832031,
              214.58709716796875
            ],
            [
              375.7600402832031,
              215.30718994140625
            ],
            [
              376.1199645996094,
              216.02728271484375
            ],
            [
              376.1199645996094,
              216.3873291015625
            ],
            [
              376.1199645996094,
              216.74737548828125
            ],
            [
              376.1199645996094,
              217.107421875
            ],
            [
              375.7600402832031,
              217.46746826171875
            ],
            [
              375.4001159667969,
              217.46746826171875
            ],
            [
              375.4001159667969,
              217.8275146484375
            ],
            [
              375.0401916503906,
              217.8275146484375
            ],
            [
              374.6802673339844,
              218.18756103515625
            ],
            [
              374.6802673339844,
              218.54757690429688
            ],
            [
              374.32037353515625,
              218.90765380859375
            ],
            [
              373.2405700683594,
              220.34780883789062
            ],
            [
              372.1607971191406,
              221.42794799804688
            ],
            [
              371.44097900390625,
              222.14804077148438
            ],
            [
              370.72113037109375,
              222.50808715820312
            ],
            [
              370.3612060546875,
              222.86813354492188
            ],
            [
              369.641357421875,
              223.94827270507812
            ],
            [
              369.28143310546875,
              224.66836547851562
            ],
            [
              368.9215087890625,
              226.46859741210938
            ],
            [
              365.322265625,
              223.58822631835938
            ],
            [
              365.68218994140625,
              223.22817993164062
            ],
            [
              366.0421142578125,
              222.86813354492188
            ],
            [
              366.0421142578125,
              222.50808715820312
            ],
            [
              365.68218994140625,
              222.14804077148438
            ],
            [
              365.322265625,
              221.78799438476562
            ],
            [
              365.322265625,
              221.42794799804688
            ],
            [
              364.96234130859375,
              221.06790161132812
            ],
            [
              364.6024169921875,
              220.70785522460938
            ],
            [
              364.24249267578125,
              219.98776245117188
            ],
            [
              363.882568359375,
              219.26766967773438
            ],
            [
              363.882568359375,
              218.90765380859375
            ],
            [
              363.52264404296875,
              218.54757690429688
            ],
            [
              363.1627197265625,
              218.18756103515625
            ],
            [
              362.80279541015625,
              217.8275146484375
            ],
            [
              362.44287109375,
              217.107421875
            ],
            [
              362.08294677734375,
              216.74737548828125
            ],
            [
              361.7230529785156,
              216.3873291015625
            ],
            [
              361.0032043457031,
              216.02728271484375
            ],
            [
              361.0032043457031,
              215.667236328125
            ],
            [
              361.36309814453125,
              214.9471435546875
            ],
            [
              361.7230529785156,
              214.58709716796875
            ],
            [
              361.7230529785156,
              214.22705078125
            ],
            [
              362.08294677734375,
              213.86700439453125
            ],
            [
              362.08294677734375,
              213.5069580078125
            ],
            [
              362.44287109375,
              213.14691162109375
            ],
            [
              362.80279541015625,
              213.14691162109375
            ],
            [
              362.80279541015625,
              212.786865234375
            ],
            [
              363.1627197265625,
              212.786865234375
            ],
            [
              363.1627197265625,
              212.42681884765625
            ],
            [
              363.52264404296875,
              211.70672607421875
            ],
            [
              363.882568359375,
              211.3466796875
            ],
            [
              364.6024169921875,
              210.6265869140625
            ],
            [
              364.96234130859375,
              210.26654052734375
            ],
            [
              365.322265625,
              209.906494140625
            ],
            [
              365.322265625,
              209.1864013671875
            ],
            [
              365.322265625,
              208.82638549804688
            ],
            [
              365.322265625,
              208.46630859375
            ],
            [
              365.68218994140625,
              208.10626220703125
            ],
            [
              365.68218994140625,
              207.7462158203125
            ],
            [
              365.68218994140625,
              207.02615356445312
            ],
            [
              365.68218994140625,
              206.66607666015625
            ],
            [
              365.68218994140625,
              206.30606079101562
            ],
            [
              365.322265625,
              205.94601440429688
            ],
            [
              365.322265625,
              205.58596801757812
            ],
            [
              365.68218994140625,
              205.22592163085938
            ],
            [
              366.761962890625,
              204.50582885742188
            ],
            [
              367.12188720703125,
              204.50582885742188
            ],
            [
              369.28143310546875,
              202.70559692382812
            ],
            [
              370.3612060546875,
              201.62545776367188
            ],
            [
              371.44097900390625,
              200.54531860351562
            ],
            [
              372.1607971191406,
              200.18527221679688
            ],
            [
              373.2405700683594,
              199.46517944335938
            ],
            [
              373.60052490234375,
              199.10513305664062
            ],
            [
              373.9604187011719,
              198.74508666992188
            ],
            [
              374.32037353515625,
              198.02499389648438
            ],
            [
              374.6802673339844,
              197.66494750976562
            ],
            [
              374.6802673339844,
              197.30490112304688
            ],
            [
              375.0401916503906,
              197.30490112304688
            ],
            [
              375.4001159667969,
              196.58480834960938
            ],
            [
              376.1199645996094,
              195.86471557617188
            ],
            [
              376.4798889160156,
              195.50466918945312
            ],
            [
              377.5596618652344,
              194.06451416015625
            ],
            [
              378.2795104980469,
              193.34442138671875
            ],
            [
              378.9993591308594,
              192.62432861328125
            ],
            [
              379.3592834472656,
              191.90423583984375
            ],
            [
              380.4390563964844,
              191.18414306640625
            ],
            [
              380.7989807128906,
              190.8240966796875
            ],
            [
              381.1589050292969,
              190.10400390625
            ],
            [
              381.5188293457031,
              189.74395751953125
            ],
            [
              381.8787536621094,
              189.3839111328125
            ],
            [
              382.2386779785156,
              188.663818359375
            ],
            [
              382.2386779785156,
              188.30377197265625
            ],
            [
              382.5986022949219,
              187.2236328125
            ],
            [
              382.2386779785156,
              186.5035400390625
            ],
            [
              381.5188293457031,
              185.06338500976562
            ],
            [
              381.1589050292969,
              183.98321533203125
            ],
            [
              381.1589050292969,
              182.903076171875
            ],
            [
              381.5188293457031,
              182.54306030273438
            ],
            [
              381.5188293457031,
              181.46292114257812
            ],
            [
              378.9993591308594,
              180.74282836914062
            ],
            [
              377.9195861816406,
              180.38278198242188
            ],
            [
              377.1997375488281,
              180.02273559570312
            ],
            [
              376.1199645996094,
              179.66268920898438
            ],
            [
              374.32037353515625,
              179.30264282226562
            ],
            [
              372.520751953125,
              178.94259643554688
            ],
            [
              371.44097900390625,
              178.94259643554688
            ],
            [
              370.00128173828125,
              178.58255004882812
            ],
            [
              368.20166015625,
              178.22250366210938
            ],
            [
              366.40203857421875,
              177.86245727539062
            ],
            [
              364.24249267578125,
              177.50241088867188
            ],
            [
              362.44287109375,
              177.14236450195312
            ],
            [
              361.0032043457031,
              176.42227172851562
            ],
            [
              359.5635070800781,
              176.06222534179688
            ],
            [
              358.8436584472656,
              175.70217895507812
            ],
            [
              357.0440368652344,
              175.34213256835938
            ],
            [
              358.4837341308594,
              172.4617919921875
            ],
            [
              361.7230529785156,
              166.7010498046875
            ],
            [
              363.1627197265625,
              163.8206787109375
            ],
            [
              360.2833251953125,
              156.61978149414062
            ],
            [
              352.3650207519531,
              148.3387451171875
            ],
            [
              343.366943359375,
              146.8985595703125
            ],
            [
              325.7306823730469,
              147.25860595703125
            ],
            [
              323.21124267578125,
              146.53851318359375
            ],
            [
              322.49139404296875,
              146.178466796875
            ],
            [
              318.17230224609375,
              144.73828125
            ],
            [
              317.45245361328125,
              146.178466796875
            ],
            [
              317.8123779296875,
              148.69879150390625
            ],
            [
              318.5322265625,
              150.13894653320312
            ],
            [
              319.61199951171875,
              152.29922485351562
            ],
            [
              319.61199951171875,
              152.65927124023438
            ],
            [
              319.2520751953125,
              154.45950317382812
            ],
            [
              319.2520751953125,
              155.17959594726562
            ],
            [
              317.45245361328125,
              156.97982788085938
            ],
            [
              317.45245361328125,
              157.69992065429688
            ],
            [
              316.3726806640625,
              157.69992065429688
            ],
            [
              316.01275634765625,
              158.05996704101562
            ],
            [
              316.3726806640625,
              159.14010620117188
            ],
            [
              316.73260498046875,
              159.50015258789062
            ],
            [
              316.73260498046875,
              160.22024536132812
            ],
            [
              316.3726806640625,
              160.58029174804688
            ],
            [
              315.65283203125,
              160.9403076171875
            ],
            [
              315.65283203125,
              161.30038452148438
            ],
            [
              315.29290771484375,
              162.02044677734375
            ],
            [
              315.65283203125,
              162.38052368164062
            ],
            [
              316.01275634765625,
              163.1005859375
            ],
            [
              316.01275634765625,
              163.8206787109375
            ],
            [
              315.65283203125,
              164.18072509765625
            ],
            [
              315.65283203125,
              164.90081787109375
            ],
            [
              316.3726806640625,
              165.2608642578125
            ],
            [
              316.73260498046875,
              165.62091064453125
            ],
            [
              316.73260498046875,
              166.34100341796875
            ],
            [
              317.092529296875,
              166.7010498046875
            ],
            [
              317.45245361328125,
              167.421142578125
            ],
            [
              317.8123779296875,
              167.78118896484375
            ],
            [
              317.8123779296875,
              168.1412353515625
            ],
            [
              317.8123779296875,
              168.50128173828125
            ],
            [
              317.8123779296875,
              169.22137451171875
            ],
            [
              318.17230224609375,
              169.22137451171875
            ],
            [
              318.17230224609375,
              169.5814208984375
            ],
            [
              318.17230224609375,
              169.94146728515625
            ],
            [
              318.17230224609375,
              170.301513671875
            ],
            [
              318.5322265625,
              170.66156005859375
            ],
            [
              318.5322265625,
              171.0216064453125
            ],
            [
              318.5322265625,
              171.38165283203125
            ],
            [
              318.17230224609375,
              171.38165283203125
            ],
            [
              318.17230224609375,
              171.74169921875
            ],
            [
              317.8123779296875,
              172.10174560546875
            ],
            [
              318.17230224609375,
              172.4617919921875
            ],
            [
              318.5322265625,
              172.82180786132812
            ],
            [
              318.17230224609375,
              173.54190063476562
            ],
            [
              317.8123779296875,
              173.54190063476562
            ],
            [
              317.8123779296875,
              173.90194702148438
            ],
            [
              317.45245361328125,
              173.90194702148438
            ],
            [
              317.45245361328125,
              174.26199340820312
            ],
            [
              317.8123779296875,
              174.26199340820312
            ],
            [
              318.5322265625,
              174.98208618164062
            ],
            [
              318.5322265625,
              175.34213256835938
            ],
            [
              318.89215087890625,
              175.70217895507812
            ],
            [
              318.89215087890625,
              176.06222534179688
            ],
            [
              318.89215087890625,
              176.42227172851562
            ],
            [
              318.89215087890625,
              176.78231811523438
            ],
            [
              318.5322265625,
              176.78231811523438
            ],
            [
              318.17230224609375,
              177.14236450195312
            ],
            [
              317.8123779296875,
              177.50241088867188
            ],
            [
              317.8123779296875,
              177.86245727539062
            ],
            [
              318.17230224609375,
              178.22250366210938
            ],
            [
              317.8123779296875,
              178.58255004882812
            ],
            [
              317.45245361328125,
              178.94259643554688
            ],
            [
              317.45245361328125,
              179.30264282226562
            ],
            [
              317.092529296875,
              180.02273559570312
            ],
            [
              317.092529296875,
              180.38278198242188
            ],
            [
              316.3726806640625,
              180.74282836914062
            ],
            [
              316.3726806640625,
              181.46292114257812
            ],
            [
              316.01275634765625,
              182.18301391601562
            ],
            [
              316.01275634765625,
              182.903076171875
            ],
            [
              315.65283203125,
              183.26315307617188
            ],
            [
              316.01275634765625,
              183.98321533203125
            ],
            [
              316.3726806640625,
              184.34329223632812
            ],
            [
              316.01275634765625,
              184.70330810546875
            ],
            [
              316.01275634765625,
              185.42340087890625
            ],
            [
              315.29290771484375,
              185.783447265625
            ],
            [
              314.9329833984375,
              185.783447265625
            ],
            [
              314.57305908203125,
              186.5035400390625
            ],
            [
              314.213134765625,
              187.58367919921875
            ],
            [
              313.4932861328125,
              188.30377197265625
            ],
            [
              312.7734375,
              189.02386474609375
            ],
            [
              312.4135437011719,
              189.74395751953125
            ],
            [
              311.6936950683594,
              190.10400390625
            ],
            [
              311.3337707519531,
              190.46405029296875
            ],
            [
              310.2539978027344,
              191.18414306640625
            ],
            [
              308.8143005371094,
              191.544189453125
            ],
            [
              307.3746032714844,
              192.2642822265625
            ],
            [
              306.6547546386719,
              192.984375
            ],
            [
              305.2150573730469,
              193.7044677734375
            ],
            [
              304.1352844238281,
              193.7044677734375
            ],
            [
              302.3356628417969,
              194.424560546875
            ],
            [
              301.2558898925781,
              195.1446533203125
            ],
            [
              300.1761169433594,
              195.1446533203125
            ],
            [
              299.4562683105469,
              194.78457641601562
            ],
            [
              295.49713134765625,
              195.50466918945312
            ],
            [
              293.33758544921875,
              195.50466918945312
            ],
            [
              292.2578125,
              196.22479248046875
            ],
            [
              285.4192810058594,
              197.30490112304688
            ],
            [
              283.6196594238281,
              198.02499389648438
            ],
            [
              281.4601135253906,
              198.74508666992188
            ],
            [
              279.6604919433594,
              200.54531860351562
            ],
            [
              277.1410217285156,
              203.06564331054688
            ],
            [
              276.42120361328125,
              208.46630859375
            ],
            [
              276.7810974121094,
              216.3873291015625
            ],
            [
              283.9795837402344,
              228.98892211914062
            ],
            [
              285.0593566894531,
              240.15032958984375
            ],
            [
              285.0593566894531,
              240.51034545898438
            ],
            [
              284.6994323730469,
              240.51034545898438
            ],
            [
              284.3395080566406,
              241.95053100585938
            ],
            [
              284.3395080566406,
              242.670654296875
            ],
            [
              284.6994323730469,
              243.03067016601562
            ],
            [
              285.0593566894531,
              243.39071655273438
            ],
            [
              285.4192810058594,
              243.75076293945312
            ],
            [
              285.4192810058594,
              244.47085571289062
            ],
            [
              285.7791748046875,
              244.83090209960938
            ],
            [
              285.7791748046875,
              245.55099487304688
            ],
            [
              285.4192810058594,
              245.91104125976562
            ],
            [
              285.4192810058594,
              246.63113403320312
            ],
            [
              285.7791748046875,
              246.99118041992188
            ],
            [
              285.7791748046875,
              247.35122680664062
            ],
            [
              286.1391296386719,
              246.99118041992188
            ],
            [
              286.4990539550781,
              246.99118041992188
            ],
            [
              287.2189025878906,
              247.35122680664062
            ],
            [
              287.2189025878906,
              247.71127319335938
            ],
            [
              287.2189025878906,
              248.07131958007812
            ],
            [
              287.2189025878906,
              248.43136596679688
            ],
            [
              287.2189025878906,
              248.79141235351562
            ],
            [
              287.57879638671875,
              249.15145874023438
            ],
            [
              287.938720703125,
              249.51150512695312
            ],
            [
              287.938720703125,
              249.87155151367188
            ],
            [
              287.2189025878906,
              249.87155151367188
            ],
            [
              286.85894775390625,
              250.59164428710938
            ],
            [
              286.4990539550781,
              250.95169067382812
            ],
            [
              286.85894775390625,
              251.31173706054688
            ],
            [
              288.29864501953125,
              252.03182983398438
            ],
            [
              288.29864501953125,
              252.391845703125
            ],
            [
              288.6585693359375,
              252.75192260742188
            ],
            [
              288.29864501953125,
              253.47201538085938
            ],
            [
              287.938720703125,
              254.19207763671875
            ],
            [
              287.938720703125,
              254.5521240234375
            ],
            [
              288.29864501953125,
              254.91217041015625
            ],
            [
              288.6585693359375,
              254.91217041015625
            ],
            [
              288.6585693359375,
              255.272216796875
            ],
            [
              287.57879638671875,
              256.35235595703125
            ],
            [
              276.7810974121094,
              244.83090209960938
            ],
            [
              256.9853210449219,
              219.98776245117188
            ],
            [
              255.90554809570312,
              218.54757690429688
            ],
            [
              250.50669860839844,
              211.70672607421875
            ],
            [
              249.4269256591797,
              209.906494140625
            ],
            [
              248.34715270996094,
              208.82638549804688
            ],
            [
              245.4677734375,
              205.22592163085938
            ]
          ],
          [
            [
              245.4677734375,
              205.22592163085938
            ],
            [
              241.50860595703125,
              200.54531860351562
            ],
            [
              239.70899963378906,
              198.02499389648438
            ],
            [
              238.26930236816406,
              195.86471557617188
            ],
            [
              232.51052856445312,
              188.663818359375
            ],
            [
              229.63113403320312,
              185.42340087890625
            ],
            [
              226.7517547607422,
              181.46292114257812
            ],
            [
              225.3120574951172,
              179.30264282226562
            ],
            [
              222.7926025390625,
              174.98208618164062
            ],
            [
              221.3529052734375,
              172.4617919921875
            ],
            [
              217.75367736816406,
              165.98095703125
            ],
            [
              215.2342071533203,
              161.30038452148438
            ],
            [
              214.87428283691406,
              160.58029174804688
            ],
            [
              211.27505493164062,
              153.73941040039062
            ],
            [
              208.39566040039062,
              148.69879150390625
            ],
            [
              204.7964324951172,
              142.21795654296875
            ],
            [
              203.3567352294922,
              138.9775390625
            ],
            [
              202.99681091308594,
              137.89743041992188
            ],
            [
              202.6368865966797,
              136.81729125976562
            ],
            [
              198.677734375,
              129.25631713867188
            ],
            [
              194.358642578125,
              121.3353271484375
            ],
            [
              188.9597930908203,
              111.97415161132812
            ],
            [
              187.5200958251953,
              108.37368774414062
            ],
            [
              190.75941467285156,
              107.29354858398438
            ],
            [
              195.79833984375,
              105.85336303710938
            ],
            [
              196.5181884765625,
              105.85336303710938
            ],
            [
              197.59796142578125,
              105.13327026367188
            ],
            [
              198.3177947998047,
              104.77325439453125
            ],
            [
              200.11741638183594,
              104.05316162109375
            ],
            [
              201.55711364746094,
              103.693115234375
            ],
            [
              202.27696228027344,
              102.9730224609375
            ],
            [
              202.99681091308594,
              102.61294555664062
            ],
            [
              204.0765838623047,
              101.89288330078125
            ],
            [
              205.51626586914062,
              100.812744140625
            ],
            [
              206.95596313476562,
              99.01251220703125
            ],
            [
              208.39566040039062,
              95.7720947265625
            ],
            [
              208.39566040039062,
              95.41204833984375
            ],
            [
              209.47543334960938,
              91.45156860351562
            ],
            [
              210.55520629882812,
              89.29129028320312
            ],
            [
              211.27505493164062,
              84.97073364257812
            ],
            [
              211.6349639892578,
              78.1298828125
            ],
            [
              212.3548126220703,
              75.9696044921875
            ],
            [
              212.71473693847656,
              75.60955810546875
            ],
            [
              213.0746612548828,
              75.60955810546875
            ],
            [
              215.2342071533203,
              74.88946533203125
            ],
            [
              216.31396484375,
              74.88946533203125
            ],
            [
              217.39373779296875,
              74.16937255859375
            ],
            [
              218.11358642578125,
              73.44927978515625
            ],
            [
              220.99298095703125,
              70.928955078125
            ],
            [
              223.87237548828125,
              68.40863037109375
            ],
            [
              226.39183044433594,
              66.6083984375
            ],
            [
              227.11167907714844,
              66.24835205078125
            ],
            [
              226.7517547607422,
              64.80816650390625
            ],
            [
              226.0319061279297,
              64.08807373046875
            ],
            [
              225.3120574951172,
              63.36798095703125
            ],
            [
              224.95213317871094,
              62.64794921875
            ],
            [
              224.95213317871094,
              61.9278564453125
            ],
            [
              224.5922088623047,
              60.4876708984375
            ],
            [
              224.23228454589844,
              57.96734619140625
            ],
            [
              224.23228454589844,
              56.88720703125
            ],
            [
              224.5922088623047,
              55.447021484375
            ],
            [
              225.3120574951172,
              53.2867431640625
            ],
            [
              225.67198181152344,
              51.8465576171875
            ],
            [
              226.7517547607422,
              51.12646484375
            ],
            [
              227.4716033935547,
              50.76641845703125
            ],
            [
              227.83151245117188,
              50.4063720703125
            ],
            [
              228.1914520263672,
              50.04632568359375
            ],
            [
              228.1914520263672,
              49.686279296875
            ],
            [
              228.1914520263672,
              49.32623291015625
            ],
            [
              228.1914520263672,
              48.9661865234375
            ],
            [
              227.83151245117188,
              48.24609375
            ],
            [
              227.4716033935547,
              47.5260009765625
            ],
            [
              227.11167907714844,
              47.5260009765625
            ],
            [
              227.11167907714844,
              47.16595458984375
            ],
            [
              226.7517547607422,
              46.44586181640625
            ],
            [
              227.11167907714844,
              45.72576904296875
            ],
            [
              227.4716033935547,
              45.36572265625
            ],
            [
              227.83151245117188,
              44.6456298828125
            ],
            [
              228.1914520263672,
              43.925537109375
            ],
            [
              228.91128540039062,
              42.84539794921875
            ],
            [
              229.27122497558594,
              41.04522705078125
            ],
            [
              229.99105834960938,
              39.965087890625
            ],
            [
              231.43075561523438,
              36.3646240234375
            ],
            [
              232.15060424804688,
              35.28448486328125
            ],
            [
              232.51052856445312,
              34.204345703125
            ],
            [
              232.87045288085938,
              33.12420654296875
            ],
            [
              233.23037719726562,
              32.40411376953125
            ],
            [
              233.95022583007812,
              32.0440673828125
            ],
            [
              234.31015014648438,
              31.68402099609375
            ],
            [
              236.10975646972656,
              31.68402099609375
            ],
            [
              236.46969604492188,
              31.68402099609375
            ],
            [
              240.4288330078125,
              33.12420654296875
            ],
            [
              246.907470703125,
              37.44476318359375
            ],
            [
              257.7051696777344,
              50.04632568359375
            ],
            [
              260.5845642089844,
              56.1671142578125
            ],
            [
              266.34332275390625,
              62.64794921875
            ],
            [
              276.42120361328125,
              73.0892333984375
            ],
            [
              283.2597351074219,
              79.93011474609375
            ]
          ]
        ],
        "geometryHash": "16f1fcde31c26e021f55096104ebb8899affb47b98205a8f018c188c744baa19",
        "joiningReview": {
          "paths": 2,
          "allSourceSegmentsPreserved": true,
          "addedConnectorSegments": 0,
          "exactEndpointMatches": true,
          "explicitlyClosedCombinedPath": true,
          "originalSegmentCount": 1120,
          "joinedSegmentCount": 1120,
          "originalAndJoinedEdgeMultiplicityEqual": true,
          "sourcePathEndpoints": [
            {
              "first": [
                283.2597351074219,
                79.93011474609375
              ],
              "last": [
                245.4677734375,
                205.22592163085938
              ]
            },
            {
              "first": [
                245.4677734375,
                205.22592163085938
              ],
              "last": [
                283.2597351074219,
                79.93011474609375
              ]
            }
          ]
        },
        "repair": {
          "applied": false
        },
        "clipReview": {
          "outsideViewportAreaPoints2": 0.0,
          "distanceFromViewportPoints": 26.643310546875004,
          "activeClips": [
            {
              "sequence": 429,
              "outsideActiveClipAreasPoints2": [
                0.0,
                0.0
              ]
            },
            {
              "sequence": 430,
              "outsideActiveClipAreasPoints2": [
                0.0,
                0.0
              ]
            }
          ]
        },
        "manualIdentityQualification": "The official Foussana Ahwaz title and internal label identify the wrapping sector north/east/south of the distinct Foussana city footprint. Drawings421 and422 form one continuous boundary with exactly equal reversed endpoints; concatenation uses every existing segment and adds none. The resulting valid ring excludes city drawing423 and agrees with the outer surrounding boundary shown on the full page.",
        "labelCenterContainmentPassed": true,
        "insideTargetLabels": [
          {
            "text": "ﻓوﺳﺎﻧﺔ اﻷﺣواز",
            "normalizedForward": "فوسانةالأحواز",
            "normalizedReverse": "زاوحلأاةناسوف",
            "colors": [
              15073280
            ],
            "bounds": [
              466.6407165527344,
              161.9756622314453,
              622.53125,
              215.26022338867188
            ],
            "point": [
              544.5859832763672,
              188.6179428100586
            ]
          }
        ],
        "visualReview": "full official PDF page inspected, including neighboring labels and legend",
        "sourceAssertion": {
          "id": "osm:relation:7164966",
          "expectedKind": "sector",
          "expectedTags": {
            "admin_level": "6",
            "boundary": "administrative",
            "name": "فوسانة الأحواز",
            "name:ar": "فوسانة الأحواز",
            "name:fr": "Foussana Lahouaz",
            "ref:tn:codegeo": "426152"
          }
        },
        "currentOfficialIdentity": {
          "governorateCode": "42",
          "governorateFr": "Kasserine",
          "governorateAr": "القصرين",
          "delegationCode": "4261",
          "delegationFr": "Foussana",
          "delegationAr": "فوسانة",
          "sectorCode": "426152",
          "sectorFr": "Foussana lahouaz",
          "sectorAr": "فوسانة الأحواز",
          "sourceRows": {
            "Population_Secteur_Age_Sexe_Dynamique.xlsx": 52767,
            "Nombre_de_Logements_par_Secteurs.xlsx": 2565,
            "Nombre_de_menages_par_Secteurs.xlsx": 2560
          }
        },
        "officialRegistrySha256": "23b3ee87c07971eb48b456799833f1996ade5d0bdc10d7bf6b0e3bf6798c9eec",
        "validation": {
          "valid": true,
          "countryFullyContains": true,
          "areaMeters2": 73485543.91346507,
          "boundsWgs84": [
            8.562825327449408,
            35.294228589049084,
            8.703250836856915,
            35.42357455777183
          ],
          "quantizedValid": true,
          "quantizedPartCount": 1,
          "quantizedAreaMeters2": 73485481.90373573
        },
        "osmComparison": {
          "iou": 0.7836942244893333,
          "officialCoveredByOsm": 0.9262660816678218,
          "osmCoveredByOfficial": 0.8358377230108155,
          "oldAreaMeters2": 81435863.62047118,
          "newAreaMeters2": 73485543.91346507,
          "hausdorffMeters": 2218.5444550997336
        }
      },
      "geometry": {
        "type": "Polygon",
        "coordinates": [
          [
            [
              8.591304896629943,
              35.411861660070244
            ],
            [
              8.597228111832006,
              35.40643986979229
            ],
            [
              8.607178191458402,
              35.41050965544136
            ],
            [
              8.611349961131861,
              35.4124539090211
            ],
            [
              8.614558709888565,
              35.414043913637585
            ],
            [
              8.616796502752468,
              35.41694726984756
            ],
            [
              8.617005571077138,
              35.41808889709063
            ],
            [
              8.619033626351028,
              35.4200261301981
            ],
            [
              8.623633442669838,
              35.42232235727629
            ],
            [
              8.624489591414934,
              35.422676067674566
            ],
            [
              8.624489187249907,
              35.4227638332601
            ],
            [
              8.639967754871213,
              35.414033906629435
            ],
            [
              8.640074973844609,
              35.41403422342825
            ],
            [
              8.641254659436047,
              35.41394993573501
            ],
            [
              8.642541561450459,
              35.41386595111138
            ],
            [
              8.644901311639698,
              35.413609550047894
            ],
            [
              8.646725011055393,
              35.413351549916115
            ],
            [
              8.64962115420384,
              35.41300884336949
            ],
            [
              8.650587159163898,
              35.412748315756545
            ],
            [
              8.65305331450911,
              35.412667594374795
            ],
            [
              8.653375684574716,
              35.412492977504044
            ],
            [
              8.653805633245833,
              35.412230898310746
            ],
            [
              8.654450356194253,
              35.41188165959053
            ],
            [
              8.655632227115445,
              35.41127063492844
            ],
            [
              8.656061792231794,
              35.411096321069316
            ],
            [
              8.657028860144065,
              35.41057244339474
            ],
            [
              8.657781138075261,
              35.41013572218507
            ],
            [
              8.658854645174586,
              35.40978766278599
            ],
            [
              8.659175892239775,
              35.40987632853297
            ],
            [
              8.659925593338944,
              35.41005395659385
            ],
            [
              8.660676027253972,
              35.41005604778538
            ],
            [
              8.660890436958233,
              35.41005664441234
            ],
            [
              8.66089080146854,
              35.40996887829395
            ],
            [
              8.660998734990242,
              35.409793644221175
            ],
            [
              8.66099909937958,
              35.40970587809796
            ],
            [
              8.660999463767334,
              35.40961811197349
            ],
            [
              8.66121532892433,
              35.40926764350137
            ],
            [
              8.661323260798403,
              35.40909240910912
            ],
            [
              8.661430828261787,
              35.40900494819039
            ],
            [
              8.661539123106897,
              35.40874194745125
            ],
            [
              8.66164705357217,
              35.4085667127466
            ],
            [
              8.66175534711839,
              35.40830371178733
            ],
            [
              8.661755710667352,
              35.40821594563558
            ],
            [
              8.661863276525118,
              35.408128476870885
            ],
            [
              8.662078407543387,
              35.407953539046424
            ],
            [
              8.662293174671946,
              35.407866366991534
            ],
            [
              8.663152600609104,
              35.4074299087392
            ],
            [
              8.663259783831307,
              35.407430204832785
            ],
            [
              8.663474928163508,
              35.40725526452395
            ],
            [
              8.663689330512025,
              35.4072558561417
            ],
            [
              8.663904075893802,
              35.40716868114244
            ],
            [
              8.664118838994392,
              35.40708150580763
            ],
            [
              8.664226039944865,
              35.407081801091344
            ],
            [
              8.664978246830014,
              35.40664503440813
            ],
            [
              8.66508544721198,
              35.406645328925954
            ],
            [
              8.665300207634418,
              35.406558158907494
            ],
            [
              8.665407767501899,
              35.40647067948988
            ],
            [
              8.665514967657703,
              35.40647097362523
            ],
            [
              8.665836927234658,
              35.4063840892454
            ],
            [
              8.665944486262918,
              35.40629661678192
            ],
            [
              8.666051686194116,
              35.40629691043969
            ],
            [
              8.666159244875331,
              35.40620943778181
            ],
            [
              8.666266086061185,
              35.40629749746985
            ],
            [
              8.666373285997055,
              35.40629779084221
            ],
            [
              8.66648048593448,
              35.40629808411944
            ],
            [
              8.666587685873463,
              35.40629837730153
            ],
            [
              8.666695243981454,
              35.4062109041632
            ],
            [
              8.66691000153795,
              35.406123731260436
            ],
            [
              8.667017201250756,
              35.406124024060084
            ],
            [
              8.667124400965118,
              35.40612431676461
            ],
            [
              8.667231958294687,
              35.4060368357023
            ],
            [
              8.667446357498749,
              35.40603742063376
            ],
            [
              8.667983069041052,
              35.40586335625427
            ],
            [
              8.668090268420768,
              35.40586364809973
            ],
            [
              8.668197467802035,
              35.40586393985006
            ],
            [
              8.668304667184847,
              35.40586423150524
            ],
            [
              8.668412222869716,
              35.40577675681841
            ],
            [
              8.668519422139426,
              35.405777048282374
            ],
            [
              8.668626265342569,
              35.405865105899984
            ],
            [
              8.668733464731567,
              35.40586539717464
            ],
            [
              8.668948219233716,
              35.405778213186906
            ],
            [
              8.669270172440024,
              35.40569131961068
            ],
            [
              8.669484925908735,
              35.405604134660585
            ],
            [
              8.669592479979189,
              35.40551665891021
            ],
            [
              8.669914431465665,
              35.40542976360361
            ],
            [
              8.670236736583185,
              35.405255101163235
            ],
            [
              8.670881696269324,
              35.40481800738212
            ],
            [
              8.670989229611262,
              35.40473053031374
            ],
            [
              8.671096780899212,
              35.40464305319617
            ],
            [
              8.67120399687525,
              35.40464334231861
            ],
            [
              8.671418727322346,
              35.404556153839884
            ],
            [
              8.671526277916215,
              35.40446867633359
            ],
            [
              8.671740673060588,
              35.40446925362051
            ],
            [
              8.671955068211087,
              35.40446983052693
            ],
            [
              8.672169463367704,
              35.40447040705282
            ],
            [
              8.672383858530436,
              35.404470983198195
            ],
            [
              8.672598253699281,
              35.404471558963046
            ],
            [
              8.672705802914152,
              35.404384080397826
            ],
            [
              8.672813000386201,
              35.404384368041484
            ],
            [
              8.673027044055285,
              35.404472709351204
            ],
            [
              8.673241790289646,
              35.40438551766486
            ],
            [
              8.673670930798396,
              35.404298899451526
            ],
            [
              8.67409972028581,
              35.404300046027046
            ],
            [
              8.674314464920903,
              35.40421285242252
            ],
            [
              8.674528859447426,
              35.40421342475712
            ],
            [
              8.67474325398002,
              35.4042139967112
            ],
            [
              8.674957997702291,
              35.40412680195642
            ],
            [
              8.67527993800661,
              35.40403989226811
            ],
            [
              8.675601877625914,
              35.40395298171682
            ],
            [
              8.675709771288018,
              35.40377773410872
            ],
            [
              8.67592451279289,
              35.40369054505672
            ],
            [
              8.676032057423143,
              35.403603056054706
            ],
            [
              8.679035954315015,
              35.40299663407197
            ],
            [
              8.679039401722413,
              35.40211897020133
            ],
            [
              8.679472311008013,
              35.401066900801766
            ],
            [
              8.67968944938327,
              35.40036534002169
            ],
            [
              8.68012062305099,
              35.39975210009495
            ],
            [
              8.680979182241797,
              35.39949104634352
            ],
            [
              8.681514453631424,
              35.39966797963421
            ],
            [
              8.68236959660926,
              35.400284573055394
            ],
            [
              8.683121643059016,
              35.39984769948231
            ],
            [
              8.683658620047323,
              35.399585790973276
            ],
            [
              8.684303123461264,
              35.399236390980796
            ],
            [
              8.685484230198895,
              35.39871283722088
            ],
            [
              8.68559412096469,
              35.39801098145526
            ],
            [
              8.686237256012477,
              35.398012637004534
            ],
            [
              8.686666349126986,
              35.39792597972245
            ],
            [
              8.687203301983509,
              35.3976640552481
            ],
            [
              8.687847104637086,
              35.39749016914805
            ],
            [
              8.68838304717524,
              35.39749153899721
            ],
            [
              8.688170344042865,
              35.39705215863656
            ],
            [
              8.687637087212876,
              35.39634865549753
            ],
            [
              8.687639769909532,
              35.39564652305452
            ],
            [
              8.687640440569131,
              35.39547098993095
            ],
            [
              8.687641446547609,
              35.39520769023601
            ],
            [
              8.68732123275966,
              35.394855807856096
            ],
            [
              8.686787661410762,
              35.39424006739998
            ],
            [
              8.68636027144826,
              35.39388789984548
            ],
            [
              8.686360608143229,
              35.39380013326945
            ],
            [
              8.686575311818737,
              35.39371291750317
            ],
            [
              8.686682831655586,
              35.39362542618476
            ],
            [
              8.687004717789343,
              35.39353848481492
            ],
            [
              8.687326603237993,
              35.3934515425826
            ],
            [
              8.687649158585405,
              35.39318906629769
            ],
            [
              8.688078559487176,
              35.39301462975117
            ],
            [
              8.688615475145307,
              35.39275269859605
            ],
            [
              8.688722991509987,
              35.39266520543011
            ],
            [
              8.688829171619101,
              35.39292877861617
            ],
            [
              8.68904253524179,
              35.39319262486645
            ],
            [
              8.689364417167502,
              35.39310567718123
            ],
            [
              8.69000817896338,
              35.39293177922357
            ],
            [
              8.690437241216255,
              35.392845100876926
            ],
            [
              8.690544755748984,
              35.39275760608157
            ],
            [
              8.690866634360512,
              35.39267065437053
            ],
            [
              8.690974148199379,
              35.392583159186955
            ],
            [
              8.691296025664071,
              35.39249620632346
            ],
            [
              8.69151072059752,
              35.39240898916131
            ],
            [
              8.69172541512692,
              35.39232175673576
            ],
            [
              8.691832266055707,
              35.39240980150226
            ],
            [
              8.692046960245328,
              35.39232256850356
            ],
            [
              8.692154141954335,
              35.39232283890265
            ],
            [
              8.692260993353392,
              35.392410883292314
            ],
            [
              8.69236850537665,
              35.392323379415565
            ],
            [
              8.692368835514499,
              35.39223562020597
            ],
            [
              8.692584518430351,
              35.391885093722166
            ],
            [
              8.692909357557623,
              35.391008236542234
            ],
            [
              8.693235817403947,
              35.38969254482886
            ],
            [
              8.693560311663846,
              35.38890345964664
            ],
            [
              8.693884142631676,
              35.38828989945969
            ],
            [
              8.693992304094877,
              35.38802686803613
            ],
            [
              8.694207640548605,
              35.38776410504782
            ],
            [
              8.694639619825644,
              35.38688751089142
            ],
            [
              8.694749741997954,
              35.386097885621695
            ],
            [
              8.694857242893352,
              35.3860103868221
            ],
            [
              8.695722791199918,
              35.38381835749119
            ],
            [
              8.696803928360461,
              35.38127580094215
            ],
            [
              8.697454395090821,
              35.37925875825947
            ],
            [
              8.697671318147218,
              35.378557154104314
            ],
            [
              8.697886941318913,
              35.37820662450292
            ],
            [
              8.697995076114001,
              35.37794358892467
            ],
            [
              8.69820972527978,
              35.3778563519801
            ],
            [
              8.698210372604768,
              35.3776808181651
            ],
            [
              8.698318182096632,
              35.37750554917863
            ],
            [
              8.698426314542818,
              35.3772425131723
            ],
            [
              8.698534122979108,
              35.377067243975205
            ],
            [
              8.698641930947044,
              35.37689197467453
            ],
            [
              8.698749415380474,
              35.376804472196774
            ],
            [
              8.69864225413064,
              35.37680420775015
            ],
            [
              8.698642577312832,
              35.376716440824495
            ],
            [
              8.698642900493619,
              35.37662867389755
            ],
            [
              8.698750384574739,
              35.37654117141337
            ],
            [
              8.698858514311416,
              35.3762781349649
            ],
            [
              8.698859160193427,
              35.376102601093514
            ],
            [
              8.698859806042456,
              35.37592707465614
            ],
            [
              8.698967934618153,
              35.37566403063802
            ],
            [
              8.699076062459094,
              35.375400993947345
            ],
            [
              8.699183544410321,
              35.3753134984888
            ],
            [
              8.699184189565324,
              35.375137964584106
            ],
            [
              8.699184512140725,
              35.375050197629825
            ],
            [
              8.699292315991551,
              35.374874927670035
            ],
            [
              8.699400119374086,
              35.374699657606655
            ],
            [
              8.699615402634185,
              35.37443688413714
            ],
            [
              8.699616046833006,
              35.37426135019998
            ],
            [
              8.699616368930318,
              35.37417358322947
            ],
            [
              8.699724814623165,
              35.373822778896866
            ],
            [
              8.699942024865361,
              35.37303341031407
            ],
            [
              8.700374808157804,
              35.37189349174995
            ],
            [
              8.700380269175819,
              35.37040145238812
            ],
            [
              8.700275044391915,
              35.36987458721849
            ],
            [
              8.70027697233224,
              35.36934799240068
            ],
            [
              8.700278578933487,
              35.36890915715135
            ],
            [
              8.70027986418936,
              35.36855808892884
            ],
            [
              8.700281149422901,
              35.36820702068586
            ],
            [
              8.700282113333401,
              35.367943719490185
            ],
            [
              8.70028307723134,
              35.36768041828299
            ],
            [
              8.700176910430063,
              35.36741685408419
            ],
            [
              8.700177874650757,
              35.36715355285653
            ],
            [
              8.700071351012184,
              35.36697775553832
            ],
            [
              8.699859324823581,
              35.36636286693031
            ],
            [
              8.699754430322855,
              35.365748233903204
            ],
            [
              8.699649537378608,
              35.36513360073037
            ],
            [
              8.699544323904068,
              35.36460674196141
            ],
            [
              8.69954690034011,
              35.36390460504214
            ],
            [
              8.699440722620265,
              35.363641040023445
            ],
            [
              8.699441366938807,
              35.36346550577488
            ],
            [
              8.699334867856706,
              35.363289707776765
            ],
            [
              8.699335512395965,
              35.36311417351966
            ],
            [
              8.699229658759766,
              35.36276284115585
            ],
            [
              8.699231270635178,
              35.36232400546939
            ],
            [
              8.699232237743619,
              35.36206070404215
            ],
            [
              8.6991260634184,
              35.3617971386836
            ],
            [
              8.698812386579705,
              35.359689941951174
            ],
            [
              8.699994448247274,
              35.35872740364207
            ],
            [
              8.700102210196999,
              35.35855213976445
            ],
            [
              8.700318732516735,
              35.35793829527629
            ],
            [
              8.700641745481919,
              35.35750024740969
            ],
            [
              8.700856978663811,
              35.35723747073438
            ],
            [
              8.700964434513548,
              35.35714996586111
            ],
            [
              8.701179665716413,
              35.35688718858617
            ],
            [
              8.701288080989812,
              35.35653638169912
            ],
            [
              8.701503629345726,
              35.35618583656056
            ],
            [
              8.701504908692028,
              35.35583476755828
            ],
            [
              8.701719175830307,
              35.35583529100805
            ],
            [
              8.701612361950563,
              35.35574726951519
            ],
            [
              8.70171981500438,
              35.35565976393499
            ],
            [
              8.701720134602876,
              35.35557199667697
            ],
            [
              8.701827587307566,
              35.3554844909967
            ],
            [
              8.701934720416533,
              35.355484752480784
            ],
            [
              8.701935039780432,
              35.35539698521848
            ],
            [
              8.702042492021473,
              35.355309479342345
            ],
            [
              8.702042811266685,
              35.35522171207665
            ],
            [
              8.701935678504062,
              35.35522145069008
            ],
            [
              8.701935997863798,
              35.355133683423965
            ],
            [
              8.701936317222147,
              35.35504591615654
            ],
            [
              8.701829184692734,
              35.355045654676715
            ],
            [
              8.701829504165604,
              35.35495788740887
            ],
            [
              8.701829823637086,
              35.35487012013976
            ],
            [
              8.701830143107179,
              35.35478235286936
            ],
            [
              8.701937594641665,
              35.35469484707413
            ],
            [
              8.701937913993076,
              35.35460707980032
            ],
            [
              8.7019382333431,
              35.354519312525234
            ],
            [
              8.701938552691736,
              35.35443154524887
            ],
            [
              8.702046003642526,
              35.35434403934931
            ],
            [
              8.702046322872482,
              35.35425627206954
            ],
            [
              8.70204664210105,
              35.35416850478848
            ],
            [
              8.702046961328236,
              35.35408073750616
            ],
            [
              8.702047280554032,
              35.35399297022254
            ],
            [
              8.70215441169534,
              35.35399323150227
            ],
            [
              8.702154730803846,
              35.35390546421653
            ],
            [
              8.702155049910965,
              35.35381769692951
            ],
            [
              8.702155369016701,
              35.35372992964121
            ],
            [
              8.702155688121048,
              35.35364216235164
            ],
            [
              8.70226313778719,
              35.35355465624131
            ],
            [
              8.702263456745827,
              35.35346689638749
            ],
            [
              8.702263775757153,
              35.35337912165405
            ],
            [
              8.70226409471302,
              35.35329136179767
            ],
            [
              8.702157283594943,
              35.35320333332372
            ],
            [
              8.702157602718021,
              35.3531155585873
            ],
            [
              8.702157921785618,
              35.35302779872793
            ],
            [
              8.702158559970746,
              35.35285226412702
            ],
            [
              8.702159198150332,
              35.35267672952098
            ],
            [
              8.702159517238043,
              35.35258896221606
            ],
            [
              8.702160155409311,
              35.35241342760235
            ],
            [
              8.702160474492866,
              35.35232566029358
            ],
            [
              8.702160793575034,
              35.35223789298353
            ],
            [
              8.70205430314365,
              35.35206209709854
            ],
            [
              8.701947493863267,
              35.35197406843036
            ],
            [
              8.70184068481467,
              35.35188603966765
            ],
            [
              8.701733875997855,
              35.351798010810406
            ],
            [
              8.701626747759514,
              35.35179774917213
            ],
            [
              8.701413131055784,
              35.35162169098589
            ],
            [
              8.70130632305159,
              35.35153366175098
            ],
            [
              8.701199835390478,
              35.35135786510634
            ],
            [
              8.701093668411767,
              35.351094301046885
            ],
            [
              8.701094308853637,
              35.350918766406686
            ],
            [
              8.70098782245059,
              35.35074296956363
            ],
            [
              8.701095909933963,
              35.35047992978379
            ],
            [
              8.701097190746044,
              35.350128867901624
            ],
            [
              8.700991025680322,
              35.349865303707965
            ],
            [
              8.700777415421625,
              35.349689244373806
            ],
            [
              8.700563503478655,
              35.34960095204306
            ],
            [
              8.700349555671234,
              35.34951265924563
            ],
            [
              8.700135626497577,
              35.349424366115144
            ],
            [
              8.69992203742606,
              35.34924830531598
            ],
            [
              8.699601628307873,
              35.34898421334156
            ],
            [
              8.699387701347009,
              35.348895918890534
            ],
            [
              8.699067295361623,
              35.34863182549982
            ],
            [
              8.698853369915506,
              35.348543530105474
            ],
            [
              8.69874656870553,
              35.34845550603683
            ],
            [
              8.698425843474233,
              35.34827917828544
            ],
            [
              8.698212242965711,
              35.34810311442019
            ],
            [
              8.697570475024706,
              35.34783822257607
            ],
            [
              8.697035509337256,
              35.34766136044512
            ],
            [
              8.696500545996743,
              35.34748449595302
            ],
            [
              8.695965910726521,
              35.347219861766575
            ],
            [
              8.696501846575549,
              35.347133426605325
            ],
            [
              8.696823537462345,
              35.34704645742741
            ],
            [
              8.697787958524728,
              35.34696107943603
            ],
            [
              8.698431012487635,
              35.34687490070772
            ],
            [
              8.698859499325643,
              35.346875957892294
            ],
            [
              8.699287986186063,
              35.34687701355799
            ],
            [
              8.699930716518645,
              35.346878594208654
            ],
            [
              8.700787672208104,
              35.34688069638231
            ],
            [
              8.701537204711435,
              35.3469702982225
            ],
            [
              8.702179935914591,
              35.34697186691722
            ],
            [
              8.70260810487552,
              35.34706067820532
            ],
            [
              8.703250836856915,
              35.34706224120931
            ],
            [
              8.703144350767653,
              35.34688644615579
            ],
            [
              8.702931379967048,
              35.34653485575877
            ],
            [
              8.702825531839839,
              35.346183525609696
            ],
            [
              8.702720321418026,
              35.34565666053275
            ],
            [
              8.702613838303787,
              35.34548086498567
            ],
            [
              8.70250767427255,
              35.345217301926965
            ],
            [
              8.702294710566559,
              35.34486571034612
            ],
            [
              8.702081748697566,
              35.34451411837869
            ],
            [
              8.701655510942048,
              35.34389870071277
            ],
            [
              8.70080241385282,
              35.34284340309449
            ],
            [
              8.7001622844295,
              35.34213969518292
            ],
            [
              8.699736734932348,
              35.34134873578842
            ],
            [
              8.69920309571624,
              35.340820813441624
            ],
            [
              8.698883366995389,
              35.340381184458735
            ],
            [
              8.698030666153322,
              35.33923809212036
            ],
            [
              8.696856334264966,
              35.33818197153989
            ],
            [
              8.696642763593672,
              35.33800590475702
            ],
            [
              8.696109166419332,
              35.33747796867092
            ],
            [
              8.695362011523077,
              35.33677396116715
            ],
            [
              8.694935538375388,
              35.33624629440306
            ],
            [
              8.694829084368033,
              35.33607049187109
            ],
            [
              8.694402291115766,
              35.335630583252865
            ],
            [
              8.694081953496275,
              35.335366476413306
            ],
            [
              8.693335492399887,
              35.334486921328995
            ],
            [
              8.693015491512064,
              35.33413504415364
            ],
            [
              8.691841976742488,
              35.33290333970021
            ],
            [
              8.69088168943226,
              35.3319354611874
            ],
            [
              8.689600455483047,
              35.33087899874173
            ],
            [
              8.68917338491875,
              35.330526839093096
            ],
            [
              8.68863988535696,
              35.32999886988527
            ],
            [
              8.688000296439416,
              35.32920732216213
            ],
            [
              8.68757391073716,
              35.328679621778456
            ],
            [
              8.68714753056224,
              35.328151919873605
            ],
            [
              8.686188045486603,
              35.32700847628598
            ],
            [
              8.68554882246569,
              35.32612914784608
            ],
            [
              8.684909312126763,
              35.32533759106502
            ],
            [
              8.684590059174269,
              35.32481015630138
            ],
            [
              8.684483980298399,
              35.32454657695276
            ],
            [
              8.68427148651413,
              35.32410718552649
            ],
            [
              8.683952919328378,
              35.32340421385926
            ],
            [
              8.683527606820716,
              35.322613196231224
            ],
            [
              8.683097891316983,
              35.322963155694275
            ],
            [
              8.682776281629511,
              35.32305008911396
            ],
            [
              8.682453991191595,
              35.32331255681467
            ],
            [
              8.682024948372852,
              35.32348697725397
            ],
            [
              8.68148847172847,
              35.323748884419025
            ],
            [
              8.681382745494695,
              35.32339753480474
            ],
            [
              8.681169588650528,
              35.32313367307339
            ],
            [
              8.681063864578514,
              35.322782323156005
            ],
            [
              8.680958141410047,
              35.32243097313059
            ],
            [
              8.680852760894918,
              35.32199185542277
            ],
            [
              8.68053662604987,
              35.32067450903218
            ],
            [
              8.680000163306763,
              35.32093640978833
            ],
            [
              8.679786674485163,
              35.3207603131545
            ],
            [
              8.6794667861867,
              35.32040840735024
            ],
            [
              8.678933416021927,
              35.31988039511079
            ],
            [
              8.678614223174325,
              35.31935294441096
            ],
            [
              8.677975178388891,
              35.31847357566506
            ],
            [
              8.677442175960158,
              35.31785778919112
            ],
            [
              8.678193481332526,
              35.31742092897501
            ],
            [
              8.679052186192397,
              35.31689657783482
            ],
            [
              8.679588968192647,
              35.31654692078069
            ],
            [
              8.68044835721681,
              35.315847024286285
            ],
            [
              8.6816286296586,
              35.3152357271034
            ],
            [
              8.684312383485342,
              35.31348732955758
            ],
            [
              8.68527877611849,
              35.31278767471386
            ],
            [
              8.682612732249124,
              35.30997218698075
            ],
            [
              8.681760917844148,
              35.30874120921351
            ],
            [
              8.681868670025084,
              35.30856596004619
            ],
            [
              8.68229763412634,
              35.30839153931813
            ],
            [
              8.682941076842148,
              35.30812990534547
            ],
            [
              8.682728294127733,
              35.307778278081514
            ],
            [
              8.682195665143396,
              35.3070747438458
            ],
            [
              8.681343205077367,
              35.30601929836964
            ],
            [
              8.68123681968659,
              35.30584348335149
            ],
            [
              8.68017127967426,
              35.30452416700734
            ],
            [
              8.679745073329576,
              35.303996437811705
            ],
            [
              8.67942353529988,
              35.30408337784369
            ],
            [
              8.678890959003821,
              35.30337982890308
            ],
            [
              8.677611382576227,
              35.30205992671818
            ],
            [
              8.676439582623948,
              35.30056475888571
            ],
            [
              8.670148455316674,
              35.294228589049084
            ],
            [
              8.667356916292979,
              35.29623969898133
            ],
            [
              8.667032901669604,
              35.29694096616978
            ],
            [
              8.6665996839671,
              35.29816854689366
            ],
            [
              8.666271011404028,
              35.30001077795681
            ],
            [
              8.665621853429421,
              35.30167660760815
            ],
            [
              8.665299593281615,
              35.30193903067754
            ],
            [
              8.664763565029157,
              35.302113097336424
            ],
            [
              8.664121928355723,
              35.301935796261326
            ],
            [
              8.66358805846967,
              35.30158325138697
            ],
            [
              8.662305488239356,
              35.30105309788321
            ],
            [
              8.661770907897262,
              35.300876080446926
            ],
            [
              8.66070066453599,
              35.30078534163301
            ],
            [
              8.659950876768011,
              35.30087102392367
            ],
            [
              8.659307418709577,
              35.3011325358
            ],
            [
              8.658555442030991,
              35.30174481550538
            ],
            [
              8.657161803688533,
              35.30217975241334
            ],
            [
              8.655661087656158,
              35.30261437113472
            ],
            [
              8.654590088975688,
              35.302699113434876
            ],
            [
              8.65384028649347,
              35.30278475770346
            ],
            [
              8.65319567971957,
              35.30330953959408
            ],
            [
              8.652657385148686,
              35.30401015790188
            ],
            [
              8.652334701794883,
              35.304360313610594
            ],
            [
              8.65233284022475,
              35.30479913660206
            ],
            [
              8.652652921463936,
              35.30506335395445
            ],
            [
              8.653507965903346,
              35.305416859140685
            ],
            [
              8.654149624520263,
              35.30559421650209
            ],
            [
              8.654682739693703,
              35.30612233787386
            ],
            [
              8.654895387286519,
              35.3064740138509
            ],
            [
              8.654357095189182,
              35.30717463934715
            ],
            [
              8.65349757530798,
              35.307874350674446
            ],
            [
              8.651996361901789,
              35.30839669031601
            ],
            [
              8.65081709987274,
              35.30874439580647
            ],
            [
              8.65049476403169,
              35.30900677868438
            ],
            [
              8.650279872346294,
              35.309181692673455
            ],
            [
              8.650277624664367,
              35.30970829757779
            ],
            [
              8.65048952266487,
              35.31023551601404
            ],
            [
              8.650915944474118,
              35.310675579408986
            ],
            [
              8.651770657995737,
              35.311116864293496
            ],
            [
              8.6525205486187,
              35.31103122601607
            ],
            [
              8.652948100900403,
              35.311207979834435
            ],
            [
              8.653267837808231,
              35.31155996291662
            ],
            [
              8.653158905490383,
              35.31199849600972
            ],
            [
              8.652513848502094,
              35.312611040482686
            ],
            [
              8.652084053575805,
              35.31296088985455
            ],
            [
              8.65079764857446,
              35.313308289160055
            ],
            [
              8.65026151459563,
              35.31348229060467
            ],
            [
              8.650152938218566,
              35.31383305332308
            ],
            [
              8.650468179459553,
              35.315238245104744
            ],
            [
              8.65067784717656,
              35.31629206716775
            ],
            [
              8.650781560540983,
              35.31708227270547
            ],
            [
              8.650779315451489,
              35.31760887694853
            ],
            [
              8.650242778202404,
              35.317870645385455
            ],
            [
              8.6495999051724,
              35.31795656920993
            ],
            [
              8.649065994164323,
              35.31760396091621
            ],
            [
              8.648637663907724,
              35.3176027281151
            ],
            [
              8.648315662534342,
              35.317777337210075
            ],
            [
              8.648207071869205,
              35.31812809784987
            ],
            [
              8.647773841165208,
              35.319267837254586
            ],
            [
              8.647128307488146,
              35.319968111555106
            ],
            [
              8.64637719195293,
              35.32031701762555
            ],
            [
              8.645949226956189,
              35.320228007930936
            ],
            [
              8.645413417000821,
              35.32031422007208
            ],
            [
              8.645089876499348,
              35.32083988204778
            ],
            [
              8.64540505617642,
              35.32224508504753
            ],
            [
              8.645402775795437,
              35.32277168853649
            ],
            [
              8.645187075909163,
              35.32312213471707
            ],
            [
              8.64475871673039,
              35.32312088800602
            ],
            [
              8.644546442134464,
              35.3226814279099
            ],
            [
              8.644119992566452,
              35.322241342759625
            ],
            [
              8.643799490286545,
              35.32206487057753
            ],
            [
              8.643478998483426,
              35.32188839757548
            ],
            [
              8.643158498997305,
              35.321711923700434
            ],
            [
              8.642730530258785,
              35.32162291005056
            ],
            [
              8.642408500310841,
              35.32179750312973
            ],
            [
              8.642084934438389,
              35.32232315678599
            ],
            [
              8.6419759268938,
              35.32276167858425
            ],
            [
              8.642081097879975,
              35.323200828914324
            ],
            [
              8.642079179538321,
              35.32363966493046
            ],
            [
              8.641754067932848,
              35.32451639367523
            ],
            [
              8.641539116204047,
              35.32469129876832
            ],
            [
              8.63992965999058,
              35.3253887044292
            ],
            [
              8.638214237214,
              35.3258224693651
            ],
            [
              8.63767838242085,
              35.32590863944079
            ],
            [
              8.63650075407226,
              35.32581737429163
            ],
            [
              8.636071990920989,
              35.32590385639296
            ],
            [
              8.635749539209598,
              35.32616619852915
            ],
            [
              8.63564088283425,
              35.32651694700521
            ],
            [
              8.63574641475898,
              35.326868335305434
            ],
            [
              8.636066918246822,
              35.32704482126408
            ],
            [
              8.636708318879274,
              35.32731003842623
            ],
            [
              8.637135523489631,
              35.32757461505358
            ],
            [
              8.637348159268544,
              35.327926320550866
            ],
            [
              8.637345437296908,
              35.32854069016414
            ],
            [
              8.63723756249283,
              35.328715905802504
            ],
            [
              8.637236784533194,
              35.32889143995901
            ],
            [
              8.638198332753422,
              35.32942090578514
            ],
            [
              8.638731111251813,
              35.33003686279037
            ],
            [
              8.639050859629592,
              35.33038888244507
            ],
            [
              8.639689978323213,
              35.331180686273626
            ],
            [
              8.640116450265367,
              35.33162078653479
            ],
            [
              8.640543303227437,
              35.331973110757644
            ],
            [
              8.640756350397675,
              35.33223704310034
            ],
            [
              8.641076116184744,
              35.33258905737429
            ],
            [
              8.641502603047606,
              35.33302914529254
            ],
            [
              8.645341563549504,
              35.3369021610837
            ],
            [
              8.645661747485693,
              35.337166403585165
            ],
            [
              8.6460886627183,
              35.33751870824428
            ],
            [
              8.646408472357132,
              35.33787070836418
            ],
            [
              8.647155210174326,
              35.338575008524266
            ],
            [
              8.648646077851623,
              35.340597978979034
            ],
            [
              8.649178256158041,
              35.34138942371421
            ],
            [
              8.649391355987214,
              35.34165334073598
            ],
            [
              8.650029537765796,
              35.34270838308655
            ],
            [
              8.65045350186743,
              35.343762808209384
            ],
            [
              8.650559869348918,
              35.34393865655356
            ],
            [
              8.650666237320674,
              35.344114497362526
            ],
            [
              8.650878225763885,
              35.344641705211146
            ],
            [
              8.651090965367317,
              35.344993386150435
            ],
            [
              8.651197326774323,
              35.34516922645002
            ],
            [
              8.651409695235671,
              35.34560867378219
            ],
            [
              8.651622439649618,
              35.34596035375768
            ],
            [
              8.651940813044542,
              35.34666340691936
            ],
            [
              8.65215244316041,
              35.347278386787266
            ],
            [
              8.652364449371781,
              35.34780559185646
            ],
            [
              8.65257720358525,
              35.348157277519725
            ],
            [
              8.65160861282509,
              35.3492077231641
            ],
            [
              8.65107487199837,
              35.34876735743417
            ],
            [
              8.650752376947414,
              35.34902973834911
            ],
            [
              8.650537004199675,
              35.34929242537552
            ],
            [
              8.650321630053305,
              35.349555111998704
            ],
            [
              8.650213754833356,
              35.349730338607976
            ],
            [
              8.650105879176825,
              35.34990555767404
            ],
            [
              8.650104002336013,
              35.35034439212754
            ],
            [
              8.650103626931147,
              35.35043216645354
            ],
            [
              8.650208876543125,
              35.350871300727604
            ],
            [
              8.650207750737406,
              35.35113460136427
            ],
            [
              8.650313752083822,
              35.351398209198585
            ],
            [
              8.650419754112527,
              35.35166181693241
            ],
            [
              8.6503115010944,
              35.35192481042029
            ],
            [
              8.650311125923798,
              35.352012577286104
            ],
            [
              8.650310000402214,
              35.352275877875826
            ],
            [
              8.650201746192613,
              35.3525388712319
            ],
            [
              8.650201370894715,
              35.35262663808775
            ],
            [
              8.64987923327252,
              35.35280124211141
            ],
            [
              8.649449588845327,
              35.3530633190924
            ],
            [
              8.649234577464382,
              35.353238229259965
            ],
            [
              8.649019941679894,
              35.35332538707953
            ],
            [
              8.648912435311653,
              35.35341283810223
            ],
            [
              8.648698175691102,
              35.35341222107435
            ],
            [
              8.64805464160278,
              35.35358590135669
            ],
            [
              8.647409591439043,
              35.35411064543136
            ],
            [
              8.646657789773215,
              35.35454730882266
            ],
            [
              8.645046630718394,
              35.35550807623881
            ],
            [
              8.644509442103313,
              35.355857575333516
            ],
            [
              8.64311327531024,
              35.35664340753146
            ],
            [
              8.64268358880696,
              35.35690545260725
            ],
            [
              8.642361418072458,
              35.35708004371435
            ],
            [
              8.641931726838179,
              35.35734208607016
            ],
            [
              8.641502417613875,
              35.35751636016947
            ],
            [
              8.641073491800611,
              35.357602866032195
            ],
            [
              8.640965585821572,
              35.3577780839732
            ],
            [
              8.64075054365944,
              35.35795298616899
            ],
            [
              8.640643022230602,
              35.35804043711945
            ],
            [
              8.640214092751302,
              35.3581269399028
            ],
            [
              8.63946298932821,
              35.3583880244592
            ],
            [
              8.639141193169145,
              35.3584748401978
            ],
            [
              8.639034056786041,
              35.358474523031155
            ],
            [
              8.638819008629376,
              35.35864942173424
            ],
            [
              8.63849682273978,
              35.35882399495936
            ],
            [
              8.638603183705493,
              35.35899984591189
            ],
            [
              8.63892343214806,
              35.35926409824513
            ],
            [
              8.639563548382851,
              35.35988036701766
            ],
            [
              8.640737432346333,
              35.360937045385
            ],
            [
              8.641483561476049,
              35.36181691213548
            ],
            [
              8.642016959908595,
              35.36234508613293
            ],
            [
              8.642869491715986,
              35.36340079953489
            ],
            [
              8.64308301128191,
              35.36357696030933
            ],
            [
              8.643615657443503,
              35.364280653006794
            ],
            [
              8.644361848372672,
              35.36516050930423
            ],
            [
              8.645001290118158,
              35.36595228241385
            ],
            [
              8.646067434037452,
              35.367184122633056
            ],
            [
              8.647026839583527,
              35.368327884069096
            ],
            [
              8.649265673978077,
              35.37096736790845
            ],
            [
              8.649905209147008,
              35.37175911485172
            ],
            [
              8.650011611666253,
              35.37193495562984
            ],
            [
              8.650544756770776,
              35.372550858378574
            ],
            [
              8.651078275538051,
              35.37307898472864
            ],
            [
              8.65086321416563,
              35.37325390436776
            ],
            [
              8.65054100467428,
              35.373428516560224
            ],
            [
              8.650218784713282,
              35.37360312785441
            ],
            [
              8.650110876831445,
              35.37377835348851
            ],
            [
              8.649788654556689,
              35.37395296361223
            ],
            [
              8.649681497597152,
              35.37395265576658
            ],
            [
              8.649467560073056,
              35.37386427325154
            ],
            [
              8.648825373233262,
              35.37368688997875
            ],
            [
              8.648397501944933,
              35.37351012155098
            ],
            [
              8.648183189230155,
              35.373509503304085
            ],
            [
              8.647968876521933,
              35.373508884677115
            ],
            [
              8.647861720170283,
              35.373508575221095
            ],
            [
              8.647754563820273,
              35.373508265670054
            ],
            [
              8.647647407471904,
              35.37350795602399
            ],
            [
              8.647539881739078,
              35.3735954128349
            ],
            [
              8.647539503265667,
              35.37368317935935
            ],
            [
              8.647646272399687,
              35.373771255600325
            ],
            [
              8.647753050851417,
              35.37385933177328
            ],
            [
              8.647752672605098,
              35.373947098295886
            ],
            [
              8.648179789189815,
              35.37429940204367
            ],
            [
              8.648393348874372,
              35.374475553351786
            ],
            [
              8.648392593749328,
              35.37465108638982
            ],
            [
              8.647962072131806,
              35.3750886820164
            ],
            [
              8.647854157415692,
              35.37526389811327
            ],
            [
              8.647639083297765,
              35.37543881187689
            ],
            [
              8.647531176434985,
              35.37561404257286
            ],
            [
              8.64731609160351,
              35.37578895571572
            ],
            [
              8.646993864460748,
              35.37596355083441
            ],
            [
              8.646349007986233,
              35.37640051975363
            ],
            [
              8.645811305295654,
              35.376837796553986
            ],
            [
              8.645489061638663,
              35.377012394998886
            ],
            [
              8.645166435504027,
              35.37727475902094
            ],
            [
              8.644952112910062,
              35.37727413498573
            ],
            [
              8.644737027202446,
              35.377449043457894
            ],
            [
              8.644199691021587,
              35.377798546485614
            ],
            [
              8.643769521769414,
              35.37814835287951
            ],
            [
              8.643446885554564,
              35.37841071220169
            ],
            [
              8.64323102716515,
              35.378761150745326
            ],
            [
              8.643123480596461,
              35.378848603454706
            ],
            [
              8.642479348408544,
              35.379110018460885
            ],
            [
              8.642049540155506,
              35.379372059593564
            ],
            [
              8.641834442621764,
              35.37954696276842
            ],
            [
              8.641619729129046,
              35.37963409916952
            ],
            [
              8.641297850688403,
              35.379720919860176
            ],
            [
              8.641083521715935,
              35.37972028892522
            ],
            [
              8.64086880696675,
              35.37980742398194
            ],
            [
              8.640654091758398,
              35.37989455865308
            ],
            [
              8.640546540914372,
              35.37998200902701
            ],
            [
              8.640331824900377,
              35.38006914311816
            ],
            [
              8.63990201374339,
              35.380331176525544
            ],
            [
              8.639365412530655,
              35.38050512495732
            ],
            [
              8.638399369198392,
              35.38085333261486
            ],
            [
              8.637648039715579,
              35.38111440359138
            ],
            [
              8.636789938146212,
              35.38128737679765
            ],
            [
              8.636146548219678,
              35.38137322509307
            ],
            [
              8.634644253067705,
              35.3818075678448
            ],
            [
              8.634322751569721,
              35.3818066035469
            ],
            [
              8.633893689562154,
              35.3818930827595
            ],
            [
              8.633571794034467,
              35.381979882731834
            ],
            [
              8.633464626651708,
              35.381979560441664
            ],
            [
              8.631426475572697,
              35.3824122501194
            ],
            [
              8.631104575394437,
              35.38249904348259
            ],
            [
              8.63089023931676,
              35.38249839442228
            ],
            [
              8.630567941253288,
              35.38267295257974
            ],
            [
              8.630138870763977,
              35.38275941839371
            ],
            [
              8.629924136340298,
              35.38284653383701
            ],
            [
              8.629709401457532,
              35.3829336488946
            ],
            [
              8.629494267965615,
              35.383108529779264
            ],
            [
              8.629278744244532,
              35.38337117650464
            ],
            [
              8.62917116751533,
              35.383458609133335
            ],
            [
              8.628956439260246,
              35.38354573029573
            ],
            [
              8.628741701526906,
              35.38363283616659
            ],
            [
              8.628634132891781,
              35.3837202832135
            ],
            [
              8.62831182517299,
              35.38389482781885
            ],
            [
              8.628204655321122,
              35.3838945008479
            ],
            [
              8.628098284784436,
              35.38371864884469
            ],
            [
              8.627992314558238,
              35.383455015675835
            ],
            [
              8.627779576039261,
              35.38310330374767
            ],
            [
              8.62777997604638,
              35.38301553755181
            ],
            [
              8.62735530594494,
              35.382136565252615
            ],
            [
              8.627143374997022,
              35.381609312306566
            ],
            [
              8.627144176343188,
              35.38143377988277
            ],
            [
              8.627144977682397,
              35.38125824745384
            ],
            [
              8.627145778980692,
              35.38108272245888
            ],
            [
              8.627147381624335,
              35.38073165757539
            ],
            [
              8.626934252977728,
              35.380467702854176
            ],
            [
              8.626615164437641,
              35.37994012071881
            ],
            [
              8.62650920384261,
              35.37967649358344
            ],
            [
              8.626189317803252,
              35.37932444276396
            ],
            [
              8.62587023856361,
              35.378796858619125
            ],
            [
              8.625657521365184,
              35.378445135376424
            ],
            [
              8.625444806002443,
              35.37809341175016
            ],
            [
              8.625445610888587,
              35.37791788669705
            ],
            [
              8.625338860634992,
              35.377829791013276
            ],
            [
              8.62533926320678,
              35.37774202476503
            ],
            [
              8.624700728988817,
              35.37677461724905
            ],
            [
              8.62427450966936,
              35.37624669867788
            ],
            [
              8.623528841390101,
              35.37527896183852
            ],
            [
              8.622777516693239,
              35.37553994061201
            ],
            [
              8.62267035795657,
              35.37553960880042
            ],
            [
              8.621597153440817,
              35.37588734301016
            ],
            [
              8.621489587547444,
              35.375974776385426
            ],
            [
              8.621596340247109,
              35.376062875483946
            ],
            [
              8.621595933647608,
              35.37615064171893
            ],
            [
              8.621595120443315,
              35.37632617418504
            ],
            [
              8.621701864631852,
              35.37641427316059
            ],
            [
              8.621807814470081,
              35.3766779045586
            ],
            [
              8.621913340549325,
              35.377029302025505
            ],
            [
              8.622125631733242,
              35.377468798039246
            ],
            [
              8.622338736844165,
              35.37773276122731
            ],
            [
              8.622444275681087,
              35.37808415078116
            ],
            [
              8.622551032148952,
              35.37817225646831
            ],
            [
              8.622335896096065,
              35.378347117288556
            ],
            [
              8.622228327704317,
              35.3784345512705
            ],
            [
              8.622013596409339,
              35.37852165273556
            ],
            [
              8.621797654480629,
              35.37887205243915
            ],
            [
              8.622011159274347,
              35.3790482499368
            ],
            [
              8.622117916562454,
              35.379136348558475
            ],
            [
              8.6221175104814,
              35.379224114753995
            ],
            [
              8.622117104398585,
              35.37931188094822
            ],
            [
              8.622009940683057,
              35.3793115485201
            ],
            [
              8.62190237065262,
              35.37939898218775
            ],
            [
              8.62190196433419,
              35.37948674837726
            ],
            [
              8.62168722989548,
              35.37957384922758
            ],
            [
              8.621579668255102,
              35.379661282628
            ],
            [
              8.621364933011135,
              35.37974838289796
            ],
            [
              8.621257361705966,
              35.37983581597707
            ],
            [
              8.621149790168703,
              35.37992324895772
            ],
            [
              8.620934646397888,
              35.38009811462351
            ],
            [
              8.62093423902092,
              35.38018588079304
            ],
            [
              8.620827074164335,
              35.38018554730868
            ],
            [
              8.620719501698682,
              35.38027297989535
            ],
            [
              8.620719094086077,
              35.38036074606016
            ],
            [
              8.620611521270506,
              35.380448178546
            ],
            [
              8.620504763917548,
              35.38036007861187
            ],
            [
              8.620290433756097,
              35.38035941078341
            ],
            [
              8.620076103601727,
              35.380358742574764
            ],
            [
              8.619969346952153,
              35.38027064217064
            ],
            [
              8.619969755375335,
              35.380182876012135
            ],
            [
              8.619970163796745,
              35.38009510985235
            ],
            [
              8.619970572216385,
              35.380007343691254
            ],
            [
              8.62007814512853,
              35.37991991177037
            ],
            [
              8.620078553428577,
              35.379832145605654
            ],
            [
              8.62007896172685,
              35.37974437943966
            ],
            [
              8.61997220587721,
              35.37965627903415
            ],
            [
              8.619865041732838,
              35.3796559447009
            ],
            [
              8.61975787759024,
              35.3796556102726
            ],
            [
              8.619436794164091,
              35.379566840255414
            ],
            [
              8.619330039249908,
              35.37947873928579
            ],
            [
              8.619009366451813,
              35.379302201974845
            ],
            [
              8.619010185346202,
              35.37912666964789
            ],
            [
              8.619011004233482,
              35.37895113731581
            ],
            [
              8.619118986083397,
              35.37877594006131
            ],
            [
              8.619119395404775,
              35.37868817388969
            ],
            [
              8.61911980472438,
              35.378600407716796
            ],
            [
              8.61912021404221,
              35.37851264154262
            ],
            [
              8.61901346085268,
              35.378424540288805
            ],
            [
              8.618906298348874,
              35.378424205115394
            ],
            [
              8.618906707895226,
              35.378336438940835
            ],
            [
              8.618799545509237,
              35.378336103673476
            ],
            [
              8.618692792901678,
              35.37824800213741
            ],
            [
              8.61869320264182,
              35.37816024340153
            ],
            [
              8.618586459501476,
              35.3780721343605
            ],
            [
              8.618266605219443,
              35.377720070138096
            ],
            [
              8.617946352259574,
              35.37745576383424
            ],
            [
              8.61773286053272,
              35.3772795591895
            ],
            [
              8.61751894961817,
              35.37719112031809
            ],
            [
              8.61741219990968,
              35.37710301765221
            ],
            [
              8.6171991125615,
              35.37683904585913
            ],
            [
              8.617092775148514,
              35.376663176730275
            ],
            [
              8.616987672976169,
              35.37622400895238
            ],
            [
              8.615912775295374,
              35.37692276452047
            ],
            [
              8.616019523125926,
              35.377010868501884
            ],
            [
              8.616126271188538,
              35.37709897238916
            ],
            [
              8.616125858650248,
              35.37718673855329
            ],
            [
              8.616018285162964,
              35.37727416699098
            ],
            [
              8.615910711443615,
              35.37736159533017
            ],
            [
              8.61591029866789,
              35.377449361488274
            ],
            [
              8.61580272459865,
              35.37753678972657
            ],
            [
              8.615695150297341,
              35.37762421786637
            ],
            [
              8.615587162632968,
              35.37779941205734
            ],
            [
              8.615479174499075,
              35.37797460614375
            ],
            [
              8.61547876128169,
              35.37806236484942
            ],
            [
              8.615371185895654,
              35.37814980012562
            ],
            [
              8.615263610347618,
              35.37823722042516
            ],
            [
              8.615156034532468,
              35.378324648065266
            ],
            [
              8.615048044759709,
              35.37849984174079
            ],
            [
              8.614940468362567,
              35.37858726918149
            ],
            [
              8.614832900819557,
              35.37867469655239
            ],
            [
              8.61461816106176,
              35.37876178481679
            ],
            [
              8.61461774686489,
              35.378849550941204
            ],
            [
              8.614724072624142,
              35.37902542214002
            ],
            [
              8.614830830986644,
              35.37911352717906
            ],
            [
              8.614830417014673,
              35.37920129330053
            ],
            [
              8.614937157550976,
              35.37928939818781
            ],
            [
              8.614936743691446,
              35.379377164307826
            ],
            [
              8.615043493660357,
              35.37946526912952
            ],
            [
              8.615150657492388,
              35.37946560773743
            ],
            [
              8.615150243861356,
              35.37955337385708
            ],
            [
              8.615257407811226,
              35.379553712371056
            ],
            [
              8.615256994294445,
              35.37964147849052
            ],
            [
              8.6153633315553,
              35.37981734914784
            ],
            [
              8.615470082566828,
              35.37990545359285
            ],
            [
              8.615683585286165,
              35.38008166220045
            ],
            [
              8.615790336993976,
              35.38016976636305
            ],
            [
              8.615897088933885,
              35.38025787043154
            ],
            [
              8.615896263262417,
              35.380433402661865
            ],
            [
              8.615895850458989,
              35.38052116133601
            ],
            [
              8.615895437583783,
              35.38060893488704
            ],
            [
              8.61600219021283,
              35.38069703886064
            ],
            [
              8.616001777485085,
              35.380784804971135
            ],
            [
              8.61600095205921,
              35.3809603297492
            ],
            [
              8.616000539291111,
              35.381048103294916
            ],
            [
              8.616000126591187,
              35.381135861961205
            ],
            [
              8.615892547687128,
              35.38122329019578
            ],
            [
              8.615892134832583,
              35.3813110562975
            ],
            [
              8.615998888375719,
              35.3813991602696
            ],
            [
              8.61631956279528,
              35.38157570552016
            ],
            [
              8.616426729434023,
              35.381576043013865
            ],
            [
              8.617067671360761,
              35.38201689651028
            ],
            [
              8.617387939317897,
              35.38228120503919
            ],
            [
              8.617708209364132,
              35.38254551272077
            ],
            [
              8.617922125480256,
              35.382633951240614
            ],
            [
              8.618242808998883,
              35.38281049140784
            ],
            [
              8.618349576163956,
              35.382898593338155
            ],
            [
              8.618456325387783,
              35.38298669511736
            ],
            [
              8.618562683026612,
              35.38316256296146
            ],
            [
              8.618669432828955,
              35.38325066455219
            ],
            [
              8.618669022950932,
              35.38333843065281
            ],
            [
              8.618776191950149,
              35.383338766077216
            ],
            [
              8.618882541654035,
              35.383514633608314
            ],
            [
              8.61909606128568,
              35.38369083618717
            ],
            [
              8.619202821449708,
              35.38377893733536
            ],
            [
              8.61952269440384,
              35.38413099887363
            ],
            [
              8.61973621704974,
              35.38430720032211
            ],
            [
              8.619949740624222,
              35.38448340139392
            ],
            [
              8.620056094363948,
              35.384659267884096
            ],
            [
              8.620376790558957,
              35.38483580240749
            ],
            [
              8.620483553623018,
              35.38492390242544
            ],
            [
              8.620589909095019,
              35.38509976844374
            ],
            [
              8.62069667273769,
              35.38518786827315
            ],
            [
              8.620803436612519,
              35.38527596800837
            ],
            [
              8.62090979323645,
              35.385451833742074
            ],
            [
              8.620909385751629,
              35.385539599833436
            ],
            [
              8.621015335573073,
              35.38580323155839
            ],
            [
              8.620907348301003,
              35.38597843027103
            ],
            [
              8.620691372382508,
              35.3863288199437
            ],
            [
              8.620582975812656,
              35.38659179185458
            ],
            [
              8.620581752239143,
              35.386855090065104
            ],
            [
              8.620688518202638,
              35.38694318245145
            ],
            [
              8.620687294956152,
              35.387206480649866
            ],
            [
              8.619936258891595,
              35.3873796744367
            ],
            [
              8.619614326905053,
              35.387466436915545
            ],
            [
              8.619399568817817,
              35.38755353343718
            ],
            [
              8.619077635577337,
              35.38764029447549
            ],
            [
              8.61854136113716,
              35.38772638362614
            ],
            [
              8.618005076491531,
              35.38781247035945
            ],
            [
              8.617683551776425,
              35.387811461638115
            ],
            [
              8.617254440701526,
              35.387897881365134
            ],
            [
              8.616718153605282,
              35.38798396236769
            ],
            [
              8.616181865391003,
              35.388070040981255
            ],
            [
              8.615538400726871,
              35.38815577896452
            ],
            [
              8.615002110169565,
              35.38824185232361
            ],
            [
              8.614572588734982,
              35.388416028501325
            ],
            [
              8.614143471237952,
              35.3885024371287
            ],
            [
              8.613928704604545,
              35.38858952385578
            ],
            [
              8.613392409529274,
              35.38867559003411
            ],
            [
              8.613817791793206,
              35.38937907036101
            ],
            [
              8.614775757083523,
              35.39078638032956
            ],
            [
              8.615201153193707,
              35.39148986309681
            ],
            [
              8.614335421248168,
              35.39324246217248
            ],
            [
              8.611967827896464,
              35.395253580048504
            ],
            [
              8.609286539718902,
              35.39559607577251
            ],
            [
              8.604034907227021,
              35.395491344880405
            ],
            [
              8.603283768660358,
              35.3956644342095
            ],
            [
              8.603068971475116,
              35.39575150132839
            ],
            [
              8.60178103547372,
              35.39609836445758
            ],
            [
              8.601568378554191,
              35.395746600191
            ],
            [
              8.601678563074227,
              35.39513259066384
            ],
            [
              8.601894644739913,
              35.39478223617653
            ],
            [
              8.602218763767173,
              35.394256692501244
            ],
            [
              8.602219191635285,
              35.39416892673097
            ],
            [
              8.602114148413163,
              35.393729747662576
            ],
            [
              8.602115004357506,
              35.39355421610762
            ],
            [
              8.601581235603845,
              35.39311363482236
            ],
            [
              8.601582092683408,
              35.39293810326082
            ],
            [
              8.601260548253226,
              35.39293705070135
            ],
            [
              8.601153795781695,
              35.39284893387986
            ],
            [
              8.601262263783486,
              35.392585987576524
            ],
            [
              8.601369873555667,
              35.39249857273467
            ],
            [
              8.601370731073674,
              35.39232304115973
            ],
            [
              8.601263979283972,
              35.39223492443119
            ],
            [
              8.601050047264057,
              35.392146463919424
            ],
            [
              8.601050476401268,
              35.39205869069185
            ],
            [
              8.600944154485118,
              35.39188281533011
            ],
            [
              8.601051763692622,
              35.391795393318525
            ],
            [
              8.60115980157058,
              35.391620220290264
            ],
            [
              8.601160659515832,
              35.39144468869424
            ],
            [
              8.60105390910461,
              35.39135657177637
            ],
            [
              8.601054767270922,
              35.39118104017493
            ],
            [
              8.601269554418595,
              35.39109397650622
            ],
            [
              8.60137716218521,
              35.39100656162322
            ],
            [
              8.601378019639972,
              35.39083103000469
            ],
            [
              8.60148562693843,
              35.39074361501823
            ],
            [
              8.601593662493322,
              35.39056843411708
            ],
            [
              8.601701269209377,
              35.39048101893092
            ],
            [
              8.601701697578207,
              35.3903932531112
            ],
            [
              8.601702125945177,
              35.39030548729018
            ],
            [
              8.601702982673544,
              35.390129955644305
            ],
            [
              8.601810160440237,
              35.39013030617583
            ],
            [
              8.601810588685527,
              35.39004254034984
            ],
            [
              8.60181101692896,
              35.38995477452255
            ],
            [
              8.601811445170535,
              35.389867008694
            ],
            [
              8.601919050714386,
              35.389779593296055
            ],
            [
              8.601919478836141,
              35.38969182746379
            ],
            [
              8.60191990695604,
              35.38960406163026
            ],
            [
              8.60181272988411,
              35.389603711200614
            ],
            [
              8.60181315811825,
              35.389515945366924
            ],
            [
              8.601706409512666,
              35.38942782900952
            ],
            [
              8.601814014580961,
              35.38934041369571
            ],
            [
              8.601921619380768,
              35.389253005722296
            ],
            [
              8.601815299224796,
              35.38907712361829
            ],
            [
              8.601708122851317,
              35.389076773100406
            ],
            [
              8.60170855119041,
              35.388989007260164
            ],
            [
              8.601601374934887,
              35.38898865664835
            ],
            [
              8.601601803388222,
              35.38890089080795
            ],
            [
              8.601708979527645,
              35.38890124141864
            ],
            [
              8.60192418801657,
              35.38872641066334
            ],
            [
              8.601924616116037,
              35.388638644815686
            ],
            [
              8.602032219894252,
              35.38855122928769
            ],
            [
              8.602032647873907,
              35.38846346343634
            ],
            [
              8.602033075851706,
              35.38837569758372
            ],
            [
              8.602033503827647,
              35.388287931729806
            ],
            [
              8.601926328495326,
              35.38828758141229
            ],
            [
              8.601819581371133,
              35.38819946514678
            ],
            [
              8.60171283447913,
              35.3881113487872
            ],
            [
              8.601713262797782,
              35.38802358293285
            ],
            [
              8.601820865978807,
              35.387936167580335
            ],
            [
              8.601714119429507,
              35.3878480512203
            ],
            [
              8.601607373112392,
              35.3877599347662
            ],
            [
              8.6016078015397,
              35.38767216890786
            ],
            [
              8.601501484108681,
              35.38749628649978
            ],
            [
              8.601501912646503,
              35.387408520638736
            ],
            [
              8.601287993092281,
              35.38732005312061
            ],
            [
              8.60128885062298,
              35.387144521396664
            ],
            [
              8.601182534568292,
              35.38696863870164
            ],
            [
              8.601183392279932,
              35.386793114408746
            ],
            [
              8.601076647959655,
              35.38670499004422
            ],
            [
              8.601184678887964,
              35.38652981680123
            ],
            [
              8.601292280671379,
              35.38644239444955
            ],
            [
              8.60118553661735,
              35.38635428505647
            ],
            [
              8.601186394339294,
              35.38617875330658
            ],
            [
              8.60097247836882,
              35.38609028523542
            ],
            [
              8.600865305957285,
              35.38608993399566
            ],
            [
              8.600758992187043,
              35.38591405091238
            ],
            [
              8.60065310830481,
              35.385650401855884
            ],
            [
              8.60043962397286,
              35.3854741669679
            ],
            [
              8.600226140569536,
              35.38529793170366
            ],
            [
              8.600119838301504,
              35.38512204808073
            ],
            [
              8.599905926292609,
              35.38503357813172
            ],
            [
              8.599799185635627,
              35.384945460076345
            ],
            [
              8.599478534371984,
              35.384768871225
            ],
            [
              8.59905028295606,
              35.3846796945662
            ],
            [
              8.598622464107208,
              35.384502750521804
            ],
            [
              8.598408987226478,
              35.3843265120614
            ],
            [
              8.597981171657604,
              35.38414956575744
            ],
            [
              8.597659662246606,
              35.3841485038435
            ],
            [
              8.597124679716043,
              35.38397120035873
            ],
            [
              8.596804038185661,
              35.38379460444508
            ],
            [
              8.596482530229489,
              35.383793539408074
            ],
            [
              8.596267757415683,
              35.383880602204705
            ],
            [
              8.595089773755662,
              35.38370115598522
            ],
            [
              8.594446758737664,
              35.383699015937445
            ],
            [
              8.594126124222388,
              35.38352240551604
            ],
            [
              8.592091240015245,
              35.383252310761875
            ],
            [
              8.591556275812755,
              35.38307498271561
            ],
            [
              8.590914145913887,
              35.38289729227268
            ],
            [
              8.59038050819357,
              35.3824566616024
            ],
            [
              8.589633425134165,
              35.3818397747163
            ],
            [
              8.589425723702883,
              35.38052257224637
            ],
            [
              8.589542589618507,
              35.37859208493017
            ],
            [
              8.591701201634276,
              35.375527491924096
            ],
            [
              8.59203627262599,
              35.37280783238509
            ],
            [
              8.592036711140722,
              35.37272007385141
            ],
            [
              8.591929556525821,
              35.37271971480342
            ],
            [
              8.591824157029444,
              35.37236829176596
            ],
            [
              8.591825034613521,
              35.37219275237197
            ],
            [
              8.591932627147893,
              35.37210535296651
            ],
            [
              8.59204021948745,
              35.37201794602336
            ],
            [
              8.592147811595003,
              35.371930538981594
            ],
            [
              8.592148688426857,
              35.37175500700686
            ],
            [
              8.592256270981204,
              35.37166759983118
            ],
            [
              8.592257147569669,
              35.371492067846425
            ],
            [
              8.592150442067735,
              35.371403943042026
            ],
            [
              8.592151318876764,
              35.37122841105192
            ],
            [
              8.592258900723774,
              35.37114100386156
            ],
            [
              8.592259339007546,
              35.37105323786213
            ],
            [
              8.59236606234171,
              35.37114136263399
            ],
            [
              8.592473214876204,
              35.37114172128097
            ],
            [
              8.592687957770671,
              35.37105467228587
            ],
            [
              8.592688395588551,
              35.370966906280515
            ],
            [
              8.592688833404534,
              35.37087914027388
            ],
            [
              8.592689271218616,
              35.37079137426594
            ],
            [
              8.592689709030797,
              35.370703608256754
            ],
            [
              8.592797289600021,
              35.37061620057088
            ],
            [
              8.59290487902255,
              35.370528792816785
            ],
            [
              8.592905316597061,
              35.3704410268014
            ],
            [
              8.592691022455949,
              35.37044031022145
            ],
            [
              8.592584737599616,
              35.370264419715745
            ],
            [
              8.59247803334117,
              35.37017629519122
            ],
            [
              8.59258561343129,
              35.37008888768302
            ],
            [
              8.593015092924345,
              35.369914788837946
            ],
            [
              8.593015530332499,
              35.369827030251486
            ],
            [
              8.593123118502923,
              35.369739614844
            ],
            [
              8.593016842693887,
              35.36956372472821
            ],
            [
              8.592910567306019,
              35.369387841955984
            ],
            [
              8.59291100485585,
              35.36930007592395
            ],
            [
              8.593018592395989,
              35.36921266803702
            ],
            [
              8.593125742390091,
              35.369213026088424
            ],
            [
              8.593126179704157,
              35.369125260051504
            ],
            [
              8.59280604305016,
              35.36886088750777
            ],
            [
              8.589577449971262,
              35.37165860025779
            ],
            [
              8.583653158862544,
              35.377694421128524
            ],
            [
              8.583329883386359,
              35.37804438447219
            ],
            [
              8.581713918453232,
              35.37970641444392
            ],
            [
              8.581390176341092,
              35.38014413811786
            ],
            [
              8.581067331869109,
              35.38040632195168
            ],
            [
              8.580205504503539,
              35.381281025789505
            ],
            [
              8.579020794799348,
              35.38241790882463
            ],
            [
              8.578481789311228,
              35.38303041424041
            ],
            [
              8.57805039385246,
              35.38355552300791
            ],
            [
              8.576326583596517,
              35.38530487195391
            ],
            [
              8.575465104932633,
              35.38609177493691
            ],
            [
              8.574602698767599,
              35.38705419527778
            ],
            [
              8.574171256617511,
              35.38757928951902
            ],
            [
              8.573415535423917,
              35.3886298488478
            ],
            [
              8.572983617705614,
              35.38924269668128
            ],
            [
              8.571903568795596,
              35.39081871039208
            ],
            [
              8.571147321682663,
              35.39195701255726
            ],
            [
              8.57103921868542,
              35.39213216572106
            ],
            [
              8.56995863019666,
              35.393795926175144
            ],
            [
              8.569094680189654,
              35.39502160110225
            ],
            [
              8.568014477736147,
              35.39659757745454
            ],
            [
              8.56758154529221,
              35.397385942698705
            ],
            [
              8.567472961712898,
              35.397648850304
            ],
            [
              8.567364377381102,
              35.39791176523425
            ],
            [
              8.566175511565815,
              35.3997506385821
            ],
            [
              8.564878926048067,
              35.40167687376811
            ],
            [
              8.563258816837322,
              35.403953000780625
            ],
            [
              8.562825327449408,
              35.40482911258311
            ],
            [
              8.563788688647769,
              35.40509587115341
            ],
            [
              8.565287570782402,
              35.40545230357823
            ],
            [
              8.565501965884026,
              35.405453069444576
            ],
            [
              8.565822623552403,
              35.40562974793126
            ],
            [
              8.566036547363787,
              35.405718270596935
            ],
            [
              8.566571603562064,
              35.405895711648654
            ],
            [
              8.566999929963819,
              35.405985003667524
            ],
            [
              8.567213394521971,
              35.40616129692198
            ],
            [
              8.567427325744145,
              35.40624983203168
            ],
            [
              8.567747990844985,
              35.40642649799716
            ],
            [
              8.568175386910404,
              35.40669131627386
            ],
            [
              8.568601861297472,
              35.407131663483845
            ],
            [
              8.569026484057508,
              35.40792307001004
            ],
            [
              8.56902601998825,
              35.40801083521214
            ],
            [
              8.569342521944542,
              35.408977383727226
            ],
            [
              8.569661348367264,
              35.40950511283193
            ],
            [
              8.569870196083102,
              35.41055905319183
            ],
            [
              8.569968597020752,
              35.41222696279713
            ],
            [
              8.57018023282993,
              35.41275431137823
            ],
            [
              8.570286977332914,
              35.41284245523112
            ],
            [
              8.57039418473933,
              35.41284283384382
            ],
            [
              8.571036505270804,
              35.4130206338276
            ],
            [
              8.571358123690553,
              35.41302176737333
            ],
            [
              8.571678824110986,
              35.41319843039403
            ],
            [
              8.57189231780238,
              35.41337471537518
            ],
            [
              8.572746762006695,
              35.41399208638339
            ],
            [
              8.57360121925979,
              35.41460945137514
            ],
            [
              8.57434939123815,
              35.41505090498721
            ],
            [
              8.574563353829184,
              35.41513942010813
            ],
            [
              8.574454310087603,
              35.41549010580411
            ],
            [
              8.574238971056074,
              35.41566488594448
            ],
            [
              8.574023631094544,
              35.415839665689326
            ],
            [
              8.573915501937892,
              35.416014805677065
            ],
            [
              8.573914584122063,
              35.41619033595641
            ],
            [
              8.573805536111925,
              35.41654102097604
            ],
            [
              8.57369510965789,
              35.41715500124153
            ],
            [
              8.573693732155972,
              35.41741829660129
            ],
            [
              8.573799109439074,
              35.41776973269889
            ],
            [
              8.57401078439279,
              35.41829707436114
            ],
            [
              8.57411616416002,
              35.418648510148664
            ],
            [
              8.574436892845828,
              35.41882516587975
            ],
            [
              8.574650865469694,
              35.418913680860854
            ],
            [
              8.57475761839144,
              35.41900182074781
            ],
            [
              8.574864380636411,
              35.419089960572485
            ],
            [
              8.574863922706243,
              35.41917772567882
            ],
            [
              8.574863464774085,
              35.419265490783886
            ],
            [
              8.574863006839943,
              35.419353255887664
            ],
            [
              8.57475487009489,
              35.41952841136703
            ],
            [
              8.574646741969541,
              35.419703566773
            ],
            [
              8.574539525415538,
              35.41970319187177
            ],
            [
              8.574539067122647,
              35.419790956965485
            ],
            [
              8.574430933630058,
              35.41996611214902
            ],
            [
              8.57453723393119,
              35.42014201732755
            ],
            [
              8.574643992880006,
              35.42023015732337
            ],
            [
              8.57475028944169,
              35.42040606229643
            ],
            [
              8.574856595553372,
              35.42058196720583
            ],
            [
              8.575069653255234,
              35.42084601160746
            ],
            [
              8.57517458782863,
              35.42128519659525
            ],
            [
              8.57538764840169,
              35.421549240425335
            ],
            [
              8.57581195497878,
              35.422428387270806
            ],
            [
              8.576025025160344,
              35.42269242997778
            ],
            [
              8.576130875841303,
              35.42295609878865
            ],
            [
              8.576236727204167,
              35.42321976750004
            ],
            [
              8.576343035648343,
              35.42339567105152
            ],
            [
              8.576557022426709,
              35.42348418268716
            ],
            [
              8.576663787966064,
              35.423572320894756
            ],
            [
              8.577199891990833,
              35.42357418518117
            ],
            [
              8.577307118256442,
              35.42357455777183
            ],
            [
              8.578488364505617,
              35.4232275894402
            ],
            [
              8.580423771381845,
              35.422181079169945
            ],
            [
              8.583656055635684,
              35.41912036220003
            ],
            [
              8.584521389570991,
              35.417631285115746
            ],
            [
              8.586244823830894,
              35.41605735518954
            ],
            [
              8.58925958262035,
              35.413522344869406
            ],
            [
              8.591304896629943,
              35.411861660070244
            ]
          ]
        ]
      }
    },
    {
      "type": "Feature",
      "id": "osm:relation:7164967",
      "properties": {
        "officialCode": "426151",
        "nameAr": "فوسانة",
        "nameFr": "Foussana",
        "governorateCode": "42",
        "governorateAr": "القصرين",
        "governorateFr": "Kasserine",
        "delegationCode": "4261",
        "parentAr": "فوسانة",
        "parentFr": "Foussana",
        "sourceId": "isie-local-sectors-2023-neighbor-review",
        "sourcePdfURL": "https://www.isie.tn/wp-content/uploads/2023/CartesCirconscriptionsElectoralesLocales2023/%D8%A7%D9%84%D9%82%D8%B5%D8%B1%D9%8A%D9%86/%D9%81%D9%88%D8%B3%D8%A7%D9%86%D8%A9/%D9%81%D9%88%D8%B3%D8%A7%D9%86%D8%A9%20%D8%A7%D9%84%D8%A3%D8%AD%D9%88%D8%A7%D8%B2.pdf",
        "sourcePdfSha256": "d566994827fe0b9072fa0ef60c1a8f893d726f1c59b5549ba8f0b8b0292942b0",
        "sourcePdfFile": "C:\\Users\\barou\\Documents\\Codex\\2026-09-06\\the-android-app-app-currently-allows\\work\\isie-sector-maps-neighbor-conflicts\\foussana-ahwaz.pdf",
        "sourcePdfCreated": "D:20231017020634+01",
        "reviewedDate": "2026-09-07",
        "sourceMapTitleAr": "فوسانة الأحواز",
        "targetIsPageTitle": false,
        "sourceDrawingIndices": [
          423
        ],
        "sourceVectorLayer": "circonscription_isie2023",
        "sourceCrsEpsg": 32632,
        "sourceCrsWkt": "PROJCS[\"WGS_1984_UTM_Zone_32N\",GEOGCS[\"GCS_WGS_1984\",DATUM[\"D_WGS_1984\",SPHEROID[\"WGS_1984\",6378137.0,298.257223563]],PRIMEM[\"Greenwich\",0.0],UNIT[\"Degree\",0.0174532925199433]],PROJECTION[\"Transverse_Mercator\"],PARAMETER[\"False_Easting\",500000.0],PARAMETER[\"False_Northing\",0.0],PARAMETER[\"Central_Meridian\",9.0],PARAMETER[\"Scale_Factor\",0.9996],PARAMETER[\"Latitude_Of_Origin\",0.0],UNIT[\"Meter\",1.0]]",
        "sourceControlPointMaxResidualMeters": 0.11721885732719613,
        "sourceControlPointsLatLon": [
          [
            35.28719,
            8.50897
          ],
          [
            35.42981,
            8.50811
          ],
          [
            35.43056,
            8.75753
          ],
          [
            35.28794,
            8.75795
          ]
        ],
        "sourceLocalControlPoints": [
          [
            0.0,
            1.0
          ],
          [
            0.0,
            0.0
          ],
          [
            1.0,
            0.0
          ],
          [
            1.0,
            1.0
          ]
        ],
        "sourceViewportBBox": [
          4.31908,
          590.46173,
          841.50095,
          5.38791
        ],
        "sourcePageTransformationMatrix": [
          1.0,
          0.0,
          0.0,
          -1.0,
          0.0,
          595.5023803710938
        ],
        "sourceAffineMetersFromPagePoints": [
          [
            27.04384345192579,
            -0.0008525475433488902
          ],
          [
            -0.0007915635617337102,
            -27.034736726678602
          ],
          [
            455233.2552263043,
            3920956.3290315284
          ]
        ],
        "sourceGeometry": {
          "type": "Polygon",
          "coordinates": [
            [
              [
                8.603283768660358,
                35.3956644342095
              ],
              [
                8.604034907227021,
                35.395491344880405
              ],
              [
                8.609286539718902,
                35.39559607577251
              ],
              [
                8.611967827896464,
                35.395253580048504
              ],
              [
                8.614335421248168,
                35.39324246217248
              ],
              [
                8.615201153193707,
                35.39148986309681
              ],
              [
                8.614775757083523,
                35.39078638032956
              ],
              [
                8.613817791793206,
                35.38937907036101
              ],
              [
                8.613392409529274,
                35.38867559003411
              ],
              [
                8.613928704604545,
                35.38858952385578
              ],
              [
                8.614143471237952,
                35.3885024371287
              ],
              [
                8.614572588734982,
                35.388416028501325
              ],
              [
                8.615002110169565,
                35.38824185232361
              ],
              [
                8.615538400726871,
                35.38815577896452
              ],
              [
                8.616181865391003,
                35.388070040981255
              ],
              [
                8.616718153605282,
                35.38798396236769
              ],
              [
                8.617254440701526,
                35.387897881365134
              ],
              [
                8.617683551776425,
                35.387811461638115
              ],
              [
                8.618005076491531,
                35.38781247035945
              ],
              [
                8.61854136113716,
                35.38772638362614
              ],
              [
                8.619077635577337,
                35.38764029447549
              ],
              [
                8.619399568817817,
                35.38755353343718
              ],
              [
                8.619614326905053,
                35.387466436915545
              ],
              [
                8.619936258891595,
                35.3873796744367
              ],
              [
                8.620687294956152,
                35.387206480649866
              ],
              [
                8.620688518202638,
                35.38694318245145
              ],
              [
                8.620581752239143,
                35.386855090065104
              ],
              [
                8.620582975812656,
                35.38659179185458
              ],
              [
                8.620691372382508,
                35.3863288199437
              ],
              [
                8.620907348301003,
                35.38597843027103
              ],
              [
                8.621015335573073,
                35.38580323155839
              ],
              [
                8.620909385751629,
                35.385539599833436
              ],
              [
                8.62090979323645,
                35.385451833742074
              ],
              [
                8.620803436612519,
                35.38527596800837
              ],
              [
                8.62069667273769,
                35.38518786827315
              ],
              [
                8.620589909095019,
                35.38509976844374
              ],
              [
                8.620483553623018,
                35.38492390242544
              ],
              [
                8.620376790558957,
                35.38483580240749
              ],
              [
                8.620056094363948,
                35.384659267884096
              ],
              [
                8.619949740624222,
                35.38448340139392
              ],
              [
                8.61973621704974,
                35.38430720032211
              ],
              [
                8.61952269440384,
                35.38413099887363
              ],
              [
                8.619202821449708,
                35.38377893733536
              ],
              [
                8.61909606128568,
                35.38369083618717
              ],
              [
                8.618882541654035,
                35.383514633608314
              ],
              [
                8.618776191950149,
                35.383338766077216
              ],
              [
                8.618669022950932,
                35.38333843065281
              ],
              [
                8.618669432828955,
                35.38325066455219
              ],
              [
                8.618562683026612,
                35.38316256296146
              ],
              [
                8.618456325387783,
                35.38298669511736
              ],
              [
                8.618349576163956,
                35.382898593338155
              ],
              [
                8.618242808998883,
                35.38281049140784
              ],
              [
                8.617922125480256,
                35.382633951240614
              ],
              [
                8.617708209364132,
                35.38254551272077
              ],
              [
                8.617387939317897,
                35.38228120503919
              ],
              [
                8.617067671360761,
                35.38201689651028
              ],
              [
                8.616426729434023,
                35.381576043013865
              ],
              [
                8.61631956279528,
                35.38157570552016
              ],
              [
                8.615998888375719,
                35.3813991602696
              ],
              [
                8.615892134832583,
                35.3813110562975
              ],
              [
                8.615892547687128,
                35.38122329019578
              ],
              [
                8.616000126591187,
                35.381135861961205
              ],
              [
                8.616000539291111,
                35.381048103294916
              ],
              [
                8.61600095205921,
                35.3809603297492
              ],
              [
                8.616001777485085,
                35.380784804971135
              ],
              [
                8.61600219021283,
                35.38069703886064
              ],
              [
                8.615895437583783,
                35.38060893488704
              ],
              [
                8.615895850458989,
                35.38052116133601
              ],
              [
                8.615896263262417,
                35.380433402661865
              ],
              [
                8.615897088933885,
                35.38025787043154
              ],
              [
                8.615790336993976,
                35.38016976636305
              ],
              [
                8.615683585286165,
                35.38008166220045
              ],
              [
                8.615470082566828,
                35.37990545359285
              ],
              [
                8.6153633315553,
                35.37981734914784
              ],
              [
                8.615256994294445,
                35.37964147849052
              ],
              [
                8.615257407811226,
                35.379553712371056
              ],
              [
                8.615150243861356,
                35.37955337385708
              ],
              [
                8.615150657492388,
                35.37946560773743
              ],
              [
                8.615043493660357,
                35.37946526912952
              ],
              [
                8.614936743691446,
                35.379377164307826
              ],
              [
                8.614937157550976,
                35.37928939818781
              ],
              [
                8.614830417014673,
                35.37920129330053
              ],
              [
                8.614830830986644,
                35.37911352717906
              ],
              [
                8.614724072624142,
                35.37902542214002
              ],
              [
                8.61461774686489,
                35.378849550941204
              ],
              [
                8.61461816106176,
                35.37876178481679
              ],
              [
                8.614832900819557,
                35.37867469655239
              ],
              [
                8.614940468362567,
                35.37858726918149
              ],
              [
                8.615048044759709,
                35.37849984174079
              ],
              [
                8.615156034532468,
                35.378324648065266
              ],
              [
                8.615263610347618,
                35.37823722042516
              ],
              [
                8.615371185895654,
                35.37814980012562
              ],
              [
                8.61547876128169,
                35.37806236484942
              ],
              [
                8.615479174499075,
                35.37797460614375
              ],
              [
                8.615587162632968,
                35.37779941205734
              ],
              [
                8.615695150297341,
                35.37762421786637
              ],
              [
                8.61580272459865,
                35.37753678972657
              ],
              [
                8.61591029866789,
                35.377449361488274
              ],
              [
                8.615910711443615,
                35.37736159533017
              ],
              [
                8.616018285162964,
                35.37727416699098
              ],
              [
                8.616125858650248,
                35.37718673855329
              ],
              [
                8.616126271188538,
                35.37709897238916
              ],
              [
                8.616019523125926,
                35.377010868501884
              ],
              [
                8.615912775295374,
                35.37692276452047
              ],
              [
                8.616987672976169,
                35.37622400895238
              ],
              [
                8.617092775148514,
                35.376663176730275
              ],
              [
                8.6171991125615,
                35.37683904585913
              ],
              [
                8.61741219990968,
                35.37710301765221
              ],
              [
                8.61751894961817,
                35.37719112031809
              ],
              [
                8.61773286053272,
                35.3772795591895
              ],
              [
                8.617946352259574,
                35.37745576383424
              ],
              [
                8.618266605219443,
                35.377720070138096
              ],
              [
                8.618586459501476,
                35.3780721343605
              ],
              [
                8.61869320264182,
                35.37816024340153
              ],
              [
                8.618692792901678,
                35.37824800213741
              ],
              [
                8.618799545509237,
                35.378336103673476
              ],
              [
                8.618906707895226,
                35.378336438940835
              ],
              [
                8.618906298348874,
                35.378424205115394
              ],
              [
                8.61901346085268,
                35.378424540288805
              ],
              [
                8.61912021404221,
                35.37851264154262
              ],
              [
                8.61911980472438,
                35.378600407716796
              ],
              [
                8.619119395404775,
                35.37868817388969
              ],
              [
                8.619118986083397,
                35.37877594006131
              ],
              [
                8.619011004233482,
                35.37895113731581
              ],
              [
                8.619010185346202,
                35.37912666964789
              ],
              [
                8.619009366451813,
                35.379302201974845
              ],
              [
                8.619330039249908,
                35.37947873928579
              ],
              [
                8.619436794164091,
                35.379566840255414
              ],
              [
                8.61975787759024,
                35.3796556102726
              ],
              [
                8.619865041732838,
                35.3796559447009
              ],
              [
                8.61997220587721,
                35.37965627903415
              ],
              [
                8.62007896172685,
                35.37974437943966
              ],
              [
                8.620078553428577,
                35.379832145605654
              ],
              [
                8.62007814512853,
                35.37991991177037
              ],
              [
                8.619970572216385,
                35.380007343691254
              ],
              [
                8.619970163796745,
                35.38009510985235
              ],
              [
                8.619969755375335,
                35.380182876012135
              ],
              [
                8.619969346952153,
                35.38027064217064
              ],
              [
                8.620076103601727,
                35.380358742574764
              ],
              [
                8.620290433756097,
                35.38035941078341
              ],
              [
                8.620504763917548,
                35.38036007861187
              ],
              [
                8.620611521270506,
                35.380448178546
              ],
              [
                8.620719094086077,
                35.38036074606016
              ],
              [
                8.620719501698682,
                35.38027297989535
              ],
              [
                8.620827074164335,
                35.38018554730868
              ],
              [
                8.62093423902092,
                35.38018588079304
              ],
              [
                8.620934646397888,
                35.38009811462351
              ],
              [
                8.621149790168703,
                35.37992324895772
              ],
              [
                8.621257361705966,
                35.37983581597707
              ],
              [
                8.621364933011135,
                35.37974838289796
              ],
              [
                8.621579668255102,
                35.379661282628
              ],
              [
                8.62168722989548,
                35.37957384922758
              ],
              [
                8.62190196433419,
                35.37948674837726
              ],
              [
                8.62190237065262,
                35.37939898218775
              ],
              [
                8.622009940683057,
                35.3793115485201
              ],
              [
                8.622117104398585,
                35.37931188094822
              ],
              [
                8.6221175104814,
                35.379224114753995
              ],
              [
                8.622117916562454,
                35.379136348558475
              ],
              [
                8.622011159274347,
                35.3790482499368
              ],
              [
                8.621797654480629,
                35.37887205243915
              ],
              [
                8.622013596409339,
                35.37852165273556
              ],
              [
                8.622228327704317,
                35.3784345512705
              ],
              [
                8.622335896096065,
                35.378347117288556
              ],
              [
                8.622551032148952,
                35.37817225646831
              ],
              [
                8.622444275681087,
                35.37808415078116
              ],
              [
                8.622338736844165,
                35.37773276122731
              ],
              [
                8.622125631733242,
                35.377468798039246
              ],
              [
                8.621913340549325,
                35.377029302025505
              ],
              [
                8.621807814470081,
                35.3766779045586
              ],
              [
                8.621701864631852,
                35.37641427316059
              ],
              [
                8.621595120443315,
                35.37632617418504
              ],
              [
                8.621595933647608,
                35.37615064171893
              ],
              [
                8.621596340247109,
                35.376062875483946
              ],
              [
                8.621489587547444,
                35.375974776385426
              ],
              [
                8.621597153440817,
                35.37588734301016
              ],
              [
                8.62267035795657,
                35.37553960880042
              ],
              [
                8.622777516693239,
                35.37553994061201
              ],
              [
                8.623528841390101,
                35.37527896183852
              ],
              [
                8.62427450966936,
                35.37624669867788
              ],
              [
                8.624700728988817,
                35.37677461724905
              ],
              [
                8.62533926320678,
                35.37774202476503
              ],
              [
                8.625338860634992,
                35.377829791013276
              ],
              [
                8.625445610888587,
                35.37791788669705
              ],
              [
                8.625444806002443,
                35.37809341175016
              ],
              [
                8.625657521365184,
                35.378445135376424
              ],
              [
                8.62587023856361,
                35.378796858619125
              ],
              [
                8.626189317803252,
                35.37932444276396
              ],
              [
                8.62650920384261,
                35.37967649358344
              ],
              [
                8.626615164437641,
                35.37994012071881
              ],
              [
                8.626934252977728,
                35.380467702854176
              ],
              [
                8.627147381624335,
                35.38073165757539
              ],
              [
                8.627145778980692,
                35.38108272245888
              ],
              [
                8.627144977682397,
                35.38125824745384
              ],
              [
                8.627144176343188,
                35.38143377988277
              ],
              [
                8.627143374997022,
                35.381609312306566
              ],
              [
                8.62735530594494,
                35.382136565252615
              ],
              [
                8.62777997604638,
                35.38301553755181
              ],
              [
                8.627779576039261,
                35.38310330374767
              ],
              [
                8.627992314558238,
                35.383455015675835
              ],
              [
                8.628098284784436,
                35.38371864884469
              ],
              [
                8.628204655321122,
                35.3838945008479
              ],
              [
                8.62831182517299,
                35.38389482781885
              ],
              [
                8.628634132891781,
                35.3837202832135
              ],
              [
                8.628741701526906,
                35.38363283616659
              ],
              [
                8.628956439260246,
                35.38354573029573
              ],
              [
                8.62917116751533,
                35.383458609133335
              ],
              [
                8.629278744244532,
                35.38337117650464
              ],
              [
                8.629494267965615,
                35.383108529779264
              ],
              [
                8.629709401457532,
                35.3829336488946
              ],
              [
                8.629924136340298,
                35.38284653383701
              ],
              [
                8.630138870763977,
                35.38275941839371
              ],
              [
                8.630567941253288,
                35.38267295257974
              ],
              [
                8.63089023931676,
                35.38249839442228
              ],
              [
                8.631104575394437,
                35.38249904348259
              ],
              [
                8.631426475572697,
                35.3824122501194
              ],
              [
                8.633464626651708,
                35.381979560441664
              ],
              [
                8.633571794034467,
                35.381979882731834
              ],
              [
                8.633893689562154,
                35.3818930827595
              ],
              [
                8.634322751569721,
                35.3818066035469
              ],
              [
                8.634644253067705,
                35.3818075678448
              ],
              [
                8.636146548219678,
                35.38137322509307
              ],
              [
                8.636789938146212,
                35.38128737679765
              ],
              [
                8.637648039715579,
                35.38111440359138
              ],
              [
                8.638399369198392,
                35.38085333261486
              ],
              [
                8.639365412530655,
                35.38050512495732
              ],
              [
                8.63990201374339,
                35.380331176525544
              ],
              [
                8.640331824900377,
                35.38006914311816
              ],
              [
                8.640546540914372,
                35.37998200902701
              ],
              [
                8.640654091758398,
                35.37989455865308
              ],
              [
                8.64086880696675,
                35.37980742398194
              ],
              [
                8.641083521715935,
                35.37972028892522
              ],
              [
                8.641297850688403,
                35.379720919860176
              ],
              [
                8.641619729129046,
                35.37963409916952
              ],
              [
                8.641834442621764,
                35.37954696276842
              ],
              [
                8.642049540155506,
                35.379372059593564
              ],
              [
                8.642479348408544,
                35.379110018460885
              ],
              [
                8.643123480596461,
                35.378848603454706
              ],
              [
                8.64323102716515,
                35.378761150745326
              ],
              [
                8.643446885554564,
                35.37841071220169
              ],
              [
                8.643769521769414,
                35.37814835287951
              ],
              [
                8.644199691021587,
                35.377798546485614
              ],
              [
                8.644737027202446,
                35.377449043457894
              ],
              [
                8.644952112910062,
                35.37727413498573
              ],
              [
                8.645166435504027,
                35.37727475902094
              ],
              [
                8.645489061638663,
                35.377012394998886
              ],
              [
                8.645811305295654,
                35.376837796553986
              ],
              [
                8.646349007986233,
                35.37640051975363
              ],
              [
                8.646993864460748,
                35.37596355083441
              ],
              [
                8.64731609160351,
                35.37578895571572
              ],
              [
                8.647531176434985,
                35.37561404257286
              ],
              [
                8.647639083297765,
                35.37543881187689
              ],
              [
                8.647854157415692,
                35.37526389811327
              ],
              [
                8.647962072131806,
                35.3750886820164
              ],
              [
                8.648392593749328,
                35.37465108638982
              ],
              [
                8.648393348874372,
                35.374475553351786
              ],
              [
                8.648179789189815,
                35.37429940204367
              ],
              [
                8.647752672605098,
                35.373947098295886
              ],
              [
                8.647753050851417,
                35.37385933177328
              ],
              [
                8.647646272399687,
                35.373771255600325
              ],
              [
                8.647539503265667,
                35.37368317935935
              ],
              [
                8.647539881739078,
                35.3735954128349
              ],
              [
                8.647647407471904,
                35.37350795602399
              ],
              [
                8.647754563820273,
                35.373508265670054
              ],
              [
                8.647861720170283,
                35.373508575221095
              ],
              [
                8.647968876521933,
                35.373508884677115
              ],
              [
                8.648183189230155,
                35.373509503304085
              ],
              [
                8.648397501944933,
                35.37351012155098
              ],
              [
                8.648825373233262,
                35.37368688997875
              ],
              [
                8.649467560073056,
                35.37386427325154
              ],
              [
                8.649681497597152,
                35.37395265576658
              ],
              [
                8.649788654556689,
                35.37395296361223
              ],
              [
                8.650110876831445,
                35.37377835348851
              ],
              [
                8.650218784713282,
                35.37360312785441
              ],
              [
                8.65054100467428,
                35.373428516560224
              ],
              [
                8.65086321416563,
                35.37325390436776
              ],
              [
                8.651078275538051,
                35.37307898472864
              ],
              [
                8.650544756770776,
                35.372550858378574
              ],
              [
                8.650011611666253,
                35.37193495562984
              ],
              [
                8.649905209147008,
                35.37175911485172
              ],
              [
                8.649265673978077,
                35.37096736790845
              ],
              [
                8.647026839583527,
                35.368327884069096
              ],
              [
                8.646067434037452,
                35.367184122633056
              ],
              [
                8.645001290118158,
                35.36595228241385
              ],
              [
                8.644361848372672,
                35.36516050930423
              ],
              [
                8.643615657443503,
                35.364280653006794
              ],
              [
                8.64308301128191,
                35.36357696030933
              ],
              [
                8.642869491715986,
                35.36340079953489
              ],
              [
                8.642016959908595,
                35.36234508613293
              ],
              [
                8.641483561476049,
                35.36181691213548
              ],
              [
                8.640737432346333,
                35.360937045385
              ],
              [
                8.639563548382851,
                35.35988036701766
              ],
              [
                8.63892343214806,
                35.35926409824513
              ],
              [
                8.638603183705493,
                35.35899984591189
              ],
              [
                8.63849682273978,
                35.35882399495936
              ],
              [
                8.638819008629376,
                35.35864942173424
              ],
              [
                8.639034056786041,
                35.358474523031155
              ],
              [
                8.639141193169145,
                35.3584748401978
              ],
              [
                8.63946298932821,
                35.3583880244592
              ],
              [
                8.640214092751302,
                35.3581269399028
              ],
              [
                8.640643022230602,
                35.35804043711945
              ],
              [
                8.64075054365944,
                35.35795298616899
              ],
              [
                8.640965585821572,
                35.3577780839732
              ],
              [
                8.641073491800611,
                35.357602866032195
              ],
              [
                8.641502417613875,
                35.35751636016947
              ],
              [
                8.641931726838179,
                35.35734208607016
              ],
              [
                8.642361418072458,
                35.35708004371435
              ],
              [
                8.64268358880696,
                35.35690545260725
              ],
              [
                8.64311327531024,
                35.35664340753146
              ],
              [
                8.644509442103313,
                35.355857575333516
              ],
              [
                8.645046630718394,
                35.35550807623881
              ],
              [
                8.646657789773215,
                35.35454730882266
              ],
              [
                8.647409591439043,
                35.35411064543136
              ],
              [
                8.64805464160278,
                35.35358590135669
              ],
              [
                8.648698175691102,
                35.35341222107435
              ],
              [
                8.648912435311653,
                35.35341283810223
              ],
              [
                8.649019941679894,
                35.35332538707953
              ],
              [
                8.649234577464382,
                35.353238229259965
              ],
              [
                8.649449588845327,
                35.3530633190924
              ],
              [
                8.64987923327252,
                35.35280124211141
              ],
              [
                8.650201370894715,
                35.35262663808775
              ],
              [
                8.650201746192613,
                35.3525388712319
              ],
              [
                8.650310000402214,
                35.352275877875826
              ],
              [
                8.650311125923798,
                35.352012577286104
              ],
              [
                8.6503115010944,
                35.35192481042029
              ],
              [
                8.650419754112527,
                35.35166181693241
              ],
              [
                8.650313752083822,
                35.351398209198585
              ],
              [
                8.650207750737406,
                35.35113460136427
              ],
              [
                8.650208876543125,
                35.350871300727604
              ],
              [
                8.650103626931147,
                35.35043216645354
              ],
              [
                8.650104002336013,
                35.35034439212754
              ],
              [
                8.650105879176825,
                35.34990555767404
              ],
              [
                8.650213754833356,
                35.349730338607976
              ],
              [
                8.650321630053305,
                35.349555111998704
              ],
              [
                8.650537004199675,
                35.34929242537552
              ],
              [
                8.650752376947414,
                35.34902973834911
              ],
              [
                8.65107487199837,
                35.34876735743417
              ],
              [
                8.65160861282509,
                35.3492077231641
              ],
              [
                8.65257720358525,
                35.348157277519725
              ],
              [
                8.652364449371781,
                35.34780559185646
              ],
              [
                8.65215244316041,
                35.347278386787266
              ],
              [
                8.651940813044542,
                35.34666340691936
              ],
              [
                8.651622439649618,
                35.34596035375768
              ],
              [
                8.651409695235671,
                35.34560867378219
              ],
              [
                8.651197326774323,
                35.34516922645002
              ],
              [
                8.651090965367317,
                35.344993386150435
              ],
              [
                8.650878225763885,
                35.344641705211146
              ],
              [
                8.650666237320674,
                35.344114497362526
              ],
              [
                8.650559869348918,
                35.34393865655356
              ],
              [
                8.65045350186743,
                35.343762808209384
              ],
              [
                8.650029537765796,
                35.34270838308655
              ],
              [
                8.649391355987214,
                35.34165334073598
              ],
              [
                8.649178256158041,
                35.34138942371421
              ],
              [
                8.648646077851623,
                35.340597978979034
              ],
              [
                8.647155210174326,
                35.338575008524266
              ],
              [
                8.646408472357132,
                35.33787070836418
              ],
              [
                8.6460886627183,
                35.33751870824428
              ],
              [
                8.645661747485693,
                35.337166403585165
              ],
              [
                8.645341563549504,
                35.3369021610837
              ],
              [
                8.641502603047606,
                35.33302914529254
              ],
              [
                8.641076116184744,
                35.33258905737429
              ],
              [
                8.640756350397675,
                35.33223704310034
              ],
              [
                8.640543303227437,
                35.331973110757644
              ],
              [
                8.640116450265367,
                35.33162078653479
              ],
              [
                8.639689978323213,
                35.331180686273626
              ],
              [
                8.639050859629592,
                35.33038888244507
              ],
              [
                8.638731111251813,
                35.33003686279037
              ],
              [
                8.638198332753422,
                35.32942090578514
              ],
              [
                8.637236784533194,
                35.32889143995901
              ],
              [
                8.63712851992127,
                35.32915442255881
              ],
              [
                8.636912377916358,
                35.32959262035759
              ],
              [
                8.636589914144453,
                35.32985496450335
              ],
              [
                8.636269017544118,
                35.32976623958301
              ],
              [
                8.635948502956113,
                35.32958974673313
              ],
              [
                8.6354145757197,
                35.32923707873305
              ],
              [
                8.63498931604189,
                35.32853366076588
              ],
              [
                8.634457359779653,
                35.32774215321818
              ],
              [
                8.633923058614098,
                35.327477245703605
              ],
              [
                8.632852892008676,
                35.32729849185909
              ],
              [
                8.632317031033097,
                35.32738464552499
              ],
              [
                8.632102051480828,
                35.32755953358865
              ],
              [
                8.63210047341855,
                35.32791060176311
              ],
              [
                8.632098500802176,
                35.32834943695239
              ],
              [
                8.63220362525988,
                35.3287885951895
              ],
              [
                8.63230875083406,
                35.329227753310235
              ],
              [
                8.632200075407303,
                35.329578498401354
              ],
              [
                8.631771287883055,
                35.32966497248793
              ],
              [
                8.631129489489785,
                35.329487496231515
              ],
              [
                8.630699909225005,
                35.329749500521956
              ],
              [
                8.630377424902319,
                35.33001182796501
              ],
              [
                8.630269136602013,
                35.33027480422927
              ],
              [
                8.630267153914346,
                35.330713639156286
              ],
              [
                8.629943870554019,
                35.33115149931902
              ],
              [
                8.629407574582428,
                35.33132540679997
              ],
              [
                8.628550381903525,
                35.331410559071976
              ],
              [
                8.628120384290757,
                35.331760320947694
              ],
              [
                8.627904984981274,
                35.33202296823625
              ],
              [
                8.627904186748435,
                35.33219850211314
              ],
              [
                8.628117193211803,
                35.332462456472186
              ],
              [
                8.628329403721521,
                35.332901944317804
              ],
              [
                8.628542413432765,
                35.333165890477645
              ],
              [
                8.628970028875079,
                35.33334272882641
              ],
              [
                8.62929213340887,
                35.33316817232839
              ],
              [
                8.629613830198668,
                35.333081381872994
              ],
              [
                8.629826844538398,
                35.33334533322951
              ],
              [
                8.629932359862165,
                35.33369672610861
              ],
              [
                8.629501570201837,
                35.33422202660709
              ],
              [
                8.628749451054402,
                35.334746347469874
              ],
              [
                8.628319436492351,
                35.335096109757366
              ],
              [
                8.627890615763881,
                35.33518256979721
              ],
              [
                8.627462993053106,
                35.33500572763905
              ],
              [
                8.626820361513019,
                35.335003762239964
              ],
              [
                8.626284033452976,
                35.335177655555896
              ],
              [
                8.625854808811726,
                35.3353518752301
              ],
              [
                8.625530688665501,
                35.33596525674482
              ],
              [
                8.624446730142038,
                35.33877048558609
              ],
              [
                8.622936668061156,
                35.3410477926582
              ],
              [
                8.621321852161632,
                35.34279813904522
              ],
              [
                8.620891762854683,
                35.34314787398009
              ],
              [
                8.62057000787233,
                35.34323464074526
              ],
              [
                8.620139505369053,
                35.343672132198684
              ],
              [
                8.620032388761372,
                35.343671798309906
              ],
              [
                8.620031980924422,
                35.343759572439474
              ],
              [
                8.620030349731755,
                35.34411063174932
              ],
              [
                8.620028718476206,
                35.34446169847777
              ],
              [
                8.619919969080456,
                35.344812431187954
              ],
              [
                8.61970450833789,
                35.34507506291539
              ],
              [
                8.619168916085025,
                35.34507339053719
              ],
              [
                8.618633323876496,
                35.34507171578596
              ],
              [
                8.618098551538985,
                35.344894505357104
              ],
              [
                8.617562969660218,
                35.34489282589925
              ],
              [
                8.617026145525514,
                35.34515444396222
              ],
              [
                8.61681026323376,
                35.34550483708386
              ],
              [
                8.616487259621765,
                35.3458548927395
              ],
              [
                8.616271785026898,
                35.3461175182151
              ],
              [
                8.615736186107755,
                35.346115830583926
              ],
              [
                8.61552235926866,
                35.34602738825692
              ],
              [
                8.614559523667332,
                35.34576104303359
              ],
              [
                8.614237346665671,
                35.34593555942541
              ],
              [
                8.613915159200223,
                35.34611007491586
              ],
              [
                8.613054047361,
                35.34698502263742
              ],
              [
                8.612302120078294,
                35.3474214720798
              ],
              [
                8.611766512802328,
                35.347419766804705
              ],
              [
                8.611124201624055,
                35.34732995079632
              ],
              [
                8.610803682419178,
                35.34715339172732
              ],
              [
                8.610806189404098,
                35.34662679243127
              ],
              [
                8.61123634041851,
                35.34627709397792
              ],
              [
                8.611881550906304,
                35.34575254331626
              ],
              [
                8.61145557655627,
                35.3452245783924
              ],
              [
                8.610707009569545,
                35.344958885526445
              ],
              [
                8.610064300470341,
                35.34495683055473
              ],
              [
                8.609634570569893,
                35.34521875836532
              ],
              [
                8.609632894272494,
                35.34556982460087
              ],
              [
                8.609629960682037,
                35.3461841904638
              ],
              [
                8.609414463125407,
                35.34644680355295
              ],
              [
                8.608450381972155,
                35.34644370939195
              ],
              [
                8.607594684955103,
                35.346177652999025
              ],
              [
                8.606633150266587,
                35.34564794525463
              ],
              [
                8.605775774704393,
                35.34573294211966
              ],
              [
                8.602451249435152,
                35.346512050597966
              ],
              [
                8.600413392841803,
                35.347031990857815
              ],
              [
                8.599660977084493,
                35.347556127665754
              ],
              [
                8.599122786890602,
                35.34808095740709
              ],
              [
                8.598155666776018,
                35.34869214579191
              ],
              [
                8.597727174971112,
                35.34869073157088
              ],
              [
                8.597297818255814,
                35.34886484858858
              ],
              [
                8.597294790905408,
                35.34947921320003
              ],
              [
                8.597504284009998,
                35.350445343843546
              ],
              [
                8.597290033491381,
                35.35044463573776
              ],
              [
                8.596753974141507,
                35.35053063015997
              ],
              [
                8.59600453962042,
                35.35044037915834
              ],
              [
                8.59536135365242,
                35.35052601206006
              ],
              [
                8.595253358891334,
                35.35070118881479
              ],
              [
                8.593965235538812,
                35.35122350838389
              ],
              [
                8.592784669102349,
                35.35165840601164
              ],
              [
                8.59235352562118,
                35.35218357029282
              ],
              [
                8.591922394705833,
                35.352708733013735
              ],
              [
                8.591170740900857,
                35.353057275783854
              ],
              [
                8.589565584378075,
                35.352700813717206
              ],
              [
                8.588921923332906,
                35.352874178353275
              ],
              [
                8.588385406347285,
                35.35304789427062
              ],
              [
                8.58795290817568,
                35.35383634114165
              ],
              [
                8.587414600656196,
                35.3543611248502
              ],
              [
                8.587307026989507,
                35.35444852805561
              ],
              [
                8.586449095157539,
                35.35462115312054
              ],
              [
                8.586019238355224,
                35.354882995694176
              ],
              [
                8.58569428444534,
                35.35558403200206
              ],
              [
                8.585476466799113,
                35.35628542462612
              ],
              [
                8.585365315345948,
                35.35707495507813
              ],
              [
                8.584827424685333,
                35.35751196063536
              ],
              [
                8.583325304277182,
                35.35794566821427
              ],
              [
                8.582038341847454,
                35.35820456051656
              ],
              [
                8.581498617905439,
                35.3589926077764
              ],
              [
                8.580958433053622,
                35.35986842592826
              ],
              [
                8.580208024112252,
                35.359953608693324
              ],
              [
                8.579779022174248,
                35.36003989646227
              ],
              [
                8.578921472685735,
                35.36012470141401
              ],
              [
                8.578276833000126,
                35.36047354061694
              ],
              [
                8.578166974609127,
                35.36099975800319
              ],
              [
                8.57741337310306,
                35.36169928515666
              ],
              [
                8.575584696925594,
                35.36309720474363
              ],
              [
                8.575477559793207,
                35.36309683121112
              ],
              [
                8.575902019251886,
                35.363888210732576
              ],
              [
                8.578139768915653,
                35.36626570765527
              ],
              [
                8.578459847187972,
                35.3665301187659
              ],
              [
                8.579207609337963,
                35.36697153547243
              ],
              [
                8.579420994261211,
                35.367147807747216
              ],
              [
                8.579527689341965,
                35.367235943751645
              ],
              [
                8.579527237339114,
                35.36732370966558
              ],
              [
                8.579419185781989,
                35.36749887139557
              ],
              [
                8.579311133755082,
                35.36767403302062
              ],
              [
                8.579203538163407,
                35.36776142865384
              ],
              [
                8.57909593325483,
                35.367848824156944
              ],
              [
                8.57898833719926,
                35.367936219592785
              ],
              [
                8.579414212302325,
                35.36846429632275
              ],
              [
                8.579841000858034,
                35.36881683977224
              ],
              [
                8.580266890655004,
                35.369344913506474
              ],
              [
                8.580586086181366,
                35.3697848507619
              ],
              [
                8.580904379526373,
                35.37040031148198
              ],
              [
                8.581117331322453,
                35.37066434664736
              ],
              [
                8.581223132398497,
                35.370928012909836
              ],
              [
                8.581436086606995,
                35.37119204750719
              ],
              [
                8.581542339284756,
                35.37136794760309
              ],
              [
                8.581648592420644,
                35.371543847603604
              ],
              [
                8.581861100066842,
                35.37189564731856
              ],
              [
                8.58196735457716,
                35.372071547032995
              ],
              [
                8.58196600624324,
                35.37233484464192
              ],
              [
                8.58207226154802,
                35.37251074425686
              ],
              [
                8.582070913570956,
                35.372774034411066
              ],
              [
                8.582070464228675,
                35.372861800272936
              ],
              [
                8.582070014884442,
                35.3729495661335
              ],
              [
                8.582175821973841,
                35.37321323150414
              ],
              [
                8.58217537273782,
                35.37330099736077
              ],
              [
                8.582281629743694,
                35.37347689677535
              ],
              [
                8.582493242781979,
                35.374004227004
              ],
              [
                8.582599057136093,
                35.37426789199257
              ],
              [
                8.582704867627884,
                35.37453155686615
              ],
              [
                8.582704418942704,
                35.37461932270951
              ],
              [
                8.58281067425732,
                35.37479522162475
              ],
              [
                8.582916939115906,
                35.37497112047572
              ],
              [
                8.583022298681515,
                35.375322543435786
              ],
              [
                8.583129008340515,
                35.375410683681395
              ],
              [
                8.583127663650975,
                35.375673973744405
              ],
              [
                8.583127215404573,
                35.375761739575864
              ],
              [
                8.583125870653705,
                35.376025037062526
              ],
              [
                8.583124974143402,
                35.37620056871389
              ],
              [
                8.583230340661343,
                35.37655199889286
              ],
              [
                8.583229892511525,
                35.376639764712685
              ],
              [
                8.583228099892805,
                35.37699082797913
              ],
              [
                8.583333467851064,
                35.37734225803237
              ],
              [
                8.58333257174655,
                35.37751778965002
              ],
              [
                8.583439284649497,
                35.377605922172755
              ],
              [
                8.583653158862544,
                35.377694421128524
              ],
              [
                8.589577449971262,
                35.37165860025779
              ],
              [
                8.59280604305016,
                35.36886088750777
              ],
              [
                8.593126179704157,
                35.369125260051504
              ],
              [
                8.593125742390091,
                35.369213026088424
              ],
              [
                8.593018592395989,
                35.36921266803702
              ],
              [
                8.59291100485585,
                35.36930007592395
              ],
              [
                8.592910567306019,
                35.369387841955984
              ],
              [
                8.593016842693887,
                35.36956372472821
              ],
              [
                8.593123118502923,
                35.369739614844
              ],
              [
                8.593015530332499,
                35.369827030251486
              ],
              [
                8.593015092924345,
                35.369914788837946
              ],
              [
                8.59258561343129,
                35.37008888768302
              ],
              [
                8.59247803334117,
                35.37017629519122
              ],
              [
                8.592584737599616,
                35.370264419715745
              ],
              [
                8.592691022455949,
                35.37044031022145
              ],
              [
                8.592905316597061,
                35.3704410268014
              ],
              [
                8.59290487902255,
                35.370528792816785
              ],
              [
                8.592797289600021,
                35.37061620057088
              ],
              [
                8.592689709030797,
                35.370703608256754
              ],
              [
                8.592689271218616,
                35.37079137426594
              ],
              [
                8.592688833404534,
                35.37087914027388
              ],
              [
                8.592688395588551,
                35.370966906280515
              ],
              [
                8.592687957770671,
                35.37105467228587
              ],
              [
                8.592473214876204,
                35.37114172128097
              ],
              [
                8.59236606234171,
                35.37114136263399
              ],
              [
                8.592259339007546,
                35.37105323786213
              ],
              [
                8.592258900723774,
                35.37114100386156
              ],
              [
                8.592151318876764,
                35.37122841105192
              ],
              [
                8.592150442067735,
                35.371403943042026
              ],
              [
                8.592257147569669,
                35.371492067846425
              ],
              [
                8.592256270981204,
                35.37166759983118
              ],
              [
                8.592148688426857,
                35.37175500700686
              ],
              [
                8.592147811595003,
                35.371930538981594
              ],
              [
                8.59204021948745,
                35.37201794602336
              ],
              [
                8.591932627147893,
                35.37210535296651
              ],
              [
                8.591825034613521,
                35.37219275237197
              ],
              [
                8.591824157029444,
                35.37236829176596
              ],
              [
                8.591929556525821,
                35.37271971480342
              ],
              [
                8.592036711140722,
                35.37272007385141
              ],
              [
                8.59203627262599,
                35.37280783238509
              ],
              [
                8.591701201634276,
                35.375527491924096
              ],
              [
                8.589542589618507,
                35.37859208493017
              ],
              [
                8.589425723702883,
                35.38052257224637
              ],
              [
                8.589633425134165,
                35.3818397747163
              ],
              [
                8.59038050819357,
                35.3824566616024
              ],
              [
                8.590914145913887,
                35.38289729227268
              ],
              [
                8.591556275812755,
                35.38307498271561
              ],
              [
                8.592091240015245,
                35.383252310761875
              ],
              [
                8.594126124222388,
                35.38352240551604
              ],
              [
                8.594446758737664,
                35.383699015937445
              ],
              [
                8.595089773755662,
                35.38370115598522
              ],
              [
                8.596267757415683,
                35.383880602204705
              ],
              [
                8.596482530229489,
                35.383793539408074
              ],
              [
                8.596804038185661,
                35.38379460444508
              ],
              [
                8.597124679716043,
                35.38397120035873
              ],
              [
                8.597659662246606,
                35.3841485038435
              ],
              [
                8.597981171657604,
                35.38414956575744
              ],
              [
                8.598408987226478,
                35.3843265120614
              ],
              [
                8.598622464107208,
                35.384502750521804
              ],
              [
                8.59905028295606,
                35.3846796945662
              ],
              [
                8.599478534371984,
                35.384768871225
              ],
              [
                8.599799185635627,
                35.384945460076345
              ],
              [
                8.599905926292609,
                35.38503357813172
              ],
              [
                8.600119838301504,
                35.38512204808073
              ],
              [
                8.600226140569536,
                35.38529793170366
              ],
              [
                8.60043962397286,
                35.3854741669679
              ],
              [
                8.60065310830481,
                35.385650401855884
              ],
              [
                8.600758992187043,
                35.38591405091238
              ],
              [
                8.600865305957285,
                35.38608993399566
              ],
              [
                8.60097247836882,
                35.38609028523542
              ],
              [
                8.601186394339294,
                35.38617875330658
              ],
              [
                8.60118553661735,
                35.38635428505647
              ],
              [
                8.601292280671379,
                35.38644239444955
              ],
              [
                8.601184678887964,
                35.38652981680123
              ],
              [
                8.601076647959655,
                35.38670499004422
              ],
              [
                8.601183392279932,
                35.386793114408746
              ],
              [
                8.601182534568292,
                35.38696863870164
              ],
              [
                8.60128885062298,
                35.387144521396664
              ],
              [
                8.601287993092281,
                35.38732005312061
              ],
              [
                8.601501912646503,
                35.387408520638736
              ],
              [
                8.601501484108681,
                35.38749628649978
              ],
              [
                8.6016078015397,
                35.38767216890786
              ],
              [
                8.601607373112392,
                35.3877599347662
              ],
              [
                8.601714119429507,
                35.3878480512203
              ],
              [
                8.601820865978807,
                35.387936167580335
              ],
              [
                8.601713262797782,
                35.38802358293285
              ],
              [
                8.60171283447913,
                35.3881113487872
              ],
              [
                8.601819581371133,
                35.38819946514678
              ],
              [
                8.601926328495326,
                35.38828758141229
              ],
              [
                8.602033503827647,
                35.388287931729806
              ],
              [
                8.602033075851706,
                35.38837569758372
              ],
              [
                8.602032647873907,
                35.38846346343634
              ],
              [
                8.602032219894252,
                35.38855122928769
              ],
              [
                8.601924616116037,
                35.388638644815686
              ],
              [
                8.60192418801657,
                35.38872641066334
              ],
              [
                8.601708979527645,
                35.38890124141864
              ],
              [
                8.601601803388222,
                35.38890089080795
              ],
              [
                8.601601374934887,
                35.38898865664835
              ],
              [
                8.60170855119041,
                35.388989007260164
              ],
              [
                8.601708122851317,
                35.389076773100406
              ],
              [
                8.601815299224796,
                35.38907712361829
              ],
              [
                8.601921619380768,
                35.389253005722296
              ],
              [
                8.601814014580961,
                35.38934041369571
              ],
              [
                8.601706409512666,
                35.38942782900952
              ],
              [
                8.60181315811825,
                35.389515945366924
              ],
              [
                8.60181272988411,
                35.389603711200614
              ],
              [
                8.60191990695604,
                35.38960406163026
              ],
              [
                8.601919478836141,
                35.38969182746379
              ],
              [
                8.601919050714386,
                35.389779593296055
              ],
              [
                8.601811445170535,
                35.389867008694
              ],
              [
                8.60181101692896,
                35.38995477452255
              ],
              [
                8.601810588685527,
                35.39004254034984
              ],
              [
                8.601810160440237,
                35.39013030617583
              ],
              [
                8.601702982673544,
                35.390129955644305
              ],
              [
                8.601702125945177,
                35.39030548729018
              ],
              [
                8.601701697578207,
                35.3903932531112
              ],
              [
                8.601701269209377,
                35.39048101893092
              ],
              [
                8.601593662493322,
                35.39056843411708
              ],
              [
                8.60148562693843,
                35.39074361501823
              ],
              [
                8.601378019639972,
                35.39083103000469
              ],
              [
                8.60137716218521,
                35.39100656162322
              ],
              [
                8.601269554418595,
                35.39109397650622
              ],
              [
                8.601054767270922,
                35.39118104017493
              ],
              [
                8.60105390910461,
                35.39135657177637
              ],
              [
                8.601160659515832,
                35.39144468869424
              ],
              [
                8.60115980157058,
                35.391620220290264
              ],
              [
                8.601051763692622,
                35.391795393318525
              ],
              [
                8.600944154485118,
                35.39188281533011
              ],
              [
                8.601050476401268,
                35.39205869069185
              ],
              [
                8.601050047264057,
                35.392146463919424
              ],
              [
                8.601263979283972,
                35.39223492443119
              ],
              [
                8.601370731073674,
                35.39232304115973
              ],
              [
                8.601369873555667,
                35.39249857273467
              ],
              [
                8.601262263783486,
                35.392585987576524
              ],
              [
                8.601153795781695,
                35.39284893387986
              ],
              [
                8.601260548253226,
                35.39293705070135
              ],
              [
                8.601582092683408,
                35.39293810326082
              ],
              [
                8.601581235603845,
                35.39311363482236
              ],
              [
                8.602115004357506,
                35.39355421610762
              ],
              [
                8.602114148413163,
                35.393729747662576
              ],
              [
                8.602219191635285,
                35.39416892673097
              ],
              [
                8.602218763767173,
                35.394256692501244
              ],
              [
                8.601894644739913,
                35.39478223617653
              ],
              [
                8.601678563074227,
                35.39513259066384
              ],
              [
                8.601568378554191,
                35.395746600191
              ],
              [
                8.60178103547372,
                35.39609836445758
              ],
              [
                8.603068971475116,
                35.39575150132839
              ],
              [
                8.603283768660358,
                35.3956644342095
              ]
            ]
          ]
        },
        "sourcePagePaths": [
          [
            [
              323.21124267578125,
              146.53851318359375
            ],
            [
              325.7306823730469,
              147.25860595703125
            ],
            [
              343.366943359375,
              146.8985595703125
            ],
            [
              352.3650207519531,
              148.3387451171875
            ],
            [
              360.2833251953125,
              156.61978149414062
            ],
            [
              363.1627197265625,
              163.8206787109375
            ],
            [
              361.7230529785156,
              166.7010498046875
            ],
            [
              358.4837341308594,
              172.4617919921875
            ],
            [
              357.0440368652344,
              175.34213256835938
            ],
            [
              358.8436584472656,
              175.70217895507812
            ],
            [
              359.5635070800781,
              176.06222534179688
            ],
            [
              361.0032043457031,
              176.42227172851562
            ],
            [
              362.44287109375,
              177.14236450195312
            ],
            [
              364.24249267578125,
              177.50241088867188
            ],
            [
              366.40203857421875,
              177.86245727539062
            ],
            [
              368.20166015625,
              178.22250366210938
            ],
            [
              370.00128173828125,
              178.58255004882812
            ],
            [
              371.44097900390625,
              178.94259643554688
            ],
            [
              372.520751953125,
              178.94259643554688
            ],
            [
              374.32037353515625,
              179.30264282226562
            ],
            [
              376.1199645996094,
              179.66268920898438
            ],
            [
              377.1997375488281,
              180.02273559570312
            ],
            [
              377.9195861816406,
              180.38278198242188
            ],
            [
              378.9993591308594,
              180.74282836914062
            ],
            [
              381.5188293457031,
              181.46292114257812
            ],
            [
              381.5188293457031,
              182.54306030273438
            ],
            [
              381.1589050292969,
              182.903076171875
            ],
            [
              381.1589050292969,
              183.98321533203125
            ],
            [
              381.5188293457031,
              185.06338500976562
            ],
            [
              382.2386779785156,
              186.5035400390625
            ],
            [
              382.5986022949219,
              187.2236328125
            ],
            [
              382.2386779785156,
              188.30377197265625
            ],
            [
              382.2386779785156,
              188.663818359375
            ],
            [
              381.8787536621094,
              189.3839111328125
            ],
            [
              381.5188293457031,
              189.74395751953125
            ],
            [
              381.1589050292969,
              190.10400390625
            ],
            [
              380.7989807128906,
              190.8240966796875
            ],
            [
              380.4390563964844,
              191.18414306640625
            ],
            [
              379.3592834472656,
              191.90423583984375
            ],
            [
              378.9993591308594,
              192.62432861328125
            ],
            [
              378.2795104980469,
              193.34442138671875
            ],
            [
              377.5596618652344,
              194.06451416015625
            ],
            [
              376.4798889160156,
              195.50466918945312
            ],
            [
              376.1199645996094,
              195.86471557617188
            ],
            [
              375.4001159667969,
              196.58480834960938
            ],
            [
              375.0401916503906,
              197.30490112304688
            ],
            [
              374.6802673339844,
              197.30490112304688
            ],
            [
              374.6802673339844,
              197.66494750976562
            ],
            [
              374.32037353515625,
              198.02499389648438
            ],
            [
              373.9604187011719,
              198.74508666992188
            ],
            [
              373.60052490234375,
              199.10513305664062
            ],
            [
              373.2405700683594,
              199.46517944335938
            ],
            [
              372.1607971191406,
              200.18527221679688
            ],
            [
              371.44097900390625,
              200.54531860351562
            ],
            [
              370.3612060546875,
              201.62545776367188
            ],
            [
              369.28143310546875,
              202.70559692382812
            ],
            [
              367.12188720703125,
              204.50582885742188
            ],
            [
              366.761962890625,
              204.50582885742188
            ],
            [
              365.68218994140625,
              205.22592163085938
            ],
            [
              365.322265625,
              205.58596801757812
            ],
            [
              365.322265625,
              205.94601440429688
            ],
            [
              365.68218994140625,
              206.30606079101562
            ],
            [
              365.68218994140625,
              206.66607666015625
            ],
            [
              365.68218994140625,
              207.02615356445312
            ],
            [
              365.68218994140625,
              207.7462158203125
            ],
            [
              365.68218994140625,
              208.10626220703125
            ],
            [
              365.322265625,
              208.46630859375
            ],
            [
              365.322265625,
              208.82638549804688
            ],
            [
              365.322265625,
              209.1864013671875
            ],
            [
              365.322265625,
              209.906494140625
            ],
            [
              364.96234130859375,
              210.26654052734375
            ],
            [
              364.6024169921875,
              210.6265869140625
            ],
            [
              363.882568359375,
              211.3466796875
            ],
            [
              363.52264404296875,
              211.70672607421875
            ],
            [
              363.1627197265625,
              212.42681884765625
            ],
            [
              363.1627197265625,
              212.786865234375
            ],
            [
              362.80279541015625,
              212.786865234375
            ],
            [
              362.80279541015625,
              213.14691162109375
            ],
            [
              362.44287109375,
              213.14691162109375
            ],
            [
              362.08294677734375,
              213.5069580078125
            ],
            [
              362.08294677734375,
              213.86700439453125
            ],
            [
              361.7230529785156,
              214.22705078125
            ],
            [
              361.7230529785156,
              214.58709716796875
            ],
            [
              361.36309814453125,
              214.9471435546875
            ],
            [
              361.0032043457031,
              215.667236328125
            ],
            [
              361.0032043457031,
              216.02728271484375
            ],
            [
              361.7230529785156,
              216.3873291015625
            ],
            [
              362.08294677734375,
              216.74737548828125
            ],
            [
              362.44287109375,
              217.107421875
            ],
            [
              362.80279541015625,
              217.8275146484375
            ],
            [
              363.1627197265625,
              218.18756103515625
            ],
            [
              363.52264404296875,
              218.54757690429688
            ],
            [
              363.882568359375,
              218.90765380859375
            ],
            [
              363.882568359375,
              219.26766967773438
            ],
            [
              364.24249267578125,
              219.98776245117188
            ],
            [
              364.6024169921875,
              220.70785522460938
            ],
            [
              364.96234130859375,
              221.06790161132812
            ],
            [
              365.322265625,
              221.42794799804688
            ],
            [
              365.322265625,
              221.78799438476562
            ],
            [
              365.68218994140625,
              222.14804077148438
            ],
            [
              366.0421142578125,
              222.50808715820312
            ],
            [
              366.0421142578125,
              222.86813354492188
            ],
            [
              365.68218994140625,
              223.22817993164062
            ],
            [
              365.322265625,
              223.58822631835938
            ],
            [
              368.9215087890625,
              226.46859741210938
            ],
            [
              369.28143310546875,
              224.66836547851562
            ],
            [
              369.641357421875,
              223.94827270507812
            ],
            [
              370.3612060546875,
              222.86813354492188
            ],
            [
              370.72113037109375,
              222.50808715820312
            ],
            [
              371.44097900390625,
              222.14804077148438
            ],
            [
              372.1607971191406,
              221.42794799804688
            ],
            [
              373.2405700683594,
              220.34780883789062
            ],
            [
              374.32037353515625,
              218.90765380859375
            ],
            [
              374.6802673339844,
              218.54757690429688
            ],
            [
              374.6802673339844,
              218.18756103515625
            ],
            [
              375.0401916503906,
              217.8275146484375
            ],
            [
              375.4001159667969,
              217.8275146484375
            ],
            [
              375.4001159667969,
              217.46746826171875
            ],
            [
              375.7600402832031,
              217.46746826171875
            ],
            [
              376.1199645996094,
              217.107421875
            ],
            [
              376.1199645996094,
              216.74737548828125
            ],
            [
              376.1199645996094,
              216.3873291015625
            ],
            [
              376.1199645996094,
              216.02728271484375
            ],
            [
              375.7600402832031,
              215.30718994140625
            ],
            [
              375.7600402832031,
              214.58709716796875
            ],
            [
              375.7600402832031,
              213.86700439453125
            ],
            [
              376.8398132324219,
              213.14691162109375
            ],
            [
              377.1997375488281,
              212.786865234375
            ],
            [
              378.2795104980469,
              212.42681884765625
            ],
            [
              378.6394348144531,
              212.42681884765625
            ],
            [
              378.9993591308594,
              212.42681884765625
            ],
            [
              379.3592834472656,
              212.0667724609375
            ],
            [
              379.3592834472656,
              211.70672607421875
            ],
            [
              379.3592834472656,
              211.3466796875
            ],
            [
              378.9993591308594,
              210.98663330078125
            ],
            [
              378.9993591308594,
              210.6265869140625
            ],
            [
              378.9993591308594,
              210.26654052734375
            ],
            [
              378.9993591308594,
              209.906494140625
            ],
            [
              379.3592834472656,
              209.54644775390625
            ],
            [
              380.0791320800781,
              209.54644775390625
            ],
            [
              380.7989807128906,
              209.54644775390625
            ],
            [
              381.1589050292969,
              209.1864013671875
            ],
            [
              381.5188293457031,
              209.54644775390625
            ],
            [
              381.5188293457031,
              209.906494140625
            ],
            [
              381.8787536621094,
              210.26654052734375
            ],
            [
              382.2386779785156,
              210.26654052734375
            ],
            [
              382.2386779785156,
              210.6265869140625
            ],
            [
              382.9585266113281,
              211.3466796875
            ],
            [
              383.3184509277344,
              211.70672607421875
            ],
            [
              383.6783752441406,
              212.0667724609375
            ],
            [
              384.3982238769531,
              212.42681884765625
            ],
            [
              384.75811767578125,
              212.786865234375
            ],
            [
              385.47796630859375,
              213.14691162109375
            ],
            [
              385.47796630859375,
              213.5069580078125
            ],
            [
              385.837890625,
              213.86700439453125
            ],
            [
              386.19781494140625,
              213.86700439453125
            ],
            [
              386.19781494140625,
              214.22705078125
            ],
            [
              386.19781494140625,
              214.58709716796875
            ],
            [
              385.837890625,
              214.9471435546875
            ],
            [
              385.1180725097656,
              215.667236328125
            ],
            [
              385.837890625,
              217.107421875
            ],
            [
              386.5577392578125,
              217.46746826171875
            ],
            [
              386.91766357421875,
              217.8275146484375
            ],
            [
              387.63751220703125,
              218.54757690429688
            ],
            [
              387.277587890625,
              218.90765380859375
            ],
            [
              386.91766357421875,
              220.34780883789062
            ],
            [
              386.19781494140625,
              221.42794799804688
            ],
            [
              385.47796630859375,
              223.22817993164062
            ],
            [
              385.1180725097656,
              224.66836547851562
            ],
            [
              384.75811767578125,
              225.74850463867188
            ],
            [
              384.3982238769531,
              226.10855102539062
            ],
            [
              384.3982238769531,
              226.82864379882812
            ],
            [
              384.3982238769531,
              227.18869018554688
            ],
            [
              384.0382995605469,
              227.54873657226562
            ],
            [
              384.3982238769531,
              227.90878295898438
            ],
            [
              387.9974365234375,
              229.34893798828125
            ],
            [
              388.35736083984375,
              229.34893798828125
            ],
            [
              390.8768310546875,
              230.4290771484375
            ],
            [
              393.39630126953125,
              226.46859741210938
            ],
            [
              394.83599853515625,
              224.30831909179688
            ],
            [
              396.99554443359375,
              220.34780883789062
            ],
            [
              396.99554443359375,
              219.98776245117188
            ],
            [
              397.3554382324219,
              219.62771606445312
            ],
            [
              397.3554382324219,
              218.90765380859375
            ],
            [
              398.0752868652344,
              217.46746826171875
            ],
            [
              398.7951354980469,
              216.02728271484375
            ],
            [
              399.8749084472656,
              213.86700439453125
            ],
            [
              400.9546813964844,
              212.42681884765625
            ],
            [
              401.3146057128906,
              211.3466796875
            ],
            [
              402.3943786621094,
              209.1864013671875
            ],
            [
              403.1142272949219,
              208.10626220703125
            ],
            [
              403.1142272949219,
              206.66607666015625
            ],
            [
              403.1142272949219,
              205.94601440429688
            ],
            [
              403.1142272949219,
              205.22592163085938
            ],
            [
              403.1142272949219,
              204.50582885742188
            ],
            [
              403.8340759277344,
              202.34555053710938
            ],
            [
              405.2737731933594,
              198.74508666992188
            ],
            [
              405.2737731933594,
              198.38504028320312
            ],
            [
              405.9936218261719,
              196.94488525390625
            ],
            [
              406.3535461425781,
              195.86471557617188
            ],
            [
              406.7134704589844,
              195.1446533203125
            ],
            [
              407.0733947753906,
              195.1446533203125
            ],
            [
              408.1531677246094,
              195.86471557617188
            ],
            [
              408.5130920410156,
              196.22479248046875
            ],
            [
              409.2329406738281,
              196.58480834960938
            ],
            [
              409.9527587890625,
              196.94488525390625
            ],
            [
              410.3127136230469,
              197.30490112304688
            ],
            [
              411.03253173828125,
              198.38504028320312
            ],
            [
              411.75238037109375,
              199.10513305664062
            ],
            [
              412.47222900390625,
              199.46517944335938
            ],
            [
              413.19207763671875,
              199.82522583007812
            ],
            [
              414.63177490234375,
              200.18527221679688
            ],
            [
              415.7115478515625,
              200.90536499023438
            ],
            [
              416.431396484375,
              200.90536499023438
            ],
            [
              417.51116943359375,
              201.26541137695312
            ],
            [
              424.3497009277344,
              203.06564331054688
            ],
            [
              424.7096252441406,
              203.06564331054688
            ],
            [
              425.7893981933594,
              203.42568969726562
            ],
            [
              427.2290954589844,
              203.78573608398438
            ],
            [
              428.3088684082031,
              203.78573608398438
            ],
            [
              433.3478088378906,
              205.58596801757812
            ],
            [
              435.5073547363281,
              205.94601440429688
            ],
            [
              438.38671875,
              206.66607666015625
            ],
            [
              440.90618896484375,
              207.7462158203125
            ],
            [
              444.1455078125,
              209.1864013671875
            ],
            [
              445.94512939453125,
              209.906494140625
            ],
            [
              447.3847961425781,
              210.98663330078125
            ],
            [
              448.1046447753906,
              211.3466796875
            ],
            [
              448.4645690917969,
              211.70672607421875
            ],
            [
              449.1844177246094,
              212.0667724609375
            ],
            [
              449.9042663574219,
              212.42681884765625
            ],
            [
              450.6241149902344,
              212.42681884765625
            ],
            [
              451.7038879394531,
              212.786865234375
            ],
            [
              452.4237365722656,
              213.14691162109375
            ],
            [
              453.1435852050781,
              213.86700439453125
            ],
            [
              454.5832824707031,
              214.9471435546875
            ],
            [
              456.7428283691406,
              216.02728271484375
            ],
            [
              457.1027526855469,
              216.3873291015625
            ],
            [
              457.8226013183594,
              217.8275146484375
            ],
            [
              458.9023742675781,
              218.90765380859375
            ],
            [
              460.342041015625,
              220.34780883789062
            ],
            [
              462.14166259765625,
              221.78799438476562
            ],
            [
              462.86151123046875,
              222.50808715820312
            ],
            [
              463.58135986328125,
              222.50808715820312
            ],
            [
              464.6611328125,
              223.58822631835938
            ],
            [
              465.74090576171875,
              224.30831909179688
            ],
            [
              467.54052734375,
              226.10855102539062
            ],
            [
              469.7000732421875,
              227.90878295898438
            ],
            [
              470.7798156738281,
              228.62884521484375
            ],
            [
              471.49969482421875,
              229.34893798828125
            ],
            [
              471.8595886230469,
              230.06906127929688
            ],
            [
              472.5794372558594,
              230.78915405273438
            ],
            [
              472.9393615722656,
              231.50921630859375
            ],
            [
              474.3790588378906,
              233.3094482421875
            ],
            [
              474.3790588378906,
              234.029541015625
            ],
            [
              473.6592102050781,
              234.7496337890625
            ],
            [
              472.2195129394531,
              236.1898193359375
            ],
            [
              472.2195129394531,
              236.54986572265625
            ],
            [
              471.8595886230469,
              236.909912109375
            ],
            [
              471.49969482421875,
              237.26995849609375
            ],
            [
              471.49969482421875,
              237.6300048828125
            ],
            [
              471.8595886230469,
              237.99005126953125
            ],
            [
              472.2195129394531,
              237.99005126953125
            ],
            [
              472.5794372558594,
              237.99005126953125
            ],
            [
              472.9393615722656,
              237.99005126953125
            ],
            [
              473.6592102050781,
              237.99005126953125
            ],
            [
              474.3790588378906,
              237.99005126953125
            ],
            [
              475.8187561035156,
              237.26995849609375
            ],
            [
              477.9783020019531,
              236.54986572265625
            ],
            [
              478.6981506347656,
              236.1898193359375
            ],
            [
              479.0580749511719,
              236.1898193359375
            ],
            [
              480.1378479003906,
              236.909912109375
            ],
            [
              480.4977722167969,
              237.6300048828125
            ],
            [
              481.5775451660156,
              238.35009765625
            ],
            [
              482.65728759765625,
              239.0701904296875
            ],
            [
              483.37713623046875,
              239.790283203125
            ],
            [
              481.5775451660156,
              241.95053100585938
            ],
            [
              479.7779235839844,
              244.47085571289062
            ],
            [
              479.4179992675781,
              245.19094848632812
            ],
            [
              477.2584533691406,
              248.43136596679688
            ],
            [
              469.7000732421875,
              259.23272705078125
            ],
            [
              466.46075439453125,
              263.913330078125
            ],
            [
              462.86151123046875,
              268.9539489746094
            ],
            [
              460.70196533203125,
              272.1943664550781
            ],
            [
              458.1824951171875,
              275.7948303222656
            ],
            [
              456.3829040527344,
              278.6751708984375
            ],
            [
              455.6630554199219,
              279.395263671875
            ],
            [
              452.7836608886719,
              283.7158203125
            ],
            [
              450.9840393066406,
              285.8760986328125
            ],
            [
              448.4645690917969,
              289.4765319824219
            ],
            [
              444.50543212890625,
              293.7970886230469
            ],
            [
              442.34588623046875,
              296.3174133300781
            ],
            [
              441.26611328125,
              297.3975524902344
            ],
            [
              440.90618896484375,
              298.1176452636719
            ],
            [
              441.9859619140625,
              298.83770751953125
            ],
            [
              442.705810546875,
              299.55780029296875
            ],
            [
              443.06573486328125,
              299.55780029296875
            ],
            [
              444.1455078125,
              299.9178466796875
            ],
            [
              446.6649475097656,
              300.99798583984375
            ],
            [
              448.1046447753906,
              301.3580322265625
            ],
            [
              448.4645690917969,
              301.71807861328125
            ],
            [
              449.1844177246094,
              302.43817138671875
            ],
            [
              449.5443420410156,
              303.15826416015625
            ],
            [
              450.9840393066406,
              303.518310546875
            ],
            [
              452.4237365722656,
              304.2384033203125
            ],
            [
              453.8634338378906,
              305.31854248046875
            ],
            [
              454.9432067871094,
              306.03863525390625
            ],
            [
              456.3829040527344,
              307.1187744140625
            ],
            [
              461.0618896484375,
              310.35919189453125
            ],
            [
              462.86151123046875,
              311.7993469238281
            ],
            [
              468.2603759765625,
              315.7598571777344
            ],
            [
              470.7798156738281,
              317.5600891113281
            ],
            [
              472.9393615722656,
              319.7203674316406
            ],
            [
              475.0989074707031,
              320.4404602050781
            ],
            [
              475.8187561035156,
              320.4404602050781
            ],
            [
              476.1786804199219,
              320.80047607421875
            ],
            [
              476.8985290527344,
              321.1605529785156
            ],
            [
              477.6183776855469,
              321.880615234375
            ],
            [
              479.0580749511719,
              322.9607849121094
            ],
            [
              480.1378479003906,
              323.68084716796875
            ],
            [
              480.1378479003906,
              324.0408935546875
            ],
            [
              480.4977722167969,
              325.12103271484375
            ],
            [
              480.4977722167969,
              326.201171875
            ],
            [
              480.4977722167969,
              326.56121826171875
            ],
            [
              480.8576965332031,
              327.641357421875
            ],
            [
              480.4977722167969,
              328.72149658203125
            ],
            [
              480.1378479003906,
              329.8016357421875
            ],
            [
              480.1378479003906,
              330.88177490234375
            ],
            [
              479.7779235839844,
              332.6819763183594
            ],
            [
              479.7779235839844,
              333.04205322265625
            ],
            [
              479.7779235839844,
              334.84228515625
            ],
            [
              480.1378479003906,
              335.5623474121094
            ],
            [
              480.4977722167969,
              336.2824401855469
            ],
            [
              481.2176208496094,
              337.3625793457031
            ],
            [
              481.9374694824219,
              338.4427185058594
            ],
            [
              483.0172424316406,
              339.5228576660156
            ],
            [
              484.81683349609375,
              337.7226257324219
            ],
            [
              488.05615234375,
              342.04315185546875
            ],
            [
              487.3363037109375,
              343.4833679199219
            ],
            [
              486.616455078125,
              345.64361572265625
            ],
            [
              485.8966064453125,
              348.1639404296875
            ],
            [
              484.81683349609375,
              351.0443115234375
            ],
            [
              484.09698486328125,
              352.4844970703125
            ],
            [
              483.37713623046875,
              354.28472900390625
            ],
            [
              483.0172424316406,
              355.00482177734375
            ],
            [
              482.2973937988281,
              356.44500732421875
            ],
            [
              481.5775451660156,
              358.6052551269531
            ],
            [
              481.2176208496094,
              359.3253479003906
            ],
            [
              480.8576965332031,
              360.04547119140625
            ],
            [
              479.4179992675781,
              364.3659973144531
            ],
            [
              477.2584533691406,
              368.6865234375
            ],
            [
              476.5386047363281,
              369.76666259765625
            ],
            [
              474.7389831542969,
              373.007080078125
            ],
            [
              469.7000732421875,
              381.28814697265625
            ],
            [
              467.18060302734375,
              384.1684875488281
            ],
            [
              466.100830078125,
              385.6086730957031
            ],
            [
              464.6611328125,
              387.048828125
            ],
            [
              463.58135986328125,
              388.1289978027344
            ],
            [
              450.6241149902344,
              403.97100830078125
            ],
            [
              449.1844177246094,
              405.7712097167969
            ],
            [
              448.1046447753906,
              407.2113952636719
            ],
            [
              447.3847961425781,
              408.2915344238281
            ],
            [
              445.94512939453125,
              409.731689453125
            ],
            [
              444.50543212890625,
              411.53192138671875
            ],
            [
              442.34588623046875,
              414.7723388671875
            ],
            [
              441.26611328125,
              416.2125244140625
            ],
            [
              439.46649169921875,
              418.73284912109375
            ],
            [
              436.2271728515625,
              420.89312744140625
            ],
            [
              435.86724853515625,
              419.81298828125
            ],
            [
              435.14739990234375,
              418.01275634765625
            ],
            [
              434.067626953125,
              416.9326171875
            ],
            [
              432.9878845214844,
              417.29266357421875
            ],
            [
              431.9081115722656,
              418.01275634765625
            ],
            [
              430.1084899902344,
              419.45294189453125
            ],
            [
              428.6687927246094,
              422.33331298828125
            ],
            [
              426.8691711425781,
              425.57373046875
            ],
            [
              425.0695495605469,
              426.65386962890625
            ],
            [
              421.4703063964844,
              427.37396240234375
            ],
            [
              419.67071533203125,
              427.013916015625
            ],
            [
              418.95086669921875,
              426.2938232421875
            ],
            [
              418.95086669921875,
              424.8536376953125
            ],
            [
              418.95086669921875,
              423.05340576171875
            ],
            [
              419.310791015625,
              421.253173828125
            ],
            [
              419.67071533203125,
              419.45294189453125
            ],
            [
              419.310791015625,
              418.01275634765625
            ],
            [
              417.87109375,
              417.6527099609375
            ],
            [
              415.7115478515625,
              418.372802734375
            ],
            [
              414.2718505859375,
              417.29266357421875
            ],
            [
              413.19207763671875,
              416.2125244140625
            ],
            [
              412.8321533203125,
              415.13238525390625
            ],
            [
              412.8321533203125,
              413.3321533203125
            ],
            [
              411.75238037109375,
              411.53192138671875
            ],
            [
              409.9527587890625,
              410.81182861328125
            ],
            [
              407.0733947753906,
              410.4518127441406
            ],
            [
              405.6336975097656,
              409.0116271972656
            ],
            [
              404.9138488769531,
              407.9314880371094
            ],
            [
              404.9138488769531,
              407.2113952636719
            ],
            [
              405.6336975097656,
              406.1312561035156
            ],
            [
              406.3535461425781,
              404.3310241699219
            ],
            [
              407.0733947753906,
              403.25091552734375
            ],
            [
              408.5130920410156,
              402.53082275390625
            ],
            [
              409.5928649902344,
              403.25091552734375
            ],
            [
              410.672607421875,
              403.6109619140625
            ],
            [
              411.3924560546875,
              402.53082275390625
            ],
            [
              411.75238037109375,
              401.09063720703125
            ],
            [
              410.3127136230469,
              398.93035888671875
            ],
            [
              407.7932434082031,
              396.77008056640625
            ],
            [
              406.3535461425781,
              395.32989501953125
            ],
            [
              404.9138488769531,
              394.9698486328125
            ],
            [
              403.4741516113281,
              395.68994140625
            ],
            [
              401.3146057128906,
              395.68994140625
            ],
            [
              399.5149841308594,
              394.9698486328125
            ],
            [
              398.0752868652344,
              394.249755859375
            ],
            [
              396.99554443359375,
              391.72943115234375
            ],
            [
              393.39630126953125,
              380.2080078125
            ],
            [
              388.35736083984375,
              370.8468017578125
            ],
            [
              382.9585266113281,
              363.6459045410156
            ],
            [
              381.5188293457031,
              362.2057189941406
            ],
            [
              380.4390563964844,
              361.8456726074219
            ],
            [
              378.9993591308594,
              360.04547119140625
            ],
            [
              378.6394348144531,
              360.04547119140625
            ],
            [
              378.6394348144531,
              359.6853942871094
            ],
            [
              378.6394348144531,
              358.2452392578125
            ],
            [
              378.6394348144531,
              356.8050537109375
            ],
            [
              378.2795104980469,
              355.3648681640625
            ],
            [
              377.5596618652344,
              354.28472900390625
            ],
            [
              375.7600402832031,
              354.28472900390625
            ],
            [
              373.9604187011719,
              354.28472900390625
            ],
            [
              372.1607971191406,
              355.00482177734375
            ],
            [
              370.3612060546875,
              355.00482177734375
            ],
            [
              368.56158447265625,
              353.9246826171875
            ],
            [
              367.84173583984375,
              352.4844970703125
            ],
            [
              366.761962890625,
              351.0443115234375
            ],
            [
              366.0421142578125,
              349.96417236328125
            ],
            [
              364.24249267578125,
              349.96417236328125
            ],
            [
              363.52264404296875,
              350.32421875
            ],
            [
              360.2833251953125,
              351.40435791015625
            ],
            [
              359.2035827636719,
              350.68426513671875
            ],
            [
              358.1238098144531,
              349.96417236328125
            ],
            [
              355.2444152832031,
              346.36370849609375
            ],
            [
              352.7249450683594,
              344.5634765625
            ],
            [
              350.9253234863281,
              344.5634765625
            ],
            [
              348.7657775878906,
              344.92352294921875
            ],
            [
              347.68603515625,
              345.64361572265625
            ],
            [
              347.68603515625,
              347.80389404296875
            ],
            [
              349.125732421875,
              349.24407958984375
            ],
            [
              351.2852478027344,
              351.40435791015625
            ],
            [
              349.8455505371094,
              353.56463623046875
            ],
            [
              347.32611083984375,
              354.644775390625
            ],
            [
              345.16656494140625,
              354.644775390625
            ],
            [
              343.72686767578125,
              353.56463623046875
            ],
            [
              343.72686767578125,
              352.12445068359375
            ],
            [
              343.72686767578125,
              349.6041259765625
            ],
            [
              343.00701904296875,
              348.52398681640625
            ],
            [
              339.7677001953125,
              348.52398681640625
            ],
            [
              336.8883056640625,
              349.6041259765625
            ],
            [
              333.6490173339844,
              351.764404296875
            ],
            [
              330.7696228027344,
              351.40435791015625
            ],
            [
              319.61199951171875,
              348.1639404296875
            ],
            [
              312.7734375,
              346.003662109375
            ],
            [
              310.2539978027344,
              343.8433837890625
            ],
            [
              308.4543762207031,
              341.6831359863281
            ],
            [
              305.2150573730469,
              339.1628112792969
            ],
            [
              303.7753601074219,
              339.1628112792969
            ],
            [
              302.3356628417969,
              338.4427185058594
            ],
            [
              302.3356628417969,
              335.9223937988281
            ],
            [
              303.0555114746094,
              331.9619140625
            ],
            [
              302.3356628417969,
              331.9619140625
            ],
            [
              300.5360412597656,
              331.60186767578125
            ],
            [
              298.0166015625,
              331.9619140625
            ],
            [
              295.8570556640625,
              331.60186767578125
            ],
            [
              295.49713134765625,
              330.88177490234375
            ],
            [
              291.17803955078125,
              328.72149658203125
            ],
            [
              287.2189025878906,
              326.9212646484375
            ],
            [
              285.7791748046875,
              324.760986328125
            ],
            [
              284.3395080566406,
              322.6007080078125
            ],
            [
              281.8200378417969,
              321.1605529785156
            ],
            [
              276.42120361328125,
              322.6007080078125
            ],
            [
              274.2616271972656,
              321.880615234375
            ],
            [
              272.4620361328125,
              321.1605529785156
            ],
            [
              271.0223388671875,
              317.9201354980469
            ],
            [
              269.22271728515625,
              315.7598571777344
            ],
            [
              268.86279296875,
              315.3998107910156
            ],
            [
              265.9833984375,
              314.6797180175781
            ],
            [
              264.543701171875,
              313.5995788574219
            ],
            [
              263.46392822265625,
              310.7192077636719
            ],
            [
              262.7441101074219,
              307.8388671875
            ],
            [
              262.3841552734375,
              304.59844970703125
            ],
            [
              260.5845642089844,
              302.7982177734375
            ],
            [
              255.54562377929688,
              300.99798583984375
            ],
            [
              251.22654724121094,
              299.9178466796875
            ],
            [
              249.4269256591797,
              296.6774597167969
            ],
            [
              247.62730407714844,
              293.0769958496094
            ],
            [
              245.10784912109375,
              292.7169494628906
            ],
            [
              243.66815185546875,
              292.3569030761719
            ],
            [
              240.7887725830078,
              291.9968566894531
            ],
            [
              238.6292266845703,
              290.5566711425781
            ],
            [
              238.26930236816406,
              288.39642333984375
            ],
            [
              235.74984741210938,
              285.51605224609375
            ],
            [
              229.63113403320312,
              279.75531005859375
            ],
            [
              229.27122497558594,
              279.75531005859375
            ],
            [
              230.71090698242188,
              276.5149230957031
            ],
            [
              238.26930236816406,
              266.7936706542969
            ],
            [
              239.3490753173828,
              265.7135314941406
            ],
            [
              241.86854553222656,
              263.913330078125
            ],
            [
              242.58837890625,
              263.1932373046875
            ],
            [
              242.94830322265625,
              262.83319091796875
            ],
            [
              242.94830322265625,
              262.47314453125
            ],
            [
              242.58837890625,
              261.7530517578125
            ],
            [
              242.22845458984375,
              261.032958984375
            ],
            [
              241.86854553222656,
              260.67291259765625
            ],
            [
              241.50860595703125,
              260.3128662109375
            ],
            [
              241.14869689941406,
              259.95281982421875
            ],
            [
              242.58837890625,
              257.79254150390625
            ],
            [
              244.028076171875,
              256.35235595703125
            ],
            [
              245.4677734375,
              254.19207763671875
            ],
            [
              246.54754638671875,
              252.391845703125
            ],
            [
              247.62730407714844,
              249.87155151367188
            ],
            [
              248.34715270996094,
              248.79141235351562
            ],
            [
              248.7070770263672,
              247.71127319335938
            ],
            [
              249.4269256591797,
              246.63113403320312
            ],
            [
              249.78684997558594,
              245.91104125976562
            ],
            [
              250.1467742919922,
              245.19094848632812
            ],
            [
              250.8666229248047,
              243.75076293945312
            ],
            [
              251.22654724121094,
              243.03067016601562
            ],
            [
              251.22654724121094,
              241.95053100585938
            ],
            [
              251.5864715576172,
              241.23043823242188
            ],
            [
              251.5864715576172,
              240.15032958984375
            ],
            [
              251.5864715576172,
              239.790283203125
            ],
            [
              251.5864715576172,
              239.43023681640625
            ],
            [
              251.94639587402344,
              238.35009765625
            ],
            [
              251.94639587402344,
              237.99005126953125
            ],
            [
              252.3063201904297,
              237.26995849609375
            ],
            [
              253.02615356445312,
              235.10968017578125
            ],
            [
              253.38609313964844,
              234.029541015625
            ],
            [
              253.7460174560547,
              232.94940185546875
            ],
            [
              253.7460174560547,
              232.58935546875
            ],
            [
              254.10592651367188,
              231.8692626953125
            ],
            [
              254.4658660888672,
              231.149169921875
            ],
            [
              254.82577514648438,
              229.70901489257812
            ],
            [
              255.18569946289062,
              229.34893798828125
            ],
            [
              255.18569946289062,
              228.26882934570312
            ],
            [
              255.18569946289062,
              227.90878295898438
            ],
            [
              255.18569946289062,
              226.82864379882812
            ],
            [
              255.18569946289062,
              226.10855102539062
            ],
            [
              255.54562377929688,
              224.66836547851562
            ],
            [
              255.54562377929688,
              224.30831909179688
            ],
            [
              255.54562377929688,
              222.86813354492188
            ],
            [
              255.90554809570312,
              221.42794799804688
            ],
            [
              255.90554809570312,
              220.70785522460938
            ],
            [
              256.2654724121094,
              220.34780883789062
            ],
            [
              256.9853210449219,
              219.98776245117188
            ],
            [
              276.7810974121094,
              244.83090209960938
            ],
            [
              287.57879638671875,
              256.35235595703125
            ],
            [
              288.6585693359375,
              255.272216796875
            ],
            [
              288.6585693359375,
              254.91217041015625
            ],
            [
              288.29864501953125,
              254.91217041015625
            ],
            [
              287.938720703125,
              254.5521240234375
            ],
            [
              287.938720703125,
              254.19207763671875
            ],
            [
              288.29864501953125,
              253.47201538085938
            ],
            [
              288.6585693359375,
              252.75192260742188
            ],
            [
              288.29864501953125,
              252.391845703125
            ],
            [
              288.29864501953125,
              252.03182983398438
            ],
            [
              286.85894775390625,
              251.31173706054688
            ],
            [
              286.4990539550781,
              250.95169067382812
            ],
            [
              286.85894775390625,
              250.59164428710938
            ],
            [
              287.2189025878906,
              249.87155151367188
            ],
            [
              287.938720703125,
              249.87155151367188
            ],
            [
              287.938720703125,
              249.51150512695312
            ],
            [
              287.57879638671875,
              249.15145874023438
            ],
            [
              287.2189025878906,
              248.79141235351562
            ],
            [
              287.2189025878906,
              248.43136596679688
            ],
            [
              287.2189025878906,
              248.07131958007812
            ],
            [
              287.2189025878906,
              247.71127319335938
            ],
            [
              287.2189025878906,
              247.35122680664062
            ],
            [
              286.4990539550781,
              246.99118041992188
            ],
            [
              286.1391296386719,
              246.99118041992188
            ],
            [
              285.7791748046875,
              247.35122680664062
            ],
            [
              285.7791748046875,
              246.99118041992188
            ],
            [
              285.4192810058594,
              246.63113403320312
            ],
            [
              285.4192810058594,
              245.91104125976562
            ],
            [
              285.7791748046875,
              245.55099487304688
            ],
            [
              285.7791748046875,
              244.83090209960938
            ],
            [
              285.4192810058594,
              244.47085571289062
            ],
            [
              285.4192810058594,
              243.75076293945312
            ],
            [
              285.0593566894531,
              243.39071655273438
            ],
            [
              284.6994323730469,
              243.03067016601562
            ],
            [
              284.3395080566406,
              242.670654296875
            ],
            [
              284.3395080566406,
              241.95053100585938
            ],
            [
              284.6994323730469,
              240.51034545898438
            ],
            [
              285.0593566894531,
              240.51034545898438
            ],
            [
              285.0593566894531,
              240.15032958984375
            ],
            [
              283.9795837402344,
              228.98892211914062
            ],
            [
              276.7810974121094,
              216.3873291015625
            ],
            [
              276.42120361328125,
              208.46630859375
            ],
            [
              277.1410217285156,
              203.06564331054688
            ],
            [
              279.6604919433594,
              200.54531860351562
            ],
            [
              281.4601135253906,
              198.74508666992188
            ],
            [
              283.6196594238281,
              198.02499389648438
            ],
            [
              285.4192810058594,
              197.30490112304688
            ],
            [
              292.2578125,
              196.22479248046875
            ],
            [
              293.33758544921875,
              195.50466918945312
            ],
            [
              295.49713134765625,
              195.50466918945312
            ],
            [
              299.4562683105469,
              194.78457641601562
            ],
            [
              300.1761169433594,
              195.1446533203125
            ],
            [
              301.2558898925781,
              195.1446533203125
            ],
            [
              302.3356628417969,
              194.424560546875
            ],
            [
              304.1352844238281,
              193.7044677734375
            ],
            [
              305.2150573730469,
              193.7044677734375
            ],
            [
              306.6547546386719,
              192.984375
            ],
            [
              307.3746032714844,
              192.2642822265625
            ],
            [
              308.8143005371094,
              191.544189453125
            ],
            [
              310.2539978027344,
              191.18414306640625
            ],
            [
              311.3337707519531,
              190.46405029296875
            ],
            [
              311.6936950683594,
              190.10400390625
            ],
            [
              312.4135437011719,
              189.74395751953125
            ],
            [
              312.7734375,
              189.02386474609375
            ],
            [
              313.4932861328125,
              188.30377197265625
            ],
            [
              314.213134765625,
              187.58367919921875
            ],
            [
              314.57305908203125,
              186.5035400390625
            ],
            [
              314.9329833984375,
              185.783447265625
            ],
            [
              315.29290771484375,
              185.783447265625
            ],
            [
              316.01275634765625,
              185.42340087890625
            ],
            [
              316.01275634765625,
              184.70330810546875
            ],
            [
              316.3726806640625,
              184.34329223632812
            ],
            [
              316.01275634765625,
              183.98321533203125
            ],
            [
              315.65283203125,
              183.26315307617188
            ],
            [
              316.01275634765625,
              182.903076171875
            ],
            [
              316.01275634765625,
              182.18301391601562
            ],
            [
              316.3726806640625,
              181.46292114257812
            ],
            [
              316.3726806640625,
              180.74282836914062
            ],
            [
              317.092529296875,
              180.38278198242188
            ],
            [
              317.092529296875,
              180.02273559570312
            ],
            [
              317.45245361328125,
              179.30264282226562
            ],
            [
              317.45245361328125,
              178.94259643554688
            ],
            [
              317.8123779296875,
              178.58255004882812
            ],
            [
              318.17230224609375,
              178.22250366210938
            ],
            [
              317.8123779296875,
              177.86245727539062
            ],
            [
              317.8123779296875,
              177.50241088867188
            ],
            [
              318.17230224609375,
              177.14236450195312
            ],
            [
              318.5322265625,
              176.78231811523438
            ],
            [
              318.89215087890625,
              176.78231811523438
            ],
            [
              318.89215087890625,
              176.42227172851562
            ],
            [
              318.89215087890625,
              176.06222534179688
            ],
            [
              318.89215087890625,
              175.70217895507812
            ],
            [
              318.5322265625,
              175.34213256835938
            ],
            [
              318.5322265625,
              174.98208618164062
            ],
            [
              317.8123779296875,
              174.26199340820312
            ],
            [
              317.45245361328125,
              174.26199340820312
            ],
            [
              317.45245361328125,
              173.90194702148438
            ],
            [
              317.8123779296875,
              173.90194702148438
            ],
            [
              317.8123779296875,
              173.54190063476562
            ],
            [
              318.17230224609375,
              173.54190063476562
            ],
            [
              318.5322265625,
              172.82180786132812
            ],
            [
              318.17230224609375,
              172.4617919921875
            ],
            [
              317.8123779296875,
              172.10174560546875
            ],
            [
              318.17230224609375,
              171.74169921875
            ],
            [
              318.17230224609375,
              171.38165283203125
            ],
            [
              318.5322265625,
              171.38165283203125
            ],
            [
              318.5322265625,
              171.0216064453125
            ],
            [
              318.5322265625,
              170.66156005859375
            ],
            [
              318.17230224609375,
              170.301513671875
            ],
            [
              318.17230224609375,
              169.94146728515625
            ],
            [
              318.17230224609375,
              169.5814208984375
            ],
            [
              318.17230224609375,
              169.22137451171875
            ],
            [
              317.8123779296875,
              169.22137451171875
            ],
            [
              317.8123779296875,
              168.50128173828125
            ],
            [
              317.8123779296875,
              168.1412353515625
            ],
            [
              317.8123779296875,
              167.78118896484375
            ],
            [
              317.45245361328125,
              167.421142578125
            ],
            [
              317.092529296875,
              166.7010498046875
            ],
            [
              316.73260498046875,
              166.34100341796875
            ],
            [
              316.73260498046875,
              165.62091064453125
            ],
            [
              316.3726806640625,
              165.2608642578125
            ],
            [
              315.65283203125,
              164.90081787109375
            ],
            [
              315.65283203125,
              164.18072509765625
            ],
            [
              316.01275634765625,
              163.8206787109375
            ],
            [
              316.01275634765625,
              163.1005859375
            ],
            [
              315.65283203125,
              162.38052368164062
            ],
            [
              315.29290771484375,
              162.02044677734375
            ],
            [
              315.65283203125,
              161.30038452148438
            ],
            [
              315.65283203125,
              160.9403076171875
            ],
            [
              316.3726806640625,
              160.58029174804688
            ],
            [
              316.73260498046875,
              160.22024536132812
            ],
            [
              316.73260498046875,
              159.50015258789062
            ],
            [
              316.3726806640625,
              159.14010620117188
            ],
            [
              316.01275634765625,
              158.05996704101562
            ],
            [
              316.3726806640625,
              157.69992065429688
            ],
            [
              317.45245361328125,
              157.69992065429688
            ],
            [
              317.45245361328125,
              156.97982788085938
            ],
            [
              319.2520751953125,
              155.17959594726562
            ],
            [
              319.2520751953125,
              154.45950317382812
            ],
            [
              319.61199951171875,
              152.65927124023438
            ],
            [
              319.61199951171875,
              152.29922485351562
            ],
            [
              318.5322265625,
              150.13894653320312
            ],
            [
              317.8123779296875,
              148.69879150390625
            ],
            [
              317.45245361328125,
              146.178466796875
            ],
            [
              318.17230224609375,
              144.73828125
            ],
            [
              322.49139404296875,
              146.178466796875
            ],
            [
              323.21124267578125,
              146.53851318359375
            ]
          ]
        ],
        "geometryHash": "686065888a19c8760d4e236572f4ca231de3679451d24e297a3f761055082e35",
        "joiningReview": {
          "paths": 1,
          "allSourceSegmentsPreserved": true,
          "addedConnectorSegments": 0,
          "exactEndpointMatches": true,
          "explicitlyClosedCombinedPath": true,
          "originalSegmentCount": 699,
          "joinedSegmentCount": 699,
          "originalAndJoinedEdgeMultiplicityEqual": true,
          "sourcePathEndpoints": [
            {
              "first": [
                323.21124267578125,
                146.53851318359375
              ],
              "last": [
                323.21124267578125,
                146.53851318359375
              ]
            }
          ]
        },
        "repair": {
          "applied": false
        },
        "clipReview": {
          "outsideViewportAreaPoints2": 0.0,
          "distanceFromViewportPoints": 139.6976318359375,
          "activeClips": [
            {
              "sequence": 431,
              "outsideActiveClipAreasPoints2": [
                0.0,
                0.0
              ]
            }
          ]
        },
        "manualIdentityQualification": "The full Ahwaz page separately labels Foussana city inside its complete explicitly closed valid ring423. This is the city sector, not the surrounding Ahwaz sector or the blue delegation label. The original OSM source and current INS2024 registry both identify code426151 as Foussana; code426152 is the surrounding Ahwaz. The city ring shares the same georeferencing as the accepted Ahwaz ring, is disjoint in area and preserves exact shared source edges. The map title refers to Ahwaz, so city identity relies on the distinct in-map red label, complete outline and code/source review, not a false title match.",
        "labelCenterContainmentPassed": true,
        "insideTargetLabels": [
          {
            "text": "ﺔﻧﺎﺳوﻓ",
            "normalizedForward": "ةناسوف",
            "normalizedReverse": "فوسانة",
            "colors": [
              15073280
            ],
            "bounds": [
              279.48052978515625,
              259.18792724609375,
              362.6419677734375,
              312.4725036621094
            ],
            "point": [
              321.0612487792969,
              285.83021545410156
            ]
          }
        ],
        "visualReview": "full official PDF page inspected, including neighboring labels and legend",
        "sourceAssertion": {
          "id": "osm:relation:7164967",
          "expectedKind": "sector",
          "expectedTags": {
            "admin_level": "6",
            "boundary": "administrative",
            "name": "فوسانة",
            "name:ar": "فوسانة",
            "name:fr": "Foussana",
            "ref:tn:codegeo": "426151"
          }
        },
        "currentOfficialIdentity": {
          "governorateCode": "42",
          "governorateFr": "Kasserine",
          "governorateAr": "القصرين",
          "delegationCode": "4261",
          "delegationFr": "Foussana",
          "delegationAr": "فوسانة",
          "sectorCode": "426151",
          "sectorFr": "Foussana",
          "sectorAr": "فوسانة",
          "sourceRows": {
            "Population_Secteur_Age_Sexe_Dynamique.xlsx": 52733,
            "Nombre_de_Logements_par_Secteurs.xlsx": 2563,
            "Nombre_de_menages_par_Secteurs.xlsx": 2558
          }
        },
        "officialRegistrySha256": "23b3ee87c07971eb48b456799833f1996ade5d0bdc10d7bf6b0e3bf6798c9eec",
        "validation": {
          "valid": true,
          "countryFullyContains": true,
          "areaMeters2": 26931037.956839554,
          "boundsWgs84": [
            8.575477559793207,
            35.32729849185909,
            8.65257720358525,
            35.39609836445758
          ],
          "quantizedValid": true,
          "quantizedPartCount": 1,
          "quantizedAreaMeters2": 26931038.28470673
        },
        "osmComparison": {
          "iou": 0.6514746791777228,
          "officialCoveredByOsm": 0.715927140181372,
          "osmCoveredByOfficial": 0.8785887880291566,
          "oldAreaMeters2": 21945034.18351872,
          "newAreaMeters2": 26931037.956839554,
          "hausdorffMeters": 1640.264795835494
        }
      },
      "geometry": {
        "type": "Polygon",
        "coordinates": [
          [
            [
              8.603283768660358,
              35.3956644342095
            ],
            [
              8.604034907227021,
              35.395491344880405
            ],
            [
              8.609286539718902,
              35.39559607577251
            ],
            [
              8.611967827896464,
              35.395253580048504
            ],
            [
              8.614335421248168,
              35.39324246217248
            ],
            [
              8.615201153193707,
              35.39148986309681
            ],
            [
              8.614775757083523,
              35.39078638032956
            ],
            [
              8.613817791793206,
              35.38937907036101
            ],
            [
              8.613392409529274,
              35.38867559003411
            ],
            [
              8.613928704604545,
              35.38858952385578
            ],
            [
              8.614143471237952,
              35.3885024371287
            ],
            [
              8.614572588734982,
              35.388416028501325
            ],
            [
              8.615002110169565,
              35.38824185232361
            ],
            [
              8.615538400726871,
              35.38815577896452
            ],
            [
              8.616181865391003,
              35.388070040981255
            ],
            [
              8.616718153605282,
              35.38798396236769
            ],
            [
              8.617254440701526,
              35.387897881365134
            ],
            [
              8.617683551776425,
              35.387811461638115
            ],
            [
              8.618005076491531,
              35.38781247035945
            ],
            [
              8.61854136113716,
              35.38772638362614
            ],
            [
              8.619077635577337,
              35.38764029447549
            ],
            [
              8.619399568817817,
              35.38755353343718
            ],
            [
              8.619614326905053,
              35.387466436915545
            ],
            [
              8.619936258891595,
              35.3873796744367
            ],
            [
              8.620687294956152,
              35.387206480649866
            ],
            [
              8.620688518202638,
              35.38694318245145
            ],
            [
              8.620581752239143,
              35.386855090065104
            ],
            [
              8.620582975812656,
              35.38659179185458
            ],
            [
              8.620691372382508,
              35.3863288199437
            ],
            [
              8.620907348301003,
              35.38597843027103
            ],
            [
              8.621015335573073,
              35.38580323155839
            ],
            [
              8.620909385751629,
              35.385539599833436
            ],
            [
              8.62090979323645,
              35.385451833742074
            ],
            [
              8.620803436612519,
              35.38527596800837
            ],
            [
              8.62069667273769,
              35.38518786827315
            ],
            [
              8.620589909095019,
              35.38509976844374
            ],
            [
              8.620483553623018,
              35.38492390242544
            ],
            [
              8.620376790558957,
              35.38483580240749
            ],
            [
              8.620056094363948,
              35.384659267884096
            ],
            [
              8.619949740624222,
              35.38448340139392
            ],
            [
              8.61973621704974,
              35.38430720032211
            ],
            [
              8.61952269440384,
              35.38413099887363
            ],
            [
              8.619202821449708,
              35.38377893733536
            ],
            [
              8.61909606128568,
              35.38369083618717
            ],
            [
              8.618882541654035,
              35.383514633608314
            ],
            [
              8.618776191950149,
              35.383338766077216
            ],
            [
              8.618669022950932,
              35.38333843065281
            ],
            [
              8.618669432828955,
              35.38325066455219
            ],
            [
              8.618562683026612,
              35.38316256296146
            ],
            [
              8.618456325387783,
              35.38298669511736
            ],
            [
              8.618349576163956,
              35.382898593338155
            ],
            [
              8.618242808998883,
              35.38281049140784
            ],
            [
              8.617922125480256,
              35.382633951240614
            ],
            [
              8.617708209364132,
              35.38254551272077
            ],
            [
              8.617387939317897,
              35.38228120503919
            ],
            [
              8.617067671360761,
              35.38201689651028
            ],
            [
              8.616426729434023,
              35.381576043013865
            ],
            [
              8.61631956279528,
              35.38157570552016
            ],
            [
              8.615998888375719,
              35.3813991602696
            ],
            [
              8.615892134832583,
              35.3813110562975
            ],
            [
              8.615892547687128,
              35.38122329019578
            ],
            [
              8.616000126591187,
              35.381135861961205
            ],
            [
              8.616000539291111,
              35.381048103294916
            ],
            [
              8.61600095205921,
              35.3809603297492
            ],
            [
              8.616001777485085,
              35.380784804971135
            ],
            [
              8.61600219021283,
              35.38069703886064
            ],
            [
              8.615895437583783,
              35.38060893488704
            ],
            [
              8.615895850458989,
              35.38052116133601
            ],
            [
              8.615896263262417,
              35.380433402661865
            ],
            [
              8.615897088933885,
              35.38025787043154
            ],
            [
              8.615790336993976,
              35.38016976636305
            ],
            [
              8.615683585286165,
              35.38008166220045
            ],
            [
              8.615470082566828,
              35.37990545359285
            ],
            [
              8.6153633315553,
              35.37981734914784
            ],
            [
              8.615256994294445,
              35.37964147849052
            ],
            [
              8.615257407811226,
              35.379553712371056
            ],
            [
              8.615150243861356,
              35.37955337385708
            ],
            [
              8.615150657492388,
              35.37946560773743
            ],
            [
              8.615043493660357,
              35.37946526912952
            ],
            [
              8.614936743691446,
              35.379377164307826
            ],
            [
              8.614937157550976,
              35.37928939818781
            ],
            [
              8.614830417014673,
              35.37920129330053
            ],
            [
              8.614830830986644,
              35.37911352717906
            ],
            [
              8.614724072624142,
              35.37902542214002
            ],
            [
              8.61461774686489,
              35.378849550941204
            ],
            [
              8.61461816106176,
              35.37876178481679
            ],
            [
              8.614832900819557,
              35.37867469655239
            ],
            [
              8.614940468362567,
              35.37858726918149
            ],
            [
              8.615048044759709,
              35.37849984174079
            ],
            [
              8.615156034532468,
              35.378324648065266
            ],
            [
              8.615263610347618,
              35.37823722042516
            ],
            [
              8.615371185895654,
              35.37814980012562
            ],
            [
              8.61547876128169,
              35.37806236484942
            ],
            [
              8.615479174499075,
              35.37797460614375
            ],
            [
              8.615587162632968,
              35.37779941205734
            ],
            [
              8.615695150297341,
              35.37762421786637
            ],
            [
              8.61580272459865,
              35.37753678972657
            ],
            [
              8.61591029866789,
              35.377449361488274
            ],
            [
              8.615910711443615,
              35.37736159533017
            ],
            [
              8.616018285162964,
              35.37727416699098
            ],
            [
              8.616125858650248,
              35.37718673855329
            ],
            [
              8.616126271188538,
              35.37709897238916
            ],
            [
              8.616019523125926,
              35.377010868501884
            ],
            [
              8.615912775295374,
              35.37692276452047
            ],
            [
              8.616987672976169,
              35.37622400895238
            ],
            [
              8.617092775148514,
              35.376663176730275
            ],
            [
              8.6171991125615,
              35.37683904585913
            ],
            [
              8.61741219990968,
              35.37710301765221
            ],
            [
              8.61751894961817,
              35.37719112031809
            ],
            [
              8.61773286053272,
              35.3772795591895
            ],
            [
              8.617946352259574,
              35.37745576383424
            ],
            [
              8.618266605219443,
              35.377720070138096
            ],
            [
              8.618586459501476,
              35.3780721343605
            ],
            [
              8.61869320264182,
              35.37816024340153
            ],
            [
              8.618692792901678,
              35.37824800213741
            ],
            [
              8.618799545509237,
              35.378336103673476
            ],
            [
              8.618906707895226,
              35.378336438940835
            ],
            [
              8.618906298348874,
              35.378424205115394
            ],
            [
              8.61901346085268,
              35.378424540288805
            ],
            [
              8.61912021404221,
              35.37851264154262
            ],
            [
              8.61911980472438,
              35.378600407716796
            ],
            [
              8.619119395404775,
              35.37868817388969
            ],
            [
              8.619118986083397,
              35.37877594006131
            ],
            [
              8.619011004233482,
              35.37895113731581
            ],
            [
              8.619010185346202,
              35.37912666964789
            ],
            [
              8.619009366451813,
              35.379302201974845
            ],
            [
              8.619330039249908,
              35.37947873928579
            ],
            [
              8.619436794164091,
              35.379566840255414
            ],
            [
              8.61975787759024,
              35.3796556102726
            ],
            [
              8.619865041732838,
              35.3796559447009
            ],
            [
              8.61997220587721,
              35.37965627903415
            ],
            [
              8.62007896172685,
              35.37974437943966
            ],
            [
              8.620078553428577,
              35.379832145605654
            ],
            [
              8.62007814512853,
              35.37991991177037
            ],
            [
              8.619970572216385,
              35.380007343691254
            ],
            [
              8.619970163796745,
              35.38009510985235
            ],
            [
              8.619969755375335,
              35.380182876012135
            ],
            [
              8.619969346952153,
              35.38027064217064
            ],
            [
              8.620076103601727,
              35.380358742574764
            ],
            [
              8.620290433756097,
              35.38035941078341
            ],
            [
              8.620504763917548,
              35.38036007861187
            ],
            [
              8.620611521270506,
              35.380448178546
            ],
            [
              8.620719094086077,
              35.38036074606016
            ],
            [
              8.620719501698682,
              35.38027297989535
            ],
            [
              8.620827074164335,
              35.38018554730868
            ],
            [
              8.62093423902092,
              35.38018588079304
            ],
            [
              8.620934646397888,
              35.38009811462351
            ],
            [
              8.621149790168703,
              35.37992324895772
            ],
            [
              8.621257361705966,
              35.37983581597707
            ],
            [
              8.621364933011135,
              35.37974838289796
            ],
            [
              8.621579668255102,
              35.379661282628
            ],
            [
              8.62168722989548,
              35.37957384922758
            ],
            [
              8.62190196433419,
              35.37948674837726
            ],
            [
              8.62190237065262,
              35.37939898218775
            ],
            [
              8.622009940683057,
              35.3793115485201
            ],
            [
              8.622117104398585,
              35.37931188094822
            ],
            [
              8.6221175104814,
              35.379224114753995
            ],
            [
              8.622117916562454,
              35.379136348558475
            ],
            [
              8.622011159274347,
              35.3790482499368
            ],
            [
              8.621797654480629,
              35.37887205243915
            ],
            [
              8.622013596409339,
              35.37852165273556
            ],
            [
              8.622228327704317,
              35.3784345512705
            ],
            [
              8.622335896096065,
              35.378347117288556
            ],
            [
              8.622551032148952,
              35.37817225646831
            ],
            [
              8.622444275681087,
              35.37808415078116
            ],
            [
              8.622338736844165,
              35.37773276122731
            ],
            [
              8.622125631733242,
              35.377468798039246
            ],
            [
              8.621913340549325,
              35.377029302025505
            ],
            [
              8.621807814470081,
              35.3766779045586
            ],
            [
              8.621701864631852,
              35.37641427316059
            ],
            [
              8.621595120443315,
              35.37632617418504
            ],
            [
              8.621595933647608,
              35.37615064171893
            ],
            [
              8.621596340247109,
              35.376062875483946
            ],
            [
              8.621489587547444,
              35.375974776385426
            ],
            [
              8.621597153440817,
              35.37588734301016
            ],
            [
              8.62267035795657,
              35.37553960880042
            ],
            [
              8.622777516693239,
              35.37553994061201
            ],
            [
              8.623528841390101,
              35.37527896183852
            ],
            [
              8.62427450966936,
              35.37624669867788
            ],
            [
              8.624700728988817,
              35.37677461724905
            ],
            [
              8.62533926320678,
              35.37774202476503
            ],
            [
              8.625338860634992,
              35.377829791013276
            ],
            [
              8.625445610888587,
              35.37791788669705
            ],
            [
              8.625444806002443,
              35.37809341175016
            ],
            [
              8.625657521365184,
              35.378445135376424
            ],
            [
              8.62587023856361,
              35.378796858619125
            ],
            [
              8.626189317803252,
              35.37932444276396
            ],
            [
              8.62650920384261,
              35.37967649358344
            ],
            [
              8.626615164437641,
              35.37994012071881
            ],
            [
              8.626934252977728,
              35.380467702854176
            ],
            [
              8.627147381624335,
              35.38073165757539
            ],
            [
              8.627145778980692,
              35.38108272245888
            ],
            [
              8.627144977682397,
              35.38125824745384
            ],
            [
              8.627144176343188,
              35.38143377988277
            ],
            [
              8.627143374997022,
              35.381609312306566
            ],
            [
              8.62735530594494,
              35.382136565252615
            ],
            [
              8.62777997604638,
              35.38301553755181
            ],
            [
              8.627779576039261,
              35.38310330374767
            ],
            [
              8.627992314558238,
              35.383455015675835
            ],
            [
              8.628098284784436,
              35.38371864884469
            ],
            [
              8.628204655321122,
              35.3838945008479
            ],
            [
              8.62831182517299,
              35.38389482781885
            ],
            [
              8.628634132891781,
              35.3837202832135
            ],
            [
              8.628741701526906,
              35.38363283616659
            ],
            [
              8.628956439260246,
              35.38354573029573
            ],
            [
              8.62917116751533,
              35.383458609133335
            ],
            [
              8.629278744244532,
              35.38337117650464
            ],
            [
              8.629494267965615,
              35.383108529779264
            ],
            [
              8.629709401457532,
              35.3829336488946
            ],
            [
              8.629924136340298,
              35.38284653383701
            ],
            [
              8.630138870763977,
              35.38275941839371
            ],
            [
              8.630567941253288,
              35.38267295257974
            ],
            [
              8.63089023931676,
              35.38249839442228
            ],
            [
              8.631104575394437,
              35.38249904348259
            ],
            [
              8.631426475572697,
              35.3824122501194
            ],
            [
              8.633464626651708,
              35.381979560441664
            ],
            [
              8.633571794034467,
              35.381979882731834
            ],
            [
              8.633893689562154,
              35.3818930827595
            ],
            [
              8.634322751569721,
              35.3818066035469
            ],
            [
              8.634644253067705,
              35.3818075678448
            ],
            [
              8.636146548219678,
              35.38137322509307
            ],
            [
              8.636789938146212,
              35.38128737679765
            ],
            [
              8.637648039715579,
              35.38111440359138
            ],
            [
              8.638399369198392,
              35.38085333261486
            ],
            [
              8.639365412530655,
              35.38050512495732
            ],
            [
              8.63990201374339,
              35.380331176525544
            ],
            [
              8.640331824900377,
              35.38006914311816
            ],
            [
              8.640546540914372,
              35.37998200902701
            ],
            [
              8.640654091758398,
              35.37989455865308
            ],
            [
              8.64086880696675,
              35.37980742398194
            ],
            [
              8.641083521715935,
              35.37972028892522
            ],
            [
              8.641297850688403,
              35.379720919860176
            ],
            [
              8.641619729129046,
              35.37963409916952
            ],
            [
              8.641834442621764,
              35.37954696276842
            ],
            [
              8.642049540155506,
              35.379372059593564
            ],
            [
              8.642479348408544,
              35.379110018460885
            ],
            [
              8.643123480596461,
              35.378848603454706
            ],
            [
              8.64323102716515,
              35.378761150745326
            ],
            [
              8.643446885554564,
              35.37841071220169
            ],
            [
              8.643769521769414,
              35.37814835287951
            ],
            [
              8.644199691021587,
              35.377798546485614
            ],
            [
              8.644737027202446,
              35.377449043457894
            ],
            [
              8.644952112910062,
              35.37727413498573
            ],
            [
              8.645166435504027,
              35.37727475902094
            ],
            [
              8.645489061638663,
              35.377012394998886
            ],
            [
              8.645811305295654,
              35.376837796553986
            ],
            [
              8.646349007986233,
              35.37640051975363
            ],
            [
              8.646993864460748,
              35.37596355083441
            ],
            [
              8.64731609160351,
              35.37578895571572
            ],
            [
              8.647531176434985,
              35.37561404257286
            ],
            [
              8.647639083297765,
              35.37543881187689
            ],
            [
              8.647854157415692,
              35.37526389811327
            ],
            [
              8.647962072131806,
              35.3750886820164
            ],
            [
              8.648392593749328,
              35.37465108638982
            ],
            [
              8.648393348874372,
              35.374475553351786
            ],
            [
              8.648179789189815,
              35.37429940204367
            ],
            [
              8.647752672605098,
              35.373947098295886
            ],
            [
              8.647753050851417,
              35.37385933177328
            ],
            [
              8.647646272399687,
              35.373771255600325
            ],
            [
              8.647539503265667,
              35.37368317935935
            ],
            [
              8.647539881739078,
              35.3735954128349
            ],
            [
              8.647647407471904,
              35.37350795602399
            ],
            [
              8.647754563820273,
              35.373508265670054
            ],
            [
              8.647861720170283,
              35.373508575221095
            ],
            [
              8.647968876521933,
              35.373508884677115
            ],
            [
              8.648183189230155,
              35.373509503304085
            ],
            [
              8.648397501944933,
              35.37351012155098
            ],
            [
              8.648825373233262,
              35.37368688997875
            ],
            [
              8.649467560073056,
              35.37386427325154
            ],
            [
              8.649681497597152,
              35.37395265576658
            ],
            [
              8.649788654556689,
              35.37395296361223
            ],
            [
              8.650110876831445,
              35.37377835348851
            ],
            [
              8.650218784713282,
              35.37360312785441
            ],
            [
              8.65054100467428,
              35.373428516560224
            ],
            [
              8.65086321416563,
              35.37325390436776
            ],
            [
              8.651078275538051,
              35.37307898472864
            ],
            [
              8.650544756770776,
              35.372550858378574
            ],
            [
              8.650011611666253,
              35.37193495562984
            ],
            [
              8.649905209147008,
              35.37175911485172
            ],
            [
              8.649265673978077,
              35.37096736790845
            ],
            [
              8.647026839583527,
              35.368327884069096
            ],
            [
              8.646067434037452,
              35.367184122633056
            ],
            [
              8.645001290118158,
              35.36595228241385
            ],
            [
              8.644361848372672,
              35.36516050930423
            ],
            [
              8.643615657443503,
              35.364280653006794
            ],
            [
              8.64308301128191,
              35.36357696030933
            ],
            [
              8.642869491715986,
              35.36340079953489
            ],
            [
              8.642016959908595,
              35.36234508613293
            ],
            [
              8.641483561476049,
              35.36181691213548
            ],
            [
              8.640737432346333,
              35.360937045385
            ],
            [
              8.639563548382851,
              35.35988036701766
            ],
            [
              8.63892343214806,
              35.35926409824513
            ],
            [
              8.638603183705493,
              35.35899984591189
            ],
            [
              8.63849682273978,
              35.35882399495936
            ],
            [
              8.638819008629376,
              35.35864942173424
            ],
            [
              8.639034056786041,
              35.358474523031155
            ],
            [
              8.639141193169145,
              35.3584748401978
            ],
            [
              8.63946298932821,
              35.3583880244592
            ],
            [
              8.640214092751302,
              35.3581269399028
            ],
            [
              8.640643022230602,
              35.35804043711945
            ],
            [
              8.64075054365944,
              35.35795298616899
            ],
            [
              8.640965585821572,
              35.3577780839732
            ],
            [
              8.641073491800611,
              35.357602866032195
            ],
            [
              8.641502417613875,
              35.35751636016947
            ],
            [
              8.641931726838179,
              35.35734208607016
            ],
            [
              8.642361418072458,
              35.35708004371435
            ],
            [
              8.64268358880696,
              35.35690545260725
            ],
            [
              8.64311327531024,
              35.35664340753146
            ],
            [
              8.644509442103313,
              35.355857575333516
            ],
            [
              8.645046630718394,
              35.35550807623881
            ],
            [
              8.646657789773215,
              35.35454730882266
            ],
            [
              8.647409591439043,
              35.35411064543136
            ],
            [
              8.64805464160278,
              35.35358590135669
            ],
            [
              8.648698175691102,
              35.35341222107435
            ],
            [
              8.648912435311653,
              35.35341283810223
            ],
            [
              8.649019941679894,
              35.35332538707953
            ],
            [
              8.649234577464382,
              35.353238229259965
            ],
            [
              8.649449588845327,
              35.3530633190924
            ],
            [
              8.64987923327252,
              35.35280124211141
            ],
            [
              8.650201370894715,
              35.35262663808775
            ],
            [
              8.650201746192613,
              35.3525388712319
            ],
            [
              8.650310000402214,
              35.352275877875826
            ],
            [
              8.650311125923798,
              35.352012577286104
            ],
            [
              8.6503115010944,
              35.35192481042029
            ],
            [
              8.650419754112527,
              35.35166181693241
            ],
            [
              8.650313752083822,
              35.351398209198585
            ],
            [
              8.650207750737406,
              35.35113460136427
            ],
            [
              8.650208876543125,
              35.350871300727604
            ],
            [
              8.650103626931147,
              35.35043216645354
            ],
            [
              8.650104002336013,
              35.35034439212754
            ],
            [
              8.650105879176825,
              35.34990555767404
            ],
            [
              8.650213754833356,
              35.349730338607976
            ],
            [
              8.650321630053305,
              35.349555111998704
            ],
            [
              8.650537004199675,
              35.34929242537552
            ],
            [
              8.650752376947414,
              35.34902973834911
            ],
            [
              8.65107487199837,
              35.34876735743417
            ],
            [
              8.65160861282509,
              35.3492077231641
            ],
            [
              8.65257720358525,
              35.348157277519725
            ],
            [
              8.652364449371781,
              35.34780559185646
            ],
            [
              8.65215244316041,
              35.347278386787266
            ],
            [
              8.651940813044542,
              35.34666340691936
            ],
            [
              8.651622439649618,
              35.34596035375768
            ],
            [
              8.651409695235671,
              35.34560867378219
            ],
            [
              8.651197326774323,
              35.34516922645002
            ],
            [
              8.651090965367317,
              35.344993386150435
            ],
            [
              8.650878225763885,
              35.344641705211146
            ],
            [
              8.650666237320674,
              35.344114497362526
            ],
            [
              8.650559869348918,
              35.34393865655356
            ],
            [
              8.65045350186743,
              35.343762808209384
            ],
            [
              8.650029537765796,
              35.34270838308655
            ],
            [
              8.649391355987214,
              35.34165334073598
            ],
            [
              8.649178256158041,
              35.34138942371421
            ],
            [
              8.648646077851623,
              35.340597978979034
            ],
            [
              8.647155210174326,
              35.338575008524266
            ],
            [
              8.646408472357132,
              35.33787070836418
            ],
            [
              8.6460886627183,
              35.33751870824428
            ],
            [
              8.645661747485693,
              35.337166403585165
            ],
            [
              8.645341563549504,
              35.3369021610837
            ],
            [
              8.641502603047606,
              35.33302914529254
            ],
            [
              8.641076116184744,
              35.33258905737429
            ],
            [
              8.640756350397675,
              35.33223704310034
            ],
            [
              8.640543303227437,
              35.331973110757644
            ],
            [
              8.640116450265367,
              35.33162078653479
            ],
            [
              8.639689978323213,
              35.331180686273626
            ],
            [
              8.639050859629592,
              35.33038888244507
            ],
            [
              8.638731111251813,
              35.33003686279037
            ],
            [
              8.638198332753422,
              35.32942090578514
            ],
            [
              8.637236784533194,
              35.32889143995901
            ],
            [
              8.63712851992127,
              35.32915442255881
            ],
            [
              8.636912377916358,
              35.32959262035759
            ],
            [
              8.636589914144453,
              35.32985496450335
            ],
            [
              8.636269017544118,
              35.32976623958301
            ],
            [
              8.635948502956113,
              35.32958974673313
            ],
            [
              8.6354145757197,
              35.32923707873305
            ],
            [
              8.63498931604189,
              35.32853366076588
            ],
            [
              8.634457359779653,
              35.32774215321818
            ],
            [
              8.633923058614098,
              35.327477245703605
            ],
            [
              8.632852892008676,
              35.32729849185909
            ],
            [
              8.632317031033097,
              35.32738464552499
            ],
            [
              8.632102051480828,
              35.32755953358865
            ],
            [
              8.63210047341855,
              35.32791060176311
            ],
            [
              8.632098500802176,
              35.32834943695239
            ],
            [
              8.63220362525988,
              35.3287885951895
            ],
            [
              8.63230875083406,
              35.329227753310235
            ],
            [
              8.632200075407303,
              35.329578498401354
            ],
            [
              8.631771287883055,
              35.32966497248793
            ],
            [
              8.631129489489785,
              35.329487496231515
            ],
            [
              8.630699909225005,
              35.329749500521956
            ],
            [
              8.630377424902319,
              35.33001182796501
            ],
            [
              8.630269136602013,
              35.33027480422927
            ],
            [
              8.630267153914346,
              35.330713639156286
            ],
            [
              8.629943870554019,
              35.33115149931902
            ],
            [
              8.629407574582428,
              35.33132540679997
            ],
            [
              8.628550381903525,
              35.331410559071976
            ],
            [
              8.628120384290757,
              35.331760320947694
            ],
            [
              8.627904984981274,
              35.33202296823625
            ],
            [
              8.627904186748435,
              35.33219850211314
            ],
            [
              8.628117193211803,
              35.332462456472186
            ],
            [
              8.628329403721521,
              35.332901944317804
            ],
            [
              8.628542413432765,
              35.333165890477645
            ],
            [
              8.628970028875079,
              35.33334272882641
            ],
            [
              8.62929213340887,
              35.33316817232839
            ],
            [
              8.629613830198668,
              35.333081381872994
            ],
            [
              8.629826844538398,
              35.33334533322951
            ],
            [
              8.629932359862165,
              35.33369672610861
            ],
            [
              8.629501570201837,
              35.33422202660709
            ],
            [
              8.628749451054402,
              35.334746347469874
            ],
            [
              8.628319436492351,
              35.335096109757366
            ],
            [
              8.627890615763881,
              35.33518256979721
            ],
            [
              8.627462993053106,
              35.33500572763905
            ],
            [
              8.626820361513019,
              35.335003762239964
            ],
            [
              8.626284033452976,
              35.335177655555896
            ],
            [
              8.625854808811726,
              35.3353518752301
            ],
            [
              8.625530688665501,
              35.33596525674482
            ],
            [
              8.624446730142038,
              35.33877048558609
            ],
            [
              8.622936668061156,
              35.3410477926582
            ],
            [
              8.621321852161632,
              35.34279813904522
            ],
            [
              8.620891762854683,
              35.34314787398009
            ],
            [
              8.62057000787233,
              35.34323464074526
            ],
            [
              8.620139505369053,
              35.343672132198684
            ],
            [
              8.620032388761372,
              35.343671798309906
            ],
            [
              8.620031980924422,
              35.343759572439474
            ],
            [
              8.620030349731755,
              35.34411063174932
            ],
            [
              8.620028718476206,
              35.34446169847777
            ],
            [
              8.619919969080456,
              35.344812431187954
            ],
            [
              8.61970450833789,
              35.34507506291539
            ],
            [
              8.619168916085025,
              35.34507339053719
            ],
            [
              8.618633323876496,
              35.34507171578596
            ],
            [
              8.618098551538985,
              35.344894505357104
            ],
            [
              8.617562969660218,
              35.34489282589925
            ],
            [
              8.617026145525514,
              35.34515444396222
            ],
            [
              8.61681026323376,
              35.34550483708386
            ],
            [
              8.616487259621765,
              35.3458548927395
            ],
            [
              8.616271785026898,
              35.3461175182151
            ],
            [
              8.615736186107755,
              35.346115830583926
            ],
            [
              8.61552235926866,
              35.34602738825692
            ],
            [
              8.614559523667332,
              35.34576104303359
            ],
            [
              8.614237346665671,
              35.34593555942541
            ],
            [
              8.613915159200223,
              35.34611007491586
            ],
            [
              8.613054047361,
              35.34698502263742
            ],
            [
              8.612302120078294,
              35.3474214720798
            ],
            [
              8.611766512802328,
              35.347419766804705
            ],
            [
              8.611124201624055,
              35.34732995079632
            ],
            [
              8.610803682419178,
              35.34715339172732
            ],
            [
              8.610806189404098,
              35.34662679243127
            ],
            [
              8.61123634041851,
              35.34627709397792
            ],
            [
              8.611881550906304,
              35.34575254331626
            ],
            [
              8.61145557655627,
              35.3452245783924
            ],
            [
              8.610707009569545,
              35.344958885526445
            ],
            [
              8.610064300470341,
              35.34495683055473
            ],
            [
              8.609634570569893,
              35.34521875836532
            ],
            [
              8.609632894272494,
              35.34556982460087
            ],
            [
              8.609629960682037,
              35.3461841904638
            ],
            [
              8.609414463125407,
              35.34644680355295
            ],
            [
              8.608450381972155,
              35.34644370939195
            ],
            [
              8.607594684955103,
              35.346177652999025
            ],
            [
              8.606633150266587,
              35.34564794525463
            ],
            [
              8.605775774704393,
              35.34573294211966
            ],
            [
              8.602451249435152,
              35.346512050597966
            ],
            [
              8.600413392841803,
              35.347031990857815
            ],
            [
              8.599660977084493,
              35.347556127665754
            ],
            [
              8.599122786890602,
              35.34808095740709
            ],
            [
              8.598155666776018,
              35.34869214579191
            ],
            [
              8.597727174971112,
              35.34869073157088
            ],
            [
              8.597297818255814,
              35.34886484858858
            ],
            [
              8.597294790905408,
              35.34947921320003
            ],
            [
              8.597504284009998,
              35.350445343843546
            ],
            [
              8.597290033491381,
              35.35044463573776
            ],
            [
              8.596753974141507,
              35.35053063015997
            ],
            [
              8.59600453962042,
              35.35044037915834
            ],
            [
              8.59536135365242,
              35.35052601206006
            ],
            [
              8.595253358891334,
              35.35070118881479
            ],
            [
              8.593965235538812,
              35.35122350838389
            ],
            [
              8.592784669102349,
              35.35165840601164
            ],
            [
              8.59235352562118,
              35.35218357029282
            ],
            [
              8.591922394705833,
              35.352708733013735
            ],
            [
              8.591170740900857,
              35.353057275783854
            ],
            [
              8.589565584378075,
              35.352700813717206
            ],
            [
              8.588921923332906,
              35.352874178353275
            ],
            [
              8.588385406347285,
              35.35304789427062
            ],
            [
              8.58795290817568,
              35.35383634114165
            ],
            [
              8.587414600656196,
              35.3543611248502
            ],
            [
              8.587307026989507,
              35.35444852805561
            ],
            [
              8.586449095157539,
              35.35462115312054
            ],
            [
              8.586019238355224,
              35.354882995694176
            ],
            [
              8.58569428444534,
              35.35558403200206
            ],
            [
              8.585476466799113,
              35.35628542462612
            ],
            [
              8.585365315345948,
              35.35707495507813
            ],
            [
              8.584827424685333,
              35.35751196063536
            ],
            [
              8.583325304277182,
              35.35794566821427
            ],
            [
              8.582038341847454,
              35.35820456051656
            ],
            [
              8.581498617905439,
              35.3589926077764
            ],
            [
              8.580958433053622,
              35.35986842592826
            ],
            [
              8.580208024112252,
              35.359953608693324
            ],
            [
              8.579779022174248,
              35.36003989646227
            ],
            [
              8.578921472685735,
              35.36012470141401
            ],
            [
              8.578276833000126,
              35.36047354061694
            ],
            [
              8.578166974609127,
              35.36099975800319
            ],
            [
              8.57741337310306,
              35.36169928515666
            ],
            [
              8.575584696925594,
              35.36309720474363
            ],
            [
              8.575477559793207,
              35.36309683121112
            ],
            [
              8.575902019251886,
              35.363888210732576
            ],
            [
              8.578139768915653,
              35.36626570765527
            ],
            [
              8.578459847187972,
              35.3665301187659
            ],
            [
              8.579207609337963,
              35.36697153547243
            ],
            [
              8.579420994261211,
              35.367147807747216
            ],
            [
              8.579527689341965,
              35.367235943751645
            ],
            [
              8.579527237339114,
              35.36732370966558
            ],
            [
              8.579419185781989,
              35.36749887139557
            ],
            [
              8.579311133755082,
              35.36767403302062
            ],
            [
              8.579203538163407,
              35.36776142865384
            ],
            [
              8.57909593325483,
              35.367848824156944
            ],
            [
              8.57898833719926,
              35.367936219592785
            ],
            [
              8.579414212302325,
              35.36846429632275
            ],
            [
              8.579841000858034,
              35.36881683977224
            ],
            [
              8.580266890655004,
              35.369344913506474
            ],
            [
              8.580586086181366,
              35.3697848507619
            ],
            [
              8.580904379526373,
              35.37040031148198
            ],
            [
              8.581117331322453,
              35.37066434664736
            ],
            [
              8.581223132398497,
              35.370928012909836
            ],
            [
              8.581436086606995,
              35.37119204750719
            ],
            [
              8.581542339284756,
              35.37136794760309
            ],
            [
              8.581648592420644,
              35.371543847603604
            ],
            [
              8.581861100066842,
              35.37189564731856
            ],
            [
              8.58196735457716,
              35.372071547032995
            ],
            [
              8.58196600624324,
              35.37233484464192
            ],
            [
              8.58207226154802,
              35.37251074425686
            ],
            [
              8.582070913570956,
              35.372774034411066
            ],
            [
              8.582070464228675,
              35.372861800272936
            ],
            [
              8.582070014884442,
              35.3729495661335
            ],
            [
              8.582175821973841,
              35.37321323150414
            ],
            [
              8.58217537273782,
              35.37330099736077
            ],
            [
              8.582281629743694,
              35.37347689677535
            ],
            [
              8.582493242781979,
              35.374004227004
            ],
            [
              8.582599057136093,
              35.37426789199257
            ],
            [
              8.582704867627884,
              35.37453155686615
            ],
            [
              8.582704418942704,
              35.37461932270951
            ],
            [
              8.58281067425732,
              35.37479522162475
            ],
            [
              8.582916939115906,
              35.37497112047572
            ],
            [
              8.583022298681515,
              35.375322543435786
            ],
            [
              8.583129008340515,
              35.375410683681395
            ],
            [
              8.583127663650975,
              35.375673973744405
            ],
            [
              8.583127215404573,
              35.375761739575864
            ],
            [
              8.583125870653705,
              35.376025037062526
            ],
            [
              8.583124974143402,
              35.37620056871389
            ],
            [
              8.583230340661343,
              35.37655199889286
            ],
            [
              8.583229892511525,
              35.376639764712685
            ],
            [
              8.583228099892805,
              35.37699082797913
            ],
            [
              8.583333467851064,
              35.37734225803237
            ],
            [
              8.58333257174655,
              35.37751778965002
            ],
            [
              8.583439284649497,
              35.377605922172755
            ],
            [
              8.583653158862544,
              35.377694421128524
            ],
            [
              8.589577449971262,
              35.37165860025779
            ],
            [
              8.59280604305016,
              35.36886088750777
            ],
            [
              8.593126179704157,
              35.369125260051504
            ],
            [
              8.593125742390091,
              35.369213026088424
            ],
            [
              8.593018592395989,
              35.36921266803702
            ],
            [
              8.59291100485585,
              35.36930007592395
            ],
            [
              8.592910567306019,
              35.369387841955984
            ],
            [
              8.593016842693887,
              35.36956372472821
            ],
            [
              8.593123118502923,
              35.369739614844
            ],
            [
              8.593015530332499,
              35.369827030251486
            ],
            [
              8.593015092924345,
              35.369914788837946
            ],
            [
              8.59258561343129,
              35.37008888768302
            ],
            [
              8.59247803334117,
              35.37017629519122
            ],
            [
              8.592584737599616,
              35.370264419715745
            ],
            [
              8.592691022455949,
              35.37044031022145
            ],
            [
              8.592905316597061,
              35.3704410268014
            ],
            [
              8.59290487902255,
              35.370528792816785
            ],
            [
              8.592797289600021,
              35.37061620057088
            ],
            [
              8.592689709030797,
              35.370703608256754
            ],
            [
              8.592689271218616,
              35.37079137426594
            ],
            [
              8.592688833404534,
              35.37087914027388
            ],
            [
              8.592688395588551,
              35.370966906280515
            ],
            [
              8.592687957770671,
              35.37105467228587
            ],
            [
              8.592473214876204,
              35.37114172128097
            ],
            [
              8.59236606234171,
              35.37114136263399
            ],
            [
              8.592259339007546,
              35.37105323786213
            ],
            [
              8.592258900723774,
              35.37114100386156
            ],
            [
              8.592151318876764,
              35.37122841105192
            ],
            [
              8.592150442067735,
              35.371403943042026
            ],
            [
              8.592257147569669,
              35.371492067846425
            ],
            [
              8.592256270981204,
              35.37166759983118
            ],
            [
              8.592148688426857,
              35.37175500700686
            ],
            [
              8.592147811595003,
              35.371930538981594
            ],
            [
              8.59204021948745,
              35.37201794602336
            ],
            [
              8.591932627147893,
              35.37210535296651
            ],
            [
              8.591825034613521,
              35.37219275237197
            ],
            [
              8.591824157029444,
              35.37236829176596
            ],
            [
              8.591929556525821,
              35.37271971480342
            ],
            [
              8.592036711140722,
              35.37272007385141
            ],
            [
              8.59203627262599,
              35.37280783238509
            ],
            [
              8.591701201634276,
              35.375527491924096
            ],
            [
              8.589542589618507,
              35.37859208493017
            ],
            [
              8.589425723702883,
              35.38052257224637
            ],
            [
              8.589633425134165,
              35.3818397747163
            ],
            [
              8.59038050819357,
              35.3824566616024
            ],
            [
              8.590914145913887,
              35.38289729227268
            ],
            [
              8.591556275812755,
              35.38307498271561
            ],
            [
              8.592091240015245,
              35.383252310761875
            ],
            [
              8.594126124222388,
              35.38352240551604
            ],
            [
              8.594446758737664,
              35.383699015937445
            ],
            [
              8.595089773755662,
              35.38370115598522
            ],
            [
              8.596267757415683,
              35.383880602204705
            ],
            [
              8.596482530229489,
              35.383793539408074
            ],
            [
              8.596804038185661,
              35.38379460444508
            ],
            [
              8.597124679716043,
              35.38397120035873
            ],
            [
              8.597659662246606,
              35.3841485038435
            ],
            [
              8.597981171657604,
              35.38414956575744
            ],
            [
              8.598408987226478,
              35.3843265120614
            ],
            [
              8.598622464107208,
              35.384502750521804
            ],
            [
              8.59905028295606,
              35.3846796945662
            ],
            [
              8.599478534371984,
              35.384768871225
            ],
            [
              8.599799185635627,
              35.384945460076345
            ],
            [
              8.599905926292609,
              35.38503357813172
            ],
            [
              8.600119838301504,
              35.38512204808073
            ],
            [
              8.600226140569536,
              35.38529793170366
            ],
            [
              8.60043962397286,
              35.3854741669679
            ],
            [
              8.60065310830481,
              35.385650401855884
            ],
            [
              8.600758992187043,
              35.38591405091238
            ],
            [
              8.600865305957285,
              35.38608993399566
            ],
            [
              8.60097247836882,
              35.38609028523542
            ],
            [
              8.601186394339294,
              35.38617875330658
            ],
            [
              8.60118553661735,
              35.38635428505647
            ],
            [
              8.601292280671379,
              35.38644239444955
            ],
            [
              8.601184678887964,
              35.38652981680123
            ],
            [
              8.601076647959655,
              35.38670499004422
            ],
            [
              8.601183392279932,
              35.386793114408746
            ],
            [
              8.601182534568292,
              35.38696863870164
            ],
            [
              8.60128885062298,
              35.387144521396664
            ],
            [
              8.601287993092281,
              35.38732005312061
            ],
            [
              8.601501912646503,
              35.387408520638736
            ],
            [
              8.601501484108681,
              35.38749628649978
            ],
            [
              8.6016078015397,
              35.38767216890786
            ],
            [
              8.601607373112392,
              35.3877599347662
            ],
            [
              8.601714119429507,
              35.3878480512203
            ],
            [
              8.601820865978807,
              35.387936167580335
            ],
            [
              8.601713262797782,
              35.38802358293285
            ],
            [
              8.60171283447913,
              35.3881113487872
            ],
            [
              8.601819581371133,
              35.38819946514678
            ],
            [
              8.601926328495326,
              35.38828758141229
            ],
            [
              8.602033503827647,
              35.388287931729806
            ],
            [
              8.602033075851706,
              35.38837569758372
            ],
            [
              8.602032647873907,
              35.38846346343634
            ],
            [
              8.602032219894252,
              35.38855122928769
            ],
            [
              8.601924616116037,
              35.388638644815686
            ],
            [
              8.60192418801657,
              35.38872641066334
            ],
            [
              8.601708979527645,
              35.38890124141864
            ],
            [
              8.601601803388222,
              35.38890089080795
            ],
            [
              8.601601374934887,
              35.38898865664835
            ],
            [
              8.60170855119041,
              35.388989007260164
            ],
            [
              8.601708122851317,
              35.389076773100406
            ],
            [
              8.601815299224796,
              35.38907712361829
            ],
            [
              8.601921619380768,
              35.389253005722296
            ],
            [
              8.601814014580961,
              35.38934041369571
            ],
            [
              8.601706409512666,
              35.38942782900952
            ],
            [
              8.60181315811825,
              35.389515945366924
            ],
            [
              8.60181272988411,
              35.389603711200614
            ],
            [
              8.60191990695604,
              35.38960406163026
            ],
            [
              8.601919478836141,
              35.38969182746379
            ],
            [
              8.601919050714386,
              35.389779593296055
            ],
            [
              8.601811445170535,
              35.389867008694
            ],
            [
              8.60181101692896,
              35.38995477452255
            ],
            [
              8.601810588685527,
              35.39004254034984
            ],
            [
              8.601810160440237,
              35.39013030617583
            ],
            [
              8.601702982673544,
              35.390129955644305
            ],
            [
              8.601702125945177,
              35.39030548729018
            ],
            [
              8.601701697578207,
              35.3903932531112
            ],
            [
              8.601701269209377,
              35.39048101893092
            ],
            [
              8.601593662493322,
              35.39056843411708
            ],
            [
              8.60148562693843,
              35.39074361501823
            ],
            [
              8.601378019639972,
              35.39083103000469
            ],
            [
              8.60137716218521,
              35.39100656162322
            ],
            [
              8.601269554418595,
              35.39109397650622
            ],
            [
              8.601054767270922,
              35.39118104017493
            ],
            [
              8.60105390910461,
              35.39135657177637
            ],
            [
              8.601160659515832,
              35.39144468869424
            ],
            [
              8.60115980157058,
              35.391620220290264
            ],
            [
              8.601051763692622,
              35.391795393318525
            ],
            [
              8.600944154485118,
              35.39188281533011
            ],
            [
              8.601050476401268,
              35.39205869069185
            ],
            [
              8.601050047264057,
              35.392146463919424
            ],
            [
              8.601263979283972,
              35.39223492443119
            ],
            [
              8.601370731073674,
              35.39232304115973
            ],
            [
              8.601369873555667,
              35.39249857273467
            ],
            [
              8.601262263783486,
              35.392585987576524
            ],
            [
              8.601153795781695,
              35.39284893387986
            ],
            [
              8.601260548253226,
              35.39293705070135
            ],
            [
              8.601582092683408,
              35.39293810326082
            ],
            [
              8.601581235603845,
              35.39311363482236
            ],
            [
              8.602115004357506,
              35.39355421610762
            ],
            [
              8.602114148413163,
              35.393729747662576
            ],
            [
              8.602219191635285,
              35.39416892673097
            ],
            [
              8.602218763767173,
              35.394256692501244
            ],
            [
              8.601894644739913,
              35.39478223617653
            ],
            [
              8.601678563074227,
              35.39513259066384
            ],
            [
              8.601568378554191,
              35.395746600191
            ],
            [
              8.60178103547372,
              35.39609836445758
            ],
            [
              8.603068971475116,
              35.39575150132839
            ],
            [
              8.603283768660358,
              35.3956644342095
            ]
          ]
        ]
      }
    }
  ]
}
