{
  "type": "FeatureCollection",
  "sourceId": "isie-local-sectors-2023-identity-review-2",
  "reviewedDate": "2026-09-07",
  "provenance": {
    "indexURL": "https://www.isie.tn/ar/الدوائر-المحلية/",
    "sourcePbfSha256": "7edc8fa6fc00635c4507ab3718552c015533210b46c4d95099b43a76f21939fd",
    "rawSourceGeometrySnapshotSha256": "346a79dca9013b427cf7ce4e11fb31ca03fa575ee7a68c865701c463c504a1ce",
    "method": "Per-PDF CRS and affine georeferencing; exact source vector strokes; whole-page visual review; active clip/country checks. No topology repair, snapping, buffer or clipping applied to these three exported shapes."
  },
  "features": [
    {
      "type": "Feature",
      "id": "osm:relation:7142911",
      "properties": {
        "id": "osm:relation:7142911",
        "kind": "sector",
        "officialCode": "525552",
        "nameAr": "2مارس",
        "nameFr": "2 mars",
        "governorateCode": "52",
        "governorateAr": "مدنين",
        "governorateFr": "Mednine",
        "delegationCode": "5255",
        "parentAr": "جرجيس",
        "parentFr": "Zarzis",
        "sourceId": "isie-local-sectors-2023-identity-review-2",
        "sourcePdfURL": "https://www.isie.tn/wp-content/uploads/2023/CartesCirconscriptionsElectoralesLocales2023/%D9%85%D8%AF%D9%86%D9%8A%D9%86/%D8%AC%D8%B1%D8%AC%D9%8A%D8%B3/2%D9%85%D8%A7%D8%B1%D8%B3%20-%20%28%D8%AC%D8%B1%D8%AC%D9%8A%D8%B3%29.pdf",
        "sourcePdfSha256": "eebfe6016818ecfdedba11a8e50c936046609e8e931414699a392bea99272982",
        "sourcePdfFile": "work/isie-sector-maps-next-conflicts/zarzis-two-march.pdf",
        "sourcePdfPage": 1,
        "sourceDrawingIndices": [
          732
        ],
        "sourceVectorLayer": "circonscription_isie2023",
        "sourceGeometryVertices": 176,
        "sourceGeometrySha256": "adf8b7ab60bff843d84fcfa473dd506b36fac8eb20d02fd86cada0b8649bac21",
        "sourceCrsEpsg": 32632,
        "sourceCrsWkt": "PROJCS[\"WGS_1984_UTM_Zone_32N\",GEOGCS[\"GCS_WGS_1984\",DATUM[\"D_WGS_1984\",SPHEROID[\"WGS_1984\",6378137.0,298.257223563]],PRIMEM[\"Greenwich\",0.0],UNIT[\"Degree\",0.0174532925199433]],PROJECTION[\"Transverse_Mercator\"],PARAMETER[\"False_Easting\",500000.0],PARAMETER[\"False_Northing\",0.0],PARAMETER[\"Central_Meridian\",9.0],PARAMETER[\"Scale_Factor\",0.9996],PARAMETER[\"Latitude_Of_Origin\",0.0],UNIT[\"Meter\",1.0]]",
        "sourceControlPointMaxResidualMeters": 0.1973121203778156,
        "sourceControlPointsLatLon": [
          [
            33.49834,
            11.0812
          ],
          [
            33.51913,
            11.0817
          ],
          [
            33.51853,
            11.11719
          ],
          [
            33.49774,
            11.11669
          ]
        ],
        "sourceLocalControlPoints": [
          [
            0.0,
            1.0
          ],
          [
            0.0,
            0.0
          ],
          [
            1.0,
            0.0
          ],
          [
            1.0,
            1.0
          ]
        ],
        "sourceViewportBBox": [
          4.32031,
          590.70369,
          841.98099,
          5.26576
        ],
        "sourcePageTransformationMatrix": [
          1.0,
          0.0,
          0.0,
          -1.0,
          0.0,
          595.5023803710938
        ],
        "sourceAffineMetersFromPagePoints": [
          [
            3.9376316238505815,
            0.000212757355799712
          ],
          [
            0.0003483635882730596,
            -3.9398181390406535
          ],
          [
            693316.4586324969,
            3710799.040336016
          ]
        ],
        "sourceClipReview": {
          "explicitlyClosed": true,
          "activeClipCount": 2,
          "outsideActiveClipsAreaPoints2": [
            0.0,
            0.0
          ],
          "outsideViewportAreaPoints2": 0.0,
          "distanceFromViewportPoints": 59.02362060546875
        },
        "sourceClipPaths": [
          {
            "level": 0,
            "scissor": [
              0.0,
              0.0,
              842.4609985351562,
              595.9949951171875
            ],
            "layer": "Image",
            "itemsKinds": [
              "qu"
            ]
          },
          {
            "level": 0,
            "scissor": [
              0.0,
              0.0,
              842.4609985351562,
              595.9949951171875
            ],
            "layer": "rte_tunisie",
            "itemsKinds": [
              "qu"
            ]
          },
          {
            "level": 1,
            "scissor": [
              4.800350189208984,
              4.7987060546875,
              842.4609985351562,
              590.7164916992188
            ],
            "layer": "rte_tunisie",
            "itemsKinds": [
              "qu"
            ]
          },
          {
            "level": 0,
            "scissor": [
              0.0,
              0.0,
              842.4609985351562,
              595.9949951171875
            ],
            "layer": "circonscription_isie2023",
            "itemsKinds": [
              "qu"
            ]
          },
          {
            "level": 1,
            "scissor": [
              4.800350189208984,
              4.7987060546875,
              842.4609985351562,
              590.7164916992188
            ],
            "layer": "circonscription_isie2023",
            "itemsKinds": [
              "qu"
            ]
          },
          {
            "level": 0,
            "scissor": [
              0.0,
              0.0,
              842.4609985351562,
              595.9949951171875
            ],
            "layer": "delegation_isie_2023",
            "itemsKinds": [
              "qu"
            ]
          },
          {
            "level": 1,
            "scissor": [
              4.800350189208984,
              4.7987060546875,
              842.4609985351562,
              590.7164916992188
            ],
            "layer": "delegation_isie_2023",
            "itemsKinds": [
              "qu"
            ]
          },
          {
            "level": 0,
            "scissor": [
              0.0,
              0.0,
              842.4609985351562,
              595.9949951171875
            ],
            "layer": "gouv_2023",
            "itemsKinds": [
              "qu"
            ]
          },
          {
            "level": 1,
            "scissor": [
              4.800350189208984,
              4.7987060546875,
              842.4609985351562,
              590.7164916992188
            ],
            "layer": "gouv_2023",
            "itemsKinds": [
              "qu"
            ]
          },
          {
            "level": 0,
            "scissor": [
              0.0,
              0.0,
              842.4609985351562,
              595.9949951171875
            ],
            "layer": "rte_tunisie - Default",
            "itemsKinds": [
              "qu"
            ]
          },
          {
            "level": 1,
            "scissor": [
              4.800350189208984,
              4.7987060546875,
              842.4609985351562,
              590.7164916992188
            ],
            "layer": "rte_tunisie - Default",
            "itemsKinds": [
              "qu"
            ]
          },
          {
            "level": 0,
            "scissor": [
              0.0,
              0.0,
              842.4609985351562,
              595.9949951171875
            ],
            "layer": "limites - Default",
            "itemsKinds": [
              "qu"
            ]
          },
          {
            "level": 1,
            "scissor": [
              4.800350189208984,
              4.7987060546875,
              842.4609985351562,
              590.7164916992188
            ],
            "layer": "limites - Default",
            "itemsKinds": [
              "qu"
            ]
          },
          {
            "level": 0,
            "scissor": [
              0.0,
              0.0,
              842.4609985351562,
              595.9949951171875
            ],
            "layer": "circonscription_isie2023 - Default",
            "itemsKinds": [
              "qu"
            ]
          },
          {
            "level": 1,
            "scissor": [
              4.800350189208984,
              4.7987060546875,
              842.4609985351562,
              590.7164916992188
            ],
            "layer": "circonscription_isie2023 - Default",
            "itemsKinds": [
              "qu"
            ]
          },
          {
            "level": 0,
            "scissor": [
              0.0,
              0.0,
              842.4609985351562,
              595.9949951171875
            ],
            "layer": "delegation_isie_2023 - Default",
            "itemsKinds": [
              "qu"
            ]
          },
          {
            "level": 1,
            "scissor": [
              4.800350189208984,
              4.7987060546875,
              842.4609985351562,
              590.7164916992188
            ],
            "layer": "delegation_isie_2023 - Default",
            "itemsKinds": [
              "qu"
            ]
          },
          {
            "level": 0,
            "scissor": [
              0.0,
              0.0,
              841.492919921875,
              595.5023803710938
            ],
            "layer": "Other 2",
            "itemsKinds": [
              "qu"
            ]
          },
          {
            "level": 1,
            "scissor": [
              0.0,
              0.0,
              841.492919921875,
              595.5023803710938
            ],
            "layer": "Other 2",
            "itemsKinds": [
              "qu"
            ]
          },
          {
            "level": 0,
            "scissor": [
              0.0,
              0.0,
              842.4609985351562,
              595.9949951171875
            ],
            "layer": "Other 2",
            "itemsKinds": [
              "qu"
            ]
          },
          {
            "level": 0,
            "scissor": [
              0.0,
              0.0,
              842.4609985351562,
              595.9949951171875
            ],
            "layer": "Other 2",
            "itemsKinds": [
              "qu"
            ]
          },
          {
            "level": 0,
            "scissor": [
              0.0,
              0.0,
              842.4609985351562,
              595.9949951171875
            ],
            "layer": "Other 2",
            "itemsKinds": [
              "qu"
            ]
          },
          {
            "level": 0,
            "scissor": [
              0.0,
              0.0,
              842.4609985351562,
              595.9949951171875
            ],
            "layer": "Other 2",
            "itemsKinds": [
              "qu"
            ]
          }
        ],
        "sourceTopologyReview": null,
        "manualIdentityQualification": "The official title and in-map red label both clearly say2مارس, not20مارس. The single complete ring west of R117 matches the source Zarzis footprint and the official525552 identity. Arabic PDF glyph order prevents a naive string match; full-page visual reading confirms the number2. Retain code and remove unsupported20Mars aliases.",
        "visualReview": "accepted after inspecting full source PDF page render",
        "sourceAssertion": {
          "id": "osm:relation:7142911",
          "expectedKind": "sector",
          "expectedTags": {
            "admin_level": "6",
            "boundary": "administrative",
            "name": "20مارس",
            "name:ar": "20مارس",
            "name:fr": "20 Mars",
            "ref:tn:codegeo": "525552"
          }
        },
        "currentOfficialIdentity": {
          "governorateCode": "52",
          "governorateFr": "Mednine",
          "governorateAr": "مدنين",
          "delegationCode": "5255",
          "delegationFr": "Zarzis",
          "delegationAr": "جرجيس",
          "sectorCode": "525552",
          "sectorFr": "2 mars",
          "sectorAr": "2مارس",
          "sourceRows": {
            "Population_Secteur_Age_Sexe_Dynamique.xlsx": 61708,
            "Nombre_de_Logements_par_Secteurs.xlsx": 3032,
            "Nombre_de_menages_par_Secteurs.xlsx": 3026
          }
        },
        "osmComparison": {
          "id": "osm:relation:7142911",
          "sourceName": "20مارس",
          "sourceCode": "525552",
          "iou": 0.8553999204324926,
          "officialCoveredByOsm": 0.8824630170115785,
          "osmCoveredByOfficial": 0.965389002550506,
          "hausdorffMeters": 586.5979393633023
        },
        "validation": {
          "valid": true,
          "finite2d": true,
          "countryFullyContains": true,
          "countryOutsideAreaMeters2": 0.0,
          "noSnappingBufferClippingOrInventedAreaBoundary": true
        },
        "recommendedChange": {
          "replaceGeometry": true,
          "replaceCurrentNameTags": true,
          "retainSourceCode": true,
          "assignOfficialCodeToPreviouslyUncodedIdentity": false
        },
        "sourceDrawingIndex": 732
      },
      "geometry": {
        "type": "Polygon",
        "coordinates": [
          [
            [
              11.10069907292512,
              33.515553913108015
            ],
            [
              11.101356332483455,
              33.51496316203283
            ],
            [
              11.101615001425364,
              33.514720113320344
            ],
            [
              11.101735397396316,
              33.51464988389543
            ],
            [
              11.101816755356786,
              33.51464850662024
            ],
            [
              11.101938791640576,
              33.51464644061832
            ],
            [
              11.102226418769142,
              33.514760905969595
            ],
            [
              11.103254897604897,
              33.515220827825644
            ],
            [
              11.1032935211614,
              33.51513493458634
            ],
            [
              11.104592782364177,
              33.51332288912185
            ],
            [
              11.10461229989732,
              33.51328846314471
            ],
            [
              11.104691191787946,
              33.51318483824194
            ],
            [
              11.104770080908299,
              33.51308121333842
            ],
            [
              11.10502626958966,
              33.512735912238604
            ],
            [
              11.10518363761267,
              33.51251162245223
            ],
            [
              11.10580857872164,
              33.51142700853016
            ],
            [
              11.106555948561544,
              33.510357362110234
            ],
            [
              11.107421214189966,
              33.50911523154663
            ],
            [
              11.107440729724203,
              33.50908080518209
            ],
            [
              11.107500099141522,
              33.50901160615
            ],
            [
              11.107559465853615,
              33.50894240605256
            ],
            [
              11.107695662039998,
              33.50868437639751
            ],
            [
              11.107890400453282,
              33.508323065221084
            ],
            [
              11.108399017117494,
              33.50747908390361
            ],
            [
              11.108770202143468,
              33.506842009815365
            ],
            [
              11.108809228544485,
              33.50677315459258
            ],
            [
              11.108906800829828,
              33.506601019630594
            ],
            [
              11.108984855767725,
              33.50646331013998
            ],
            [
              11.109043810513619,
              33.506377069886774
            ],
            [
              11.10914097012714,
              33.50618789202732
            ],
            [
              11.109274684429513,
              33.50582761533476
            ],
            [
              11.109386001210225,
              33.50538248008156
            ],
            [
              11.10942379375374,
              33.5052625029411
            ],
            [
              11.109423381943916,
              33.505245461287586
            ],
            [
              11.109738637892537,
              33.50397856378478
            ],
            [
              11.109712946925228,
              33.503757377567865
            ],
            [
              11.109711299607891,
              33.50368921311709
            ],
            [
              11.10965111180368,
              33.503724331911904
            ],
            [
              11.109631189061387,
              33.50374171903983
            ],
            [
              11.109488828940506,
              33.503744137563096
            ],
            [
              11.109324898950726,
              33.50369577745295
            ],
            [
              11.109182541462738,
              33.503698195577435
            ],
            [
              11.108997862940743,
              33.503633142051804
            ],
            [
              11.10821765411814,
              33.50333952796711
            ],
            [
              11.10764081802353,
              33.50304245822112
            ],
            [
              11.107060695483622,
              33.502609058630355
            ],
            [
              11.106707159719848,
              33.50229114642818
            ],
            [
              11.106686822861707,
              33.50229149144838
            ],
            [
              11.106686411660862,
              33.50227445084041
            ],
            [
              11.10612992447211,
              33.50197702850912
            ],
            [
              11.104837631322457,
              33.50153864614567
            ],
            [
              11.10371050460898,
              33.50119973978451
            ],
            [
              11.103567329521455,
              33.50116806892592
            ],
            [
              11.103424154555887,
              33.50113639898127
            ],
            [
              11.102995448539149,
              33.50107546839204
            ],
            [
              11.102445546642366,
              33.50105068349051
            ],
            [
              11.102241362353878,
              33.50102004507154
            ],
            [
              11.102037589727882,
              33.50100644586684
            ],
            [
              11.101853742264728,
              33.50097546255344
            ],
            [
              11.101628811484817,
              33.500928125570084
            ],
            [
              11.10144414397146,
              33.500863059214886
            ],
            [
              11.101218393455342,
              33.50078164012264
            ],
            [
              11.100992234550276,
              33.500683178820935
            ],
            [
              11.100539916934958,
              33.50048625493574
            ],
            [
              11.099758123350876,
              33.50012442243391
            ],
            [
              11.099719500823333,
              33.50021031574657
            ],
            [
              11.099301044549987,
              33.50057539698008
            ],
            [
              11.098863888004699,
              33.50100898340602
            ],
            [
              11.098586141851989,
              33.501303492448876
            ],
            [
              11.098525952143435,
              33.50133860593559
            ],
            [
              11.098464941915632,
              33.501339636931895
            ],
            [
              11.098424679288861,
              33.50135736492518
            ],
            [
              11.09838400579259,
              33.50135805222648
            ],
            [
              11.098364079892503,
              33.50137543655184
            ],
            [
              11.098344152717637,
              33.50139282197983
            ],
            [
              11.098324225508767,
              33.50141020632115
            ],
            [
              11.098304298291936,
              33.50142759065951
            ],
            [
              11.098171362676021,
              33.501821939733155
            ],
            [
              11.098097387877843,
              33.50213005222058
            ],
            [
              11.098030374389095,
              33.50272786202056
            ],
            [
              11.098018227691625,
              33.503069026146086
            ],
            [
              11.097980010455355,
              33.503171958634184
            ],
            [
              11.09777991708361,
              33.50331172327103
            ],
            [
              11.09770143577051,
              33.50343238457613
            ],
            [
              11.097704711497782,
              33.50356871236677
            ],
            [
              11.097708806200968,
              33.50373912264231
            ],
            [
              11.097716586239956,
              33.5040629024768
            ],
            [
              11.097722318969057,
              33.504301476623496
            ],
            [
              11.097704439678449,
              33.5044040654523
            ],
            [
              11.097725185358984,
              33.504420763693076
            ],
            [
              11.097890340933315,
              33.50452026034651
            ],
            [
              11.098119373830706,
              33.504738014040655
            ],
            [
              11.098433444953601,
              33.505107762004585
            ],
            [
              11.098272794512821,
              33.50519571482916
            ],
            [
              11.097529729316749,
              33.50560037268941
            ],
            [
              11.097169386448359,
              33.50584513005046
            ],
            [
              11.097109601145133,
              33.50589728260934
            ],
            [
              11.096631324079711,
              33.50631450958148
            ],
            [
              11.096631733399027,
              33.506331551372035
            ],
            [
              11.096532500688642,
              33.50643551366159
            ],
            [
              11.096301134191805,
              33.50696790579492
            ],
            [
              11.09622346749397,
              33.50712264769995
            ],
            [
              11.096184837388764,
              33.507208540097054
            ],
            [
              11.096046154471697,
              33.50736431301373
            ],
            [
              11.095927810552801,
              33.507519741387014
            ],
            [
              11.095850550632225,
              33.507691524906946
            ],
            [
              11.095714321224293,
              33.50794954284957
            ],
            [
              11.095071275135298,
              33.5082843057452
            ],
            [
              11.094651126943948,
              33.50858120909058
            ],
            [
              11.094333074957273,
              33.50889343666728
            ],
            [
              11.094214317088444,
              33.50903182284045
            ],
            [
              11.09415657215426,
              33.50916917989854
            ],
            [
              11.094080125089093,
              33.50937504499887
            ],
            [
              11.094065102711788,
              33.50959692176308
            ],
            [
              11.094051305522344,
              33.50986992071859
            ],
            [
              11.093596191275315,
              33.510406081390265
            ],
            [
              11.093202904792975,
              33.510975294496596
            ],
            [
              11.093105297559616,
              33.511147418340606
            ],
            [
              11.093826968918489,
              33.51154440098604
            ],
            [
              11.093709023165411,
              33.51171686934303
            ],
            [
              11.092992350568661,
              33.512376773737536
            ],
            [
              11.092832089885716,
              33.512481763036
            ],
            [
              11.092671418877577,
              33.512569710345566
            ],
            [
              11.092511157440583,
              33.51267469925419
            ],
            [
              11.092289877113881,
              33.512780716233316
            ],
            [
              11.092050709010913,
              33.51298932104207
            ],
            [
              11.091773311941635,
              33.513300857370865
            ],
            [
              11.091515843563839,
              33.513595009779884
            ],
            [
              11.091377142417873,
              33.51375077803324
            ],
            [
              11.091216877197025,
              33.51385576430819
            ],
            [
              11.090775124564345,
              33.51410187613933
            ],
            [
              11.090352892198807,
              33.51431356037392
            ],
            [
              11.090192624044967,
              33.514418546496216
            ],
            [
              11.090072627211569,
              33.5145058057883
            ],
            [
              11.09003358052831,
              33.51457465468152
            ],
            [
              11.089994533785463,
              33.5146435035641
            ],
            [
              11.089917663852777,
              33.51483232574548
            ],
            [
              11.089840386775888,
              33.51500410602428
            ],
            [
              11.08970208845605,
              33.51517691224404
            ],
            [
              11.08942467549499,
              33.51548844489583
            ],
            [
              11.08899147632641,
              33.51609241224169
            ],
            [
              11.08889344808578,
              33.51624749240135
            ],
            [
              11.088736845794429,
              33.51650584586125
            ],
            [
              11.089287253273781,
              33.51654772981861
            ],
            [
              11.09063092634033,
              33.516576253907616
            ],
            [
              11.091200041525662,
              33.51654962166584
            ],
            [
              11.091828541979257,
              33.51645379364074
            ],
            [
              11.092355749800591,
              33.51637671934271
            ],
            [
              11.092841457825564,
              33.51626624498736
            ],
            [
              11.093063563565499,
              33.51619430819759
            ],
            [
              11.093203900386396,
              33.51610670311465
            ],
            [
              11.093362123004011,
              33.51591650848746
            ],
            [
              11.093876649115765,
              33.51531115495186
            ],
            [
              11.09590980746132,
              33.51524275296341
            ],
            [
              11.096378440357551,
              33.515268937215836
            ],
            [
              11.09678687227768,
              33.515330231590866
            ],
            [
              11.097033816762114,
              33.5154453961695
            ],
            [
              11.097363348402984,
              33.51561030897118
            ],
            [
              11.097751853304135,
              33.51568898432492
            ],
            [
              11.098020777727927,
              33.51587196693408
            ],
            [
              11.098133950069696,
              33.51634739556984
            ],
            [
              11.098218997709841,
              33.51649938872151
            ],
            [
              11.098387864568974,
              33.51675225499532
            ],
            [
              11.098489155148656,
              33.51673349321541
            ],
            [
              11.098769817266119,
              33.516558270988355
            ],
            [
              11.099149718502268,
              33.516279082604086
            ],
            [
              11.099490986986517,
              33.516085784309524
            ],
            [
              11.099612206705077,
              33.516049639204084
            ],
            [
              11.099854644503093,
              33.515977347586315
            ],
            [
              11.100077153156125,
              33.515922440187694
            ],
            [
              11.100217480718545,
              33.51583482637766
            ],
            [
              11.100318359649489,
              33.51579902468159
            ],
            [
              11.100378559576235,
              33.51576391001716
            ],
            [
              11.10047902683984,
              33.51571106649438
            ],
            [
              11.100579085059247,
              33.51564118223447
            ],
            [
              11.10069907292512,
              33.515553913108015
            ]
          ]
        ]
      }
    },
    {
      "type": "Feature",
      "id": "osm:relation:7169580",
      "properties": {
        "id": "osm:relation:7169580",
        "kind": "sector",
        "officialCode": "435256",
        "nameAr": "المكارم",
        "nameFr": "El makarem",
        "governorateCode": "43",
        "governorateAr": "سيدي بوزيد",
        "governorateFr": "Sidi bouzid",
        "delegationCode": "4352",
        "parentAr": "سيدي بوزيد الشرقية",
        "parentFr": "Sidi bouzid est",
        "sourceId": "isie-local-sectors-2023-identity-review-2",
        "sourcePdfURL": "https://www.isie.tn/wp-content/uploads/2023/CartesCirconscriptionsElectoralesLocales2023/%D8%B3%D9%8A%D8%AF%D9%8A%20%D8%A8%D9%88%D8%B2%D9%8A%D8%AF/%D8%B3%D9%8A%D8%AF%D9%8A%20%D8%A8%D9%88%D8%B2%D9%8A%D8%AF%20%D8%A7%D9%84%D8%B4%D8%B1%D9%82%D9%8A%D8%A9/%D8%A7%D9%84%D9%85%D9%83%D8%A7%D8%B1%D9%85.pdf",
        "sourcePdfSha256": "267f923cdbd7464dd3b5f1e00371dbb0a3493479a577d072e44d5d1e99081d49",
        "sourcePdfFile": "work/isie-sector-maps-next-conflicts/makarem.pdf",
        "sourcePdfPage": 1,
        "sourceDrawingIndices": [
          49
        ],
        "sourceVectorLayer": "circonscription_isie2023",
        "sourceGeometryVertices": 366,
        "sourceGeometrySha256": "5a6d4a8682fe72c440c1433803a2afb3712e883525e44bbf6c7ccc8ad1ed1ac2",
        "sourceCrsEpsg": 32632,
        "sourceCrsWkt": "PROJCS[\"WGS_1984_UTM_Zone_32N\",GEOGCS[\"GCS_WGS_1984\",DATUM[\"D_WGS_1984\",SPHEROID[\"WGS_1984\",6378137.0,298.257223563]],PRIMEM[\"Greenwich\",0.0],UNIT[\"Degree\",0.0174532925199433]],PROJECTION[\"Transverse_Mercator\"],PARAMETER[\"False_Easting\",500000.0],PARAMETER[\"False_Northing\",0.0],PARAMETER[\"Central_Meridian\",9.0],PARAMETER[\"Scale_Factor\",0.9996],PARAMETER[\"Latitude_Of_Origin\",0.0],UNIT[\"Meter\",1.0]]",
        "sourceControlPointMaxResidualMeters": 0.1453679179979749,
        "sourceControlPointsLatLon": [
          [
            35.11978,
            9.51447
          ],
          [
            35.27057,
            9.51542
          ],
          [
            35.26916,
            9.7786
          ],
          [
            35.11838,
            9.77717
          ]
        ],
        "sourceLocalControlPoints": [
          [
            0.0,
            1.0
          ],
          [
            0.0,
            0.0
          ],
          [
            1.0,
            0.0
          ],
          [
            1.0,
            1.0
          ]
        ],
        "sourceViewportBBox": [
          4.31908,
          590.46173,
          841.50095,
          5.38791
        ],
        "sourcePageTransformationMatrix": [
          1.0,
          0.0,
          0.0,
          -1.0,
          0.0,
          595.5023803710938
        ],
        "sourceAffineMetersFromPagePoints": [
          [
            28.593904635637024,
            -0.00019022951106218553
          ],
          [
            0.0006945269931293296,
            -28.582940451635295
          ],
          [
            546754.1613108164,
            3903314.6902604997
          ]
        ],
        "sourceClipReview": {
          "explicitlyClosed": true,
          "activeClipCount": 2,
          "outsideActiveClipsAreaPoints2": [
            0.0,
            0.0
          ],
          "outsideViewportAreaPoints2": 0.0,
          "distanceFromViewportPoints": 26.643310546875004
        },
        "sourceClipPaths": [
          {
            "level": 0,
            "scissor": [
              0.0,
              0.0,
              841.8609008789062,
              596.2352294921875
            ],
            "layer": "Image",
            "itemsKinds": [
              "qu"
            ]
          },
          {
            "level": 0,
            "scissor": [
              0.0,
              0.0,
              841.8609008789062,
              596.2352294921875
            ],
            "layer": "rte_tunisie",
            "itemsKinds": [
              "qu"
            ]
          },
          {
            "level": 1,
            "scissor": [
              4.319079875946045,
              5.0406494140625,
              841.8609008789062,
              590.4745483398438
            ],
            "layer": "rte_tunisie",
            "itemsKinds": [
              "qu"
            ]
          },
          {
            "level": 0,
            "scissor": [
              0.0,
              0.0,
              841.8609008789062,
              596.2352294921875
            ],
            "layer": "circonscription_isie2023",
            "itemsKinds": [
              "qu"
            ]
          },
          {
            "level": 1,
            "scissor": [
              4.319079875946045,
              5.0406494140625,
              841.8609008789062,
              590.4745483398438
            ],
            "layer": "circonscription_isie2023",
            "itemsKinds": [
              "qu"
            ]
          },
          {
            "level": 0,
            "scissor": [
              0.0,
              0.0,
              841.8609008789062,
              596.2352294921875
            ],
            "layer": "delegation_isie_2023",
            "itemsKinds": [
              "qu"
            ]
          },
          {
            "level": 1,
            "scissor": [
              4.319079875946045,
              5.0406494140625,
              841.8609008789062,
              590.4745483398438
            ],
            "layer": "delegation_isie_2023",
            "itemsKinds": [
              "qu"
            ]
          },
          {
            "level": 0,
            "scissor": [
              0.0,
              0.0,
              841.8609008789062,
              596.2352294921875
            ],
            "layer": "gouv_2023",
            "itemsKinds": [
              "qu"
            ]
          },
          {
            "level": 1,
            "scissor": [
              4.319079875946045,
              5.0406494140625,
              841.8609008789062,
              590.4745483398438
            ],
            "layer": "gouv_2023",
            "itemsKinds": [
              "qu"
            ]
          },
          {
            "level": 0,
            "scissor": [
              0.0,
              0.0,
              841.8609008789062,
              596.2352294921875
            ],
            "layer": "rte_tunisie - Default",
            "itemsKinds": [
              "qu"
            ]
          },
          {
            "level": 1,
            "scissor": [
              4.319079875946045,
              5.0406494140625,
              841.8609008789062,
              590.4745483398438
            ],
            "layer": "rte_tunisie - Default",
            "itemsKinds": [
              "qu"
            ]
          },
          {
            "level": 0,
            "scissor": [
              0.0,
              0.0,
              841.8609008789062,
              596.2352294921875
            ],
            "layer": "limites - Default",
            "itemsKinds": [
              "qu"
            ]
          },
          {
            "level": 1,
            "scissor": [
              4.319079875946045,
              5.0406494140625,
              841.8609008789062,
              590.4745483398438
            ],
            "layer": "limites - Default",
            "itemsKinds": [
              "qu"
            ]
          },
          {
            "level": 0,
            "scissor": [
              0.0,
              0.0,
              841.8609008789062,
              596.2352294921875
            ],
            "layer": "circonscription_isie2023 - Default",
            "itemsKinds": [
              "qu"
            ]
          },
          {
            "level": 1,
            "scissor": [
              4.319079875946045,
              5.0406494140625,
              841.8609008789062,
              590.4745483398438
            ],
            "layer": "circonscription_isie2023 - Default",
            "itemsKinds": [
              "qu"
            ]
          },
          {
            "level": 0,
            "scissor": [
              0.0,
              0.0,
              841.8609008789062,
              596.2352294921875
            ],
            "layer": "delegation_isie_2023 - Default",
            "itemsKinds": [
              "qu"
            ]
          },
          {
            "level": 1,
            "scissor": [
              4.319079875946045,
              5.0406494140625,
              841.8609008789062,
              590.4745483398438
            ],
            "layer": "delegation_isie_2023 - Default",
            "itemsKinds": [
              "qu"
            ]
          },
          {
            "level": 0,
            "scissor": [
              0.0,
              0.0,
              841.492919921875,
              595.5023803710938
            ],
            "layer": "Other 2",
            "itemsKinds": [
              "qu"
            ]
          },
          {
            "level": 1,
            "scissor": [
              0.0,
              0.0,
              841.492919921875,
              595.5023803710938
            ],
            "layer": "Other 2",
            "itemsKinds": [
              "qu"
            ]
          },
          {
            "level": 0,
            "scissor": [
              0.0,
              0.0,
              841.8609008789062,
              596.2352294921875
            ],
            "layer": "Other 2",
            "itemsKinds": [
              "qu"
            ]
          },
          {
            "level": 0,
            "scissor": [
              0.0,
              0.0,
              841.8609008789062,
              596.2352294921875
            ],
            "layer": "Other 2",
            "itemsKinds": [
              "qu"
            ]
          },
          {
            "level": 0,
            "scissor": [
              0.0,
              0.0,
              841.8609008789062,
              596.2352294921875
            ],
            "layer": "Other 2",
            "itemsKinds": [
              "qu"
            ]
          },
          {
            "level": 0,
            "scissor": [
              0.0,
              0.0,
              841.8609008789062,
              596.2352294921875
            ],
            "layer": "Other 2",
            "itemsKinds": [
              "qu"
            ]
          }
        ],
        "sourceTopologyReview": null,
        "manualIdentityQualification": "The official generic المكارم ring lies east/southeast of the neighboring official المكارم الشرقية ring, inside Sidi Bouzid East. Source435256 matches this footprint despite its incorrect source شرق/Est qualifier. Use mapped official identity, not a compass-direction guess.",
        "visualReview": "accepted after inspecting full source PDF page render",
        "sourceAssertion": {
          "id": "osm:relation:7169580",
          "expectedKind": "sector",
          "expectedTags": {
            "admin_level": "6",
            "boundary": "administrative",
            "name": "المكارم الشرقية",
            "name:ar": "المكارم الشرقية",
            "name:fr": "El Makarem Est",
            "ref:tn:codegeo": "435256"
          }
        },
        "currentOfficialIdentity": {
          "governorateCode": "43",
          "governorateFr": "Sidi bouzid",
          "governorateAr": "سيدي بوزيد",
          "delegationCode": "4352",
          "delegationFr": "Sidi bouzid est",
          "delegationAr": "سيدي بوزيد الشرقية",
          "sectorCode": "435256",
          "sectorFr": "El makarem",
          "sectorAr": "المكارم",
          "sourceRows": {
            "Population_Secteur_Age_Sexe_Dynamique.xlsx": 54331,
            "Nombre_de_Logements_par_Secteurs.xlsx": 2642,
            "Nombre_de_menages_par_Secteurs.xlsx": 2637
          }
        },
        "osmComparison": {
          "id": "osm:relation:7169580",
          "sourceName": "المكارم الشرقية",
          "sourceCode": "435256",
          "iou": 0.6965236962026841,
          "officialCoveredByOsm": 0.794776255563028,
          "osmCoveredByOfficial": 0.8492672952435723,
          "hausdorffMeters": 6306.727429024097
        },
        "validation": {
          "valid": true,
          "finite2d": true,
          "countryFullyContains": true,
          "countryOutsideAreaMeters2": 0.0,
          "noSnappingBufferClippingOrInventedAreaBoundary": true
        },
        "recommendedChange": {
          "replaceGeometry": true,
          "replaceCurrentNameTags": true,
          "retainSourceCode": true,
          "assignOfficialCodeToPreviouslyUncodedIdentity": false
        },
        "sourceDrawingIndex": 49
      },
      "geometry": {
        "type": "Polygon",
        "coordinates": [
          [
            [
              9.627599692199087,
              35.2616874537343
            ],
            [
              9.627939105138019,
              35.2616856909212
            ],
            [
              9.628166807101248,
              35.26187009630313
            ],
            [
              9.62827994499237,
              35.26186950827166
            ],
            [
              9.628508361980343,
              35.262146703541845
            ],
            [
              9.628621500248503,
              35.262146115187036
            ],
            [
              9.628735352516353,
              35.26223831726971
            ],
            [
              9.628849205042105,
              35.26233051924116
            ],
            [
              9.629302473741669,
              35.26242095443222
            ],
            [
              9.629528036090331,
              35.262326985597554
            ],
            [
              9.629754313080156,
              35.26232580687014
            ],
            [
              9.629755028250276,
              35.26241859739248
            ],
            [
              9.629755743423672,
              35.26251138791337
            ],
            [
              9.629756458600344,
              35.262604178432824
            ],
            [
              9.629870312786108,
              35.262696379420426
            ],
            [
              9.630097306357994,
              35.26278799055282
            ],
            [
              9.63054843066939,
              35.262600049512656
            ],
            [
              9.630998826696441,
              35.262319316356326
            ],
            [
              9.631111258028834,
              35.26222593512067
            ],
            [
              9.631222236247448,
              35.26194697287955
            ],
            [
              9.631220802590455,
              35.26176139187133
            ],
            [
              9.630994527233533,
              35.2617625733248
            ],
            [
              9.630881399142956,
              35.261763163842794
            ],
            [
              9.630655123766296,
              35.26176434466163
            ],
            [
              9.630540553976584,
              35.261579353874275
            ],
            [
              9.630652259070697,
              35.2613931825877
            ],
            [
              9.630764679950211,
              35.26129980171916
            ],
            [
              9.630877816992138,
              35.26129921126691
            ],
            [
              9.631217935315862,
              35.261390229837666
            ],
            [
              9.632129493211742,
              35.26222061425563
            ],
            [
              9.632242631503692,
              35.26222002251396
            ],
            [
              9.632471062872924,
              35.26249721013536
            ],
            [
              9.632473217697747,
              35.26277558154448
            ],
            [
              9.632698777269912,
              35.26268160683225
            ],
            [
              9.63292505510711,
              35.26268042216517
            ],
            [
              9.633376172131983,
              35.26249247065311
            ],
            [
              9.634166702158174,
              35.262302737166785
            ],
            [
              9.634617093458328,
              35.26202199062585
            ],
            [
              9.63529446863596,
              35.2618328438414
            ],
            [
              9.635406884721473,
              35.261739458716
            ],
            [
              9.635518578828627,
              35.26155328305649
            ],
            [
              9.635517135397643,
              35.26136770219029
            ],
            [
              9.635630272429879,
              35.261367107293566
            ],
            [
              9.636195957541341,
              35.26136413122332
            ],
            [
              9.63710250058878,
              35.26154494482014
            ],
            [
              9.637669635118378,
              35.26172754263761
            ],
            [
              9.637783496909465,
              35.26181973611051
            ],
            [
              9.638575450521044,
              35.26181555478339
            ],
            [
              9.639591509588941,
              35.26153180004157
            ],
            [
              9.63981560408476,
              35.2612522314489
            ],
            [
              9.639928014125488,
              35.261158842177466
            ],
            [
              9.640264515590493,
              35.26078588338737
            ],
            [
              9.640717060045935,
              35.260783485445
            ],
            [
              9.640830196151446,
              35.26078288569498
            ],
            [
              9.64139587662888,
              35.260779885358325
            ],
            [
              9.641734556092509,
              35.260685293555206
            ],
            [
              9.64196009906844,
              35.26059131745024
            ],
            [
              9.641844776549286,
              35.26031354725145
            ],
            [
              9.641842589874381,
              35.26003517623605
            ],
            [
              9.642181994986,
              35.2600333735447
            ],
            [
              9.642633805300415,
              35.25993817814848
            ],
            [
              9.64308560494048,
              35.259842981125985
            ],
            [
              9.643196548419704,
              35.259564008212095
            ],
            [
              9.643194357183198,
              35.25928563723594
            ],
            [
              9.643531566712866,
              35.25900545981558
            ],
            [
              9.644209636538573,
              35.25890905378338
            ],
            [
              9.64420817343692,
              35.25872347315084
            ],
            [
              9.644205978809563,
              35.258445102191274
            ],
            [
              9.644430048991914,
              35.25816552517024
            ],
            [
              9.64476651747479,
              35.25779255402855
            ],
            [
              9.64476505316427,
              35.25760697338204
            ],
            [
              9.644424194817251,
              35.25742320254639
            ],
            [
              9.643971669370348,
              35.25742561415459
            ],
            [
              9.643857075779307,
              35.25724063610135
            ],
            [
              9.643854151377633,
              35.2568694747023
            ],
            [
              9.644078218527824,
              35.25658989829378
            ],
            [
              9.644303747333009,
              35.25649590217719
            ],
            [
              9.644530739320121,
              35.256587486336514
            ],
            [
              9.64498472481111,
              35.25677065335714
            ],
            [
              9.645211718314986,
              35.256862236218396
            ],
            [
              9.645551843002902,
              35.25695321453902
            ],
            [
              9.646004365683089,
              35.2569507970496
            ],
            [
              9.646342289797927,
              35.25676340220732
            ],
            [
              9.646340821951421,
              35.25657782158681
            ],
            [
              9.646113094352232,
              35.256393450526566
            ],
            [
              9.64611162704828,
              35.256207869886275
            ],
            [
              9.646563411373121,
              35.256112660033644
            ],
            [
              9.647356043166846,
              35.256201212135075
            ],
            [
              9.647583037669333,
              35.2562927905448
            ],
            [
              9.647809297089951,
              35.25629157823335
            ],
            [
              9.648147214257362,
              35.256104178404144
            ],
            [
              9.648480711847181,
              35.25536003592105
            ],
            [
              9.649040458265056,
              35.25461469365968
            ],
            [
              9.649262289812595,
              35.254056736918024
            ],
            [
              9.649487805507471,
              35.253962731239966
            ],
            [
              9.649827184792786,
              35.25396090737615
            ],
            [
              9.650619798807167,
              35.254049438317175
            ],
            [
              9.650846061449334,
              35.25404822034307
            ],
            [
              9.651297078922436,
              35.253860202758936
            ],
            [
              9.651067869496892,
              35.25349026044134
            ],
            [
              9.650838671766069,
              35.25312031759291
            ],
            [
              9.650836454927068,
              35.252841946739785
            ],
            [
              9.651510016431441,
              35.252188758694366
            ],
            [
              9.652072674692052,
              35.25181454796669
            ],
            [
              9.652299662048389,
              35.251906117669336
            ],
            [
              9.652640514518199,
              35.25208986654458
            ],
            [
              9.652866762032597,
              35.252088644902756
            ],
            [
              9.652979885784692,
              35.25208803392324
            ],
            [
              9.653091526556237,
              35.251901842322184
            ],
            [
              9.652863055904069,
              35.251624693581626
            ],
            [
              9.652860091062339,
              35.25125353249881
            ],
            [
              9.652971730996184,
              35.25106734099217
            ],
            [
              9.653535858683362,
              35.25087870409234
            ],
            [
              9.653759876144198,
              35.25059911001844
            ],
            [
              9.654206421071818,
              35.24985434010067
            ],
            [
              9.654091072817502,
              35.24957658923492
            ],
            [
              9.653975725300667,
              35.24929883037305
            ],
            [
              9.653974982881273,
              35.249206040089355
            ],
            [
              9.654313589645463,
              35.249111413628576
            ],
            [
              9.654425975892343,
              35.24901801101114
            ],
            [
              9.654536856602073,
              35.24873902783509
            ],
            [
              9.654534627482306,
              35.2484606569851
            ],
            [
              9.654645516681333,
              35.248181673644275
            ],
            [
              9.654757891685462,
              35.24808827077433
            ],
            [
              9.65487100983795,
              35.248087658087115
            ],
            [
              9.655097989799927,
              35.24817922267559
            ],
            [
              9.655325714198883,
              35.24836357710441
            ],
            [
              9.655664325436321,
              35.248268946854196
            ],
            [
              9.655662836809809,
              35.24808336631638
            ],
            [
              9.65565985959768,
              35.24771220522342
            ],
            [
              9.655883861167242,
              35.247432607246196
            ],
            [
              9.65599251047262,
              35.24687525971047
            ],
            [
              9.656329624680945,
              35.246595047088434
            ],
            [
              9.65666673656982,
              35.2463148335397
            ],
            [
              9.656888493945234,
              35.24575686287062
            ],
            [
              9.657111740102716,
              35.2453844723498
            ],
            [
              9.657109502460008,
              35.24510610148867
            ],
            [
              9.657334238111261,
              35.24491929112947
            ],
            [
              9.657442128162728,
              35.24426915191105
            ],
            [
              9.657891582741392,
              35.24389552961337
            ],
            [
              9.658003948139527,
              35.24380212376854
            ],
            [
              9.658111841027738,
              35.243151975991125
            ],
            [
              9.658223448480216,
              35.24296577969595
            ],
            [
              9.658445933723323,
              35.24250059638838
            ],
            [
              9.659233964716703,
              35.24203233035265
            ],
            [
              9.659685654534561,
              35.24193707231185
            ],
            [
              9.66002573212946,
              35.24202801067744
            ],
            [
              9.66013959098917,
              35.24212018343747
            ],
            [
              9.660815999352012,
              35.241838105285495
            ],
            [
              9.660928358552388,
              35.24174469676174
            ],
            [
              9.66092610823297,
              35.24146633381146
            ],
            [
              9.66126468410034,
              35.241371680304674
            ],
            [
              9.66171561681666,
              35.24118363234283
            ],
            [
              9.661941072700573,
              35.241089595993394
            ],
            [
              9.662164283225046,
              35.24071720412538
            ],
            [
              9.662388995184664,
              35.24053038450505
            ],
            [
              9.662954532566147,
              35.24052728492284
            ],
            [
              9.663518563766381,
              35.24033860221606
            ],
            [
              9.66396948539815,
              35.24015053807984
            ],
            [
              9.664421158989814,
              35.24005526251144
            ],
            [
              9.664647372540202,
              35.24005401921196
            ],
            [
              9.664872076924837,
              35.23986719504386
            ],
            [
              9.665098289932278,
              35.23986595090736
            ],
            [
              9.665325258015331,
              35.23995749656328
            ],
            [
              9.665665333345505,
              35.24004841913277
            ],
            [
              9.665891537229477,
              35.24004717356098
            ],
            [
              9.666003132233252,
              35.2398609701867
            ],
            [
              9.665888514302354,
              35.23967601273982
            ],
            [
              9.665886247143343,
              35.23939764210883
            ],
            [
              9.665885491430593,
              35.23930485189563
            ],
            [
              9.666224808524401,
              35.239302982717035
            ],
            [
              9.666564882072569,
              35.23939390278775
            ],
            [
              9.666791093687873,
              35.23939265550189
            ],
            [
              9.667689877917967,
              35.23864534065726
            ],
            [
              9.66859168075398,
              35.238269187820514
            ],
            [
              9.669157192134968,
              35.23826605948259
            ],
            [
              9.669722713018798,
              35.238262928449615
            ],
            [
              9.669948161039903,
              35.238168885142855
            ],
            [
              9.670506832746316,
              35.23733063906876
            ],
            [
              9.6709561984325,
              35.23695696886207
            ],
            [
              9.671182403078513,
              35.236955713444026
            ],
            [
              9.671748676955792,
              35.23704536318793
            ],
            [
              9.67186177938486,
              35.23704473478989
            ],
            [
              9.671859492038676,
              35.236766364377075
            ],
            [
              9.671744865373558,
              35.236581412481996
            ],
            [
              9.671517137699526,
              35.23639708863863
            ],
            [
              9.671516375658104,
              35.236304298485976
            ],
            [
              9.671627952733907,
              35.23611809001103
            ],
            [
              9.67196725615744,
              35.23611620488114
            ],
            [
              9.67253428818386,
              35.23629864115563
            ],
            [
              9.672759727474258,
              35.236204592678185
            ],
            [
              9.6731020769741,
              35.23657386491281
            ],
            [
              9.673215952290683,
              35.23666602532019
            ],
            [
              9.673442146434134,
              35.23666476574142
            ],
            [
              9.673666056667223,
              35.236385135359434
            ],
            [
              9.673890730111273,
              35.236198294678076
            ],
            [
              9.673776099687572,
              35.2360133447322
            ],
            [
              9.673774570484767,
              35.23582776449969
            ],
            [
              9.673321413191337,
              35.235737494351696
            ],
            [
              9.673094438617198,
              35.23564596365023
            ],
            [
              9.673206784716838,
              35.235552543830856
            ],
            [
              9.673544557022437,
              35.235365074045866
            ],
            [
              9.673996182859792,
              35.235269771008056
            ],
            [
              9.674221617590105,
              35.23517571984247
            ],
            [
              9.674445521116622,
              35.23489608802588
            ],
            [
              9.675802713479229,
              35.2348885104342
            ],
            [
              9.675915812819918,
              35.23488787828139
            ],
            [
              9.676482077125868,
              35.234977506012044
            ],
            [
              9.677607688922805,
              35.23432164293017
            ],
            [
              9.685835056422215,
              35.23084187597644
            ],
            [
              9.685947371594684,
              35.230748444552695
            ],
            [
              9.691470877339231,
              35.22858272450243
            ],
            [
              9.691692349052964,
              35.22802469169056
            ],
            [
              9.691344452641802,
              35.227005942766795
            ],
            [
              9.691222738449847,
              35.225985907914875
            ],
            [
              9.69050583593433,
              35.22144308305339
            ],
            [
              9.690390406293755,
              35.221165358566495
            ],
            [
              9.69080746743329,
              35.21698723934992
            ],
            [
              9.691101233671871,
              35.211603490535396
            ],
            [
              9.691324231519703,
              35.21123103766009
            ],
            [
              9.691984582619753,
              35.209092984723576
            ],
            [
              9.692206785004116,
              35.208627747879945
            ],
            [
              9.694102879024852,
              35.205554665863
            ],
            [
              9.69656329244774,
              35.20238551059171
            ],
            [
              9.698479663828103,
              35.201724897608
            ],
            [
              9.69970976157003,
              35.200140278357495
            ],
            [
              9.698918407392995,
              35.20014485293438
            ],
            [
              9.677614973327026,
              35.194234402669885
            ],
            [
              9.66990073235309,
              35.19093675074242
            ],
            [
              9.65821154738304,
              35.18524763240234
            ],
            [
              9.646308919850497,
              35.18095042687865
            ],
            [
              9.640433787482712,
              35.181260053555576
            ],
            [
              9.639628122209366,
              35.17940840672811
            ],
            [
              9.63613089113587,
              35.18026200312291
            ],
            [
              9.635452743954756,
              35.18026556662992
            ],
            [
              9.634663009245068,
              35.18045530264428
            ],
            [
              9.634204457065339,
              35.179622547856276
            ],
            [
              9.632401089753362,
              35.18028155537987
            ],
            [
              9.63171578975041,
              35.179357180456314
            ],
            [
              9.630572706099885,
              35.17769283961196
            ],
            [
              9.630117777904868,
              35.17732401961925
            ],
            [
              9.628290244921432,
              35.174828050696355
            ],
            [
              9.626470633639697,
              35.173352755602394
            ],
            [
              9.624867911208902,
              35.17066998478956
            ],
            [
              9.61515713519334,
              35.14167468112772
            ],
            [
              9.612840216931657,
              35.13398436926339
            ],
            [
              9.608828799498792,
              35.12620972997855
            ],
            [
              9.608715849115049,
              35.12621029792815
            ],
            [
              9.604992595177842,
              35.12678573941818
            ],
            [
              9.599689321657019,
              35.127554496499876
            ],
            [
              9.593483647614239,
              35.128513042085046
            ],
            [
              9.59269431434332,
              35.12870250205222
            ],
            [
              9.598615963717275,
              35.15075882100551
            ],
            [
              9.601053879905036,
              35.15965513514522
            ],
            [
              9.608129003580423,
              35.18421059931667
            ],
            [
              9.608015972990131,
              35.1842111674238
            ],
            [
              9.607453580593559,
              35.18458517477096
            ],
            [
              9.604636700917581,
              35.18580562021815
            ],
            [
              9.60441200384295,
              35.185992334132145
            ],
            [
              9.604187305740485,
              35.18617904763388
            ],
            [
              9.60215953158977,
              35.187117113319324
            ],
            [
              9.601821790211368,
              35.1873043850595
            ],
            [
              9.601822471641052,
              35.18739717722104
            ],
            [
              9.602401971444605,
              35.18934299130431
            ],
            [
              9.602989011042522,
              35.19230951452134
            ],
            [
              9.603102052953048,
              35.19230895099345
            ],
            [
              9.604624317538795,
              35.199446582560114
            ],
            [
              9.605086806422003,
              35.20083619209096
            ],
            [
              9.605793267502527,
              35.20463725518221
            ],
            [
              9.606490175343806,
              35.20713922635937
            ],
            [
              9.606836926574196,
              35.20815823444163
            ],
            [
              9.606843803342825,
              35.20908615193258
            ],
            [
              9.60685411902799,
              35.210478020034564
            ],
            [
              9.607101582404699,
              35.21335341980757
            ],
            [
              9.607574525981441,
              35.21613488994962
            ],
            [
              9.607575214687015,
              35.21622768157002
            ],
            [
              9.607575903395745,
              35.216320473188986
            ],
            [
              9.60757659210763,
              35.2164132648065
            ],
            [
              9.607578658262204,
              35.21669163965042
            ],
            [
              9.607024289854358,
              35.21817914459649
            ],
            [
              9.607591055727408,
              35.21836188057741
            ],
            [
              9.607933735356653,
              35.218824133586516
            ],
            [
              9.60838948850032,
              35.21928581675955
            ],
            [
              9.609419637256295,
              35.22095093995848
            ],
            [
              9.609764412223772,
              35.22169155401436
            ],
            [
              9.610217434044351,
              35.22178206381721
            ],
            [
              9.611803355395997,
              35.222145230461564
            ],
            [
              9.612368076463357,
              35.2220495770878
            ],
            [
              9.612594242335776,
              35.22204843158155
            ],
            [
              9.61293696593481,
              35.22251066970066
            ],
            [
              9.613278998074593,
              35.22288011535642
            ],
            [
              9.613843722384173,
              35.222784455075875
            ],
            [
              9.61429675459524,
              35.22287494948795
            ],
            [
              9.614975956100343,
              35.222964292211365
            ],
            [
              9.61520421709698,
              35.223241515953454
            ],
            [
              9.61577661237309,
              35.2241665438782
            ],
            [
              9.616121458929637,
              35.22490714657156
            ],
            [
              9.615897390079219,
              35.225186672719516
            ],
            [
              9.615671904205316,
              35.22528061587527
            ],
            [
              9.616245726745033,
              35.226391231522605
            ],
            [
              9.616591286456702,
              35.22722461589834
            ],
            [
              9.616714867565891,
              35.228615908406724
            ],
            [
              9.616944549948562,
              35.22907871091143
            ],
            [
              9.616380485060969,
              35.22926717723649
            ],
            [
              9.616724659892185,
              35.22991498605991
            ],
            [
              9.617186835010164,
              35.23121174729817
            ],
            [
              9.617750210697249,
              35.23093048593999
            ],
            [
              9.618555908624026,
              35.23278225466501
            ],
            [
              9.618559416833852,
              35.23324621052112
            ],
            [
              9.617431935088215,
              35.233715947052936
            ],
            [
              9.616192039505643,
              35.23427904081596
            ],
            [
              9.617216939384829,
              35.23520176068852
            ],
            [
              9.617892742093135,
              35.234827129999985
            ],
            [
              9.61846105114275,
              35.23519540330256
            ],
            [
              9.61948387013683,
              35.23583972229492
            ],
            [
              9.621072228844335,
              35.23648113662741
            ],
            [
              9.62390403469477,
              35.23702332518326
            ],
            [
              9.624929764942856,
              35.238038769054015
            ],
            [
              9.626181733249972,
              35.2390530245525
            ],
            [
              9.627090842614999,
              35.23960508040377
            ],
            [
              9.627658514054165,
              35.23988051854264
            ],
            [
              9.628228327841317,
              35.240434326632396
            ],
            [
              9.628909117348334,
              35.24070917098308
            ],
            [
              9.628584057414248,
              35.24256674498181
            ],
            [
              9.628815988201431,
              35.243307895291004
            ],
            [
              9.624416669936931,
              35.24490820451335
            ],
            [
              9.62317595686205,
              35.24537857124483
            ],
            [
              9.622161451301416,
              35.24584776922373
            ],
            [
              9.621824221100475,
              35.24612788789674
            ],
            [
              9.621033112717733,
              35.246224748998884
            ],
            [
              9.62194439575417,
              35.24705521505261
            ],
            [
              9.623424120494201,
              35.24825391410472
            ],
            [
              9.623204955750811,
              35.24918298907575
            ],
            [
              9.62252835322971,
              35.249464858673115
            ],
            [
              9.622643594190093,
              35.24974264862455
            ],
            [
              9.622307762403342,
              35.25020834243157
            ],
            [
              9.622765904766242,
              35.2509483388701
            ],
            [
              9.622995686275308,
              35.251411127184134
            ],
            [
              9.623110931679786,
              35.25168891655652
            ],
            [
              9.623225470430112,
              35.25187391499955
            ],
            [
              9.622661263463577,
              35.25206241137163
            ],
            [
              9.622210178506828,
              35.2522503229152
            ],
            [
              9.62198887159952,
              35.25290102292103
            ],
            [
              9.62199240198763,
              35.2533649769304
            ],
            [
              9.621880687698646,
              35.253551140559395
            ],
            [
              9.622225717992817,
              35.25429172042175
            ],
            [
              9.62245903934497,
              35.25521844753702
            ],
            [
              9.623486400181617,
              35.256419479878915
            ],
            [
              9.624056293781248,
              35.25697330524863
            ],
            [
              9.62484963081352,
              35.25715479558343
            ],
            [
              9.625074474238218,
              35.25696804437886
            ],
            [
              9.62564723346982,
              35.257893024685416
            ],
            [
              9.62610118490221,
              35.258076262885886
            ],
            [
              9.626554426945567,
              35.25816670871333
            ],
            [
              9.62644982978346,
              35.25928078272511
            ],
            [
              9.626229249725373,
              35.2600242802004
            ],
            [
              9.6261218020218,
              35.2607671754968
            ],
            [
              9.626245605522737,
              35.262158448375274
            ],
            [
              9.625800869486064,
              35.26318148874365
            ],
            [
              9.626140288771836,
              35.26317973091191
            ],
            [
              9.626252717328722,
              35.26308635418351
            ],
            [
              9.626815568071216,
              35.26271225956335
            ],
            [
              9.627152136498353,
              35.262339336640416
            ],
            [
              9.627490839596874,
              35.26224478449072
            ],
            [
              9.627487989278602,
              35.26187362222087
            ],
            [
              9.627599692199087,
              35.2616874537343
            ]
          ]
        ]
      }
    },
    {
      "type": "Feature",
      "id": "osm:relation:7169578",
      "properties": {
        "id": "osm:relation:7169578",
        "kind": "sector",
        "officialCode": "435257",
        "nameAr": "المكارم الشرقية",
        "nameFr": "El makarem est",
        "governorateCode": "43",
        "governorateAr": "سيدي بوزيد",
        "governorateFr": "Sidi bouzid",
        "delegationCode": "4352",
        "parentAr": "سيدي بوزيد الشرقية",
        "parentFr": "Sidi bouzid est",
        "sourceId": "isie-local-sectors-2023-identity-review-2",
        "sourcePdfURL": "https://www.isie.tn/wp-content/uploads/2023/CartesCirconscriptionsElectoralesLocales2023/%D8%B3%D9%8A%D8%AF%D9%8A%20%D8%A8%D9%88%D8%B2%D9%8A%D8%AF/%D8%B3%D9%8A%D8%AF%D9%8A%20%D8%A8%D9%88%D8%B2%D9%8A%D8%AF%20%D8%A7%D9%84%D8%B4%D8%B1%D9%82%D9%8A%D8%A9/%D8%A7%D9%84%D9%85%D9%83%D8%A7%D8%B1%D9%85%20%D8%A7%D9%84%D8%B4%D8%B1%D9%82%D9%8A%D8%A9.pdf",
        "sourcePdfSha256": "6d9bde26e80e7ef2bba6ff1d5288d46df761203245e004ceb5b561583925d44a",
        "sourcePdfFile": "work/isie-sector-maps-next-conflicts/makarem-east.pdf",
        "sourcePdfPage": 1,
        "sourceDrawingIndices": [
          4
        ],
        "sourceVectorLayer": "circonscription_isie2023",
        "sourceGeometryVertices": 411,
        "sourceGeometrySha256": "7486b8ffc531435d76506183918592f5ac92948c98cfcf8c44366564b98397f8",
        "sourceCrsEpsg": 32632,
        "sourceCrsWkt": "PROJCS[\"WGS_1984_UTM_Zone_32N\",GEOGCS[\"GCS_WGS_1984\",DATUM[\"D_WGS_1984\",SPHEROID[\"WGS_1984\",6378137.0,298.257223563]],PRIMEM[\"Greenwich\",0.0],UNIT[\"Degree\",0.0174532925199433]],PROJECTION[\"Transverse_Mercator\"],PARAMETER[\"False_Easting\",500000.0],PARAMETER[\"False_Northing\",0.0],PARAMETER[\"Central_Meridian\",9.0],PARAMETER[\"Scale_Factor\",0.9996],PARAMETER[\"Latitude_Of_Origin\",0.0],UNIT[\"Meter\",1.0]]",
        "sourceControlPointMaxResidualMeters": 0.17974778268544706,
        "sourceControlPointsLatLon": [
          [
            35.18303,
            9.47799
          ],
          [
            35.28963,
            9.47861
          ],
          [
            35.28875,
            9.66472
          ],
          [
            35.18215,
            9.66385
          ]
        ],
        "sourceLocalControlPoints": [
          [
            0.0,
            1.0
          ],
          [
            0.0,
            0.0
          ],
          [
            1.0,
            0.0
          ],
          [
            1.0,
            1.0
          ]
        ],
        "sourceViewportBBox": [
          4.31908,
          590.46173,
          841.50095,
          5.38791
        ],
        "sourcePageTransformationMatrix": [
          1.0,
          0.0,
          0.0,
          -1.0,
          0.0,
          595.5023803710938
        ],
        "sourceAffineMetersFromPagePoints": [
          [
            20.214750186641787,
            -0.00028554865189252585
          ],
          [
            0.0003820840911430423,
            -20.20702338187948
          ],
          [
            543432.5162148522,
            3905369.6631215666
          ]
        ],
        "sourceClipReview": {
          "explicitlyClosed": true,
          "activeClipCount": 2,
          "outsideActiveClipsAreaPoints2": [
            0.0,
            0.0
          ],
          "outsideViewportAreaPoints2": 0.0,
          "distanceFromViewportPoints": 26.643310546875004
        },
        "sourceClipPaths": [
          {
            "level": 0,
            "scissor": [
              0.0,
              0.0,
              841.8609008789062,
              596.2352294921875
            ],
            "layer": "Image",
            "itemsKinds": [
              "qu"
            ]
          },
          {
            "level": 0,
            "scissor": [
              0.0,
              0.0,
              841.8609008789062,
              596.2352294921875
            ],
            "layer": "circonscription_isie2023",
            "itemsKinds": [
              "qu"
            ]
          },
          {
            "level": 1,
            "scissor": [
              4.319079875946045,
              5.0406494140625,
              841.8609008789062,
              590.4745483398438
            ],
            "layer": "circonscription_isie2023",
            "itemsKinds": [
              "qu"
            ]
          },
          {
            "level": 0,
            "scissor": [
              0.0,
              0.0,
              841.8609008789062,
              596.2352294921875
            ],
            "layer": "delegation_isie_2023",
            "itemsKinds": [
              "qu"
            ]
          },
          {
            "level": 1,
            "scissor": [
              4.319079875946045,
              5.0406494140625,
              841.8609008789062,
              590.4745483398438
            ],
            "layer": "delegation_isie_2023",
            "itemsKinds": [
              "qu"
            ]
          },
          {
            "level": 0,
            "scissor": [
              0.0,
              0.0,
              841.8609008789062,
              596.2352294921875
            ],
            "layer": "gouv_2023",
            "itemsKinds": [
              "qu"
            ]
          },
          {
            "level": 1,
            "scissor": [
              4.319079875946045,
              5.0406494140625,
              841.8609008789062,
              590.4745483398438
            ],
            "layer": "gouv_2023",
            "itemsKinds": [
              "qu"
            ]
          },
          {
            "level": 0,
            "scissor": [
              0.0,
              0.0,
              841.8609008789062,
              596.2352294921875
            ],
            "layer": "limites - Default",
            "itemsKinds": [
              "qu"
            ]
          },
          {
            "level": 1,
            "scissor": [
              4.319079875946045,
              5.0406494140625,
              841.8609008789062,
              590.4745483398438
            ],
            "layer": "limites - Default",
            "itemsKinds": [
              "qu"
            ]
          },
          {
            "level": 0,
            "scissor": [
              0.0,
              0.0,
              841.8609008789062,
              596.2352294921875
            ],
            "layer": "circonscription_isie2023 - Default",
            "itemsKinds": [
              "qu"
            ]
          },
          {
            "level": 1,
            "scissor": [
              4.319079875946045,
              5.0406494140625,
              841.8609008789062,
              590.4745483398438
            ],
            "layer": "circonscription_isie2023 - Default",
            "itemsKinds": [
              "qu"
            ]
          },
          {
            "level": 0,
            "scissor": [
              0.0,
              0.0,
              841.8609008789062,
              596.2352294921875
            ],
            "layer": "delegation_isie_2023 - Default",
            "itemsKinds": [
              "qu"
            ]
          },
          {
            "level": 1,
            "scissor": [
              4.319079875946045,
              5.0406494140625,
              841.8609008789062,
              590.4745483398438
            ],
            "layer": "delegation_isie_2023 - Default",
            "itemsKinds": [
              "qu"
            ]
          },
          {
            "level": 0,
            "scissor": [
              0.0,
              0.0,
              841.492919921875,
              595.5023803710938
            ],
            "layer": "Other 2",
            "itemsKinds": [
              "qu"
            ]
          },
          {
            "level": 1,
            "scissor": [
              0.0,
              0.0,
              841.492919921875,
              595.5023803710938
            ],
            "layer": "Other 2",
            "itemsKinds": [
              "qu"
            ]
          },
          {
            "level": 0,
            "scissor": [
              0.0,
              0.0,
              841.8609008789062,
              596.2352294921875
            ],
            "layer": "Other 2",
            "itemsKinds": [
              "qu"
            ]
          },
          {
            "level": 0,
            "scissor": [
              0.0,
              0.0,
              841.8609008789062,
              596.2352294921875
            ],
            "layer": "Other 2",
            "itemsKinds": [
              "qu"
            ]
          },
          {
            "level": 0,
            "scissor": [
              0.0,
              0.0,
              841.8609008789062,
              596.2352294921875
            ],
            "layer": "Other 2",
            "itemsKinds": [
              "qu"
            ]
          },
          {
            "level": 0,
            "scissor": [
              0.0,
              0.0,
              841.8609008789062,
              596.2352294921875
            ],
            "layer": "Other 2",
            "itemsKinds": [
              "qu"
            ]
          }
        ],
        "sourceTopologyReview": null,
        "manualIdentityQualification": "The full official المكارم الشرقية ring includes the school/medical-centre area west/northwest of generic المكارم. Source435257 matches at92.6%IoU despite its source غرب/Ouest name. Both official table and map agree on the retained code and corrected name.",
        "visualReview": "accepted after inspecting full source PDF page render",
        "sourceAssertion": {
          "id": "osm:relation:7169578",
          "expectedKind": "sector",
          "expectedTags": {
            "admin_level": "6",
            "boundary": "administrative",
            "name": "المكارم الغربية",
            "name:ar": "المكارم الغربية",
            "name:fr": "El Makarem Ouest",
            "ref:tn:codegeo": "435257"
          }
        },
        "currentOfficialIdentity": {
          "governorateCode": "43",
          "governorateFr": "Sidi bouzid",
          "governorateAr": "سيدي بوزيد",
          "delegationCode": "4352",
          "delegationFr": "Sidi bouzid est",
          "delegationAr": "سيدي بوزيد الشرقية",
          "sectorCode": "435257",
          "sectorFr": "El makarem est",
          "sectorAr": "المكارم الشرقية",
          "sourceRows": {
            "Population_Secteur_Age_Sexe_Dynamique.xlsx": 54365,
            "Nombre_de_Logements_par_Secteurs.xlsx": 2644,
            "Nombre_de_menages_par_Secteurs.xlsx": 2639
          }
        },
        "osmComparison": {
          "id": "osm:relation:7169578",
          "sourceName": "المكارم الغربية",
          "sourceCode": "435257",
          "iou": 0.9260999854855108,
          "officialCoveredByOsm": 0.9269849784275506,
          "osmCoveredByOfficial": 0.9989701789680462,
          "hausdorffMeters": 1458.532333407944
        },
        "validation": {
          "valid": true,
          "finite2d": true,
          "countryFullyContains": true,
          "countryOutsideAreaMeters2": 0.0,
          "noSnappingBufferClippingOrInventedAreaBoundary": true
        },
        "recommendedChange": {
          "replaceGeometry": true,
          "replaceCurrentNameTags": true,
          "retainSourceCode": true,
          "assignOfficialCodeToPreviouslyUncodedIdentity": false
        },
        "sourceDrawingIndex": 4
      },
      "geometry": {
        "type": "Polygon",
        "coordinates": [
          [
            [
              9.595126627284976,
              35.28051854988972
            ],
            [
              9.595366157045257,
              35.2804517666283
            ],
            [
              9.595606165233853,
              35.28045058239425
            ],
            [
              9.595926176130225,
              35.280449002674914
            ],
            [
              9.596165225728953,
              35.280316618345374
            ],
            [
              9.59632475149513,
              35.28025022836323
            ],
            [
              9.596644281899588,
              35.280183047262426
            ],
            [
              9.596883809385629,
              35.28011626101425
            ],
            [
              9.597122376385311,
              35.279918275324626
            ],
            [
              9.597519985471001,
              35.279588298140936
            ],
            [
              9.59775951046827,
              35.27952151017671
            ],
            [
              9.59783903163719,
              35.279455514429216
            ],
            [
              9.598318079910833,
              35.27932193677622
            ],
            [
              9.598639048718873,
              35.279451548873965
            ],
            [
              9.599040983530323,
              35.279711961978855
            ],
            [
              9.59928147115475,
              35.279776369937636
            ],
            [
              9.599441957082714,
              35.27984117479509
            ],
            [
              9.599601961223149,
              35.27984037997973
            ],
            [
              9.599761483189008,
              35.27977398549731
            ],
            [
              9.599840989391422,
              35.27970798851762
            ],
            [
              9.600000028542306,
              35.27957599426831
            ],
            [
              9.600318105295836,
              35.27931200514922
            ],
            [
              9.600397141491348,
              35.27918040828592
            ],
            [
              9.60063376570492,
              35.278720017927895
            ],
            [
              9.601264589637362,
              35.277470452636415
            ],
            [
              9.601817330920891,
              35.276483669659726
            ],
            [
              9.60197636060018,
              35.27635167283691
            ],
            [
              9.602294418410763,
              35.276087678570924
            ],
            [
              9.603250034163453,
              35.275492489194875
            ],
            [
              9.603725167741272,
              35.274834094677985
            ],
            [
              9.603882734948172,
              35.2745053025478
            ],
            [
              9.604037873289634,
              35.273848507312806
            ],
            [
              9.604197379871394,
              35.273782107069096
            ],
            [
              9.60459493029273,
              35.27345210688464
            ],
            [
              9.604352028625318,
              35.27305971191859
            ],
            [
              9.604351542918623,
              35.272994118005016
            ],
            [
              9.604268147911483,
              35.272535322169645
            ],
            [
              9.604585697538297,
              35.272205722456846
            ],
            [
              9.604903730772353,
              35.271941721397724
            ],
            [
              9.605059342560159,
              35.271350524191675
            ],
            [
              9.605137377236845,
              35.271087725311304
            ],
            [
              9.604732077751219,
              35.270368140883896
            ],
            [
              9.604731105741163,
              35.270236941886324
            ],
            [
              9.605207656322353,
              35.26977533991043
            ],
            [
              9.605845631857052,
              35.26950973176493
            ],
            [
              9.606486541172472,
              35.26963771713866
            ],
            [
              9.606645062437275,
              35.26944011475505
            ],
            [
              9.607123061179582,
              35.26917530378504
            ],
            [
              9.60775762032662,
              35.26845049475752
            ],
            [
              9.607995638163693,
              35.26818688837143
            ],
            [
              9.608074651328081,
              35.26805528648467
            ],
            [
              9.608552148227389,
              35.26772487045507
            ],
            [
              9.609191578820221,
              35.26765604321084
            ],
            [
              9.609346661977588,
              35.26699924099133
            ],
            [
              9.609426161588688,
              35.26693324326918
            ],
            [
              9.609583690785731,
              35.266604438112736
            ],
            [
              9.609663679692941,
              35.266604034155506
            ],
            [
              9.610705484756377,
              35.26686117026801
            ],
            [
              9.611106412618811,
              35.26699034514819
            ],
            [
              9.611186401882577,
              35.266989940180494
            ],
            [
              9.611428826392439,
              35.26731672221754
            ],
            [
              9.61150979880349,
              35.26744751592944
            ],
            [
              9.611828282603982,
              35.2672490963232
            ],
            [
              9.612382795879874,
              35.26652466321125
            ],
            [
              9.613018272658692,
              35.2659310258577
            ],
            [
              9.61421414687242,
              35.26540013152187
            ],
            [
              9.614693578828573,
              35.26533208925973
            ],
            [
              9.61501748281261,
              35.265855255046915
            ],
            [
              9.615258435897312,
              35.26598523109806
            ],
            [
              9.616376771241386,
              35.26578272030663
            ],
            [
              9.616696227655973,
              35.26571548682808
            ],
            [
              9.617175659241058,
              35.265647434736096
            ],
            [
              9.617415126650714,
              35.2655806082831
            ],
            [
              9.617658068043268,
              35.26597297709046
            ],
            [
              9.617819533804443,
              35.26616895661378
            ],
            [
              9.617981496961495,
              35.26643053528632
            ],
            [
              9.618059995540273,
              35.2662333276429
            ],
            [
              9.61805949886634,
              35.26616772826272
            ],
            [
              9.618218481965316,
              35.26603571033904
            ],
            [
              9.618535949566622,
              35.26570607449293
            ],
            [
              9.619013389724316,
              35.26537561762342
            ],
            [
              9.61933284226152,
              35.265308377217416
            ],
            [
              9.61973277967991,
              35.26530632474239
            ],
            [
              9.619972742111557,
              35.26530509262289
            ],
            [
              9.620054722653542,
              35.26556707926577
            ],
            [
              9.620218685357166,
              35.26609105233466
            ],
            [
              9.62029967055611,
              35.26622184005774
            ],
            [
              9.62054013433519,
              35.266286206135234
            ],
            [
              9.620780099619159,
              35.26628497238502
            ],
            [
              9.62101806865532,
              35.26602134078295
            ],
            [
              9.621175049902813,
              35.265626921635416
            ],
            [
              9.621413515118174,
              35.26542888860831
            ],
            [
              9.62165146605853,
              35.26516525584006
            ],
            [
              9.622208877217197,
              35.2648343745771
            ],
            [
              9.622288864194607,
              35.26483396229137
            ],
            [
              9.622608311773622,
              35.264766713280814
            ],
            [
              9.622526323926028,
              35.26450473397048
            ],
            [
              9.622525323443973,
              35.264373535282765
            ],
            [
              9.622363850075493,
              35.264177562061796
            ],
            [
              9.622203377435554,
              35.26411278731522
            ],
            [
              9.622043404893956,
              35.26411361170624
            ],
            [
              9.62196191928281,
              35.263917225756046
            ],
            [
              9.622040905683233,
              35.263785614930256
            ],
            [
              9.62212089163256,
              35.26378520276615
            ],
            [
              9.622280363495681,
              35.26371877892492
            ],
            [
              9.622840765103465,
              35.26378149090995
            ],
            [
              9.62324219717484,
              35.26397622494025
            ],
            [
              9.623721612664768,
              35.263908147051986
            ],
            [
              9.62412104135275,
              35.26384048081134
            ],
            [
              9.624678935265168,
              35.263575187623324
            ],
            [
              9.625156840079518,
              35.263310306108046
            ],
            [
              9.625636752663377,
              35.26330782000065
            ],
            [
              9.625796220656262,
              35.263241391559596
            ],
            [
              9.62626808116586,
              35.262189319428636
            ],
            [
              9.626097548075002,
              35.26081256320251
            ],
            [
              9.62625147599303,
              35.260024546987786
            ],
            [
              9.62648538241583,
              35.25923610994279
            ],
            [
              9.62655680630997,
              35.25812051139563
            ],
            [
              9.626076924391251,
              35.25812300083626
            ],
            [
              9.625675012107665,
              35.257862676418505
            ],
            [
              9.625028141637394,
              35.256947599121155
            ],
            [
              9.624789709854712,
              35.257145639200225
            ],
            [
              9.623988412081516,
              35.25695297721499
            ],
            [
              9.623504529707596,
              35.25643066107327
            ],
            [
              9.622455305957763,
              35.255189642239394
            ],
            [
              9.622208875937886,
              35.254338086089184
            ],
            [
              9.621963450416052,
              35.25361773376293
            ],
            [
              9.622040928137931,
              35.253289324406495
            ],
            [
              9.622037930304261,
              35.25289572756754
            ],
            [
              9.622272857901391,
              35.25223850205283
            ],
            [
              9.622591256099216,
              35.25204005450197
            ],
            [
              9.623149575298953,
              35.25184036255077
            ],
            [
              9.623068099812677,
              35.2516439824095
            ],
            [
              9.623066098062386,
              35.25138158449947
            ],
            [
              9.622823175391144,
              35.250989225427496
            ],
            [
              9.62225736453173,
              35.25020491784211
            ],
            [
              9.622573754892287,
              35.24974407790194
            ],
            [
              9.622491782984316,
              35.24948209220253
            ],
            [
              9.623209027387768,
              35.24915038194177
            ],
            [
              9.623441932429735,
              35.24823075592993
            ],
            [
              9.62199296991025,
              35.24699178855897
            ],
            [
              9.621107832889855,
              35.24627472149267
            ],
            [
              9.62182604016162,
              35.24607422422871
            ],
            [
              9.62214441555361,
              35.24587577232983
            ],
            [
              9.62318000072699,
              35.245345620772476
            ],
            [
              9.624376008224793,
              35.24488022754789
            ],
            [
              9.62876258370232,
              35.24334862313191
            ],
            [
              9.628597100063269,
              35.242627861263365
            ],
            [
              9.628982279720661,
              35.240723399089866
            ],
            [
              9.628260593238554,
              35.24046474724621
            ],
            [
              9.627695812982095,
              35.239811662603245
            ],
            [
              9.62713456622794,
              35.23961777206809
            ],
            [
              9.626170509658685,
              35.23903236072513
            ],
            [
              9.624963559910833,
              35.23805458010799
            ],
            [
              9.62383609807826,
              35.237010779903464
            ],
            [
              9.621113494583382,
              35.23649999583186
            ],
            [
              9.619428882198985,
              35.23578702384808
            ],
            [
              9.618544870187627,
              35.235201140273006
            ],
            [
              9.617982684417395,
              35.23487600716154
            ],
            [
              9.61718558509217,
              35.23520809482202
            ],
            [
              9.616219164819132,
              35.23429459830368
            ],
            [
              9.61741406074569,
              35.233698074800635
            ],
            [
              9.618609932080608,
              35.23323273908683
            ],
            [
              9.61860645658826,
              35.232773546509414
            ],
            [
              9.617713063952861,
              35.23094126078871
            ],
            [
              9.617235322740886,
              35.23120610705292
            ],
            [
              9.616666241393412,
              35.229962575865414
            ],
            [
              9.616341483932372,
              35.22930821600491
            ],
            [
              9.616899664002641,
              35.22910855914287
            ],
            [
              9.6167358006556,
              35.2285845774042
            ],
            [
              9.616565507565431,
              35.227207803310044
            ],
            [
              9.616239773223112,
              35.22642223753356
            ],
            [
              9.615671743023814,
              35.22530989426799
            ],
            [
              9.615830637753678,
              35.225177879439734
            ],
            [
              9.6161479584085,
              35.22484824917384
            ],
            [
              9.615742798436122,
              35.2241286947919
            ],
            [
              9.615256204832912,
              35.223212746600055
            ],
            [
              9.615014392435562,
              35.222951568562394
            ],
            [
              9.61429389295183,
              35.22282403040189
            ],
            [
              9.61381421779251,
              35.222826469103566
            ],
            [
              9.613335034650344,
              35.22289450581389
            ],
            [
              9.613012300002806,
              35.22250252980727
            ],
            [
              9.612609131817784,
              35.22204535847244
            ],
            [
              9.612369296460457,
              35.2220465746999
            ],
            [
              9.611730226206532,
              35.22211541558766
            ],
            [
              9.61020881942773,
              35.221795099537275
            ],
            [
              9.60980861921152,
              35.22173151834864
            ],
            [
              9.609403517188847,
              35.22101193616113
            ],
            [
              9.608351554630294,
              35.219311586536435
            ],
            [
              9.607948428400539,
              35.218854399013956
            ],
            [
              9.60754530671059,
              35.218397210068886
            ],
            [
              9.607063709208484,
              35.218137221626954
            ],
            [
              9.607612576473734,
              35.21669120697966
            ],
            [
              9.607610139701547,
              35.21636320674045
            ],
            [
              9.607609652393151,
              35.21629761225073
            ],
            [
              9.607609165003714,
              35.21623200663976
            ],
            [
              9.607528738270881,
              35.21616681425047
            ],
            [
              9.607188040001088,
              35.2133476245916
            ],
            [
              9.606847366779329,
              35.210528437988096
            ],
            [
              9.606916593762662,
              35.20908483354956
            ],
            [
              9.606909780660333,
              35.20816643156005
            ],
            [
              9.606502341821352,
              35.207118841877765
            ],
            [
              9.605764996278978,
              35.2046952502195
            ],
            [
              9.605017025558752,
              35.200828452901845
            ],
            [
              9.604686677772927,
              35.199386853285525
            ],
            [
              9.603036018084127,
              35.19231002474541
            ],
            [
              9.602374485438974,
              35.189295607227955
            ],
            [
              9.601881021219619,
              35.18739558446946
            ],
            [
              9.601800627735937,
              35.18733038207393
            ],
            [
              9.601242693992448,
              35.187529968187796
            ],
            [
              9.59781752935805,
              35.189055829011984
            ],
            [
              9.589693345899407,
              35.19283510516621
            ],
            [
              9.588737646155131,
              35.19329898598268
            ],
            [
              9.588738117919187,
              35.193364586508366
            ],
            [
              9.587622570817429,
              35.193829237403435
            ],
            [
              9.583878609315438,
              35.1955530525356
            ],
            [
              9.583559866291504,
              35.195685798295905
            ],
            [
              9.56786893868607,
              35.20343609286751
            ],
            [
              9.559582502813269,
              35.207279718991245
            ],
            [
              9.558066937326386,
              35.207745950941124
            ],
            [
              9.557669960061826,
              35.208141395767704
            ],
            [
              9.553611621108809,
              35.210849781120025
            ],
            [
              9.552738982978884,
              35.211837814194624
            ],
            [
              9.551305887943714,
              35.21269719525722
            ],
            [
              9.548920111683032,
              35.214544940387384
            ],
            [
              9.541840767488557,
              35.219890718527026
            ],
            [
              9.540567305199245,
              35.22074926162208
            ],
            [
              9.538579912396408,
              35.22246380753752
            ],
            [
              9.536036673894012,
              35.22477121394843
            ],
            [
              9.535324868808797,
              35.22595521475466
            ],
            [
              9.532468023220206,
              35.22924797572606
            ],
            [
              9.529360468652122,
              35.23090170222678
            ],
            [
              9.52936089327705,
              35.230967303008846
            ],
            [
              9.529280938246036,
              35.23096765357264
            ],
            [
              9.528725070042775,
              35.23156051310763
            ],
            [
              9.527370904094907,
              35.23235366238586
            ],
            [
              9.526337807242268,
              35.23334221054631
            ],
            [
              9.526582748565618,
              35.2341283682799
            ],
            [
              9.5262658711859,
              35.234588968429215
            ],
            [
              9.519028372434304,
              35.24072132950914
            ],
            [
              9.516965888072075,
              35.243354277751166
            ],
            [
              9.515770519915339,
              35.24401541725367
            ],
            [
              9.513703309251097,
              35.24592670160873
            ],
            [
              9.515466780346753,
              35.246575208249446
            ],
            [
              9.516187343522793,
              35.246703328158304
            ],
            [
              9.517071166910853,
              35.24735557011108
            ],
            [
              9.517633870479663,
              35.24781237563051
            ],
            [
              9.518116195754216,
              35.24820392105299
            ],
            [
              9.51883968893569,
              35.24879122991422
            ],
            [
              9.519724811049246,
              35.24964025392189
            ],
            [
              9.520448328638274,
              35.25022755837667
            ],
            [
              9.520770732859718,
              35.25061977689481
            ],
            [
              9.521173115047553,
              35.25101165473711
            ],
            [
              9.521735448104007,
              35.251402839850314
            ],
            [
              9.522862232418268,
              35.25251320509605
            ],
            [
              9.523265054081277,
              35.25297067073977
            ],
            [
              9.52366703953957,
              35.253296939331996
            ],
            [
              9.523827414103962,
              35.25336184578574
            ],
            [
              9.523907811774087,
              35.25342709922953
            ],
            [
              9.524148163993576,
              35.253491658046826
            ],
            [
              9.524869219515239,
              35.253685331624965
            ],
            [
              9.526311766624044,
              35.25413826633094
            ],
            [
              9.52727319016825,
              35.254396479456524
            ],
            [
              9.527994688210233,
              35.25465573477367
            ],
            [
              9.528796590470975,
              35.25498023032323
            ],
            [
              9.529518523577828,
              35.25530507696017
            ],
            [
              9.529758885664261,
              35.25536962452538
            ],
            [
              9.529918840233288,
              35.25536892230923
            ],
            [
              9.530319586674224,
              35.25549836681835
            ],
            [
              9.530559949947586,
              35.25556291277967
            ],
            [
              9.531040251253234,
              35.25562640276212
            ],
            [
              9.532079974173744,
              35.255621823472865
            ],
            [
              9.532399466886922,
              35.25555481215751
            ],
            [
              9.532639400876523,
              35.25555375350621
            ],
            [
              9.532878482551856,
              35.255421493408264
            ],
            [
              9.533038440532353,
              35.25542078705274
            ],
            [
              9.533198398507293,
              35.255420080485806
            ],
            [
              9.533358356476672,
              35.25541937370743
            ],
            [
              9.533598721845747,
              35.25548391361418
            ],
            [
              9.533839087590296,
              35.25554845303938
            ],
            [
              9.534480633541929,
              35.25580802311131
            ],
            [
              9.534721000922767,
              35.255872560766534
            ],
            [
              9.534961368679063,
              35.2559370979402
            ],
            [
              9.535201307085567,
              35.25593603418441
            ],
            [
              9.535361266016258,
              35.25593532474956
            ],
            [
              9.535521654924356,
              35.256000215547836
            ],
            [
              9.535681613972752,
              35.25599950568843
            ],
            [
              9.53576158671348,
              35.25599915070955
            ],
            [
              9.535841573015562,
              35.255998795617586
            ],
            [
              9.535841142774832,
              35.25593319517649
            ],
            [
              9.535840282297547,
              35.25580199429212
            ],
            [
              9.53591983132256,
              35.25573603873757
            ],
            [
              9.535919401022964,
              35.25567043829445
            ],
            [
              9.536078928985967,
              35.255604127472886
            ],
            [
              9.536317998349391,
              35.255471860658716
            ],
            [
              9.536477956338878,
              35.255471149755856
            ],
            [
              9.536557935331524,
              35.255470794225154
            ],
            [
              9.536637914322773,
              35.25547043864158
            ],
            [
              9.536718324252375,
              35.25553568344189
            ],
            [
              9.536958261406825,
              35.255534616212906
            ],
            [
              9.53703824045551,
              35.25553426036419
            ],
            [
              9.537118219502794,
              35.25553390446263
            ],
            [
              9.537439861770546,
              35.255794882036746
            ],
            [
              9.537681526548596,
              35.25605621505753
            ],
            [
              9.537841485650308,
              35.25605550234212
            ],
            [
              9.538001876729698,
              35.256120389831864
            ],
            [
              9.538241815556642,
              35.256119320042615
            ],
            [
              9.538882085060216,
              35.25618206535196
            ],
            [
              9.539602328437434,
              35.256244449744706
            ],
            [
              9.540162186386002,
              35.2562419454177
            ],
            [
              9.541601379126762,
              35.256169893480745
            ],
            [
              9.542402046239609,
              35.25629750260697
            ],
            [
              9.542881924575754,
              35.256295345094266
            ],
            [
              9.543362239167081,
              35.25635878603464
            ],
            [
              9.543682594818586,
              35.25642294571541
            ],
            [
              9.544082930855533,
              35.25648674402972
            ],
            [
              9.544403280735784,
              35.256550896261714
            ],
            [
              9.544563677946865,
              35.25661578055279
            ],
            [
              9.544644095264138,
              35.256681014446194
            ],
            [
              9.544804055409049,
              35.256680292516286
            ],
            [
              9.545124851147705,
              35.256810048686575
            ],
            [
              9.54552519015833,
              35.256873842197685
            ],
            [
              9.54624676692771,
              35.25713298786019
            ],
            [
              9.546567559926391,
              35.25726274018962
            ],
            [
              9.547048761497683,
              35.257457367020415
            ],
            [
              9.547370003368995,
              35.257652717460864
            ],
            [
              9.547450423982607,
              35.257717955008616
            ],
            [
              9.547530844725095,
              35.25778319250105
            ],
            [
              9.547691246776854,
              35.257848067028156
            ],
            [
              9.547851649082087,
              35.25791294133962
            ],
            [
              9.548011611561751,
              35.25791221514785
            ],
            [
              9.548251555270532,
              35.25791112546373
            ],
            [
              9.548411517735907,
              35.25791039874336
            ],
            [
              9.548731883308513,
              35.257974544947984
            ],
            [
              9.548892286674937,
              35.25803941786876
            ],
            [
              9.549213094168191,
              35.25816916306332
            ],
            [
              9.549613877490923,
              35.258298543241345
            ],
            [
              9.550175957782876,
              35.25862399375875
            ],
            [
              9.550496769592232,
              35.25875373549769
            ],
            [
              9.550657618065273,
              35.25888420073199
            ],
            [
              9.550898891797676,
              35.259079906508866
            ],
            [
              9.551059741597038,
              35.25921037675009
            ],
            [
              9.551300574510067,
              35.259340481461024
            ],
            [
              9.551460539701996,
              35.25933975068458
            ],
            [
              9.551540965241806,
              35.25940498545029
            ],
            [
              9.551621390910503,
              35.25947022016066
            ],
            [
              9.551701373630326,
              35.25946985458564
            ],
            [
              9.55178179949092,
              35.25953508918691
            ],
            [
              9.551861782272313,
              35.2595347235053
            ],
            [
              9.552021304495229,
              35.25946839175697
            ],
            [
              9.55218170660184,
              35.25953326028122
            ],
            [
              9.552342115743555,
              35.25959812855878
            ],
            [
              9.55258206424652,
              35.25959703024256
            ],
            [
              9.552742029907957,
              35.259596297767445
            ],
            [
              9.552982422501081,
              35.259660798872794
            ],
            [
              9.55338233693006,
              35.259658965962494
            ],
            [
              9.553942217070023,
              35.25965639766778
            ],
            [
              9.554661617395107,
              35.25958749157242
            ],
            [
              9.555140615655874,
              35.259454084913635
            ],
            [
              9.555459654063402,
              35.259321412613176
            ],
            [
              9.555539190418212,
              35.25925544431268
            ],
            [
              9.555778691422402,
              35.25918873947822
            ],
            [
              9.55601774547915,
              35.25905643398593
            ],
            [
              9.556337227679842,
              35.258989359576205
            ],
            [
              9.556497638979751,
              35.25905422232992
            ],
            [
              9.556898444707938,
              35.2591835781826
            ],
            [
              9.557300146868139,
              35.25944413303154
            ],
            [
              9.55778137969906,
              35.259638716786355
            ],
            [
              9.558343501451205,
              35.259964128904144
            ],
            [
              9.559307790866068,
              35.260615680952306
            ],
            [
              9.560192104571158,
              35.261267601950216
            ],
            [
              9.560675620279662,
              35.261790174452344
            ],
            [
              9.560999157882307,
              35.26231348863411
            ],
            [
              9.561086354318778,
              35.263362712703284
            ],
            [
              9.561257147538045,
              35.26493636511284
            ],
            [
              9.561190233511795,
              35.26683913864976
            ],
            [
              9.561036563996385,
              35.26775827744406
            ],
            [
              9.561278339938404,
              35.26801956179359
            ],
            [
              9.561439224051975,
              35.26815001772564
            ],
            [
              9.56159965748107,
              35.26821487341143
            ],
            [
              9.5620814108808,
              35.268475039191074
            ],
            [
              9.562562263379029,
              35.26860400299388
            ],
            [
              9.56328353815725,
              35.26879744511455
            ],
            [
              9.56584781223903,
              35.26944146523545
            ],
            [
              9.567771277203184,
              35.26995724847789
            ],
            [
              9.568253973580932,
              35.27034858917984
            ],
            [
              9.56881894665806,
              35.2710675449378
            ],
            [
              9.569787572387183,
              35.27230941485644
            ],
            [
              9.570918514414993,
              35.2738785134651
            ],
            [
              9.573015458065887,
              35.27629584407447
            ],
            [
              9.573095917634152,
              35.276361064008526
            ],
            [
              9.57494328169744,
              35.27740190882479
            ],
            [
              9.577028840561503,
              35.278179167396225
            ],
            [
              9.580958208873046,
              35.27947235434572
            ],
            [
              9.58232478894683,
              35.280384194807745
            ],
            [
              9.585786094990667,
              35.28331951705108
            ],
            [
              9.586670402581248,
              35.28390563804884
            ],
            [
              9.587313285791652,
              35.28429612211622
            ],
            [
              9.590182602877196,
              35.28277328114312
            ],
            [
              9.591457446709768,
              35.28204543058324
            ],
            [
              9.591536975490344,
              35.281979438931494
            ],
            [
              9.591776512586671,
              35.281912662722924
            ],
            [
              9.592175105412972,
              35.2817139019618
            ],
            [
              9.593454692412944,
              35.28164201460509
            ],
            [
              9.593933760966678,
              35.28150845416484
            ],
            [
              9.594252807045196,
              35.28137567988841
            ],
            [
              9.594571879206546,
              35.281242904644174
            ],
            [
              9.594650913017535,
              35.281111311533536
            ],
            [
              9.594729482011353,
              35.280914118800816
            ],
            [
              9.594888531885426,
              35.28078213119269
            ],
            [
              9.595126627284976,
              35.28051854988972
            ]
          ]
        ]
      }
    }
  ],
  "limitations": [
    "Official2023 electoral circles can split a single INS2024 sector label, as Bekalta North1/2 demonstrate. Do not assume a one-to-one code/name/geometry mapping.",
    "GeoPDF controls have finite precision and can cause small cross-map overlaps.",
    "A place/island name can differ legitimately from the administrative sector name containing it."
  ]
}
