{
  "type": "FeatureCollection",
  "status": "REVIEWED_SOURCE_PROPOSAL_NOT_GENERATED_OR_INSTALLED",
  "features": [
    {
      "type": "Feature",
      "id": "osm:relation:7114526",
      "properties": {
        "id": "osm:relation:7114526",
        "officialCode": "165651",
        "nameAr": "صواف الشرقية",
        "nameFr": "Saouaf Est",
        "governorateCode": "16",
        "delegationCode": "1656",
        "parentAr": "معتمدية صواف",
        "parentFr": "Délégation Saouaf",
        "expectedOriginalTags": {
          "admin_level": "6",
          "boundary": "administrative",
          "name": "صواف الشرقية",
          "name:ar": "صواف الشرقية",
          "name:fr": "Saouaf Est",
          "ref:tn:codegeo": "165651"
        },
        "originalSourceGeometrySha256": "822db66cf6ce7c926bbe999def9ee925845a69a098cb306598d46914ebe9ffe6",
        "currentName": "صواف الشرقية",
        "currentAliasesToPreserve": [
          "Saouaf Est"
        ],
        "sourcePdfURL": "https://www.isie.tn/wp-content/uploads/2023/CartesCirconscriptionsElectoralesLocales2023/%D8%B2%D8%BA%D9%88%D8%A7%D9%86/%D8%B5%D9%88%D8%A7%D9%81/%D8%B5%D9%88%D8%A7%D9%81%20%D8%A7%D9%84%D8%B4%D8%B1%D9%82%D9%8A%D8%A9.pdf",
        "sourcePdfSha256": "1b8701b1b4805f875c21d1be59e901c0691666a33b5ad45273fc1e7bbc597a2b",
        "sourceDrawingIndices": [
          427
        ],
        "sourceVectorLayer": "circonscription_isie2023",
        "sourceCrsEpsg": 32632,
        "sourceGeometrySha256": "c9b3c5afccaad3299094bdd0257c12cf70862425e38296d6d033104118286262",
        "sourceControlPointMaxResidualMeters": 0.2102041699770064,
        "sourceExtraction": {
          "file": "C:\\Users\\barou\\Documents\\Codex\\2026-09-06\\the-android-app-app-currently-allows\\outputs\\saouaf-five-geopdf-source-data.json",
          "sha256": "f9e895119da10fa5dd704341326ae4098941fc1a0ad0ef874a837fd8c99bf4b7"
        },
        "rawNativePath": {
          "file": "C:\\Users\\barou\\Documents\\Codex\\2026-09-06\\the-android-app-app-currently-allows\\work\\saouaf-five-native-source-review\\saouaf-est-raw-native-path.json",
          "sha256": "7a5bad4af53db806f664bba213e5c172f5c557462febbcf39e31ce890deef08b"
        },
        "administrativeScope": {
          "conclusion": "whole_imada",
          "decree": {
            "file": "C:\\Users\\barou\\Documents\\Codex\\2026-09-06\\the-android-app-app-currently-allows\\work\\electoral-circle-semantics\\decree2023-590.pdf",
            "sha256": "bfb3fe752b9900eaf873198b009968243f1b0bd2c119836cfd4fbbfc07e1e10f"
          },
          "pdfPage": 46,
          "jortPage": 5143,
          "render": {
            "file": "C:\\Users\\barou\\Documents\\Codex\\2026-09-06\\the-android-app-app-currently-allows\\work\\saouaf-five-native-source-review\\decree-46.png",
            "sha256": "b49447eb54816c2e594eb67ba16a37e867d698944611413c7819d550a35235dc"
          },
          "personallyViewed": true,
          "imadaName": "صواف الشرقية",
          "circleName": "صواف الشرقية",
          "seatCount": 1,
          "completeDelegationImadaCount": 5
        },
        "currentOfficialIdentity": {
          "governorateCode": "16",
          "governorateFr": "Zaghouan",
          "governorateAr": "زغوان",
          "delegationCode": "1656",
          "delegationFr": "Saouaf",
          "delegationAr": "صواف",
          "sectorCode": "165651",
          "sectorFr": "Saouef est",
          "sectorAr": "صواف الشرقية",
          "sourceRows": {
            "Population_Secteur_Age_Sexe_Dynamique.xlsx": 16252,
            "Nombre_de_Logements_par_Secteurs.xlsx": 695,
            "Nombre_de_menages_par_Secteurs.xlsx": 694
          }
        },
        "boundaryManipulation": "None; exact full native ring with no trim, clipping, repair, connector or inferred boundary.",
        "officialRegistryNameAr": "صواف الشرقية",
        "officialRegistryNameFr": "Saouef est",
        "sourceId": "isie-local-sectors-2023-saouaf"
      },
      "geometry": {
        "type": "Polygon",
        "coordinates": [
          [
            [
              10.150534895134328,
              36.281593521200186
            ],
            [
              10.151909403748734,
              36.28193044459692
            ],
            [
              10.155140697798908,
              36.28108216470489
            ],
            [
              10.157514788295002,
              36.28076736801404
            ],
            [
              10.158380512817677,
              36.28081733641527
            ],
            [
              10.159676084246026,
              36.28068803915963
            ],
            [
              10.161041145095059,
              36.280382966082875
            ],
            [
              10.162971544489917,
              36.27931367155456
            ],
            [
              10.165126742141107,
              36.27882576928374
            ],
            [
              10.16734878612521,
              36.277987002523254
            ],
            [
              10.168982094617872,
              36.27633689423339
            ],
            [
              10.172918841661406,
              36.274489079531875
            ],
            [
              10.174926224111122,
              36.27376900995786
            ],
            [
              10.177436273935013,
              36.27292722368787
            ],
            [
              10.181378771737876,
              36.27148761019367
            ],
            [
              10.184821084242948,
              36.270344640299534
            ],
            [
              10.186326464147399,
              36.26980444021253
            ],
            [
              10.188004325000797,
              36.27591575930021
            ],
            [
              10.188268123238188,
              36.27906467076054
            ],
            [
              10.187389355183102,
              36.282925287714704
            ],
            [
              10.18513488820513,
              36.286391023241066
            ],
            [
              10.191317954813655,
              36.29006465237219
            ],
            [
              10.217165531230227,
              36.264650155256845
            ],
            [
              10.212883281746533,
              36.243975251595835
            ],
            [
              10.199092981605856,
              36.20892203356788
            ],
            [
              10.198948084217664,
              36.2088651245574
            ],
            [
              10.198730295017015,
              36.20875058388741
            ],
            [
              10.198364949799872,
              36.20840407214036
            ],
            [
              10.197851167477276,
              36.20776723416582
            ],
            [
              10.197412953206614,
              36.20736308706037
            ],
            [
              10.196834266700721,
              36.2071937951256
            ],
            [
              10.196403130404464,
              36.207256473826156
            ],
            [
              10.195971993377599,
              36.2073191509854
            ],
            [
              10.19540215502605,
              36.20773338919348
            ],
            [
              10.194684765699618,
              36.20791564932774
            ],
            [
              10.194324744177452,
              36.20791924719996
            ],
            [
              10.193963839148733,
              36.2078644902457
            ],
            [
              10.193530930362344,
              36.207810451201304
            ],
            [
              10.192883787020074,
              36.207875273973514
            ],
            [
              10.19209262152726,
              36.207941529720486
            ],
            [
              10.191734363126708,
              36.2080618273777
            ],
            [
              10.191306743417003,
              36.208357903045126
            ],
            [
              10.190596385981014,
              36.20900696934347
            ],
            [
              10.189886016842381,
              36.20965603157397
            ],
            [
              10.188103460883283,
              36.21084100555941
            ],
            [
              10.18675025384669,
              36.211846613096704
            ],
            [
              10.186609750077999,
              36.212081458401094
            ],
            [
              10.186541254028182,
              36.21231558871096
            ],
            [
              10.186477147775905,
              36.212841488258455
            ],
            [
              10.186409528731932,
              36.21313397233592
            ],
            [
              10.186125002706111,
              36.21337024658909
            ],
            [
              10.185766710145923,
              36.21349052689995
            ],
            [
              10.185192387176208,
              36.213612948554825
            ],
            [
              10.184906101897615,
              36.21373251223886
            ],
            [
              10.184762958777604,
              36.213792283936996
            ],
            [
              10.184406415194365,
              36.2140292680087
            ],
            [
              10.183346417346623,
              36.21538210679661
            ],
            [
              10.182073832584603,
              36.21697048429601
            ],
            [
              10.180801196883309,
              36.21855884879657
            ],
            [
              10.179033999270859,
              36.2207940728703
            ],
            [
              10.17889782025938,
              36.22132067420611
            ],
            [
              10.178981183092814,
              36.22207856480763
            ],
            [
              10.178918765401741,
              36.222721163433455
            ],
            [
              10.17878259492228,
              36.223247769373195
            ],
            [
              10.178426863084566,
              36.22354309029926
            ],
            [
              10.177287631644111,
              36.22442975645514
            ],
            [
              10.176646421524843,
              36.22490297170153
            ],
            [
              10.175790882237182,
              36.2254950125982
            ],
            [
              10.174937069800738,
              36.22620375548956
            ],
            [
              10.174438142039717,
              36.2265588349736
            ],
            [
              10.17365111462695,
              36.22691674222922
            ],
            [
              10.173579961281899,
              36.226975803540824
            ],
            [
              10.172503972974065,
              36.227278178206646
            ],
            [
              10.17121276842502,
              36.22764101528282
            ],
            [
              10.170783231046453,
              36.22782031195902
            ],
            [
              10.170640051477356,
              36.22788007718182
            ],
            [
              10.170137621649667,
              36.22800172306615
            ],
            [
              10.169709818028952,
              36.22829772400341
            ],
            [
              10.1695675027278,
              36.22841584202462
            ],
            [
              10.169146613979155,
              36.22917866858014
            ],
            [
              10.168868902022963,
              36.22988173070216
            ],
            [
              10.168454055641122,
              36.23105303822323
            ],
            [
              10.168174601245468,
              36.23163939559445
            ],
            [
              10.167549710767746,
              36.23322128065204
            ],
            [
              10.167567003975035,
              36.23438836156938
            ],
            [
              10.167596404640944,
              36.23637239364278
            ],
            [
              10.167454936460297,
              36.23654886333986
            ],
            [
              10.167384634444494,
              36.23666627513894
            ],
            [
              10.167244029719912,
              36.236901093671754
            ],
            [
              10.167101695391727,
              36.23701920894495
            ],
            [
              10.16667296161017,
              36.23725684572157
            ],
            [
              10.165880610306836,
              36.23726457959133
            ],
            [
              10.164151848887254,
              36.23728143522034
            ],
            [
              10.163717933023666,
              36.237168942002384
            ],
            [
              10.162561983842892,
              36.23694673956873
            ],
            [
              10.161622989993,
              36.23678078932029
            ],
            [
              10.161190800254277,
              36.2367849901558
            ],
            [
              10.16054337494803,
              36.236849637698334
            ],
            [
              10.160184081842475,
              36.23691149431423
            ],
            [
              10.159751891163731,
              36.236915689964995
            ],
            [
              10.1588189107145,
              36.23715818702234
            ],
            [
              10.156663094745209,
              36.23752925049443
            ],
            [
              10.156088547746421,
              36.23765153596391
            ],
            [
              10.155156408264384,
              36.237952363929395
            ],
            [
              10.154368321667356,
              36.2382517930387
            ],
            [
              10.151932850423973,
              36.23920909852581
            ],
            [
              10.151072704075597,
              36.239509200766555
            ],
            [
              10.149565947746416,
              36.23993223992368
            ],
            [
              10.146334573738587,
              36.240663631843
            ],
            [
              10.145258287605653,
              36.24096576601473
            ],
            [
              10.143176026591508,
              36.241452607596244
            ],
            [
              10.142170901314104,
              36.241695670667035
            ],
            [
              10.138869030731616,
              36.24254426583966
            ],
            [
              10.137218070886162,
              36.24296852964678
            ],
            [
              10.136359508133815,
              36.24338523680384
            ],
            [
              10.13464488257028,
              36.24439369187793
            ],
            [
              10.134286366654303,
              36.24451382133439
            ],
            [
              10.133638857833185,
              36.244578329582495
            ],
            [
              10.131119994504877,
              36.244777291177456
            ],
            [
              10.129752076243188,
              36.24484859670457
            ],
            [
              10.129320673782003,
              36.244911032965234
            ],
            [
              10.126951710526022,
              36.24551702836586
            ],
            [
              10.125872776874074,
              36.24564392602936
            ],
            [
              10.125799902232957,
              36.245586250112666
            ],
            [
              10.12536849227667,
              36.24564867718335
            ],
            [
              10.12522441094145,
              36.24565003426559
            ],
            [
              10.12486504085929,
              36.24571178101338
            ],
            [
              10.124648918641697,
              36.245713815665205
            ],
            [
              10.124505673238142,
              36.24577352666192
            ],
            [
              10.123788595119866,
              36.2460137244452
            ],
            [
              10.123071515570784,
              36.246253917968055
            ],
            [
              10.122283218370065,
              36.24655313889374
            ],
            [
              10.122212011204535,
              36.24661217042988
            ],
            [
              10.121783085547476,
              36.24684964925421
            ],
            [
              10.120925229363323,
              36.24732459742191
            ],
            [
              10.120208955560841,
              36.24762312899291
            ],
            [
              10.119993657471813,
              36.247683510204055
            ],
            [
              10.11970631936899,
              36.24774456623415
            ],
            [
              10.119562233906644,
              36.247745916563936
            ],
            [
              10.118987549947288,
              36.24786802594372
            ],
            [
              10.118269609674133,
              36.248049836252136
            ],
            [
              10.118054308837875,
              36.24811021401448
            ],
            [
              10.117695749369505,
              36.24823029440843
            ],
            [
              10.117480447572778,
              36.24829067115227
            ],
            [
              10.117049846012394,
              36.2484114234642
            ],
            [
              10.116548023709647,
              36.24859120255412
            ],
            [
              10.116263984262348,
              36.24888566525473
            ],
            [
              10.115981599421767,
              36.24929684210862
            ],
            [
              10.115772906559721,
              36.249824055385346
            ],
            [
              10.115491339282345,
              36.25029358609187
            ],
            [
              10.114920763227579,
              36.25070745102567
            ],
            [
              10.114350178014945,
              36.251121308396264
            ],
            [
              10.113920378195834,
              36.25130040472922
            ],
            [
              10.113491404457655,
              36.25153785448884
            ],
            [
              10.114649734279064,
              36.25701312454987
            ],
            [
              10.114331595127547,
              36.25999257486471
            ],
            [
              10.114991496016827,
              36.26588101919512
            ],
            [
              10.114992322587584,
              36.26593937399545
            ],
            [
              10.114636159400066,
              36.26623451074401
            ],
            [
              10.106245464827536,
              36.274308163088506
            ],
            [
              10.100499408892043,
              36.280897831771696
            ],
            [
              10.103346282055487,
              36.28343950099229
            ],
            [
              10.104948341335222,
              36.284591931838555
            ],
            [
              10.106615958199715,
              36.28527683903251
            ],
            [
              10.107339194718787,
              36.28544522201124
            ],
            [
              10.10814273271391,
              36.28619647419988
            ],
            [
              10.109596643616314,
              36.28705840909271
            ],
            [
              10.110913020215833,
              36.28838850411339
            ],
            [
              10.11236782719752,
              36.28930874850444
            ],
            [
              10.115115174859174,
              36.28986674787774
            ],
            [
              10.117209677270255,
              36.29013898202552
            ],
            [
              10.119285269246951,
              36.29414653020239
            ],
            [
              10.122240758569951,
              36.29411879032216
            ],
            [
              10.124326221380441,
              36.29374899925885
            ],
            [
              10.126403301712402,
              36.29279563898909
            ],
            [
              10.12968980825311,
              36.29072191594086
            ],
            [
              10.131195974651646,
              36.29018239809601
            ],
            [
              10.13418804076322,
              36.28770281568274
            ],
            [
              10.135470293316388,
              36.28664011109018
            ],
            [
              10.136180958310764,
              36.28593300550198
            ],
            [
              10.143706627907099,
              36.2829430706313
            ],
            [
              10.14729416468016,
              36.281799783904475
            ],
            [
              10.149023065252143,
              36.28172480042692
            ],
            [
              10.150534895134328,
              36.281593521200186
            ]
          ]
        ]
      }
    },
    {
      "type": "Feature",
      "id": "osm:relation:7114549",
      "properties": {
        "id": "osm:relation:7114549",
        "officialCode": "165653",
        "nameAr": "الحميرة",
        "nameFr": "El Hamira",
        "governorateCode": "16",
        "delegationCode": "1656",
        "parentAr": "معتمدية صواف",
        "parentFr": "Délégation Saouaf",
        "expectedOriginalTags": {
          "admin_level": "6",
          "boundary": "administrative",
          "name": "الحميرة",
          "name:ar": "الحميرة",
          "name:fr": "El Hamira",
          "ref:tn:codegeo": "165653"
        },
        "originalSourceGeometrySha256": "2b98b09674b5c132e2f36a8326609872087896c410c33f257143ee64c45e13cf",
        "currentName": "الحميرة",
        "currentAliasesToPreserve": [
          "El Hamira",
          "El Hmira"
        ],
        "sourcePdfURL": "https://www.isie.tn/wp-content/uploads/2023/CartesCirconscriptionsElectoralesLocales2023/%D8%B2%D8%BA%D9%88%D8%A7%D9%86/%D8%B5%D9%88%D8%A7%D9%81/%D8%A7%D9%84%D8%AD%D9%85%D9%8A%D8%B1%D8%A9.pdf",
        "sourcePdfSha256": "d87c1c93996e2a11ffb46f585f4e3298a6ab01730ed1db3808d8b3ee9583d676",
        "sourceDrawingIndices": [
          633
        ],
        "sourceVectorLayer": "circonscription_isie2023",
        "sourceCrsEpsg": 32632,
        "sourceGeometrySha256": "16fe018258fb1cf3c0d31d4c50bdc334e3ac0bfc91e4266bc99edb33c5bf07a2",
        "sourceControlPointMaxResidualMeters": 0.25915763782467044,
        "sourceExtraction": {
          "file": "C:\\Users\\barou\\Documents\\Codex\\2026-09-06\\the-android-app-app-currently-allows\\outputs\\saouaf-five-geopdf-source-data.json",
          "sha256": "f9e895119da10fa5dd704341326ae4098941fc1a0ad0ef874a837fd8c99bf4b7"
        },
        "rawNativePath": {
          "file": "C:\\Users\\barou\\Documents\\Codex\\2026-09-06\\the-android-app-app-currently-allows\\work\\saouaf-five-native-source-review\\el-hmira-raw-native-path.json",
          "sha256": "62b51db9460110868e0ed4a8652e67b592280bafb0c9b1cf38efce4d9beff7f1"
        },
        "administrativeScope": {
          "conclusion": "whole_imada",
          "decree": {
            "file": "C:\\Users\\barou\\Documents\\Codex\\2026-09-06\\the-android-app-app-currently-allows\\work\\electoral-circle-semantics\\decree2023-590.pdf",
            "sha256": "bfb3fe752b9900eaf873198b009968243f1b0bd2c119836cfd4fbbfc07e1e10f"
          },
          "pdfPage": 46,
          "jortPage": 5143,
          "render": {
            "file": "C:\\Users\\barou\\Documents\\Codex\\2026-09-06\\the-android-app-app-currently-allows\\work\\saouaf-five-native-source-review\\decree-46.png",
            "sha256": "b49447eb54816c2e594eb67ba16a37e867d698944611413c7819d550a35235dc"
          },
          "personallyViewed": true,
          "imadaName": "الحميرة",
          "circleName": "الحميرة",
          "seatCount": 1,
          "completeDelegationImadaCount": 5
        },
        "currentOfficialIdentity": {
          "governorateCode": "16",
          "governorateFr": "Zaghouan",
          "governorateAr": "زغوان",
          "delegationCode": "1656",
          "delegationFr": "Saouaf",
          "delegationAr": "صواف",
          "sectorCode": "165653",
          "sectorFr": "El hamira",
          "sectorAr": "الحميرة",
          "sourceRows": {
            "Population_Secteur_Age_Sexe_Dynamique.xlsx": 16320,
            "Nombre_de_Logements_par_Secteurs.xlsx": 699,
            "Nombre_de_menages_par_Secteurs.xlsx": 698
          }
        },
        "boundaryManipulation": "None; exact full native ring with no trim, clipping, repair, connector or inferred boundary.",
        "officialRegistryNameAr": "الحميرة",
        "officialRegistryNameFr": "El hamira",
        "sourceId": "isie-local-sectors-2023-saouaf"
      },
      "geometry": {
        "type": "Polygon",
        "coordinates": [
          [
            [
              10.259436674442291,
              36.22791781548566
            ],
            [
              10.258888768465477,
              36.227630122312604
            ],
            [
              10.257975209640316,
              36.22712617692332
            ],
            [
              10.257609554819107,
              36.22690992614425
            ],
            [
              10.256696012427978,
              36.22640597060004
            ],
            [
              10.256320992748101,
              36.22560289783372
            ],
            [
              10.25468087857926,
              36.224959824973226
            ],
            [
              10.253949624359727,
              36.22452730104433
            ],
            [
              10.253756871703423,
              36.22379566793278
            ],
            [
              10.252572968172986,
              36.223367885172976
            ],
            [
              10.251832387778009,
              36.22234852242667
            ],
            [
              10.252096970156527,
              36.22190556079073
            ],
            [
              10.252815356780967,
              36.22153121816249
            ],
            [
              10.253171626623322,
              36.221160659257684
            ],
            [
              10.2533480075722,
              36.220865349681404
            ],
            [
              10.253613745262843,
              36.22049573801115
            ],
            [
              10.254334434976915,
              36.22026808681193
            ],
            [
              10.25504343561725,
              36.21930689989281
            ],
            [
              10.255759442986847,
              36.218785833915675
            ],
            [
              10.256116857570085,
              36.218488619708026
            ],
            [
              10.256831678627503,
              36.21789418820545
            ],
            [
              10.257458310348806,
              36.217447410353216
            ],
            [
              10.258268325693583,
              36.21714543128592
            ],
            [
              10.259874244954949,
              36.21566122679663
            ],
            [
              10.260302164857263,
              36.214116051762566
            ],
            [
              10.261018090023674,
              36.213594949272235
            ],
            [
              10.262362924193349,
              36.212773746084736
            ],
            [
              10.263057634721878,
              36.21093228383847
            ],
            [
              10.262780204488894,
              36.21056838536712
            ],
            [
              10.262683805854715,
              36.21020257562246
            ],
            [
              10.262760198941043,
              36.20932139006048
            ],
            [
              10.261756319673468,
              36.20881842366579
            ],
            [
              10.26120148919576,
              36.20809061918826
            ],
            [
              10.26045859945032,
              36.206924606631205
            ],
            [
              10.260081292271138,
              36.20597482950169
            ],
            [
              10.260247046364974,
              36.20501933798013
            ],
            [
              10.26068784299683,
              36.20428103864254
            ],
            [
              10.26022238833825,
              36.20347892135932
            ],
            [
              10.259036430159846,
              36.20290448300541
            ],
            [
              10.25875435689103,
              36.20224716707638
            ],
            [
              10.257747078693622,
              36.20152410438019
            ],
            [
              10.257197023260838,
              36.20108969811043
            ],
            [
              10.257186482434898,
              36.20042951840081
            ],
            [
              10.256819785313251,
              36.20013990846268
            ],
            [
              10.255999406823637,
              36.19978169514256
            ],
            [
              10.25579968382012,
              36.19860994137377
            ],
            [
              10.254968804932973,
              36.19759154619745
            ],
            [
              10.255139283125578,
              36.19692946698794
            ],
            [
              10.255040600471935,
              36.19641694241512
            ],
            [
              10.25520406113591,
              36.195314748729295
            ],
            [
              10.25483272054799,
              36.19473171810286
            ],
            [
              10.254728199974688,
              36.193852425735365
            ],
            [
              10.254727031367768,
              36.19377907227971
            ],
            [
              10.254539029087269,
              36.19334084927993
            ],
            [
              10.254445028856042,
              36.19312174385951
            ],
            [
              10.253804556555846,
              36.19268825613812
            ],
            [
              10.253523733285247,
              36.192104278709465
            ],
            [
              10.25360605490024,
              36.1915898560835
            ],
            [
              10.253775365629366,
              36.19085443089547
            ],
            [
              10.253311231414662,
              36.190125635556385
            ],
            [
              10.253572200269803,
              36.18946260998808
            ],
            [
              10.254098796354953,
              36.18842997135334
            ],
            [
              10.254174104173725,
              36.18747543311235
            ],
            [
              10.254619537912937,
              36.187030569018106
            ],
            [
              10.254878149407176,
              36.1862208398102
            ],
            [
              10.255773666856571,
              36.1856245191583
            ],
            [
              10.257643436691634,
              36.18369737251837
            ],
            [
              10.258350908461862,
              36.18266282026518
            ],
            [
              10.258703465710086,
              36.18207219226366
            ],
            [
              10.260048953252236,
              36.18132437464761
            ],
            [
              10.26157186794445,
              36.18035457433541
            ],
            [
              10.261929089691376,
              36.18005734478196
            ],
            [
              10.262641174355334,
              36.17931617577414
            ],
            [
              10.262817430159592,
              36.17902085277493
            ],
            [
              10.263167586345526,
              36.17828350543632
            ],
            [
              10.26342373111208,
              36.17732704586753
            ],
            [
              10.263865526667676,
              36.17666209477698
            ],
            [
              10.264042948719812,
              36.176440123462285
            ],
            [
              10.26456226203684,
              36.17496732056213
            ],
            [
              10.264373076766967,
              36.17445575843969
            ],
            [
              10.26436248611869,
              36.173795583828394
            ],
            [
              10.264260247318742,
              36.17306300521829
            ],
            [
              10.264252011196607,
              36.17254953110485
            ],
            [
              10.264424716431954,
              36.17203415170069
            ],
            [
              10.264504595949537,
              36.1713730148068
            ],
            [
              10.264407066219903,
              36.17093384985346
            ],
            [
              10.264491651861519,
              36.17056612674165
            ],
            [
              10.264759527459491,
              36.17034319860546
            ],
            [
              10.264938110348787,
              36.17019457952714
            ],
            [
              10.26483940296925,
              36.169682067612875
            ],
            [
              10.264651406456665,
              36.16924385874837
            ],
            [
              10.264919277203143,
              36.169020930304804
            ],
            [
              10.26545970893394,
              36.16886848569103
            ],
            [
              10.26555017577752,
              36.168867529147
            ],
            [
              10.265458531395268,
              36.16879513223154
            ],
            [
              10.265180067465815,
              36.16835788062351
            ],
            [
              10.264160251672548,
              36.16682797796931
            ],
            [
              10.26388415409176,
              36.166537429985716
            ],
            [
              10.263239150821365,
              36.165810579630495
            ],
            [
              10.263146336907024,
              36.16566482723337
            ],
            [
              10.262592984856736,
              36.165010371890205
            ],
            [
              10.261946832171581,
              36.16421016029694
            ],
            [
              10.261762387454603,
              36.163992019229525
            ],
            [
              10.261119771518509,
              36.16341186363751
            ],
            [
              10.26056527972422,
              36.16268404436527
            ],
            [
              10.259556159307664,
              36.161814275142035
            ],
            [
              10.258635192865853,
              36.16079683804372
            ],
            [
              10.257810541887256,
              36.160145211817856
            ],
            [
              10.257078699583115,
              36.15963933726185
            ],
            [
              10.256528947596816,
              36.159204925322285
            ],
            [
              10.255162766116012,
              36.158632329832656
            ],
            [
              10.254159590015332,
              36.15812928185109
            ],
            [
              10.252153291148236,
              36.157123159627034
            ],
            [
              10.25106784507351,
              36.157134509019
            ],
            [
              10.2497980032199,
              36.15692767540884
            ],
            [
              10.248711397437523,
              36.1568656493218
            ],
            [
              10.247080911476012,
              36.156735914571826
            ],
            [
              10.246722575969098,
              36.15695974583624
            ],
            [
              10.244659517512517,
              36.15808170835215
            ],
            [
              10.243851205544047,
              36.15845694154832
            ],
            [
              10.243681862431636,
              36.15919236325859
            ],
            [
              10.243598346342507,
              36.15963341576608
            ],
            [
              10.243419745575938,
              36.15978200358378
            ],
            [
              10.243330445136028,
              36.15985630983132
            ],
            [
              10.242703023824754,
              36.16022964387865
            ],
            [
              10.241803074741723,
              36.160532448526666
            ],
            [
              10.240896185066251,
              36.16039512110995
            ],
            [
              10.239621701710185,
              36.15989477548361
            ],
            [
              10.239451163061279,
              36.16055682514245
            ],
            [
              10.238826022238348,
              36.16107686032184
            ],
            [
              10.237936412066588,
              36.1620398251282
            ],
            [
              10.237845952113055,
              36.16204076065673
            ],
            [
              10.236855494759334,
              36.162344464332094
            ],
            [
              10.235595953947755,
              36.162797670335
            ],
            [
              10.2354207786274,
              36.163166309684705
            ],
            [
              10.234974216407222,
              36.16353774916924
            ],
            [
              10.234618112188455,
              36.16390825398393
            ],
            [
              10.234536837977034,
              36.16449600966993
            ],
            [
              10.234184172152112,
              36.1650865763966
            ],
            [
              10.233920817387531,
              36.16560285517202
            ],
            [
              10.23365401589884,
              36.16589907023846
            ],
            [
              10.233564699060299,
              36.16597335700486
            ],
            [
              10.233476529672787,
              36.16612099809535
            ],
            [
              10.23348112019246,
              36.16641441563943
            ],
            [
              10.23348456312581,
              36.16663447878769
            ],
            [
              10.233307074817088,
              36.166856406407994
            ],
            [
              10.23303682511069,
              36.166932557006696
            ],
            [
              10.232398985903554,
              36.16664566140195
            ],
            [
              10.231851608729755,
              36.16635783134692
            ],
            [
              10.230759156420442,
              36.16592887238726
            ],
            [
              10.2302129423178,
              36.16571438899224
            ],
            [
              10.228847972300096,
              36.16521484677642
            ],
            [
              10.22866590137286,
              36.16514334964114
            ],
            [
              10.228029226931133,
              36.16492978470647
            ],
            [
              10.227756693842537,
              36.164859214264084
            ],
            [
              10.227121165686453,
              36.164718998972525
            ],
            [
              10.226940238881866,
              36.16472085373829
            ],
            [
              10.226576110630065,
              36.16457785317926
            ],
            [
              10.226028768573743,
              36.16428999571269
            ],
            [
              10.22511502116519,
              36.16371243374464
            ],
            [
              10.224840215804285,
              36.163495147208096
            ],
            [
              10.224294026454452,
              36.16328063616246
            ],
            [
              10.223656247737667,
              36.162993692617796
            ],
            [
              10.223108927155142,
              36.16270582130905
            ],
            [
              10.22246887520524,
              36.162272161855405
            ],
            [
              10.22183110346668,
              36.1619852083331
            ],
            [
              10.22137652888759,
              36.16184311490841
            ],
            [
              10.221101740273188,
              36.16162581939997
            ],
            [
              10.220736493365367,
              36.16140944581333
            ],
            [
              10.220185796845444,
              36.16090149613907
            ],
            [
              10.219911014801157,
              36.160684197737936
            ],
            [
              10.219638503262653,
              36.16061360834252
            ],
            [
              10.219186208539101,
              36.16061821603026
            ],
            [
              10.218644588309738,
              36.16069709786339
            ],
            [
              10.21819455925802,
              36.160848411552394
            ],
            [
              10.217924314393914,
              36.16092452799207
            ],
            [
              10.217833855042484,
              36.16092544837809
            ],
            [
              10.217651803667163,
              36.16085393405867
            ],
            [
              10.217198382663689,
              36.160785179290855
            ],
            [
              10.216747218357575,
              36.16086313269257
            ],
            [
              10.216297184511516,
              36.16101443933239
            ],
            [
              10.216116265488505,
              36.16101627758163
            ],
            [
              10.215755558292773,
              36.16109330819648
            ],
            [
              10.21557576978721,
              36.16116850057099
            ],
            [
              10.215306651619851,
              36.16131796610969
            ],
            [
              10.215307782114486,
              36.161391321054396
            ],
            [
              10.215129122823626,
              36.161539867721615
            ],
            [
              10.21486000252986,
              36.16168933228753
            ],
            [
              10.214679081859588,
              36.16169116839475
            ],
            [
              10.21449703142008,
              36.16161964926565
            ],
            [
              10.213854783989026,
              36.16103923256259
            ],
            [
              10.212392768774297,
              36.1601002859596
            ],
            [
              10.211848889950838,
              36.16003242701671
            ],
            [
              10.211119596781662,
              36.159672988293764
            ],
            [
              10.210300970324694,
              36.15938780238749
            ],
            [
              10.209296935384751,
              36.15881101807815
            ],
            [
              10.208751943483927,
              36.15866978968081
            ],
            [
              10.20829965809882,
              36.158674356037906
            ],
            [
              10.208209208679344,
              36.15867526902698
            ],
            [
              10.20748555181901,
              36.15868257109971
            ],
            [
              10.207214180429268,
              36.15868530824985
            ],
            [
              10.207034388827974,
              36.1587604878765
            ],
            [
              10.206855719396113,
              36.15890902244317
            ],
            [
              10.20667368222799,
              36.15883749112716
            ],
            [
              10.206491645384574,
              36.15876595952724
            ],
            [
              10.206219151687172,
              36.15869533920705
            ],
            [
              10.205765744237123,
              36.15862654076413
            ],
            [
              10.205495501781154,
              36.15870262917972
            ],
            [
              10.205311224135185,
              36.15848438526049
            ],
            [
              10.20503536999652,
              36.158193696430004
            ],
            [
              10.20476175896889,
              36.15804971745556
            ],
            [
              10.204671302479191,
              36.158050627836026
            ],
            [
              10.204036987078789,
              36.15798364329573
            ],
            [
              10.203221759894618,
              36.15791847400696
            ],
            [
              10.202494753414724,
              36.157705679803996
            ],
            [
              10.202130700244416,
              36.1575626032654
            ],
            [
              10.201491920714224,
              36.15720218367208
            ],
            [
              10.201125629753468,
              36.156912393306506
            ],
            [
              10.200941368361118,
              36.15669414228901
            ],
            [
              10.200755991261596,
              36.15640253556208
            ],
            [
              10.20030483388365,
              36.15648042688558
            ],
            [
              10.199585657700963,
              36.15678110252488
            ],
            [
              10.19913450454984,
              36.15685898941892
            ],
            [
              10.198318177659562,
              36.1567204309773
            ],
            [
              10.197687219122491,
              36.15687347888827
            ],
            [
              10.19741585298986,
              36.156876193717004
            ],
            [
              10.197234942214605,
              36.15687800326129
            ],
            [
              10.196866441855441,
              36.15644148852768
            ],
            [
              10.195166701978355,
              36.157705704227254
            ],
            [
              10.194804876303126,
              36.15770931631787
            ],
            [
              10.19398632637872,
              36.15742401726003
            ],
            [
              10.193716068203345,
              36.1575000793125
            ],
            [
              10.193446919467075,
              36.157649496344085
            ],
            [
              10.193269336101684,
              36.15787136667545
            ],
            [
              10.192907517084556,
              36.157874972970845
            ],
            [
              10.192543472044584,
              36.15773186704549
            ],
            [
              10.192366994901747,
              36.158027091689455
            ],
            [
              10.191916927631846,
              36.15817830732249
            ],
            [
              10.191467966756923,
              36.158402876916085
            ],
            [
              10.19119991849557,
              36.158625644637304
            ],
            [
              10.190929653357118,
              36.15870170051199
            ],
            [
              10.190748737959986,
              36.15870350033523
            ],
            [
              10.19056560787568,
              36.158558588595675
            ],
            [
              10.190112213206419,
              36.15848973059298
            ],
            [
              10.18974928436477,
              36.158419971733224
            ],
            [
              10.189474593196936,
              36.158202601639374
            ],
            [
              10.18929146659395,
              36.158057687873274
            ],
            [
              10.18929036047158,
              36.157984332187006
            ],
            [
              10.188929638527213,
              36.15806128224165
            ],
            [
              10.1886604785127,
              36.15821068870398
            ],
            [
              10.188477353353688,
              36.158065773665115
            ],
            [
              10.188383580478604,
              36.15784660461134
            ],
            [
              10.18829312368056,
              36.157847502615596
            ],
            [
              10.188111105057013,
              36.15777594269895
            ],
            [
              10.188021753262413,
              36.1578501962185
            ],
            [
              10.18793350615436,
              36.157997805396754
            ],
            [
              10.187755906260982,
              36.158219667841706
            ],
            [
              10.187485638957298,
              36.15829571598237
            ],
            [
              10.187214274584855,
              36.15829840770792
            ],
            [
              10.18694289483687,
              36.15830109897079
            ],
            [
              10.186763091547897,
              36.15837624842737
            ],
            [
              10.186583280240246,
              36.15845139769541
            ],
            [
              10.186311907572733,
              36.15845408746203
            ],
            [
              10.186130992441077,
              36.15845588029821
            ],
            [
              10.185950077293441,
              36.15845767286116
            ],
            [
              10.185588246950234,
              36.15846125716728
            ],
            [
              10.185045501315624,
              36.15846663157711
            ],
            [
              10.184955043695885,
              36.15846752707298
            ],
            [
              10.184242397070319,
              36.159208246686205
            ],
            [
              10.184063690346438,
              36.159356747971415
            ],
            [
              10.183975426455747,
              36.15950435444093
            ],
            [
              10.18379561749231,
              36.15957949952953
            ],
            [
              10.183525333808912,
              36.15965553894625
            ],
            [
              10.183343322757253,
              36.15958397172294
            ],
            [
              10.183071945868383,
              36.15958665421921
            ],
            [
              10.182802769231103,
              36.15973604777768
            ],
            [
              10.182624050890867,
              36.159884547049444
            ],
            [
              10.182536891289898,
              36.16010550827067
            ],
            [
              10.182540190866066,
              36.16032556335148
            ],
            [
              10.182543490664502,
              36.16054563085922
            ],
            [
              10.182456330156187,
              36.160766592015634
            ],
            [
              10.182189347591487,
              36.16106269593454
            ],
            [
              10.182101085994884,
              36.161210301005866
            ],
            [
              10.181922363032882,
              36.161358799280926
            ],
            [
              10.18165207903002,
              36.16143483451732
            ],
            [
              10.18147335470423,
              36.161583332141724
            ],
            [
              10.181386190103252,
              36.16180429255847
            ],
            [
              10.18129902502863,
              36.162025252912855
            ],
            [
              10.181214057021634,
              36.16239292490075
            ],
            [
              10.181220649740899,
              36.162833059966246
            ],
            [
              10.181044118766522,
              36.16312826867336
            ],
            [
              10.18096025477216,
              36.163569296222136
            ],
            [
              10.180783721236995,
              36.16386450455836
            ],
            [
              10.180515623902082,
              36.16408724906383
            ],
            [
              10.180337989536428,
              36.16430910092551
            ],
            [
              10.180070987229685,
              36.164605200318505
            ],
            [
              10.179803982742571,
              36.16490128670349
            ],
            [
              10.178911394877955,
              36.165717114947356
            ],
            [
              10.176531203411901,
              36.16992242869159
            ],
            [
              10.178505123990643,
              36.180907961333766
            ],
            [
              10.186464520488597,
              36.19264126735453
            ],
            [
              10.188141034805154,
              36.19577937497631
            ],
            [
              10.192209656455638,
              36.20146145393691
            ],
            [
              10.192853204958018,
              36.20211532850957
            ],
            [
              10.196371616699642,
              36.20728917673942
            ],
            [
              10.196821945657828,
              36.20713794053886
            ],
            [
              10.197368371780138,
              36.207352571089444
            ],
            [
              10.197827635467279,
              36.20778816989705
            ],
            [
              10.19837965185738,
              36.208369563614916
            ],
            [
              10.198747295078471,
              36.208732710437566
            ],
            [
              10.198930559378669,
              36.20887760599136
            ],
            [
              10.199112706999454,
              36.208949146450536
            ],
            [
              10.212869431339005,
              36.243952538349674
            ],
            [
              10.217174178470149,
              36.26459776588543
            ],
            [
              10.221069566898022,
              36.25876220826213
            ],
            [
              10.22921282792604,
              36.24657354393303
            ],
            [
              10.22929306170882,
              36.24591243139301
            ],
            [
              10.229740108279334,
              36.245541008573454
            ],
            [
              10.229736665885438,
              36.24532094802236
            ],
            [
              10.229816894370167,
              36.24465984132219
            ],
            [
              10.230353338348882,
              36.24421413152585
            ],
            [
              10.231163728832497,
              36.24391233005124
            ],
            [
              10.231704756893933,
              36.2437600283456
            ],
            [
              10.232151779823106,
              36.24338859683589
            ],
            [
              10.25674406132195,
              36.22941343659959
            ],
            [
              10.257013327283255,
              36.229263876519695
            ],
            [
              10.25791165506105,
              36.228814240619286
            ],
            [
              10.258450177401121,
              36.228515120969604
            ],
            [
              10.258898160121095,
              36.22821694566859
            ],
            [
              10.259436674442291,
              36.22791781548566
            ]
          ]
        ]
      }
    },
    {
      "type": "Feature",
      "id": "osm:relation:7116957",
      "properties": {
        "id": "osm:relation:7116957",
        "officialCode": "165652",
        "nameAr": "صواف الغربية",
        "nameFr": "Saouaf Ouest",
        "governorateCode": "16",
        "delegationCode": "1656",
        "parentAr": "معتمدية صواف",
        "parentFr": "Délégation Saouaf",
        "expectedOriginalTags": {
          "admin_level": "6",
          "boundary": "administrative",
          "name": "صواف الغربية",
          "name:ar": "صواف الغربية",
          "name:fr": "Saouaf Ouest",
          "ref:tn:codegeo": "165652"
        },
        "originalSourceGeometrySha256": "b6e4b2cd228becc58a22ff58f6b76d8f58d8a84c9158cce68527e4991472b35d",
        "currentName": "صواف الغربية",
        "currentAliasesToPreserve": [
          "Saouaf Ouest"
        ],
        "sourcePdfURL": "https://www.isie.tn/wp-content/uploads/2023/CartesCirconscriptionsElectoralesLocales2023/%D8%B2%D8%BA%D9%88%D8%A7%D9%86/%D8%B5%D9%88%D8%A7%D9%81/%D8%B5%D9%88%D8%A7%D9%81%20%D8%A7%D9%84%D8%BA%D8%B1%D8%A8%D9%8A%D8%A9.pdf",
        "sourcePdfSha256": "7f5fcde19d18df06200a0e30eee4cfa6fdeda8394c1ae8de363e4d797ab308d8",
        "sourceDrawingIndices": [
          706
        ],
        "sourceVectorLayer": "circonscription_isie2023",
        "sourceCrsEpsg": 32632,
        "sourceGeometrySha256": "a40fbb97bd265399745591ddc4b6447cb4c457f9261b8928c03fb8a660ba48c9",
        "sourceControlPointMaxResidualMeters": 0.35427310117855687,
        "sourceExtraction": {
          "file": "C:\\Users\\barou\\Documents\\Codex\\2026-09-06\\the-android-app-app-currently-allows\\outputs\\saouaf-five-geopdf-source-data.json",
          "sha256": "f9e895119da10fa5dd704341326ae4098941fc1a0ad0ef874a837fd8c99bf4b7"
        },
        "rawNativePath": {
          "file": "C:\\Users\\barou\\Documents\\Codex\\2026-09-06\\the-android-app-app-currently-allows\\work\\saouaf-five-native-source-review\\saouaf-ouest-raw-native-path.json",
          "sha256": "760186307a3711c7b2a8de86012eb66164c858844cc5474488bccde4e58065a5"
        },
        "administrativeScope": {
          "conclusion": "whole_imada",
          "decree": {
            "file": "C:\\Users\\barou\\Documents\\Codex\\2026-09-06\\the-android-app-app-currently-allows\\work\\electoral-circle-semantics\\decree2023-590.pdf",
            "sha256": "bfb3fe752b9900eaf873198b009968243f1b0bd2c119836cfd4fbbfc07e1e10f"
          },
          "pdfPage": 46,
          "jortPage": 5143,
          "render": {
            "file": "C:\\Users\\barou\\Documents\\Codex\\2026-09-06\\the-android-app-app-currently-allows\\work\\saouaf-five-native-source-review\\decree-46.png",
            "sha256": "b49447eb54816c2e594eb67ba16a37e867d698944611413c7819d550a35235dc"
          },
          "personallyViewed": true,
          "imadaName": "صواف الغربية",
          "circleName": "صواف الغربية",
          "seatCount": 1,
          "completeDelegationImadaCount": 5
        },
        "currentOfficialIdentity": {
          "governorateCode": "16",
          "governorateFr": "Zaghouan",
          "governorateAr": "زغوان",
          "delegationCode": "1656",
          "delegationFr": "Saouaf",
          "delegationAr": "صواف",
          "sectorCode": "165652",
          "sectorFr": "Saouef ouest",
          "sectorAr": "صواف الغربية",
          "sourceRows": {
            "Population_Secteur_Age_Sexe_Dynamique.xlsx": 16286,
            "Nombre_de_Logements_par_Secteurs.xlsx": 697,
            "Nombre_de_menages_par_Secteurs.xlsx": 696
          }
        },
        "boundaryManipulation": "None; exact full native ring with no trim, clipping, repair, connector or inferred boundary.",
        "officialRegistryNameAr": "صواف الغربية",
        "officialRegistryNameFr": "Saouef ouest",
        "sourceId": "isie-local-sectors-2023-saouaf"
      },
      "geometry": {
        "type": "Polygon",
        "coordinates": [
          [
            [
              10.123827619247214,
              36.24601850151441
            ],
            [
              10.124584089293146,
              36.24578056566674
            ],
            [
              10.124679062131499,
              36.24577967193737
            ],
            [
              10.124867902510104,
              36.245700954702535
            ],
            [
              10.125247793416069,
              36.245697378438294
            ],
            [
              10.125341660385526,
              36.24561955464531
            ],
            [
              10.12572155083565,
              36.245615976883556
            ],
            [
              10.125816523437717,
              36.245615082254666
            ],
            [
              10.126955078959247,
              36.24552741140774
            ],
            [
              10.129321621633096,
              36.24496649257059
            ],
            [
              10.129700390360561,
              36.24488597286987
            ],
            [
              10.131122740992868,
              36.244718639582615
            ],
            [
              10.133590872608952,
              36.24461831449231
            ],
            [
              10.134254556230845,
              36.244535090651404
            ],
            [
              10.134632210656882,
              36.24437762606563
            ],
            [
              10.13632716276618,
              36.24336130393668
            ],
            [
              10.137271271145408,
              36.24296762427783
            ],
            [
              10.13887903050914,
              36.24249067513302
            ],
            [
              10.142191692353272,
              36.241689663761605
            ],
            [
              10.14313798814706,
              36.24144979690145
            ],
            [
              10.145220510621565,
              36.24096822105773
            ],
            [
              10.146355593757256,
              36.24064957990239
            ],
            [
              10.149574260969814,
              36.23992621290292
            ],
            [
              10.151086914955517,
              36.23945001523501
            ],
            [
              10.15193819083857,
              36.239210994187495
            ],
            [
              10.154298683100505,
              36.23826494279944
            ],
            [
              10.155148809329852,
              36.23794897686016
            ],
            [
              10.15609388237908,
              36.23763208005172
            ],
            [
              10.15666251783845,
              36.23754963871814
            ],
            [
              10.158840939385284,
              36.237143838625606
            ],
            [
              10.159788273452524,
              36.23698077042151
            ],
            [
              10.160166978019571,
              36.236900155314814
            ],
            [
              10.160545681777974,
              36.236819539022136
            ],
            [
              10.161209266802645,
              36.236736154173116
            ],
            [
              10.161685203116122,
              36.236808469135866
            ],
            [
              10.162542133423717,
              36.236954016843264
            ],
            [
              10.163685092847103,
              36.23717371367987
            ],
            [
              10.164161041884135,
              36.23724601861806
            ],
            [
              10.165870334770402,
              36.23722935786276
            ],
            [
              10.16672498471299,
              36.23722101829091
            ],
            [
              10.16710139007242,
              36.23698652428734
            ],
            [
              10.167195204459235,
              36.23690866847573
            ],
            [
              10.167381686102038,
              36.236676028118936
            ],
            [
              10.167475499842244,
              36.23659817209538
            ],
            [
              10.167567019909153,
              36.236366458963786
            ],
            [
              10.16753720625207,
              36.23436632363318
            ],
            [
              10.167614963553188,
              36.23321146778871
            ],
            [
              10.168161749386794,
              36.23166733650343
            ],
            [
              10.168437433236162,
              36.23104912375467
            ],
            [
              10.168894984075969,
              36.22989056004302
            ],
            [
              10.16916950824543,
              36.22919541707644
            ],
            [
              10.169632780164529,
              36.22842148692468
            ],
            [
              10.169726581988524,
              36.228343629251235
            ],
            [
              10.170101787522807,
              36.22803220436646
            ],
            [
              10.170574238104036,
              36.22787369915224
            ],
            [
              10.17076298788819,
              36.22779491084433
            ],
            [
              10.171235427597011,
              36.227636403142036
            ],
            [
              10.17255896169429,
              36.22723872869221
            ],
            [
              10.173599941640386,
              36.22699769366071
            ],
            [
              10.173693737782841,
              36.22691983296159
            ],
            [
              10.174448712476877,
              36.22660465863894
            ],
            [
              10.17491768473675,
              36.22621535119987
            ],
            [
              10.175856769716233,
              36.22551365941929
            ],
            [
              10.176607085501248,
              36.22489076479596
            ],
            [
              10.177264771791334,
              36.22442265082985
            ],
            [
              10.17839138941937,
              36.22356521273859
            ],
            [
              10.178766537533027,
              36.22325376148509
            ],
            [
              10.178948323807765,
              36.22271339027818
            ],
            [
              10.178939065447015,
              36.222097963195594
            ],
            [
              10.178927492890518,
              36.22132867925026
            ],
            [
              10.17901433316679,
              36.220789244116894
            ],
            [
              10.180784596890508,
              36.21854053023912
            ],
            [
              10.182090524992804,
              36.216988827867425
            ],
            [
              10.18330145177833,
              36.21543805814888
            ],
            [
              10.184419739593793,
              36.21404206718847
            ],
            [
              10.184701049248083,
              36.21380846038551
            ],
            [
              10.184889750835652,
              36.21372965049394
            ],
            [
              10.185172220985587,
              36.21357297094696
            ],
            [
              10.185740648571343,
              36.21349039484093
            ],
            [
              10.186118047673633,
              36.21333277154567
            ],
            [
              10.186399349784082,
              36.21309916738367
            ],
            [
              10.186490788181658,
              36.212867440419714
            ],
            [
              10.186577568655194,
              36.212328000184264
            ],
            [
              10.186669005690137,
              36.212096273081244
            ],
            [
              10.186760442203088,
              36.21186454590956
            ],
            [
              10.188074303395176,
              36.21085128536737
            ],
            [
              10.189860415601878,
              36.209679425399074
            ],
            [
              10.190610486192542,
              36.20905643952388
            ],
            [
              10.19126445068011,
              36.20835746671193
            ],
            [
              10.191734400681963,
              36.208045030498354
            ],
            [
              10.192112930952183,
              36.207964317072296
            ],
            [
              10.192871159374551,
              36.20787981485233
            ],
            [
              10.193534461426765,
              36.20779625547151
            ],
            [
              10.194010255833538,
              36.20786844479728
            ],
            [
              10.194296201555611,
              36.20794252873362
            ],
            [
              10.194675900551676,
              36.20793873539291
            ],
            [
              10.1953368393548,
              36.20770130996356
            ],
            [
              10.195995443478347,
              36.207310024582796
            ],
            [
              10.196373965469105,
              36.207229297814656
            ],
            [
              10.192878316406784,
              36.20210926432852
            ],
            [
              10.192203367328661,
              36.20142353645984
            ],
            [
              10.188130633811252,
              36.19577053322737
            ],
            [
              10.186469455513143,
              36.19263249018882
            ],
            [
              10.178510335734062,
              36.1809393628031
            ],
            [
              10.176542488229744,
              36.16995629334125
            ],
            [
              10.17885095430549,
              36.165701851339094
            ],
            [
              10.17978814025012,
              36.16492320661947
            ],
            [
              10.18006813656105,
              36.164612689243
            ],
            [
              10.180348130580791,
              36.16430216471623
            ],
            [
              10.180534406579588,
              36.16406950498441
            ],
            [
              10.180815553506893,
              36.16383590849748
            ],
            [
              10.18090579857795,
              36.16352725559718
            ],
            [
              10.181089757344973,
              36.163140736856626
            ],
            [
              10.181180000614809,
              36.16283208374918
            ],
            [
              10.181267929136528,
              36.162369572385295
            ],
            [
              10.181263301043904,
              36.16206185600119
            ],
            [
              10.181354683515915,
              36.16183013200181
            ],
            [
              10.18144609764262,
              36.16159840761609
            ],
            [
              10.181633505533092,
              36.161442682027214
            ],
            [
              10.181916955103636,
              36.16136293475229
            ],
            [
              10.182104377483865,
              36.16120720176849
            ],
            [
              10.182196930608109,
              36.161052412606125
            ],
            [
              10.18238319364188,
              36.16081975011765
            ],
            [
              10.182569455585845,
              36.16058708735094
            ],
            [
              10.182564822806492,
              36.16027937754031
            ],
            [
              10.182562506394046,
              36.160125519368606
            ],
            [
              10.182653899014067,
              36.159893794257634
            ],
            [
              10.182841316488085,
              36.15973806017459
            ],
            [
              10.183123600034317,
              36.159581387597036
            ],
            [
              10.183313333647805,
              36.15957951094982
            ],
            [
              10.183504226343478,
              36.159654563069324
            ],
            [
              10.18378766760478,
              36.15957481801694
            ],
            [
              10.18397624159833,
              36.15949601126272
            ],
            [
              10.184068788985984,
              36.159341214195045
            ],
            [
              10.184256202313753,
              36.1591854779593
            ],
            [
              10.184909822264954,
              36.15848654081783
            ],
            [
              10.183951891883464,
              36.15788050086898
            ],
            [
              10.183568955652607,
              36.15765346846776
            ],
            [
              10.183282044616572,
              36.157502425605706
            ],
            [
              10.183088840199574,
              36.157273514788734
            ],
            [
              10.182990500676867,
              36.15704366558147
            ],
            [
              10.182320665108257,
              36.156665584669156
            ],
            [
              10.182409739025841,
              36.15628000791414
            ],
            [
              10.182407423254729,
              36.15612614963083
            ],
            [
              10.182494180216798,
              36.15558670798353
            ],
            [
              10.182586726172595,
              36.1554319119937
            ],
            [
              10.182585568147834,
              36.15535498284656
            ],
            [
              10.182680429884059,
              36.1553540450807
            ],
            [
              10.182770658917931,
              36.15504539718247
            ],
            [
              10.182863203717927,
              36.154890600987095
            ],
            [
              10.182859728915334,
              36.15465981354478
            ],
            [
              10.183139677450628,
              36.15434928284411
            ],
            [
              10.183228744942024,
              36.15396369893613
            ],
            [
              10.183320128946574,
              36.153731973252
            ],
            [
              10.183316652952167,
              36.1535011858031
            ],
            [
              10.183219476346952,
              36.153348265722116
            ],
            [
              10.183123458582989,
              36.1532722747114
            ],
            [
              10.183121141672085,
              36.15311841639036
            ],
            [
              10.182546198013224,
              36.15273939775596
            ],
            [
              10.182354165457614,
              36.152587414506336
            ],
            [
              10.182445550571929,
              36.15235568941941
            ],
            [
              10.182440919669324,
              36.15204797917114
            ],
            [
              10.18234143124837,
              36.15174119335763
            ],
            [
              10.181287606492015,
              36.151059144065805
            ],
            [
              10.181354688393249,
              36.14921191213446
            ],
            [
              10.181247129209318,
              36.14836662659377
            ],
            [
              10.181237877989805,
              36.14775119236249
            ],
            [
              10.181118728297735,
              36.14613662679317
            ],
            [
              10.181115259520313,
              36.14590582582622
            ],
            [
              10.181005396527606,
              36.14490669387225
            ],
            [
              10.181004240492024,
              36.144829764545655
            ],
            [
              10.180991524389551,
              36.14398354188574
            ],
            [
              10.180990368406501,
              36.1439066125469
            ],
            [
              10.180981120699675,
              36.14329117779925
            ],
            [
              10.180978808816741,
              36.14313731910212
            ],
            [
              10.18097765288184,
              36.14306038975202
            ],
            [
              10.180968405560211,
              36.142444954914424
            ],
            [
              10.18133852443359,
              36.14182577501043
            ],
            [
              10.18133274351983,
              36.141441141256365
            ],
            [
              10.181331587115011,
              36.141364198853175
            ],
            [
              10.181513182538474,
              36.140823833368806
            ],
            [
              10.181599931746991,
              36.1402843912168
            ],
            [
              10.181682053965474,
              36.139437231473856
            ],
            [
              10.181680897500295,
              36.13936030209568
            ],
            [
              10.181774583456471,
              36.139282436025084
            ],
            [
              10.181863642705295,
              36.13889685237352
            ],
            [
              10.181853233286423,
              36.13820448791593
            ],
            [
              10.181849763558963,
              36.13797369974498
            ],
            [
              10.181848606991904,
              36.137896770352626
            ],
            [
              10.179950652595632,
              36.13783856086808
            ],
            [
              10.178242365534679,
              36.137778453758926
            ],
            [
              10.176249558241794,
              36.137721119525935
            ],
            [
              10.175776505195763,
              36.13780270974752
            ],
            [
              10.17520861016445,
              36.13788522965363
            ],
            [
              10.175020078140363,
              36.13796402208286
            ],
            [
              10.174073981379477,
              36.13812719089643
            ],
            [
              10.172655952002888,
              36.13844886010531
            ],
            [
              10.171992059837397,
              36.138455364695595
            ],
            [
              10.171229887014247,
              36.13823200496561
            ],
            [
              10.17065969221918,
              36.1381606440515
            ],
            [
              10.169996955056861,
              36.13824406717055
            ],
            [
              10.166787183886017,
              36.139275642065776
            ],
            [
              10.16641010333418,
              36.13943320043172
            ],
            [
              10.166220417087272,
              36.13943504941325
            ],
            [
              10.165842185546886,
              36.139515676289854
            ],
            [
              10.165088000610568,
              36.139830786161525
            ],
            [
              10.164426374290064,
              36.13999110871091
            ],
            [
              10.163952154948056,
              36.13999572280849
            ],
            [
              10.163381961012295,
              36.139924327294
            ],
            [
              10.160906930839873,
              36.139332838983876
            ],
            [
              10.1599550930355,
              36.13911124735284
            ],
            [
              10.158052574323756,
              36.13874497103475
            ],
            [
              10.156815091883036,
              36.13844917752876
            ],
            [
              10.154912602464135,
              36.138082850725205
            ],
            [
              10.15358030785845,
              36.13778793866502
            ],
            [
              10.153107228457927,
              36.13786943976359
            ],
            [
              10.151028595773075,
              36.13842804119676
            ],
            [
              10.15055551767181,
              36.138509532245536
            ],
            [
              10.148561575205427,
              36.138374806910974
            ],
            [
              10.145900385700111,
              36.13801561700287
            ],
            [
              10.142763891651486,
              36.13758396698887
            ],
            [
              10.142320987040952,
              36.13974254804961
            ],
            [
              10.142042043066631,
              36.14012991647731
            ],
            [
              10.141483029708256,
              36.14082772099938
            ],
            [
              10.141402707878942,
              36.14182872172252
            ],
            [
              10.140578114060778,
              36.14383704085709
            ],
            [
              10.140015722188572,
              36.14430404739384
            ],
            [
              10.139462239422935,
              36.145386495112035
            ],
            [
              10.139181031513015,
              36.14561999621676
            ],
            [
              10.137949075991937,
              36.14570866113839
            ],
            [
              10.137108777717213,
              36.14663993052641
            ],
            [
              10.136636739377238,
              36.14679829819864
            ],
            [
              10.13635551798369,
              36.14703179285299
            ],
            [
              10.13635885558353,
              36.14726258439564
            ],
            [
              10.136368868610555,
              36.147954958968484
            ],
            [
              10.136373318954323,
              36.14826268097432
            ],
            [
              10.136281801725804,
              36.148494373407495
            ],
            [
              10.136002797844588,
              36.148881728294874
            ],
            [
              10.135632271010875,
              36.14950077450987
            ],
            [
              10.135349925489004,
              36.14965733641845
            ],
            [
              10.134969388321352,
              36.14958400605284
            ],
            [
              10.13487342879177,
              36.14950797530175
            ],
            [
              10.13458774093115,
              36.14943374393274
            ],
            [
              10.134305393502709,
              36.14959030341255
            ],
            [
              10.134119020052045,
              36.149822893529134
            ],
            [
              10.13393485804409,
              36.15020934452358
            ],
            [
              10.133849992738018,
              36.1509026118817
            ],
            [
              10.13405192365651,
              36.151747049421
            ],
            [
              10.134253859047694,
              36.15259147990495
            ],
            [
              10.13426052332468,
              36.15305306288841
            ],
            [
              10.134075244332937,
              36.15336258352329
            ],
            [
              10.13369802080969,
              36.153520040962796
            ],
            [
              10.133127744077916,
              36.153448502867185
            ],
            [
              10.132935802973435,
              36.153296438684855
            ],
            [
              10.13274719037218,
              36.153375165773575
            ],
            [
              10.13227732040959,
              36.153687378029794
            ],
            [
              10.131910067837644,
              36.15453720476853
            ],
            [
              10.131818530592293,
              36.15476889391503
            ],
            [
              10.131819639004153,
              36.154845824451705
            ],
            [
              10.131822964170967,
              36.15507660953498
            ],
            [
              10.131728101062658,
              36.155077507007796
            ],
            [
              10.131538374833466,
              36.155079301728065
            ],
            [
              10.131162253721518,
              36.155313681838514
            ],
            [
              10.130597502139018,
              36.155626784681125
            ],
            [
              10.130034959460543,
              36.15609374606051
            ],
            [
              10.129473516305392,
              36.156637635455255
            ],
            [
              10.129474622502174,
              36.156714566030246
            ],
            [
              10.129390818522005,
              36.157484760875846
            ],
            [
              10.129394136985235,
              36.157715552571624
            ],
            [
              10.12939856166152,
              36.1580232748184
            ],
            [
              10.129310331508506,
              36.15848575378787
            ],
            [
              10.12922099435006,
              36.15887130212264
            ],
            [
              10.129607103895207,
              36.15932930264476
            ],
            [
              10.129901669358183,
              36.16001898949724
            ],
            [
              10.130096942322634,
              36.16040184972537
            ],
            [
              10.12991495056134,
              36.16094214915026
            ],
            [
              10.129632552890445,
              36.16109869821224
            ],
            [
              10.129065542176454,
              36.16125793333375
            ],
            [
              10.128590083391462,
              36.16118547914058
            ],
            [
              10.12820950397407,
              36.1611121282285
            ],
            [
              10.127927102202557,
              36.16126867333398
            ],
            [
              10.127550932915884,
              36.16150304265102
            ],
            [
              10.126713649416315,
              36.16266504013056
            ],
            [
              10.126338573238785,
              36.162976336340435
            ],
            [
              10.125678874507066,
              36.163290310200885
            ],
            [
              10.12540528791142,
              36.164062294167195
            ],
            [
              10.125031294063184,
              36.16445051708424
            ],
            [
              10.12428111656025,
              36.16507309810034
            ],
            [
              10.12390712035497,
              36.16546131102722
            ],
            [
              10.123532019813693,
              36.165772598731806
            ],
            [
              10.123156916306854,
              36.166083885297425
            ],
            [
              10.12316241837825,
              36.16646853839093
            ],
            [
              10.123261697500382,
              36.16677536338893
            ],
            [
              10.124030628864986,
              36.16746060844577
            ],
            [
              10.124222588425786,
              36.16761268624597
            ],
            [
              10.124320771699741,
              36.16784258616202
            ],
            [
              10.123859592065191,
              36.16877021129866
            ],
            [
              10.123862895679562,
              36.16900100299836
            ],
            [
              10.12396218106986,
              36.16930783370398
            ],
            [
              10.124438787147236,
              36.16945723593464
            ],
            [
              10.124724531226514,
              36.16953149023802
            ],
            [
              10.124915394990921,
              36.16960663623206
            ],
            [
              10.125016890044042,
              36.170067326991905
            ],
            [
              10.12493082700291,
              36.17068365702303
            ],
            [
              10.12512499328938,
              36.1709895942195
            ],
            [
              10.125795789802526,
              36.17144492750418
            ],
            [
              10.126468801708196,
              36.17205411125346
            ],
            [
              10.126758973754402,
              36.172436082263495
            ],
            [
              10.126670714160264,
              36.17289855875379
            ],
            [
              10.126208430743171,
              36.17374926176704
            ],
            [
              10.126404825673507,
              36.174209057303415
            ],
            [
              10.127081180295486,
              36.17504903458174
            ],
            [
              10.127372471518244,
              36.17550792753979
            ],
            [
              10.127569982982033,
              36.176044651212266
            ],
            [
              10.127675923812607,
              36.17681306027471
            ],
            [
              10.128158110971068,
              36.17734709181672
            ],
            [
              10.128543193789723,
              36.17772816263002
            ],
            [
              10.128739612819748,
              36.17818795361801
            ],
            [
              10.128749570122597,
              36.17888032643444
            ],
            [
              10.128563104943932,
              36.179112908380695
            ],
            [
              10.127998182483822,
              36.179426000870855
            ],
            [
              10.12781281930464,
              36.179735512010595
            ],
            [
              10.12795525662609,
              36.183042606879255
            ],
            [
              10.128062318389144,
              36.18388794474732
            ],
            [
              10.12893742071785,
              36.18534155334605
            ],
            [
              10.129244262760567,
              36.186877469456604
            ],
            [
              10.129357988648602,
              36.18818437983379
            ],
            [
              10.129187004867845,
              36.18949397855137
            ],
            [
              10.129482794316925,
              36.19026059122979
            ],
            [
              10.13015599923652,
              36.19086975552977
            ],
            [
              10.129687006588787,
              36.19125888997161
            ],
            [
              10.129030408993781,
              36.19180366867808
            ],
            [
              10.128751221123176,
              36.192191007268484
            ],
            [
              10.128850565225914,
              36.19249783182015
            ],
            [
              10.128008558637104,
              36.19335212393755
            ],
            [
              10.128111212484884,
              36.19388973954905
            ],
            [
              10.12811785067387,
              36.19435131380205
            ],
            [
              10.128504133619396,
              36.19480931224607
            ],
            [
              10.128416969476506,
              36.19534871869279
            ],
            [
              10.128712775031202,
              36.196115332280854
            ],
            [
              10.128057237318487,
              36.19673703614129
            ],
            [
              10.128255917291753,
              36.19735068587174
            ],
            [
              10.1283596855554,
              36.19796523086934
            ],
            [
              10.127898386875765,
              36.19889286926094
            ],
            [
              10.127994409398568,
              36.19896890396362
            ],
            [
              10.127151220166555,
              36.19974625393569
            ],
            [
              10.12705851419482,
              36.199901008820575
            ],
            [
              10.127061830955936,
              36.20013179906349
            ],
            [
              10.127160065622263,
              36.20036169455932
            ],
            [
              10.12697244091748,
              36.200517344115575
            ],
            [
              10.126593873798303,
              36.200597852119984
            ],
            [
              10.12650116575841,
              36.20075260658852
            ],
            [
              10.126408457359739,
              36.20090736098774
            ],
            [
              10.126601609980714,
              36.20113636269587
            ],
            [
              10.126698739358678,
              36.20128932845956
            ],
            [
              10.126700949842908,
              36.20144318208523
            ],
            [
              10.126417297376337,
              36.20152280164924
            ],
            [
              10.126229668459741,
              36.201678450086014
            ],
            [
              10.126138063143355,
              36.201910127840975
            ],
            [
              10.125949336224435,
              36.20198884569579
            ],
            [
              10.125379816933012,
              36.20199420743995
            ],
            [
              10.124725308093995,
              36.20269283040033
            ],
            [
              10.124255116063678,
              36.20300501440458
            ],
            [
              10.1240707876905,
              36.20339144990538
            ],
            [
              10.12407630173308,
              36.2037761004759
            ],
            [
              10.124269454840649,
              36.20400509931559
            ],
            [
              10.124180047153924,
              36.20439064235532
            ],
            [
              10.123707637937303,
              36.20454896412617
            ],
            [
              10.123522201109738,
              36.204858468684954
            ],
            [
              10.122481347226989,
              36.20509906638674
            ],
            [
              10.121823493053178,
              36.205566883529215
            ],
            [
              10.121644649519242,
              36.20633795964333
            ],
            [
              10.121459200542423,
              36.20664746765153
            ],
            [
              10.120993371599276,
              36.20726735334181
            ],
            [
              10.120430409483843,
              36.20773427312994
            ],
            [
              10.119770315549491,
              36.208048219132145
            ],
            [
              10.119395007670638,
              36.20835949547489
            ],
            [
              10.11891927078691,
              36.2082870082742
            ],
            [
              10.11845121722805,
              36.208753030561475
            ],
            [
              10.11855492649478,
              36.20936758399232
            ],
            [
              10.118273431426115,
              36.209601032128354
            ],
            [
              10.117140857025351,
              36.2100732630742
            ],
            [
              10.116671686534186,
              36.210462348418325
            ],
            [
              10.115451829479616,
              36.21147395537083
            ],
            [
              10.114790589855083,
              36.21171094435706
            ],
            [
              10.1147949660856,
              36.21201866536438
            ],
            [
              10.114991396349716,
              36.21247847623677
            ],
            [
              10.114712067693638,
              36.2128657832539
            ],
            [
              10.114333427830593,
              36.21294625356538
            ],
            [
              10.113856574017701,
              36.21279681643338
            ],
            [
              10.113474655122726,
              36.21264649322358
            ],
            [
              10.113190948191498,
              36.21272607570701
            ],
            [
              10.113196410863472,
              36.21311072710785
            ],
            [
              10.11311021689392,
              36.21372705324698
            ],
            [
              10.11245550214618,
              36.21442560483589
            ],
            [
              10.11113623052305,
              36.215130337890784
            ],
            [
              10.110665909976158,
              36.21544247009559
            ],
            [
              10.10964230126687,
              36.21691383742258
            ],
            [
              10.107506559892968,
              36.220319014823644
            ],
            [
              10.106871301438368,
              36.222402282788195
            ],
            [
              10.105096646212045,
              36.22449608595442
            ],
            [
              10.103832414724188,
              36.22912417517549
            ],
            [
              10.101238614671718,
              36.233764512730744
            ],
            [
              10.101056266830945,
              36.234304768149826
            ],
            [
              10.10105951134098,
              36.234535559107485
            ],
            [
              10.103301447930706,
              36.24536342012145
            ],
            [
              10.10340834769894,
              36.246208774528064
            ],
            [
              10.107015170690474,
              36.246021538375025
            ],
            [
              10.11300724704278,
              36.24658140349834
            ],
            [
              10.113457164276383,
              36.251501359619205
            ],
            [
              10.113929875260531,
              36.251343074257534
            ],
            [
              10.11430650943249,
              36.25110874298235
            ],
            [
              10.114965887733849,
              36.25071789290593
            ],
            [
              10.115529184470782,
              36.250250996183084
            ],
            [
              10.115808637175185,
              36.24986368738798
            ],
            [
              10.115990916097923,
              36.24932340547657
            ],
            [
              10.116269258460658,
              36.24885917902126
            ],
            [
              10.116550897182588,
              36.248625728024514
            ],
            [
              10.117022486726711,
              36.248390501048576
            ],
            [
              10.117496269731378,
              36.24830913167799
            ],
            [
              10.117685123636775,
              36.24823042558454
            ],
            [
              10.11806392900492,
              36.248149942218674
            ],
            [
              10.118252781938223,
              36.248071235243415
            ],
            [
              10.118915413478401,
              36.24791115304553
            ],
            [
              10.11957803417305,
              36.24775106729493
            ],
            [
              10.119673017611555,
              36.24775017742284
            ],
            [
              10.119956843191915,
              36.24767057792634
            ],
            [
              10.120146785686783,
              36.24766879773505
            ],
            [
              10.120901080363092,
              36.247277025490796
            ],
            [
              10.121749239429832,
              36.24680742755035
            ],
            [
              10.122220802062646,
              36.24657218047102
            ],
            [
              10.122315775935864,
              36.2465712886011
            ],
            [
              10.123071144505447,
              36.24625643264871
            ],
            [
              10.123827619247214,
              36.24601850151441
            ]
          ]
        ]
      }
    },
    {
      "type": "Feature",
      "id": "osm:relation:7119808",
      "properties": {
        "id": "osm:relation:7119808",
        "officialCode": "165654",
        "nameAr": "الدغافلة الشرقية",
        "nameFr": "Deghafla Est",
        "governorateCode": "16",
        "delegationCode": "1656",
        "parentAr": "معتمدية صواف",
        "parentFr": "Délégation Saouaf",
        "expectedOriginalTags": {
          "admin_level": "6",
          "boundary": "administrative",
          "name": "الدغافلة الشرقية",
          "name:ar": "الدغافلة الشرقية",
          "name:fr": "Deghafla Est",
          "ref:tn:codegeo": "165654"
        },
        "originalSourceGeometrySha256": "5c53f9522b8dbea6660525398499b6ce4d7ed92000500bed6ee4a18ab2c3d38a",
        "currentName": "الدغافلة الشرقية",
        "currentAliasesToPreserve": [
          "Deghafla Est"
        ],
        "sourcePdfURL": "https://www.isie.tn/wp-content/uploads/2023/CartesCirconscriptionsElectoralesLocales2023/%D8%B2%D8%BA%D9%88%D8%A7%D9%86/%D8%B5%D9%88%D8%A7%D9%81/%D8%A7%D9%84%D8%AF%D8%BA%D8%A7%D9%81%D9%84%D8%A9%20%D8%A7%D9%84%D8%B4%D8%B1%D9%82%D9%8A%D8%A9.pdf",
        "sourcePdfSha256": "7bed5eda943245b1bb12168b0586906ab2b374968d4724f9e185407161831e59",
        "sourceDrawingIndices": [
          678
        ],
        "sourceVectorLayer": "circonscription_isie2023",
        "sourceCrsEpsg": 32632,
        "sourceGeometrySha256": "c0d018256983b7a3e39de20291d68532a6d08b459b79d10992c21a07263c3ca7",
        "sourceControlPointMaxResidualMeters": 0.04048680132224578,
        "sourceExtraction": {
          "file": "C:\\Users\\barou\\Documents\\Codex\\2026-09-06\\the-android-app-app-currently-allows\\outputs\\saouaf-five-geopdf-source-data.json",
          "sha256": "f9e895119da10fa5dd704341326ae4098941fc1a0ad0ef874a837fd8c99bf4b7"
        },
        "rawNativePath": {
          "file": "C:\\Users\\barou\\Documents\\Codex\\2026-09-06\\the-android-app-app-currently-allows\\work\\saouaf-five-native-source-review\\deghafla-est-raw-native-path.json",
          "sha256": "7fb0b97d700a370cab41a931fde67418297e1702e6cb40ec901b48177ff3fe42"
        },
        "administrativeScope": {
          "conclusion": "whole_imada",
          "decree": {
            "file": "C:\\Users\\barou\\Documents\\Codex\\2026-09-06\\the-android-app-app-currently-allows\\work\\electoral-circle-semantics\\decree2023-590.pdf",
            "sha256": "bfb3fe752b9900eaf873198b009968243f1b0bd2c119836cfd4fbbfc07e1e10f"
          },
          "pdfPage": 46,
          "jortPage": 5143,
          "render": {
            "file": "C:\\Users\\barou\\Documents\\Codex\\2026-09-06\\the-android-app-app-currently-allows\\work\\saouaf-five-native-source-review\\decree-46.png",
            "sha256": "b49447eb54816c2e594eb67ba16a37e867d698944611413c7819d550a35235dc"
          },
          "personallyViewed": true,
          "imadaName": "الدغافلة الشرقية",
          "circleName": "الدغافلة الشرقية",
          "seatCount": 1,
          "completeDelegationImadaCount": 5
        },
        "currentOfficialIdentity": {
          "governorateCode": "16",
          "governorateFr": "Zaghouan",
          "governorateAr": "زغوان",
          "delegationCode": "1656",
          "delegationFr": "Saouaf",
          "delegationAr": "صواف",
          "sectorCode": "165654",
          "sectorFr": "Deghafla est",
          "sectorAr": "الدغافلة الشرقية",
          "sourceRows": {
            "Population_Secteur_Age_Sexe_Dynamique.xlsx": 16354,
            "Nombre_de_Logements_par_Secteurs.xlsx": 701,
            "Nombre_de_menages_par_Secteurs.xlsx": 700
          }
        },
        "boundaryManipulation": "None; exact full native ring with no trim, clipping, repair, connector or inferred boundary.",
        "officialRegistryNameAr": "الدغافلة الشرقية",
        "officialRegistryNameFr": "Deghafla est",
        "sourceId": "isie-local-sectors-2023-saouaf"
      },
      "geometry": {
        "type": "Polygon",
        "coordinates": [
          [
            [
              10.103481697737374,
              36.24620550976533
            ],
            [
              10.103285117985225,
              36.245312902912815
            ],
            [
              10.101109460768203,
              36.234525385032484
            ],
            [
              10.101014336444273,
              36.23430265666071
            ],
            [
              10.101190992521474,
              36.23377927417736
            ],
            [
              10.103885620984231,
              36.229133140209385
            ],
            [
              10.105108311587301,
              36.22450060152315
            ],
            [
              10.106826432942878,
              36.22239766158566
            ],
            [
              10.107532789118563,
              36.22030410248072
            ],
            [
              10.109692704668005,
              36.21692991164913
            ],
            [
              10.11059129040406,
              36.21543082489504
            ],
            [
              10.111046899865793,
              36.21512843552071
            ],
            [
              10.112508837794461,
              36.214443983484614
            ],
            [
              10.11314307278281,
              36.21376723945153
            ],
            [
              10.113133567410774,
              36.213096505036205
            ],
            [
              10.113220256628496,
              36.212723015931644
            ],
            [
              10.113403116538024,
              36.2126467722087
            ],
            [
              10.113866096684095,
              36.21286605472502
            ],
            [
              10.114418927112192,
              36.212935423661484
            ],
            [
              10.11478571841028,
              36.21285745817226
            ],
            [
              10.114964353423353,
              36.21248310796759
            ],
            [
              10.114866045220506,
              36.21203681196935
            ],
            [
              10.114769853549909,
              36.21173957420861
            ],
            [
              10.115501306895343,
              36.21143458812192
            ],
            [
              10.11668301231464,
              36.210454557509664
            ],
            [
              10.117137509552988,
              36.21007761961822
            ],
            [
              10.118326608443551,
              36.20961926134216
            ],
            [
              10.118507341572755,
              36.20939395168095
            ],
            [
              10.118406895800797,
              36.208798613030176
            ],
            [
              10.118952270592583,
              36.20834627975364
            ],
            [
              10.119320089741077,
              36.20834282678829
            ],
            [
              10.119775624354832,
              36.20804040512978
            ],
            [
              10.120415067423979,
              36.207736253464965
            ],
            [
              10.121051315313043,
              36.20720852700817
            ],
            [
              10.121503645144193,
              36.206682521186366
            ],
            [
              10.121682234634788,
              36.20630816137945
            ],
            [
              10.121855501852005,
              36.205561171712205
            ],
            [
              10.122492779546437,
              36.20510796387254
            ],
            [
              10.123499997908016,
              36.204800326232416
            ],
            [
              10.123680705464498,
              36.20457502166764
            ],
            [
              10.124137267629774,
              36.20434710977957
            ],
            [
              10.124223888000696,
              36.203973613327015
            ],
            [
              10.124036786718998,
              36.20375176968079
            ],
            [
              10.1240314562173,
              36.20337914022224
            ],
            [
              10.12421002648177,
              36.203004776783295
            ],
            [
              10.124757461351821,
              36.20270146969067
            ],
            [
              10.125391497155759,
              36.20202466926156
            ],
            [
              10.125943191964536,
              36.202019460371666
            ],
            [
              10.126126022180726,
              36.201943197652206
            ],
            [
              10.126305647483234,
              36.20164335709055
            ],
            [
              10.126487408120934,
              36.20149256797997
            ],
            [
              10.12667023657497,
              36.201416304453346
            ],
            [
              10.126760047770608,
              36.201266383812545
            ],
            [
              10.126667031046727,
              36.20119272689614
            ],
            [
              10.12647886148663,
              36.20089636111171
            ],
            [
              10.126476724867285,
              36.20074730938506
            ],
            [
              10.126658483144048,
              36.20059652003479
            ],
            [
              10.126933256703662,
              36.20051938722056
            ],
            [
              10.127115013570776,
              36.20036859719597
            ],
            [
              10.12711180699117,
              36.200145025950604
            ],
            [
              10.127016653721745,
              36.19992231755696
            ],
            [
              10.12710646261933,
              36.19977239666116
            ],
            [
              10.127922214688407,
              36.198944786643175
            ],
            [
              10.12782919970542,
              36.1988711305728
            ],
            [
              10.12836803176266,
              36.19797160069979
            ],
            [
              10.12826752064669,
              36.19737627034271
            ],
            [
              10.127983140811248,
              36.19678267313266
            ],
            [
              10.128709044047884,
              36.19610497964319
            ],
            [
              10.128422525967721,
              36.195362337891865
            ],
            [
              10.128506969340886,
              36.19483978662463
            ],
            [
              10.12813279668543,
              36.19439611132653
            ],
            [
              10.128126378993583,
              36.19394895590327
            ],
            [
              10.128025883368597,
              36.193353618436255
            ],
            [
              10.128841553105577,
              36.19252600901751
            ],
            [
              10.128745334650043,
              36.192228775732445
            ],
            [
              10.129015795521534,
              36.19185353494121
            ],
            [
              10.129743795180786,
              36.19132488732589
            ],
            [
              10.130197048881353,
              36.190873375809126
            ],
            [
              10.129451924617435,
              36.190209617823065
            ],
            [
              10.129165414663591,
              36.189466970632644
            ],
            [
              10.12942301688345,
              36.188197423969136
            ],
            [
              10.129219884012343,
              36.18685769807393
            ],
            [
              10.129014618531025,
              36.18536892575362
            ],
            [
              10.128073938732005,
              36.183887105520725
            ],
            [
              10.12787726333706,
              36.182994538343706
            ],
            [
              10.127830233899147,
              36.17971539754243
            ],
            [
              10.128009796351986,
              36.17941555441415
            ],
            [
              10.128557054345976,
              36.179112231925345
            ],
            [
              10.128737690069988,
              36.17888691375604
            ],
            [
              10.128728063886227,
              36.1782161790068
            ],
            [
              10.128537805307955,
              36.177770768633216
            ],
            [
              10.128164785260926,
              36.17740161686806
            ],
            [
              10.127696635567302,
              36.176809761088464
            ],
            [
              10.127502113024777,
              36.17606623791643
            ],
            [
              10.127402716794526,
              36.17554542384553
            ],
            [
              10.12702863718699,
              36.175101742031444
            ],
            [
              10.126463256705092,
              36.1741381121392
            ],
            [
              10.126182172295785,
              36.17376809167324
            ],
            [
              10.126720859150582,
              36.17286856821339
            ],
            [
              10.12671552195664,
              36.17249593717237
            ],
            [
              10.126525289388034,
              36.172050522735674
            ],
            [
              10.12578144444946,
              36.171461256073854
            ],
            [
              10.125131655131964,
              36.171020170014906
            ],
            [
              10.124942500838808,
              36.17064927269459
            ],
            [
              10.125026960865116,
              36.170126721675864
            ],
            [
              10.12492758172753,
              36.16960590469364
            ],
            [
              10.124742701509719,
              36.16953311201443
            ],
            [
              10.124373991588252,
              36.169462052234515
            ],
            [
              10.124004217564014,
              36.169316464987084
            ],
            [
              10.123908048020555,
              36.169019225857625
            ],
            [
              10.123904854132231,
              36.1687956468756
            ],
            [
              10.124258651348185,
              36.16782334593565
            ],
            [
              10.124255456603773,
              36.167599766935794
            ],
            [
              10.124069509220377,
              36.16745244683305
            ],
            [
              10.123232754695518,
              36.16678950891705
            ],
            [
              10.123136591392784,
              36.16649226893871
            ],
            [
              10.123135527588122,
              36.16641774256109
            ],
            [
              10.123223179670784,
              36.16611877153935
            ],
            [
              10.123493580808082,
              36.16574354273653
            ],
            [
              10.123858014659287,
              36.16551650011705
            ],
            [
              10.124219252050212,
              36.1650658773193
            ],
            [
              10.125037873751868,
              36.16446186721782
            ],
            [
              10.125399099614386,
              36.16401124098644
            ],
            [
              10.125665219025697,
              36.16333790836733
            ],
            [
              10.126395116578674,
              36.16295833559922
            ],
            [
              10.126666559037455,
              36.162657632547926
            ],
            [
              10.127569572369763,
              36.16153105315903
            ],
            [
              10.127932906811015,
              36.16122947220768
            ],
            [
              10.12820753481281,
              36.161152338496194
            ],
            [
              10.128576208750774,
              36.16122338719312
            ],
            [
              10.129127616939163,
              36.16121816865312
            ],
            [
              10.129584984249306,
              36.16106476537368
            ],
            [
              10.129859617752075,
              36.160987627835276
            ],
            [
              10.130034858954653,
              36.16038967646401
            ],
            [
              10.129845708660348,
              36.16001878620094
            ],
            [
              10.12956038230753,
              36.15935066701013
            ],
            [
              10.129186370144216,
              36.15890698961143
            ],
            [
              10.129272922224908,
              36.158533488027125
            ],
            [
              10.129449232486206,
              36.15801006993008
            ],
            [
              10.129444954714474,
              36.157711964638295
            ],
            [
              10.129349849434773,
              36.15748925575676
            ],
            [
              10.129431052390261,
              36.156743122334206
            ],
            [
              10.129520809575082,
              36.15659319951805
            ],
            [
              10.129972800053197,
              36.1560671634632
            ],
            [
              10.130609644359346,
              36.15561391025035
            ],
            [
              10.131156729007824,
              36.15531057780421
            ],
            [
              10.131612986761814,
              36.155082641002394
            ],
            [
              10.131704880873835,
              36.15508176921785
            ],
            [
              10.131795703426251,
              36.155006371065205
            ],
            [
              10.131884382630147,
              36.15478192656741
            ],
            [
              10.131883310912468,
              36.15470739395148
            ],
            [
              10.131881167761408,
              36.154558347667326
            ],
            [
              10.132327770844862,
              36.153659671519726
            ],
            [
              10.132691035577807,
              36.153358076855326
            ],
            [
              10.132873747196909,
              36.15328180534104
            ],
            [
              10.133151568639132,
              36.153428239552426
            ],
            [
              10.13370399467487,
              36.153497527176704
            ],
            [
              10.134069416147366,
              36.153344980809784
            ],
            [
              10.134249978823483,
              36.15311966101831
            ],
            [
              10.13424246230611,
              36.15259797718689
            ],
            [
              10.134045797112476,
              36.151705409172074
            ],
            [
              10.133850209976398,
              36.15088736692102
            ],
            [
              10.133931365089735,
              36.15014123051765
            ],
            [
              10.13411084752538,
              36.14984138463749
            ],
            [
              10.134382216089255,
              36.14954065845639
            ],
            [
              10.134564917243685,
              36.14946438450044
            ],
            [
              10.13484165384164,
              36.149536288775984
            ],
            [
              10.135026503311748,
              36.14960906669291
            ],
            [
              10.135303240814206,
              36.14968096988329
            ],
            [
              10.135576754039988,
              36.149529293622194
            ],
            [
              10.136027588856091,
              36.148928709274244
            ],
            [
              10.136296795812601,
              36.14847892636595
            ],
            [
              10.136385455160164,
              36.14825447233691
            ],
            [
              10.136381152758275,
              36.147956373591164
            ],
            [
              10.136371472379945,
              36.14728563714431
            ],
            [
              10.136368245658261,
              36.14706205831146
            ],
            [
              10.136640671990135,
              36.14683585347694
            ],
            [
              10.137096864871825,
              36.14660789661906
            ],
            [
              10.137910897216896,
              36.145705696723375
            ],
            [
              10.139104281870774,
              36.14561977164927
            ],
            [
              10.139467499428475,
              36.145318157004674
            ],
            [
              10.140003689433348,
              36.1442695359445
            ],
            [
              10.140548500321778,
              36.14381710964468
            ],
            [
              10.141347343111,
              36.14187152018392
            ],
            [
              10.141515976823616,
              36.14082639512158
            ],
            [
              10.1420575135177,
              36.14015038361985
            ],
            [
              10.142327737954663,
              36.1397751138775
            ],
            [
              10.142754678911922,
              36.13753494083262
            ],
            [
              10.141652199118296,
              36.137545494967824
            ],
            [
              10.139535876687438,
              36.13734211641958
            ],
            [
              10.135210330269354,
              36.13686159409451
            ],
            [
              10.133462602493108,
              36.13672913694495
            ],
            [
              10.130701087800944,
              36.13638265601093
            ],
            [
              10.129689423055948,
              36.13631770247445
            ],
            [
              10.1268371234325,
              36.13604652841513
            ],
            [
              10.125548784335482,
              36.13590961583463
            ],
            [
              10.125273168479655,
              36.13591221562646
            ],
            [
              10.120077806898285,
              36.1388680369745
            ],
            [
              10.11407954872359,
              36.13706078076369
            ],
            [
              10.113625448793872,
              36.137437704449454
            ],
            [
              10.11326216572342,
              36.13773924219617
            ],
            [
              10.112989701596659,
              36.137965394805086
            ],
            [
              10.112716183055861,
              36.13811701981717
            ],
            [
              10.112262070512992,
              36.13849393848801
            ],
            [
              10.111085570639053,
              36.139772014587834
            ],
            [
              10.109364053354517,
              36.141502382080006
            ],
            [
              10.108639520553053,
              36.14225448549396
            ],
            [
              10.107914966200306,
              36.143006584744306
            ],
            [
              10.107734349628203,
              36.14323187242432
            ],
            [
              10.107553732032828,
              36.14345715984157
            ],
            [
              10.107646661601638,
              36.14353083381122
            ],
            [
              10.107558972937797,
              36.143829795130806
            ],
            [
              10.107480716687055,
              36.14479948719599
            ],
            [
              10.107309526960082,
              36.1456955176329
            ],
            [
              10.107049592072965,
              36.14681598162028
            ],
            [
              10.10687420289726,
              36.14741390320116
            ],
            [
              10.106609019429117,
              36.14816173101864
            ],
            [
              10.105890681092001,
              36.149360974333646
            ],
            [
              10.10526001813153,
              36.15026126034292
            ],
            [
              10.104539541691285,
              36.15131144183763
            ],
            [
              10.104452878840977,
              36.151684927891154
            ],
            [
              10.104187658927104,
              36.15243275046995
            ],
            [
              10.103922434059022,
              36.15318056613984
            ],
            [
              10.103563221175904,
              36.15378018371098
            ],
            [
              10.103026488196644,
              36.15482866210856
            ],
            [
              10.102937718414209,
              36.15505309305289
            ],
            [
              10.10285522874025,
              36.155724679641175
            ],
            [
              10.102864626655844,
              36.15639542283211
            ],
            [
              10.102971136225014,
              36.157437951264875
            ],
            [
              10.102900132607042,
              36.15892933453789
            ],
            [
              10.10281241022531,
              36.159228292235
            ],
            [
              10.102367525141448,
              36.160275911523435
            ],
            [
              10.102103302194712,
              36.16109825624931
            ],
            [
              10.101381644826105,
              36.162073898657624
            ],
            [
              10.100750831582538,
              36.162974155372396
            ],
            [
              10.10039155156767,
              36.163573763653076
            ],
            [
              10.100032266170786,
              36.164173370890964
            ],
            [
              10.099587317596164,
              36.16522098011864
            ],
            [
              10.099228026612533,
              36.16582058494419
            ],
            [
              10.098869763285492,
              36.16649471579015
            ],
            [
              10.098507331893149,
              36.166870737620734
            ],
            [
              10.099520159687438,
              36.173569666682525
            ],
            [
              10.099906584290846,
              36.174907759788134
            ],
            [
              10.099908668570688,
              36.17505681350665
            ],
            [
              10.099750874356147,
              36.17692168035129
            ],
            [
              10.10069719769679,
              36.17885088372054
            ],
            [
              10.101071149367575,
              36.17929464982476
            ],
            [
              10.101172464300422,
              36.179964541919276
            ],
            [
              10.101182899769679,
              36.18070980952555
            ],
            [
              10.101111845036828,
              36.18220118705683
            ],
            [
              10.101118106439927,
              36.1826483474738
            ],
            [
              10.101144197016025,
              36.18451150919047
            ],
            [
              10.100986426849548,
              36.1863763745166
            ],
            [
              10.100653129530482,
              36.18883914368788
            ],
            [
              10.0997536002509,
              36.190263627397236
            ],
            [
              10.099574939905795,
              36.19063795664035
            ],
            [
              10.099494469083194,
              36.19145859152643
            ],
            [
              10.099410869915381,
              36.19205565262173
            ],
            [
              10.099781751120977,
              36.19227584088897
            ],
            [
              10.10006695337652,
              36.1929440360887
            ],
            [
              10.100257083183878,
              36.19338949916235
            ],
            [
              10.100732436783211,
              36.19450314872293
            ],
            [
              10.101599598501629,
              36.19732750910485
            ],
            [
              10.1016957216587,
              36.197624765640256
            ],
            [
              10.10179393517807,
              36.19807107512115
            ],
            [
              10.102077086437404,
              36.198590204895446
            ],
            [
              10.102268295136586,
              36.19911019035728
            ],
            [
              10.10236442316493,
              36.19940744618717
            ],
            [
              10.102365468566392,
              36.19948197267963
            ],
            [
              10.102184710474337,
              36.19970725241641
            ],
            [
              10.101910958932587,
              36.19985885528377
            ],
            [
              10.101455400374062,
              36.20016120970758
            ],
            [
              10.101090742147205,
              36.20038818672813
            ],
            [
              10.100819073964418,
              36.20068883386963
            ],
            [
              10.100455462886533,
              36.20099033545483
            ],
            [
              10.100272608921887,
              36.201066559357265
            ],
            [
              10.100091833428149,
              36.20129183611214
            ],
            [
              10.099997805688096,
              36.20114363143151
            ],
            [
              10.099630010013195,
              36.20114702450954
            ],
            [
              10.099170265333264,
              36.20115126426814
            ],
            [
              10.098709478556476,
              36.20108097569806
            ],
            [
              10.098159868182094,
              36.201235112098495
            ],
            [
              10.097151549720973,
              36.20146800463075
            ],
            [
              10.096783759973217,
              36.201471388916815
            ],
            [
              10.096048164701497,
              36.201478154242665
            ],
            [
              10.095313607981538,
              36.2015594416918
            ],
            [
              10.094669961094155,
              36.201565353705554
            ],
            [
              10.094119301280823,
              36.20164494506343
            ],
            [
              10.09320395932256,
              36.2019514872771
            ],
            [
              10.092746281711248,
              36.20210475583404
            ],
            [
              10.092102629806762,
              36.20211065411771
            ],
            [
              10.09118726640988,
              36.202417181180195
            ],
            [
              10.090728555284413,
              36.20249591530975
            ],
            [
              10.090362820339518,
              36.202648327201324
            ],
            [
              10.090364888728246,
              36.2027973870206
            ],
            [
              10.090184088306463,
              36.2030226429093
            ],
            [
              10.090097306462752,
              36.20339611754197
            ],
            [
              10.090103510070966,
              36.20384327802122
            ],
            [
              10.089463976740323,
              36.204147269364924
            ],
            [
              10.088642597321853,
              36.20460199054676
            ],
            [
              10.087545354513459,
              36.20505922323118
            ],
            [
              10.08690580107438,
              36.20536319486181
            ],
            [
              10.086359227805787,
              36.20574085828659
            ],
            [
              10.085997589731074,
              36.20619137073239
            ],
            [
              10.08563491773444,
              36.20656735530242
            ],
            [
              10.085004607719119,
              36.207542064750626
            ],
            [
              10.08445801791675,
              36.20791971338048
            ],
            [
              10.084001316250621,
              36.20814747605753
            ],
            [
              10.083362751607954,
              36.20852596241997
            ],
            [
              10.082812030409407,
              36.20860550267522
            ],
            [
              10.082169349754267,
              36.20868587531201
            ],
            [
              10.081528727502407,
              36.208915298234054
            ],
            [
              10.080705201158363,
              36.20922091239504
            ],
            [
              10.080157546276766,
              36.209524021297405
            ],
            [
              10.079430063877275,
              36.21012689485261
            ],
            [
              10.078707687433502,
              36.211102405114886
            ],
            [
              10.078255050063376,
              36.21162825401197
            ],
            [
              10.077983255525382,
              36.211928857209486
            ],
            [
              10.077708391401963,
              36.212005878970764
            ],
            [
              10.077158661495725,
              36.21215992062338
            ],
            [
              10.076610972324092,
              36.21246301372257
            ],
            [
              10.076249247572814,
              36.212913491356254
            ],
            [
              10.075978461831056,
              36.213288617112696
            ],
            [
              10.075801679345725,
              36.21381196619158
            ],
            [
              10.075810866339303,
              36.21448270890086
            ],
            [
              10.075184460829316,
              36.21575546992609
            ],
            [
              10.074643877367404,
              36.21658024314288
            ],
            [
              10.073468669650186,
              36.21808155061991
            ],
            [
              10.073196834827243,
              36.21838214330847
            ],
            [
              10.072832009552483,
              36.21860903633509
            ],
            [
              10.072741057412319,
              36.218684391168665
            ],
            [
              10.072838118354653,
              36.2190561982266
            ],
            [
              10.073211093548364,
              36.21942551459977
            ],
            [
              10.07303326139691,
              36.21987433263937
            ],
            [
              10.072853390862655,
              36.22017409648806
            ],
            [
              10.072490599911502,
              36.22055004242632
            ],
            [
              10.072219770614199,
              36.22092515994794
            ],
            [
              10.071949956147096,
              36.221374803848974
            ],
            [
              10.071770078147429,
              36.22167456612189
            ],
            [
              10.071680138641108,
              36.22182444716002
            ],
            [
              10.071497207576169,
              36.221900621798106
            ],
            [
              10.070761414906325,
              36.22190723490187
            ],
            [
              10.070670457087585,
              36.22198259453463
            ],
            [
              10.070862536468566,
              36.22257715139994
            ],
            [
              10.070495652973854,
              36.22265498361047
            ],
            [
              10.070591692559587,
              36.22295226535823
            ],
            [
              10.070410789867656,
              36.22317749867207
            ],
            [
              10.070506829823268,
              36.22347478045709
            ],
            [
              10.070691797972877,
              36.223547654911364
            ],
            [
              10.070692814250664,
              36.22362218188627
            ],
            [
              10.070417901928229,
              36.223699187556676
            ],
            [
              10.070603886734386,
              36.223846589112554
            ],
            [
              10.070881848777312,
              36.223993163910926
            ],
            [
              10.071066818493174,
              36.22406603775289
            ],
            [
              10.07115981184822,
              36.224139738042545
            ],
            [
              10.071161845339498,
              36.224288791953796
            ],
            [
              10.070888964091946,
              36.22451484632694
            ],
            [
              10.071072918379882,
              36.224513193177394
            ],
            [
              10.071076985103138,
              36.22481130098592
            ],
            [
              10.070987040821699,
              36.224961181507965
            ],
            [
              10.070894046633068,
              36.224887481107544
            ],
            [
              10.070893030117377,
              36.22481295415333
            ],
            [
              10.070800036194159,
              36.22473925367362
            ],
            [
              10.07070907511666,
              36.224814607038006
            ],
            [
              10.070711107802856,
              36.224963660954415
            ],
            [
              10.070897096202536,
              36.225111061964434
            ],
            [
              10.070899129267511,
              36.22526011586426
            ],
            [
              10.071268058204598,
              36.225331336132655
            ],
            [
              10.07145506558848,
              36.22555326316804
            ],
            [
              10.071458116828923,
              36.22577684395893
            ],
            [
              10.071552129788667,
              36.225925070808806
            ],
            [
              10.071736087338987,
              36.22592341658483
            ],
            [
              10.071831118451808,
              36.226146170116564
            ],
            [
              10.071925132567982,
              36.22629439664509
            ],
            [
              10.072109090960701,
              36.22629274183326
            ],
            [
              10.072200044544733,
              36.2262173874867
            ],
            [
              10.072293049338445,
              36.2262910867387
            ],
            [
              10.072389100488587,
              36.226588366677085
            ],
            [
              10.072575095896568,
              36.226735764921685
            ],
            [
              10.073040087383365,
              36.22710425288426
            ],
            [
              10.0738780948644,
              36.2278420647066
            ],
            [
              10.075542940830482,
              36.22849787484927
            ],
            [
              10.075914945362266,
              36.22879266085383
            ],
            [
              10.076839876766837,
              36.2291569865965
            ],
            [
              10.077493982887466,
              36.22989642770908
            ],
            [
              10.07795696931352,
              36.2301158485444
            ],
            [
              10.079353109435477,
              36.23129578043336
            ],
            [
              10.080371096971644,
              36.231733777732856
            ],
            [
              10.081856214844553,
              36.23268926513772
            ],
            [
              10.082416347297782,
              36.23328046592929
            ],
            [
              10.08353048000282,
              36.23401569342266
            ],
            [
              10.084282856246258,
              36.235201423960504
            ],
            [
              10.08520686277799,
              36.23549115628443
            ],
            [
              10.085952060010184,
              36.236155183924694
            ],
            [
              10.086334463719208,
              36.23719520009604
            ],
            [
              10.085985061235181,
              36.23854002962041
            ],
            [
              10.085901318330952,
              36.23913707925875
            ],
            [
              10.0867395833318,
              36.239874782594676
            ],
            [
              10.087399037161402,
              36.240986803239366
            ],
            [
              10.087686388690814,
              36.2418040740468
            ],
            [
              10.087267713075839,
              36.244789312198044
            ],
            [
              10.089931573970535,
              36.244466832234416
            ],
            [
              10.092598524991342,
              36.2443678718299
            ],
            [
              10.103481697737374,
              36.24620550976533
            ]
          ]
        ]
      }
    },
    {
      "type": "Feature",
      "id": "osm:relation:7119809",
      "properties": {
        "id": "osm:relation:7119809",
        "officialCode": "165655",
        "nameAr": "الدغافلة الغربية",
        "nameFr": "Deghafla Ouest",
        "governorateCode": "16",
        "delegationCode": "1656",
        "parentAr": "معتمدية صواف",
        "parentFr": "Délégation Saouaf",
        "expectedOriginalTags": {
          "admin_level": "6",
          "boundary": "administrative",
          "name": "الدغافلة الغربية",
          "name:ar": "الدغافلة الغربية",
          "name:fr": "Deghafla Ouest",
          "ref:tn:codegeo": "165655"
        },
        "originalSourceGeometrySha256": "067785268582265ae81331e104b13d79777896ac3e68cd559fc041b8f127691d",
        "currentName": "الدغافلة الغربية",
        "currentAliasesToPreserve": [
          "Deghafla Ouest"
        ],
        "sourcePdfURL": "https://www.isie.tn/wp-content/uploads/2023/CartesCirconscriptionsElectoralesLocales2023/%D8%B2%D8%BA%D9%88%D8%A7%D9%86/%D8%B5%D9%88%D8%A7%D9%81/%D8%A7%D9%84%D8%AF%D8%BA%D8%A7%D9%81%D9%84%D8%A9%20%D8%A7%D9%84%D8%BA%D8%B1%D8%A8%D9%8A%D8%A9.pdf",
        "sourcePdfSha256": "78fd86b024cdf02124bf402479b094fae12bc0c18542a1b6b6641b5844f66c4f",
        "sourceDrawingIndices": [
          575
        ],
        "sourceVectorLayer": "circonscription_isie2023",
        "sourceCrsEpsg": 32632,
        "sourceGeometrySha256": "d82cee1d477fa1516d54536737e8e53b087f7f5adc22ba9a212925eac64d345a",
        "sourceControlPointMaxResidualMeters": 0.2173107203378829,
        "sourceExtraction": {
          "file": "C:\\Users\\barou\\Documents\\Codex\\2026-09-06\\the-android-app-app-currently-allows\\outputs\\saouaf-five-geopdf-source-data.json",
          "sha256": "f9e895119da10fa5dd704341326ae4098941fc1a0ad0ef874a837fd8c99bf4b7"
        },
        "rawNativePath": {
          "file": "C:\\Users\\barou\\Documents\\Codex\\2026-09-06\\the-android-app-app-currently-allows\\work\\saouaf-five-native-source-review\\deghafla-ouest-raw-native-path.json",
          "sha256": "900230234a01c09e20dbebb3beba5c3193272b72969806ac9659b1a41bee914e"
        },
        "administrativeScope": {
          "conclusion": "whole_imada",
          "decree": {
            "file": "C:\\Users\\barou\\Documents\\Codex\\2026-09-06\\the-android-app-app-currently-allows\\work\\electoral-circle-semantics\\decree2023-590.pdf",
            "sha256": "bfb3fe752b9900eaf873198b009968243f1b0bd2c119836cfd4fbbfc07e1e10f"
          },
          "pdfPage": 46,
          "jortPage": 5143,
          "render": {
            "file": "C:\\Users\\barou\\Documents\\Codex\\2026-09-06\\the-android-app-app-currently-allows\\work\\saouaf-five-native-source-review\\decree-46.png",
            "sha256": "b49447eb54816c2e594eb67ba16a37e867d698944611413c7819d550a35235dc"
          },
          "personallyViewed": true,
          "imadaName": "الدغافلة الغربية",
          "circleName": "الدغافلة الغربية",
          "seatCount": 1,
          "completeDelegationImadaCount": 5
        },
        "currentOfficialIdentity": {
          "governorateCode": "16",
          "governorateFr": "Zaghouan",
          "governorateAr": "زغوان",
          "delegationCode": "1656",
          "delegationFr": "Saouaf",
          "delegationAr": "صواف",
          "sectorCode": "165655",
          "sectorFr": "Deghafla ouest",
          "sectorAr": "الدغافلة الغربية",
          "sourceRows": {
            "Population_Secteur_Age_Sexe_Dynamique.xlsx": 16388,
            "Nombre_de_Logements_par_Secteurs.xlsx": 703,
            "Nombre_de_menages_par_Secteurs.xlsx": 702
          }
        },
        "boundaryManipulation": "None; exact full native ring with no trim, clipping, repair, connector or inferred boundary.",
        "officialRegistryNameAr": "الدغافلة الغربية",
        "officialRegistryNameFr": "Deghafla ouest",
        "sourceId": "isie-local-sectors-2023-saouaf"
      },
      "geometry": {
        "type": "Polygon",
        "coordinates": [
          [
            [
              10.08728437342281,
              36.24474110639974
            ],
            [
              10.087690026851275,
              36.24176881266107
            ],
            [
              10.087410856835781,
              36.24097490305549
            ],
            [
              10.086679822558057,
              36.23982308578822
            ],
            [
              10.085865478456146,
              36.23910645903653
            ],
            [
              10.085946802949584,
              36.238526477677894
            ],
            [
              10.08637557069224,
              36.23721928655841
            ],
            [
              10.08591368644371,
              36.23613741646181
            ],
            [
              10.085189755327042,
              36.2354923600187
            ],
            [
              10.08429210325945,
              36.23521090444931
            ],
            [
              10.083470806220348,
              36.23398748731856
            ],
            [
              10.082477813598693,
              36.233272452898404
            ],
            [
              10.08184428288832,
              36.232698960098986
            ],
            [
              10.080401523935157,
              36.23177077769879
            ],
            [
              10.079322234428075,
              36.23127371385607
            ],
            [
              10.077965902093636,
              36.23012750343523
            ],
            [
              10.077515127427484,
              36.2298419560002
            ],
            [
              10.076880665714613,
              36.22919603922224
            ],
            [
              10.07598112628591,
              36.22876972665234
            ],
            [
              10.075531360191418,
              36.228556567758055
            ],
            [
              10.073913023579921,
              36.22784710451029
            ],
            [
              10.073009550297998,
              36.227131183356875
            ],
            [
              10.072557819831465,
              36.22677322008622
            ],
            [
              10.072376138149153,
              36.22655763784076
            ],
            [
              10.072282821298977,
              36.22626885550697
            ],
            [
              10.072192476536971,
              36.22619726240978
            ],
            [
              10.072104120279556,
              36.226270462063916
            ],
            [
              10.071925411669758,
              36.22627206842214
            ],
            [
              10.071834077173708,
              36.22612808473359
            ],
            [
              10.07174174531717,
              36.225911698440804
            ],
            [
              10.071563045078548,
              36.22591330417618
            ],
            [
              10.071382357838312,
              36.22577011677876
            ],
            [
              10.071468742252494,
              36.225552124646526
            ],
            [
              10.07128706642793,
              36.22533654060638
            ],
            [
              10.070928664080208,
              36.22526735406048
            ],
            [
              10.070837332523714,
              36.22512336340064
            ],
            [
              10.070745012221746,
              36.22490697616901
            ],
            [
              10.07074402313995,
              36.22483457967506
            ],
            [
              10.070832386685515,
              36.22476138094594
            ],
            [
              10.07092371779516,
              36.22490537162533
            ],
            [
              10.071013070576578,
              36.22490456925344
            ],
            [
              10.071101433943399,
              36.22483137032933
            ],
            [
              10.071097476334401,
              36.22454178437827
            ],
            [
              10.070918771598262,
              36.22454338916767
            ],
            [
              10.07091778236946,
              36.22447099267343
            ],
            [
              10.07109351878182,
              36.22425219841278
            ],
            [
              10.071091540026691,
              36.224107405424625
            ],
            [
              10.071090550654416,
              36.2240350089292
            ],
            [
              10.070910857866565,
              36.223964217188524
            ],
            [
              10.070551473246871,
              36.223822632878765
            ],
            [
              10.070460144122112,
              36.223678641857035
            ],
            [
              10.070727209372587,
              36.223603845276386
            ],
            [
              10.070726220354242,
              36.223531448766224
            ],
            [
              10.070457177807889,
              36.22346145230754
            ],
            [
              10.070453222855402,
              36.223171872365306
            ],
            [
              10.07053960719178,
              36.22295388081544
            ],
            [
              10.070446301677567,
              36.22266509669307
            ],
            [
              10.070802713591018,
              36.222589491880974
            ],
            [
              10.07070446284249,
              36.22193872531447
            ],
            [
              10.070793812256202,
              36.221937923162436
            ],
            [
              10.071418268457693,
              36.221859909716486
            ],
            [
              10.071595977303732,
              36.221785907772016
            ],
            [
              10.07177368580996,
              36.22171190556829
            ],
            [
              10.071947426203984,
              36.22134832328443
            ],
            [
              10.072209530514698,
              36.2209115348505
            ],
            [
              10.072472622474141,
              36.220547142365696
            ],
            [
              10.072914406732103,
              36.220181141983886
            ],
            [
              10.073089137151321,
              36.219889948391945
            ],
            [
              10.073172537360948,
              36.21945476550243
            ],
            [
              10.07281019741574,
              36.21909600419942
            ],
            [
              10.072715897865384,
              36.21873482520657
            ],
            [
              10.072803262065909,
              36.218589228572654
            ],
            [
              10.073157670990492,
              36.218368824007385
            ],
            [
              10.073421741585575,
              36.218076826015164
            ],
            [
              10.074652722060977,
              36.21661763259479
            ],
            [
              10.075266201955138,
              36.215743244504154
            ],
            [
              10.075785367909463,
              36.21450767663085
            ],
            [
              10.075775434571344,
              36.21378371158748
            ],
            [
              10.075947160274803,
              36.213275324399774
            ],
            [
              10.076210210023353,
              36.21291092396006
            ],
            [
              10.07664994633784,
              36.21240011732534
            ],
            [
              10.077092660453003,
              36.21210650476167
            ],
            [
              10.07762669876487,
              36.211956870381115
            ],
            [
              10.077983054906207,
              36.21188124498
            ],
            [
              10.07824808162358,
              36.21166163317178
            ],
            [
              10.078686801813493,
              36.211078422812236
            ],
            [
              10.079477877148493,
              36.2101299952991
            ],
            [
              10.080184569923874,
              36.20954436027381
            ],
            [
              10.080716589293115,
              36.209249919534
            ],
            [
              10.081515609234252,
              36.208880650520335
            ],
            [
              10.08213895091489,
              36.20873018646243
            ],
            [
              10.082762290132196,
              36.208579719193935
            ],
            [
              10.083386627019038,
              36.20850164510632
            ],
            [
              10.084006959784082,
              36.20813398226602
            ],
            [
              10.084450623091534,
              36.20791273338515
            ],
            [
              10.085070946158744,
              36.207545065156566
            ],
            [
              10.085683245910914,
              36.206598229082225
            ],
            [
              10.085946213259236,
              36.20623380812078
            ],
            [
              10.08638584912251,
              36.20572296685213
            ],
            [
              10.08691781904598,
              36.20542849918908
            ],
            [
              10.087538111017993,
              36.20506082468621
            ],
            [
              10.088603033903585,
              36.2045442733531
            ],
            [
              10.089490291229062,
              36.204101740768365
            ],
            [
              10.090023244423476,
              36.203879655898625
            ],
            [
              10.09011257273805,
              36.20387883966983
            ],
            [
              10.090105529708062,
              36.20337206565116
            ],
            [
              10.090100499079934,
              36.20301008418219
            ],
            [
              10.090365462053335,
              36.20279045243655
            ],
            [
              10.09036344935535,
              36.20264565985012
            ],
            [
              10.090718743601823,
              36.20249760104163
            ],
            [
              10.091252674427722,
              36.20234790730229
            ],
            [
              10.092053589472718,
              36.2021233620766
            ],
            [
              10.092678873207106,
              36.202117636705346
            ],
            [
              10.093212812657839,
              36.20196793417981
            ],
            [
              10.094102033932502,
              36.20167016060195
            ],
            [
              10.094636977729781,
              36.201592848017704
            ],
            [
              10.095350571360328,
              36.20151389294104
            ],
            [
              10.096065175000131,
              36.20150732980292
            ],
            [
              10.096869103818944,
              36.201499941174
            ],
            [
              10.097137080026913,
              36.20149747709804
            ],
            [
              10.098116603712537,
              36.20127124879555
            ],
            [
              10.098650526465393,
              36.20112152226259
            ],
            [
              10.099186475948635,
              36.20111658557813
            ],
            [
              10.099633100418524,
              36.20111246984164
            ],
            [
              10.099991415084347,
              36.20118157213173
            ],
            [
              10.100081755276094,
              36.2012531445916
            ],
            [
              10.100347699382151,
              36.20110588119766
            ],
            [
              10.100434993114895,
              36.200960265178374
            ],
            [
              10.10087755266547,
              36.20066656055305
            ],
            [
              10.101141460899605,
              36.20037450331758
            ],
            [
              10.101495707433775,
              36.200154023061096
            ],
            [
              10.101848935063288,
              36.199861139597154
            ],
            [
              10.102114871114708,
              36.19971387238048
            ],
            [
              10.10237877157476,
              36.199421812505044
            ],
            [
              10.102285379890237,
              36.19913305361947
            ],
            [
              10.102098598657344,
              36.19855553555301
            ],
            [
              10.101824532556453,
              36.19812364029279
            ],
            [
              10.101638773822868,
              36.197618517393366
            ],
            [
              10.101634707686058,
              36.19732893306012
            ],
            [
              10.10070189258434,
              36.19451373435392
            ],
            [
              10.100240078867614,
              36.19343191104335
            ],
            [
              10.10005434221079,
              36.192926791064714
            ],
            [
              10.099777263656886,
              36.19227769548448
            ],
            [
              10.099416961358322,
              36.192063799345775
            ],
            [
              10.099498161107094,
              36.191483806700454
            ],
            [
              10.099576316680984,
              36.190686631458455
            ],
            [
              10.099748855527801,
              36.19025060790247
            ],
            [
              10.100710985462964,
              36.18879363088615
            ],
            [
              10.100945405073038,
              36.18640208984424
            ],
            [
              10.101097615631698,
              36.18451813941154
            ],
            [
              10.101071212451927,
              36.18263584265261
            ],
            [
              10.101065119824101,
              36.182201471111114
            ],
            [
              10.101222399629203,
              36.180679500911666
            ],
            [
              10.101212244512881,
              36.179955537897044
            ],
            [
              10.10102450514699,
              36.179305625232104
            ],
            [
              10.100749499621177,
              36.17880132241964
            ],
            [
              10.099830136271832,
              36.17692725687624
            ],
            [
              10.099893065922322,
              36.175044127818744
            ],
            [
              10.09998033284804,
              36.1748985119916
            ],
            [
              10.09951459649676,
              36.173527100696084
            ],
            [
              10.098528491874715,
              36.166874865743175
            ],
            [
              10.098880571763484,
              36.16650959529469
            ],
            [
              10.099228595786638,
              36.16585473775177
            ],
            [
              10.09957762757918,
              36.16527227575068
            ],
            [
              10.100008841207428,
              36.164182220380795
            ],
            [
              10.100357860160987,
              36.16359976230887
            ],
            [
              10.100796155562005,
              36.16301647370922
            ],
            [
              10.101407931306639,
              36.16206955333776
            ],
            [
              10.102107956442966,
              36.16104941522154
            ],
            [
              10.102365636006752,
              36.16032297666884
            ],
            [
              10.102886062628237,
              36.159232080478965
            ],
            [
              10.102971259474502,
              36.15894167573338
            ],
            [
              10.102949917310587,
              36.15742134866318
            ],
            [
              10.102846431172486,
              36.15640862179589
            ],
            [
              10.102837286300442,
              36.15575705893293
            ],
            [
              10.102916382937678,
              36.155032268599875
            ],
            [
              10.103002621931406,
              36.154814253864274
            ],
            [
              10.103613277921085,
              36.15379493221748
            ],
            [
              10.103961208795166,
              36.1531400612032
            ],
            [
              10.104218847193861,
              36.15241361846293
            ],
            [
              10.10438721234313,
              36.15168800109418
            ],
            [
              10.104471393818026,
              36.151325192308775
            ],
            [
              10.105259535981993,
              36.15023181990653
            ],
            [
              10.105872180813524,
              36.149357273956454
            ],
            [
              10.106658245497975,
              36.14811908727203
            ],
            [
              10.106915843663229,
              36.14739263884693
            ],
            [
              10.107086213670245,
              36.146811810835565
            ],
            [
              10.10733768491142,
              36.1456509943345
            ],
            [
              10.107503968451647,
              36.14478057937033
            ],
            [
              10.107490709137048,
              36.14383942377565
            ],
            [
              10.107665148154487,
              36.143548181179455
            ],
            [
              10.10748866929702,
              36.1436946305937
            ],
            [
              10.103346308362749,
              36.14749809018952
            ],
            [
              10.084822692632766,
              36.144337192735385
            ],
            [
              10.084468630178169,
              36.14455762845311
            ],
            [
              10.083941064743717,
              36.145141669786085
            ],
            [
              10.082626067867857,
              36.14689133998726
            ],
            [
              10.082363260983424,
              36.14725575423946
            ],
            [
              10.08227898111963,
              36.14761854938912
            ],
            [
              10.082187722789712,
              36.1474745643783
            ],
            [
              10.082008197046209,
              36.14740378561803
            ],
            [
              10.081739407220143,
              36.14733381554707
            ],
            [
              10.081202824850658,
              36.14726627075402
            ],
            [
              10.080753516666327,
              36.14705312098199
            ],
            [
              10.080484729086901,
              36.14698314805114
            ],
            [
              10.080037414023922,
              36.14691478995094
            ],
            [
              10.079140798144072,
              36.14663327421251
            ],
            [
              10.078781756089002,
              36.14649170710214
            ],
            [
              10.078512972075893,
              36.14642172967636
            ],
            [
              10.078066669851752,
              36.14642576125485
            ],
            [
              10.077708623247666,
              36.14635658815034
            ],
            [
              10.077529103930237,
              36.14628580254991
            ],
            [
              10.077349585098402,
              36.146215028946834
            ],
            [
              10.077170066415693,
              36.14614424279553
            ],
            [
              10.076811030002405,
              36.146002669666615
            ],
            [
              10.07645199485863,
              36.14586109543598
            ],
            [
              10.076094943275077,
              36.145864314754064
            ],
            [
              10.0758271545503,
              36.14586672854423
            ],
            [
              10.075469112294657,
              36.145797548660354
            ],
            [
              10.074753029592348,
              36.14565918564646
            ],
            [
              10.074216463854517,
              36.14559160923199
            ],
            [
              10.073411130095279,
              36.145454041306884
            ],
            [
              10.073231616552386,
              36.145383249152886
            ],
            [
              10.072874566756468,
              36.14538645883385
            ],
            [
              10.072605791447929,
              36.145316467982724
            ],
            [
              10.072337016603177,
              36.145246476519425
            ],
            [
              10.072068242222215,
              36.145176484443944
            ],
            [
              10.071888730473601,
              36.145105690242424
            ],
            [
              10.071620943957388,
              36.145108094584536
            ],
            [
              10.071532668708384,
              36.145181293340364
            ],
            [
              10.07153069485169,
              36.14503649845651
            ],
            [
              10.071616995944161,
              36.144818504818055
            ],
            [
              10.071790583878565,
              36.14445491479939
            ],
            [
              10.071878858086281,
              36.14438171586242
            ],
            [
              10.071877870866897,
              36.144309318419474
            ],
            [
              10.071965157537822,
              36.144163721977876
            ],
            [
              10.071695400143696,
              36.144021331536685
            ],
            [
              10.071426630504169,
              36.143951337926886
            ],
            [
              10.071068600525582,
              36.143882144650924
            ],
            [
              10.070800825664273,
              36.143884547021884
            ],
            [
              10.070264274991116,
              36.14381695261669
            ],
            [
              10.07008476792411,
              36.14374615561544
            ],
            [
              10.069994521777092,
              36.14367455826381
            ],
            [
              10.069814029974983,
              36.14353136334568
            ],
            [
              10.069634523952734,
              36.14346056564837
            ],
            [
              10.069455018247899,
              36.143389767675735
            ],
            [
              10.06918428322923,
              36.14317497392004
            ],
            [
              10.068915518583832,
              36.143104974578
            ],
            [
              10.068556510365836,
              36.1429633761444
            ],
            [
              10.068199470989223,
              36.142966571704854
            ],
            [
              10.067933658513759,
              36.143113762781255
            ],
            [
              10.067755138455416,
              36.14311535977179
            ],
            [
              10.067486382771113,
              36.143045357128855
            ],
            [
              10.067398105864909,
              36.14311855288709
            ],
            [
              10.067131308523326,
              36.143193344645766
            ],
            [
              10.066864510661786,
              36.14326813581755
            ],
            [
              10.066596729950907,
              36.14327052882191
            ],
            [
              10.066328949208506,
              36.143272921227705
            ],
            [
              10.065524625450193,
              36.14320769724699
            ],
            [
              10.065255863735157,
              36.143137689638415
            ],
            [
              10.06507636254156,
              36.14306688501961
            ],
            [
              10.064808582358548,
              36.143069274014614
            ],
            [
              10.06445252998504,
              36.14314485597621
            ],
            [
              10.064183769377406,
              36.14307484594104
            ],
            [
              10.063826728986568,
              36.14307802847439
            ],
            [
              10.06346968853983,
              36.14308120994362
            ],
            [
              10.063022408866908,
              36.143012787615795
            ],
            [
              10.062485869938714,
              36.14294515813526
            ],
            [
              10.062127851729336,
              36.14287593790666
            ],
            [
              10.061592299684422,
              36.14288070202462
            ],
            [
              10.061235259872582,
              36.14288387681799
            ],
            [
              10.060968457120367,
              36.14295865493244
            ],
            [
              10.060614347349842,
              36.14317902104483
            ],
            [
              10.06043778005235,
              36.14332540258048
            ],
            [
              10.059994406390063,
              36.143546559848666
            ],
            [
              10.059817837110895,
              36.14369294049423
            ],
            [
              10.059463720786603,
              36.14391330328588
            ],
            [
              10.059464696584776,
              36.14398570102648
            ],
            [
              10.059377386766426,
              36.14413128874233
            ],
            [
              10.059288125337817,
              36.14413208091316
            ],
            [
              10.059199839468357,
              36.14420527076162
            ],
            [
              10.059023267237485,
              36.14435165026882
            ],
            [
              10.058847669602708,
              36.144570427271034
            ],
            [
              10.058494529115576,
              36.14486318495813
            ],
            [
              10.058317954103856,
              36.14500956345576
            ],
            [
              10.05813942919186,
              36.1450111461846
            ],
            [
              10.058140403812276,
              36.14508354394294
            ],
            [
              10.057962853182286,
              36.1451575241715
            ],
            [
              10.056565793052227,
              36.14748689105052
            ],
            [
              10.055430629529273,
              36.149379499894366
            ],
            [
              10.05473397939563,
              36.15068897264948
            ],
            [
              10.053863620086922,
              36.15236199464823
            ],
            [
              10.053426000483272,
              36.15301751504124
            ],
            [
              10.052904921989366,
              36.1541082081129
            ],
            [
              10.052207227582452,
              36.15534526256518
            ],
            [
              10.0516832102154,
              36.15621875713096
            ],
            [
              10.051599748851126,
              36.15665392429464
            ],
            [
              10.051421197159417,
              36.156655497442244
            ],
            [
              10.022613013061338,
              36.15219941481571
            ],
            [
              10.02216665494857,
              36.15220323873228
            ],
            [
              10.022077390885181,
              36.15220400325116
            ],
            [
              10.021808634486487,
              36.15213389809466
            ],
            [
              10.021181851664913,
              36.15199444985876
            ],
            [
              10.020733613544847,
              36.15185347135116
            ],
            [
              10.020196105865987,
              36.15171325430896
            ],
            [
              10.019569329060197,
              36.151573797522595
            ],
            [
              10.019211313730155,
              36.15150446130185
            ],
            [
              10.018672872263979,
              36.151291826473575
            ],
            [
              10.018225580748341,
              36.15122324929527
            ],
            [
              10.017600686255877,
              36.15122857929564
            ],
            [
              10.01715245861314,
              36.15108758719129
            ],
            [
              10.01679443972816,
              36.15101823146036
            ],
            [
              10.016614025517297,
              36.15087495522837
            ],
            [
              10.01625695193922,
              36.15087799644736
            ],
            [
              10.015899870738595,
              36.15088103666635
            ],
            [
              10.015722265960962,
              36.15095495503755
            ],
            [
              10.015632995563763,
              36.15095571479492
            ],
            [
              10.01545351916272,
              36.15088483544316
            ],
            [
              10.015274043079764,
              36.150813955816375
            ],
            [
              10.015094567314888,
              36.1507430759146
            ],
            [
              10.015004361963891,
              36.15067143652068
            ],
            [
              10.014824886759834,
              36.15060055620393
            ],
            [
              10.014738421530746,
              36.150818511342685
            ],
            [
              10.014651020974418,
              36.15096406773485
            ],
            [
              10.014565489676102,
              36.151254421432284
            ],
            [
              10.014389751874033,
              36.15147312294999
            ],
            [
              10.014123807589062,
              36.15162019644889
            ],
            [
              10.013858796621623,
              36.15183968033445
            ],
            [
              10.0135937914302,
              36.15205913903865
            ],
            [
              10.013417115541714,
              36.15220545274913
            ],
            [
              10.013152100478536,
              36.15242492283902
            ],
            [
              10.012796878335937,
              36.152572751326005
            ],
            [
              10.012529061390723,
              36.15257502394345
            ],
            [
              10.011814882723796,
              36.15258108132908
            ],
            [
              10.011280184186514,
              36.15265802028172
            ],
            [
              10.011101639282591,
              36.15265953316834
            ],
            [
              10.010831959089627,
              36.15251700449864
            ],
            [
              10.0103837355636,
              36.15237598700881
            ],
            [
              10.010115919087477,
              36.152378254219066
            ],
            [
              10.009849033076938,
              36.15245291960493
            ],
            [
              10.009672353016342,
              36.15259922787261
            ],
            [
              10.00958493732559,
              36.15274478073609
            ],
            [
              10.009500319467541,
              36.15310752979893
            ],
            [
              10.009502179871824,
              36.153252327344816
            ],
            [
              10.009414766952348,
              36.15339788005287
            ],
            [
              10.009237150236002,
              36.153471788960516
            ],
            [
              10.009148802911218,
              36.153544942737476
            ],
            [
              10.00914973280345,
              36.15361734151344
            ],
            [
              10.009151592597854,
              36.15376213906264
            ],
            [
              10.00924366010229,
              36.1539785803657
            ],
            [
              10.009606334280939,
              36.154409952354634
            ],
            [
              10.009877880080792,
              36.15469728116692
            ],
            [
              10.00988067189546,
              36.154914477401306
            ],
            [
              10.009883463739975,
              36.15513167362763
            ],
            [
              10.009620289683092,
              36.15549592745254
            ],
            [
              10.009444532732422,
              36.155714634168284
            ],
            [
              10.009178561027564,
              36.155861696986044
            ],
            [
              10.00873497285529,
              36.15608266739279
            ],
            [
              10.008558278918466,
              36.15622897412285
            ],
            [
              10.00838065504551,
              36.15630288183931
            ],
            [
              10.008112825050423,
              36.15630514478
            ],
            [
              10.007757579542947,
              36.15645295861691
            ],
            [
              10.007044292713957,
              36.156531386887444
            ],
            [
              10.006776461831453,
              36.15653364685147
            ],
            [
              10.006598839326845,
              36.156607551926164
            ],
            [
              10.00624265840641,
              36.15668296255915
            ],
            [
              10.006153381255022,
              36.15668371535211
            ],
            [
              10.005882768803884,
              36.15646877689426
            ],
            [
              10.005614938038553,
              36.15647103425712
            ],
            [
              10.00507928020352,
              36.156475547154294
            ],
            [
              10.004991851810965,
              36.15662109677352
            ],
            [
              10.004903504573369,
              36.156694247434324
            ],
            [
              10.004815153386822,
              36.156767398063515
            ],
            [
              10.004725872315657,
              36.15676814982559
            ],
            [
              10.004547321518002,
              36.1567696530545
            ],
            [
              10.004458044221792,
              36.15677040458508
            ],
            [
              10.004277638578529,
              36.156627109753146
            ],
            [
              10.004186510572861,
              36.15648306337914
            ],
            [
              10.004096308246808,
              36.156411415781825
            ],
            [
              10.004007031344337,
              36.15641216696979
            ],
            [
              10.003740129418615,
              36.15648681896432
            ],
            [
              10.003651773573942,
              36.156559968782695
            ],
            [
              10.003565274863057,
              36.15677791619897
            ],
            [
              10.003478771901392,
              36.156995863584285
            ],
            [
              10.003479696619879,
              36.157068256308214
            ],
            [
              10.003391339967504,
              36.15714141207804
            ],
            [
              10.003124434891363,
              36.15721605660264
            ],
            [
              10.002857525590048,
              36.15729070670765
            ],
            [
              10.002678969720321,
              36.15729220720114
            ],
            [
              10.002500413837414,
              36.15729370742845
            ],
            [
              10.002054947648015,
              36.15736986185712
            ],
            [
              10.001788040464392,
              36.157444503431826
            ],
            [
              10.000543678952136,
              36.157889383678935
            ],
            [
              9.998436885978107,
              36.160730883535
            ],
            [
              9.99936010355823,
              36.16311256675394
            ],
            [
              10.001991833722858,
              36.166421184951076
            ],
            [
              10.0045067184198,
              36.167558543133666
            ],
            [
              10.006401279005035,
              36.16906311409841
            ],
            [
              10.006861659697536,
              36.17014532080129
            ],
            [
              10.00866516983198,
              36.171505803849804
            ],
            [
              10.009850196701093,
              36.17337834643382
            ],
            [
              10.011475241686464,
              36.17474029593899
            ],
            [
              10.025705244928295,
              36.18388678258713
            ],
            [
              10.025794559968228,
              36.18388601465934
            ],
            [
              10.03034351875925,
              36.183412384005024
            ],
            [
              10.030432825558137,
              36.18341161269083
            ],
            [
              10.042425001728592,
              36.191923719439515
            ],
            [
              10.04171720090146,
              36.192436743893516
            ],
            [
              10.041895834343938,
              36.19243518389675
            ],
            [
              10.041986112500018,
              36.192506801357645
            ],
            [
              10.04207639082047,
              36.19257841874691
            ],
            [
              10.042255986257683,
              36.19264925576018
            ],
            [
              10.042345303206632,
              36.192648475389184
            ],
            [
              10.042523937094241,
              36.19264691444731
            ],
            [
              10.04252586098447,
              36.19279170953482
            ],
            [
              10.042705457301755,
              36.192862545856514
            ],
            [
              10.042885053937509,
              36.19293338190259
            ],
            [
              10.04306850072707,
              36.1932938077772
            ],
            [
              10.040307279714977,
              36.20736462205159
            ],
            [
              10.052671950669469,
              36.249902839115
            ],
            [
              10.055652360427656,
              36.245532186637995
            ],
            [
              10.056178856712348,
              36.244803471611405
            ],
            [
              10.056441124633817,
              36.24436671666287
            ],
            [
              10.056791787625768,
              36.243856772455736
            ],
            [
              10.057054041493544,
              36.243420016270825
            ],
            [
              10.057491137686304,
              36.24269210021618
            ],
            [
              10.057928225735573,
              36.24196417033826
            ],
            [
              10.05810208069214,
              36.24160060136443
            ],
            [
              10.058274955900886,
              36.24116463555302
            ],
            [
              10.058536221997485,
              36.24065547955058
            ],
            [
              10.058713007010239,
              36.240509099476945
            ],
            [
              10.059156924558792,
              36.24028794134414
            ],
            [
              10.059420140470664,
              36.23992357664335
            ],
            [
              10.059770764849025,
              36.239413630114484
            ],
            [
              10.061253749834417,
              36.23672145125035
            ],
            [
              10.061341154665149,
              36.23657586273162
            ],
            [
              10.061518906341835,
              36.23650187522419
            ],
            [
              10.061695676523117,
              36.236355490889466
            ],
            [
              10.061783080135841,
              36.2362099020594
            ],
            [
              10.061957886404395,
              36.23591872421336
            ],
            [
              10.061955923651777,
              36.23577393107677
            ],
            [
              10.062219111810872,
              36.23540956041252
            ],
            [
              10.062216167102603,
              36.23519237684252
            ],
            [
              10.06221322234262,
              36.23497518712808
            ],
            [
              10.06229866020751,
              36.23468480478133
            ],
            [
              10.062559879481952,
              36.23417564023774
            ],
            [
              10.062825023845086,
              36.233956061427726
            ],
            [
              10.06300177835328,
              36.233809675304705
            ],
            [
              10.063266927822745,
              36.23359009547549
            ],
            [
              10.063352352816851,
              36.233299712467286
            ],
            [
              10.06335137024708,
              36.233227315900486
            ],
            [
              10.06326103294995,
              36.233155722206575
            ],
            [
              10.06387181655174,
              36.23206419480266
            ],
            [
              10.076727195367509,
              36.24404044661056
            ],
            [
              10.08728437342281,
              36.24474110639974
            ]
          ]
        ]
      }
    }
  ],
  "sourceId": "isie-local-sectors-2023-saouaf"
}
