{
  "type": "FeatureCollection",
  "scope": "Whole original native source geometries only; not an import manifest. Six sector identity candidates plus two separately retained Borj Cedria map components with no assigned code/source ID. Mraissa is separately held as invalid original closed linework.",
  "features": [
    {
      "type": "Feature",
      "id": "osm:relation:7100693",
      "properties": {
        "key": "soliman",
        "sourceOsmId": "osm:relation:7100693",
        "currentCode": "156154",
        "sourceName": "سليمان",
        "sourcePdf": {
          "file": "C:\\Users\\barou\\Documents\\Codex\\2026-09-06\\the-android-app-app-currently-allows\\work\\soliman-sector-building-context-review\\soliman.pdf",
          "sha256": "912a5163030cbc29a62b1609f1f4a3dd4a579e4dac9e3cd4b35fe94fd46e0e27"
        },
        "sourceDrawingIndices": [
          410
        ],
        "sourceFacts": {
          "file": "C:\\Users\\barou\\Documents\\Codex\\2026-09-06\\the-android-app-app-currently-allows\\work\\soliman-sector-building-context-review\\source-geography-facts.json",
          "sha256": "df697da61dfa7af2f5576c58e2e88538df0197cebc59f049bc61045f1d796f78"
        },
        "binding": "Existing sector identity aligned with official registry; geometry not imported."
      },
      "geometry": {
        "type": "Polygon",
        "coordinates": [
          [
            [
              10.475677238220724,
              36.71915138835297
            ],
            [
              10.476239916714746,
              36.718427024594114
            ],
            [
              10.477111330539024,
              36.71740343336878
            ],
            [
              10.477930319990778,
              36.71638048182476
            ],
            [
              10.478646098814355,
              36.71544320831421
            ],
            [
              10.47931109099243,
              36.71459096095546
            ],
            [
              10.480130022169016,
              36.713567995126745
            ],
            [
              10.480641031783934,
              36.71288645214754
            ],
            [
              10.48150989005784,
              36.71173625987585
            ],
            [
              10.482174819429673,
              36.71088399385109
            ],
            [
              10.482788953770132,
              36.71011675972374
            ],
            [
              10.483299104792138,
              36.709393015800075
            ],
            [
              10.483861642377555,
              36.708668614480885
            ],
            [
              10.484270236532835,
              36.708114930865584
            ],
            [
              10.484677197652623,
              36.707476862008654
            ],
            [
              10.485082524584433,
              36.70675441150579
            ],
            [
              10.485641761629362,
              36.705861245281916
            ],
            [
              10.485843196277377,
              36.70543673698115
            ],
            [
              10.486199366177337,
              36.704883696158014
            ],
            [
              10.48645481736967,
              36.70454291087704
            ],
            [
              10.486809349677147,
              36.70390549159709
            ],
            [
              10.486960824757785,
              36.70360820140923
            ],
            [
              10.487367740830765,
              36.7029701239211
            ],
            [
              10.487673942482663,
              36.70254430621227
            ],
            [
              10.487723073834047,
              36.70237489224231
            ],
            [
              10.487826226864764,
              36.70228920514292
            ],
            [
              10.487980955981644,
              36.70216067433362
            ],
            [
              10.488291228074946,
              36.70194580228122
            ],
            [
              10.488549107209769,
              36.70173158319441
            ],
            [
              10.488961701965499,
              36.70138883165581
            ],
            [
              10.489117243292515,
              36.701302493142485
            ],
            [
              10.489271152361372,
              36.70113177059779
            ],
            [
              10.489475003368648,
              36.70083382336582
            ],
            [
              10.489781185067196,
              36.70040799696534
            ],
            [
              10.490034973440082,
              36.699982824194215
            ],
            [
              10.490337066601008,
              36.69934604941106
            ],
            [
              10.490387823215785,
              36.699261014675294
            ],
            [
              10.490741483164506,
              36.69858139071841
            ],
            [
              10.490841361116454,
              36.69832694424129
            ],
            [
              10.49109105305708,
              36.69769081876085
            ],
            [
              10.49124168320553,
              36.69735133335302
            ],
            [
              10.491292437574844,
              36.6972662982561
            ],
            [
              10.491343191834824,
              36.6971812631389
            ],
            [
              10.491390678239036,
              36.696927471104935
            ],
            [
              10.491440615204628,
              36.6968002458301
            ],
            [
              10.49143979823144,
              36.696758055711236
            ],
            [
              10.491491369010564,
              36.69671521065389
            ],
            [
              10.491542939732481,
              36.69667236557521
            ],
            [
              10.491595327451101,
              36.69667171059196
            ],
            [
              10.491540488661656,
              36.69654579522086
            ],
            [
              10.491538037606114,
              36.696419224863675
            ],
            [
              10.491537220590995,
              36.696377034743975
            ],
            [
              10.491585522916228,
              36.69616542916958
            ],
            [
              10.491582254792286,
              36.695996668685375
            ],
            [
              10.49163300801177,
              36.6959116370292
            ],
            [
              10.491734513984268,
              36.69574156650388
            ],
            [
              10.491784449678956,
              36.69561434109045
            ],
            [
              10.491834385215608,
              36.69548711565716
            ],
            [
              10.491885137768815,
              36.69540208032426
            ],
            [
              10.491882686250129,
              36.69527550996259
            ],
            [
              10.49188105191283,
              36.69519112971993
            ],
            [
              10.491880234746732,
              36.69514893959812
            ],
            [
              10.491879417582329,
              36.69510674947599
            ],
            [
              10.491878600419627,
              36.69506455935354
            ],
            [
              10.49192853547564,
              36.694937333880944
            ],
            [
              10.491926901108313,
              36.69485295363523
            ],
            [
              10.491976018754656,
              36.69468353801961
            ],
            [
              10.49202513626692,
              36.69451412595999
            ],
            [
              10.492075070685544,
              36.69438689685201
            ],
            [
              10.492174939256522,
              36.69413244930464
            ],
            [
              10.492276441815767,
              36.693962378347955
            ],
            [
              10.492325558191384,
              36.693792962593776
            ],
            [
              10.492373848090955,
              36.69358135680721
            ],
            [
              10.492419703363469,
              36.69324318397965
            ],
            [
              10.492467992712307,
              36.69303157814961
            ],
            [
              10.492466357868622,
              36.692947197897595
            ],
            [
              10.492516290699303,
              36.69281997218758
            ],
            [
              10.49256295351697,
              36.69252398595035
            ],
            [
              10.49256050114356,
              36.69239741556653
            ],
            [
              10.492558048785442,
              36.692270845179884
            ],
            [
              10.492443470770699,
              36.69176587423702
            ],
            [
              10.4924402013633,
              36.69159711726993
            ],
            [
              10.492437749273632,
              36.69147054685927
            ],
            [
              10.492432027790537,
              36.691175215890055
            ],
            [
              10.492522900138104,
              36.69045667647805
            ],
            [
              10.492569561818373,
              36.69016069015745
            ],
            [
              10.49261377095597,
              36.68973813337501
            ],
            [
              10.492708727503313,
              36.68923054090115
            ],
            [
              10.492752935591902,
              36.688807987608506
            ],
            [
              10.492848707781448,
              36.68834258514533
            ],
            [
              10.492940391348135,
              36.687666235402574
            ],
            [
              10.49293385122401,
              36.687328714154965
            ],
            [
              10.492974787215331,
              36.68673739648463
            ],
            [
              10.493010000220094,
              36.685850751177675
            ],
            [
              10.492996102925654,
              36.68513352188206
            ],
            [
              10.49303622038184,
              36.6845000138413
            ],
            [
              10.493031315528574,
              36.68424687278366
            ],
            [
              10.49297239679149,
              36.68391000677305
            ],
            [
              10.492956048635309,
              36.683066206671135
            ],
            [
              10.49298880950117,
              36.6820529902941
            ],
            [
              10.493015848354881,
              36.68074443877564
            ],
            [
              10.493011761655355,
              36.68053349133582
            ],
            [
              10.492951211860984,
              36.68011224820636
            ],
            [
              10.492835834884463,
              36.679565086078746
            ],
            [
              10.49282847993104,
              36.67918537413796
            ],
            [
              10.492822759506835,
              36.678890042610796
            ],
            [
              10.49281540479802,
              36.678510330624604
            ],
            [
              10.492856339453187,
              36.67791901580866
            ],
            [
              10.492898907957121,
              36.67741207781718
            ],
            [
              10.492943110497555,
              36.676989523818946
            ],
            [
              10.492809762690548,
              36.675514179594146
            ],
            [
              10.492724708311473,
              36.67382722833271
            ],
            [
              10.49264537718657,
              36.67243560477477
            ],
            [
              10.492566866758711,
              36.6710861782161
            ],
            [
              10.492437623895155,
              36.66982178679489
            ],
            [
              10.492313285533363,
              36.66881052953485
            ],
            [
              10.492189767408203,
              36.66784146221489
            ],
            [
              10.492184868294348,
              36.66758832034983
            ],
            [
              10.491989275381135,
              36.66830817472884
            ],
            [
              10.491733963314315,
              36.66864897062973
            ],
            [
              10.490490988247535,
              36.66938191064404
            ],
            [
              10.487327399601648,
              36.67102499489931
            ],
            [
              10.486857693089826,
              36.67111524928431
            ],
            [
              10.485655610281057,
              36.67125682242081
            ],
            [
              10.484615518758549,
              36.67164957147117
            ],
            [
              10.483742265508424,
              36.67254663651266
            ],
            [
              10.481227951736573,
              36.67527870322574
            ],
            [
              10.4797712138591,
              36.67580317959138
            ],
            [
              10.478522334079809,
              36.67624066552459
            ],
            [
              10.477640870076046,
              36.676715789867536
            ],
            [
              10.476188128770707,
              36.67745117600277
            ],
            [
              10.47312945711999,
              36.67913479324585
            ],
            [
              10.471942530513624,
              36.68007785257817
            ],
            [
              10.469366326312995,
              36.68234622592588
            ],
            [
              10.467666762599798,
              36.68388635530062
            ],
            [
              10.465706841988343,
              36.685514067415646
            ],
            [
              10.462922346861994,
              36.68786926252284
            ],
            [
              10.459846175656464,
              36.68866654899119
            ],
            [
              10.458701741351328,
              36.68910254768545
            ],
            [
              10.458130315542688,
              36.689362732046334
            ],
            [
              10.457715238757848,
              36.6895788066587
            ],
            [
              10.457143810501412,
              36.68983898993669
            ],
            [
              10.456986658809523,
              36.68984090903526
            ],
            [
              10.456619173726162,
              36.689803195295276
            ],
            [
              10.456147718714352,
              36.68980894988696
            ],
            [
              10.454731763892408,
              36.68974182068006
            ],
            [
              10.453680109629532,
              36.689543635014395
            ],
            [
              10.45278560701383,
              36.6893435266606
            ],
            [
              10.451731577530575,
              36.689018754350414
            ],
            [
              10.450571991188172,
              36.68865305171794
            ],
            [
              10.449204475214394,
              36.68837426806133
            ],
            [
              10.445942476065513,
              36.68765423051939
            ],
            [
              10.443943239461358,
              36.687214233312694
            ],
            [
              10.442471795846142,
              36.68697882640394
            ],
            [
              10.442054316846185,
              36.68706827380868
            ],
            [
              10.441585248292895,
              36.68720054370652
            ],
            [
              10.440289883735963,
              36.687975798494016
            ],
            [
              10.439662864217425,
              36.6880677666585
            ],
            [
              10.439297763394327,
              36.68815657249489
            ],
            [
              10.438562823232889,
              36.68808103389179
            ],
            [
              10.438142970518774,
              36.68804389423632
            ],
            [
              10.437881059354126,
              36.68804705063709
            ],
            [
              10.43761914370716,
              36.688050206515506
            ],
            [
              10.43600628036646,
              36.68866043721161
            ],
            [
              10.435434777614393,
              36.688920514232535
            ],
            [
              10.4352815566027,
              36.689133360809414
            ],
            [
              10.435083024407001,
              36.68972655833816
            ],
            [
              10.434843892521767,
              36.69095325036916
            ],
            [
              10.4346024007699,
              36.692053368112326
            ],
            [
              10.434371112172222,
              36.69370197122918
            ],
            [
              10.434178847215508,
              36.69463269335745
            ],
            [
              10.43413352994426,
              36.69501304397568
            ],
            [
              10.434192988610599,
              36.695392131595526
            ],
            [
              10.434088997817193,
              36.6954355821975
            ],
            [
              10.43377623929278,
              36.695523742255986
            ],
            [
              10.431633812238825,
              36.69584487263982
            ],
            [
              10.42824186253632,
              36.69660293512681
            ],
            [
              10.427980698989765,
              36.69664825816667
            ],
            [
              10.42521500970955,
              36.69727213597468
            ],
            [
              10.422813661868876,
              36.69776500358498
            ],
            [
              10.419943103716331,
              36.698390006452094
            ],
            [
              10.419734321552585,
              36.698434691663955
            ],
            [
              10.418376053450103,
              36.698661849662685
            ],
            [
              10.41780208744743,
              36.698795273575506
            ],
            [
              10.416966164460085,
              36.69893180599871
            ],
            [
              10.414980737022551,
              36.69925077328312
            ],
            [
              10.41231652596016,
              36.69970434284938
            ],
            [
              10.412107733185909,
              36.69974901486985
            ],
            [
              10.409548270111044,
              36.70020128654769
            ],
            [
              10.407615941213582,
              36.70056170491825
            ],
            [
              10.407355521936019,
              36.70064917845378
            ],
            [
              10.407250737193365,
              36.70065041437929
            ],
            [
              10.406937153832972,
              36.70069631327371
            ],
            [
              10.406675962521783,
              36.70074159367295
            ],
            [
              10.406101959014439,
              36.700874958300965
            ],
            [
              10.405265990211987,
              36.701011409421625
            ],
            [
              10.40484762092087,
              36.70105854051243
            ],
            [
              10.404742834399196,
              36.70105977425552
            ],
            [
              10.404640357904869,
              36.70118757944587
            ],
            [
              10.404642666907659,
              36.701314154571755
            ],
            [
              10.404697370002525,
              36.70144011286587
            ],
            [
              10.40469813970674,
              36.701482304571975
            ],
            [
              10.404751301324703,
              36.70152387945003
            ],
            [
              10.404753610537599,
              36.70165045456272
            ],
            [
              10.404807543185091,
              36.70173422110099
            ],
            [
              10.404861477062452,
              36.70181798759813
            ],
            [
              10.404916948512087,
              36.701986137490785
            ],
            [
              10.405024044867774,
              36.70211147866906
            ],
            [
              10.405077978143483,
              36.702195245065354
            ],
            [
              10.405292171212082,
              36.70244592700671
            ],
            [
              10.405665858934272,
              36.702821328263276
            ],
            [
              10.405824580180091,
              36.7029038597037
            ],
            [
              10.405931678195376,
              36.70302920000089
            ],
            [
              10.406091942285638,
              36.70319611439337
            ],
            [
              10.406412470339351,
              36.70352994249904
            ],
            [
              10.40657273652404,
              36.70369685618602
            ],
            [
              10.407054310270903,
              36.70423978390354
            ],
            [
              10.407161413283669,
              36.7043651229714
            ],
            [
              10.407428786709996,
              36.70465737435872
            ],
            [
              10.407534348228356,
              36.70469832979294
            ],
            [
              10.407898797136436,
              36.70456742751831
            ],
            [
              10.408368808630588,
              36.704477478817495
            ],
            [
              10.408999089918067,
              36.70455443855459
            ],
            [
              10.409368944143703,
              36.70471887302762
            ],
            [
              10.40947373209247,
              36.70471763514677
            ],
            [
              10.409738797698152,
              36.70488330633933
            ],
            [
              10.410164141426764,
              36.70521588191199
            ],
            [
              10.410271248584971,
              36.70534121805035
            ],
            [
              10.410432299789697,
              36.70555031780548
            ],
            [
              10.410593351878871,
              36.70575941731685
            ],
            [
              10.41081298609809,
              36.70630542593368
            ],
            [
              10.41081994480534,
              36.70668514996678
            ],
            [
              10.410823810810069,
              36.706896107751966
            ],
            [
              10.410775280179251,
              36.70710768512473
            ],
            [
              10.410725202976405,
              36.70723487936546
            ],
            [
              10.410622728762377,
              36.70736269311796
            ],
            [
              10.410520254212893,
              36.707490506786826
            ],
            [
              10.410417006259951,
              36.7075761252372
            ],
            [
              10.410313758143541,
              36.70766174717789
            ],
            [
              10.410366930404228,
              36.707703319310326
            ],
            [
              10.410740666443692,
              36.70807870683939
            ],
            [
              10.411062010779387,
              36.70845471280865
            ],
            [
              10.41122229517663,
              36.70862161969204
            ],
            [
              10.411757878517342,
              36.70924828981155
            ],
            [
              10.412402136297919,
              36.71008467777054
            ],
            [
              10.412617150871693,
              36.710377536714084
            ],
            [
              10.412830616000173,
              36.710586008683926
            ],
            [
              10.41304563585675,
              36.710878866738206
            ],
            [
              10.413151208814481,
              36.71091981690221
            ],
            [
              10.413940294671072,
              36.71107926994557
            ],
            [
              10.414203064107415,
              36.7111183559768
            ],
            [
              10.414834955707123,
              36.71127966634676
            ],
            [
              10.415414452557757,
              36.711441594974
            ],
            [
              10.415941549925865,
              36.71160414268341
            ],
            [
              10.416575003997758,
              36.71184982287598
            ],
            [
              10.416475639522686,
              36.712146407159175
            ],
            [
              10.416326979630083,
              36.712612379139934
            ],
            [
              10.416175212816347,
              36.71290958527682
            ],
            [
              10.416178317962684,
              36.71307834736198
            ],
            [
              10.41612746991203,
              36.71316335222952
            ],
            [
              10.416184528464413,
              36.7134158786695
            ],
            [
              10.416186857429187,
              36.71354245290465
            ],
            [
              10.41624003470514,
              36.71358402224437
            ],
            [
              10.41624081106021,
              36.71362621365418
            ],
            [
              10.416623925846284,
              36.714507874319764
            ],
            [
              10.416679431681292,
              36.71467601764863
            ],
            [
              10.416179484219702,
              36.71599016917925
            ],
            [
              10.416130187087354,
              36.7161595568361
            ],
            [
              10.416027710616008,
              36.71628737511908
            ],
            [
              10.417133605102531,
              36.71656964707502
            ],
            [
              10.417552828713069,
              36.71656466618093
            ],
            [
              10.417920424423558,
              36.71660249807235
            ],
            [
              10.418130813733212,
              36.71664219777622
            ],
            [
              10.418605549247781,
              36.7168053556105
            ],
            [
              10.41902632974473,
              36.71688474860086
            ],
            [
              10.419500290310879,
              36.717005711457105
            ],
            [
              10.419921851256566,
              36.71712729613124
            ],
            [
              10.420290229247458,
              36.71720731192818
            ],
            [
              10.420343413488212,
              36.717248879280845
            ],
            [
              10.420396593343028,
              36.71729044666109
            ],
            [
              10.420501400086351,
              36.71728919868214
            ],
            [
              10.420606985670377,
              36.717330141914545
            ],
            [
              10.42076419584948,
              36.71732826963191
            ],
            [
              10.420922182813056,
              36.71736858846575
            ],
            [
              10.420974588448269,
              36.71736796422883
            ],
            [
              10.421026991860252,
              36.7173673399953
            ],
            [
              10.421131798679376,
              36.717366091459056
            ],
            [
              10.421184199864902,
              36.71736546718282
            ],
            [
              10.421289006674332,
              36.717364218508216
            ],
            [
              10.421342189327975,
              36.71740578542594
            ],
            [
              10.421395372038901,
              36.71744735231836
            ],
            [
              10.421447775495242,
              36.71744672789845
            ],
            [
              10.421500178949966,
              36.71744610345545
            ],
            [
              10.421604985854568,
              36.7174448545003
            ],
            [
              10.421658168730874,
              36.71748642127137
            ],
            [
              10.421710572207772,
              36.71748579673518
            ],
            [
              10.421763755168385,
              36.717527363456945
            ],
            [
              10.421869341715613,
              36.717568305546145
            ],
            [
              10.42197414654781,
              36.7175670562889
            ],
            [
              10.422078955816778,
              36.717565806886434
            ],
            [
              10.422341750988851,
              36.71760487433929
            ],
            [
              10.422499741500566,
              36.71764519102026
            ],
            [
              10.42265773217119,
              36.71768550748764
            ],
            [
              10.422763317164309,
              36.71772644879409
            ],
            [
              10.422868126613894,
              36.71772519869215
            ],
            [
              10.422973713989158,
              36.717766139781574
            ],
            [
              10.423026115404497,
              36.71776551468867
            ],
            [
              10.423131702914876,
              36.71780645563464
            ],
            [
              10.423289694221118,
              36.71784677124759
            ],
            [
              10.423447685686266,
              36.71788708664696
            ],
            [
              10.42371126533575,
              36.71796834225186
            ],
            [
              10.423869257253813,
              36.71800865708053
            ],
            [
              10.424132835514516,
              36.71808991175796
            ],
            [
              10.424291608771485,
              36.718172417245945
            ],
            [
              10.424449601322697,
              36.71821272771099
            ],
            [
              10.424554409134451,
              36.718211476136666
            ],
            [
              10.424659998095667,
              36.718252419268936
            ],
            [
              10.424764803730117,
              36.71825116753474
            ],
            [
              10.424817209877366,
              36.71825054159326
            ],
            [
              10.424870392719429,
              36.71829210332416
            ],
            [
              10.424922796670439,
              36.718291477362136
            ],
            [
              10.424975981884655,
              36.718333042593336
            ],
            [
              10.425081571159593,
              36.71837398176611
            ],
            [
              10.425187160544235,
              36.71841492084248
            ],
            [
              10.425292750038588,
              36.71845585982248
            ],
            [
              10.425449962191573,
              36.718453981302225
            ],
            [
              10.425554770285464,
              36.7184527288401
            ],
            [
              10.425607174329977,
              36.71845210257444
            ],
            [
              10.425817572221401,
              36.71849178848086
            ],
            [
              10.425923162138366,
              36.718532726891404
            ],
            [
              10.426081156280887,
              36.71857303872947
            ],
            [
              10.42618674644266,
              36.718613976900144
            ],
            [
              10.42639714059928,
              36.718653661817854
            ],
            [
              10.426554353079766,
              36.71865178183037
            ],
            [
              10.426711565545656,
              36.71864990163534
            ],
            [
              10.426816373848139,
              36.71864864805668
            ],
            [
              10.42686956030747,
              36.71869021241167
            ],
            [
              10.426921964483299,
              36.71868958556372
            ],
            [
              10.42702677283009,
              36.718688331798646
            ],
            [
              10.427183985338107,
              36.71868645097808
            ],
            [
              10.427393601992755,
              36.71868394289448
            ],
            [
              10.427604001334565,
              36.71872362560704
            ],
            [
              10.427761996675638,
              36.71876393518453
            ],
            [
              10.427814396437872,
              36.71876330799582
            ],
            [
              10.427919992175578,
              36.7188042445484
            ],
            [
              10.428077200415313,
              36.71880236259626
            ],
            [
              10.428182791895606,
              36.71884329896438
            ],
            [
              10.428444813128491,
              36.71884016159219
            ],
            [
              10.428655213378029,
              36.718879842424016
            ],
            [
              10.428760021904106,
              36.71887858712729
            ],
            [
              10.42881242616471,
              36.71887795944434
            ],
            [
              10.428918018118337,
              36.71891889514882
            ],
            [
              10.42897120587027,
              36.71896045853402
            ],
            [
              10.429076798017899,
              36.71900139409275
            ],
            [
              10.42923401102337,
              36.71899951055096
            ],
            [
              10.429444412069843,
              36.71903918996804
            ],
            [
              10.429706429380532,
              36.719036049857706
            ],
            [
              10.429812022001467,
              36.719076984752796
            ],
            [
              10.42991683074247,
              36.719075728431754
            ],
            [
              10.43002242352388,
              36.71911666313626
            ],
            [
              10.430128016414985,
              36.71915759774438
            ],
            [
              10.430388469996517,
              36.719070073845586
            ],
            [
              10.434702918108703,
              36.719946667402944
            ],
            [
              10.435334132689807,
              36.72006567519478
            ],
            [
              10.437122986135988,
              36.720423940901306
            ],
            [
              10.439333465375586,
              36.72090369046636
            ],
            [
              10.440280706321769,
              36.72110325894633
            ],
            [
              10.440545103424153,
              36.721226667502584
            ],
            [
              10.441443901730976,
              36.72163781386477
            ],
            [
              10.441400189632867,
              36.722102543334636
            ],
            [
              10.443047722164403,
              36.723306435193194
            ],
            [
              10.444999451189354,
              36.72395800982054
            ],
            [
              10.448944289764647,
              36.724669757436544
            ],
            [
              10.45120656555899,
              36.72510645807997
            ],
            [
              10.453468072992601,
              36.72550092442304
            ],
            [
              10.4564141060311,
              36.72605579216984
            ],
            [
              10.459362575482796,
              36.72673715043581
            ],
            [
              10.460152707999136,
              36.72693848148426
            ],
            [
              10.461154889356973,
              36.727263810535575
            ],
            [
              10.461787808044884,
              36.72746705650963
            ],
            [
              10.462107872452279,
              36.727758535320945
            ],
            [
              10.462110277999013,
              36.727885106692526
            ],
            [
              10.461955458911016,
              36.7280136053762
            ],
            [
              10.46206588669974,
              36.728307653730376
            ],
            [
              10.46243676616283,
              36.728514108075316
            ],
            [
              10.462650417101894,
              36.72872248953242
            ],
            [
              10.462706838287415,
              36.728932798976444
            ],
            [
              10.462971296865845,
              36.729056156153554
            ],
            [
              10.463655842524492,
              36.72921655122492
            ],
            [
              10.464711272711508,
              36.729583396520844
            ],
            [
              10.466401282408881,
              36.73023783340976
            ],
            [
              10.46676494226332,
              36.73006456054394
            ],
            [
              10.467635805652383,
              36.728998848154816
            ],
            [
              10.46901864667305,
              36.7272938135733
            ],
            [
              10.469940244484023,
              36.72614305905527
            ],
            [
              10.470760226112473,
              36.725162344446
            ],
            [
              10.471477785089188,
              36.72430948867784
            ],
            [
              10.47209133177405,
              36.72350011626133
            ],
            [
              10.472654882335705,
              36.72281795880578
            ],
            [
              10.473424005378268,
              36.721922254476254
            ],
            [
              10.474089917882301,
              36.72111222494003
            ],
            [
              10.474755816491882,
              36.72030218830662
            ],
            [
              10.475677238220724,
              36.71915138835297
            ]
          ]
        ]
      }
    },
    {
      "type": "Feature",
      "id": "osm:relation:7100694",
      "properties": {
        "key": "soliman-sud",
        "sourceOsmId": "osm:relation:7100694",
        "currentCode": "156155",
        "sourceName": "سليمان الجنوبية",
        "sourceParentName": "سليمان",
        "sourcePdf": {
          "file": "C:\\Users\\barou\\Documents\\Codex\\2026-09-06\\the-android-app-app-currently-allows\\work\\soliman-adjacent-native-source-review\\soliman-sud.pdf",
          "sha256": "ce5884a3f7ebbadbfa5383b0b433e28e554760cd8531dc286354cf6405f3f3c0"
        },
        "sourceRetrieval": {
          "file": "C:\\Users\\barou\\Documents\\Codex\\2026-09-06\\the-android-app-app-currently-allows\\work\\soliman-adjacent-native-source-review\\soliman-sud-retrieval.json",
          "sha256": "3bebd7a655e89ad540458f6feb282c28c607d09948afbb3537c30fc9f192ab8a"
        },
        "sourceDrawingIndices": [
          422
        ],
        "sourceExtraction": {
          "file": "C:\\Users\\barou\\Documents\\Codex\\2026-09-06\\the-android-app-app-currently-allows\\work\\soliman-adjacent-native-source-review\\native-neighbor-source-records.json",
          "sha256": "3e6e9ad53e3723fdb29870b7a118e298dce3f93e8d02dd95788791725f031ac5"
        },
        "sourceSplitReconstruction": null,
        "officialRegistryRow": {
          "governorateCode": "15",
          "governorateFr": "Nabeul",
          "governorateAr": "نابل",
          "delegationCode": "1561",
          "delegationFr": "Soliman",
          "delegationAr": "سليمان",
          "sectorCode": "156155",
          "sectorFr": "Soliman sud",
          "sectorAr": "سليمان الجنوبية",
          "sourceRows": {
            "Population_Secteur_Age_Sexe_Dynamique.xlsx": 13533,
            "Nombre_de_Logements_par_Secteurs.xlsx": 546,
            "Nombre_de_menages_par_Secteurs.xlsx": 545
          }
        },
        "binding": "Named own map aligned with the current registry row; whole boundary remains unaccepted."
      },
      "geometry": {
        "type": "Polygon",
        "coordinates": [
          [
            [
              10.529487800145086,
              36.75005433262984
            ],
            [
              10.529928141539077,
              36.74999793199662
            ],
            [
              10.530180342812361,
              36.74999469716558
            ],
            [
              10.53176571177059,
              36.75043113554802
            ],
            [
              10.532464333022865,
              36.750675932124224
            ],
            [
              10.53335413838532,
              36.75101976634457
            ],
            [
              10.534177847472547,
              36.7512121908541
            ],
            [
              10.534430052218685,
              36.75120894692468
            ],
            [
              10.534807344785253,
              36.751153339200634
            ],
            [
              10.535246673242286,
              36.75104618661139
            ],
            [
              10.535935158300525,
              36.750783554307304
            ],
            [
              10.536495506314626,
              36.750421060858116
            ],
            [
              10.536556525590724,
              36.75031876712611
            ],
            [
              10.536614497820675,
              36.75006425098315
            ],
            [
              10.536610435339108,
              36.74986128780113
            ],
            [
              10.536604341692891,
              36.7495568430144
            ],
            [
              10.53647214909987,
              36.74925402246639
            ],
            [
              10.536017604851459,
              36.74860007566925
            ],
            [
              10.535120714483241,
              36.74790106633486
            ],
            [
              10.5344709616381,
              36.746945110301745
            ],
            [
              10.533943264041177,
              36.745784556696414
            ],
            [
              10.533874135321113,
              36.74548092198249
            ],
            [
              10.533870080731214,
              36.745277958382594
            ],
            [
              10.533802980086671,
              36.745075809694065
            ],
            [
              10.533735879726018,
              36.74487365665207
            ],
            [
              10.533669793224021,
              36.74472224446805
            ],
            [
              10.533602693551359,
              36.74452009132404
            ],
            [
              10.533338351507272,
              36.743914441925945
            ],
            [
              10.533332272185291,
              36.74361000066732
            ],
            [
              10.533454308955026,
              36.743405416248706
            ],
            [
              10.533512287105026,
              36.74315090121485
            ],
            [
              10.533568238191164,
              36.74279490429343
            ],
            [
              10.533691286538605,
              36.742641060578066
            ],
            [
              10.533877378464512,
              36.742486406167934
            ],
            [
              10.534190571244933,
              36.742380870956744
            ],
            [
              10.534692894744706,
              36.742272902030045
            ],
            [
              10.535322318766,
              36.74221404927121
            ],
            [
              10.535572464634537,
              36.74210932182196
            ],
            [
              10.536009710857378,
              36.741900681415224
            ],
            [
              10.536195796264472,
              36.741746023509215
            ],
            [
              10.536442893781627,
              36.7414890716643
            ],
            [
              10.53712823267392,
              36.74107421167197
            ],
            [
              10.537505473615031,
              36.7410185964975
            ],
            [
              10.537755612528427,
              36.74091386459632
            ],
            [
              10.538005750748022,
              36.74080913218318
            ],
            [
              10.538319947151761,
              36.740754327197514
            ],
            [
              10.538824287184703,
              36.74074782282982
            ],
            [
              10.53907645714041,
              36.74074456984484
            ],
            [
              10.53945166064092,
              36.74058747124535
            ],
            [
              10.539638753044489,
              36.74048354466041
            ],
            [
              10.539952946898413,
              36.74042873971736
            ],
            [
              10.54052032659224,
              36.74042141442357
            ],
            [
              10.541023645667504,
              36.74036415570879
            ],
            [
              10.541525934903323,
              36.74025616286016
            ],
            [
              10.541964172573504,
              36.74009823757956
            ],
            [
              10.542464431024504,
              36.73988875490453
            ],
            [
              10.542963667278606,
              36.73962852945033
            ],
            [
              10.543211754758014,
              36.739422304871724
            ],
            [
              10.54333681765518,
              36.73936993312292
            ],
            [
              10.543586942929121,
              36.739265189241486
            ],
            [
              10.543774026460767,
              36.73916126063629
            ],
            [
              10.544150232348256,
              36.739054883991194
            ],
            [
              10.544338334888362,
              36.739001695230904
            ],
            [
              10.544464416688202,
              36.73900006302961
            ],
            [
              10.544652518947544,
              36.73894687808101
            ],
            [
              10.544966702358117,
              36.7388920515097
            ],
            [
              10.545280885466102,
              36.73883723272011
            ],
            [
              10.54615731595244,
              36.73852135371876
            ],
            [
              10.546908691374128,
              36.738257843815944
            ],
            [
              10.547413013034605,
              36.73825130343073
            ],
            [
              10.547604178464601,
              36.7383503314997
            ],
            [
              10.547862475139224,
              36.73865150383871
            ],
            [
              10.548118728194533,
              36.738851190025045
            ],
            [
              10.548438023484735,
              36.739050061699395
            ],
            [
              10.54881729161102,
              36.73909589225602
            ],
            [
              10.5490694549754,
              36.73909261822265
            ],
            [
              10.549321618299004,
              36.73908934365522
            ],
            [
              10.549698839375415,
              36.73903369022758
            ],
            [
              10.549890009587454,
              36.739132714496144
            ],
            [
              10.550019152723182,
              36.739283298246065
            ],
            [
              10.550211348141241,
              36.73943306253157
            ],
            [
              10.55046965858386,
              36.739734228832276
            ],
            [
              10.550598814570764,
              36.739884811749
            ],
            [
              10.550727971068069,
              36.74003539450996
            ],
            [
              10.550858152626656,
              36.74023671335184
            ],
            [
              10.550988335053132,
              36.740438040630266
            ],
            [
              10.55093144127632,
              36.74074329912515
            ],
            [
              10.55093758955883,
              36.74104774230379
            ],
            [
              10.551006780560193,
              36.741351365838234
            ],
            [
              10.55120103297025,
              36.7416026093471
            ],
            [
              10.551456279505706,
              36.74175155160344
            ],
            [
              10.55170845124239,
              36.74174827177579
            ],
            [
              10.551962673784876,
              36.74184647240874
            ],
            [
              10.552214845771596,
              36.7418431915008
            ],
            [
              10.55246701771745,
              36.741839910058786
            ],
            [
              10.552844249554438,
              36.74178424641839
            ],
            [
              10.55328247109283,
              36.741626279819485
            ],
            [
              10.553658674675034,
              36.74151987317098
            ],
            [
              10.553970807862202,
              36.74136354613588
            ],
            [
              10.554281902145823,
              36.7411564780002
            ],
            [
              10.554658101962618,
              36.74105006826918
            ],
            [
              10.554657074793399,
              36.74099932783026
            ],
            [
              10.554267525421581,
              36.7404461116991
            ],
            [
              10.55407327693708,
              36.74019487317802
            ],
            [
              10.55375293635237,
              36.73994528095099
            ],
            [
              10.55247364571046,
              36.73904836664205
            ],
            [
              10.55145064462347,
              36.738351125207814
            ],
            [
              10.550554765449341,
              36.73770297212704
            ],
            [
              10.549979216753494,
              36.73730442014076
            ],
            [
              10.549723998690943,
              36.737155474056024
            ],
            [
              10.549147435041528,
              36.73670618151057
            ],
            [
              10.548892209855275,
              36.736557233681445
            ],
            [
              10.54793231208585,
              36.73585913743515
            ],
            [
              10.547292730663491,
              36.735410653219745
            ],
            [
              10.546717215816532,
              36.735012084506266
            ],
            [
              10.546205765524775,
              36.7346634365845
            ],
            [
              10.545629251543172,
              36.7342141214492
            ],
            [
              10.545245926291393,
              36.73396532148691
            ],
            [
              10.543903797076418,
              36.7330691259215
            ],
            [
              10.543455408080154,
              36.732719649731365
            ],
            [
              10.543200206934205,
              36.73257068902778
            ],
            [
              10.543072097113868,
              36.73247083806548
            ],
            [
              10.542943987625161,
              36.73237098695582
            ],
            [
              10.542815878554457,
              36.73227113999965
            ],
            [
              10.542369536607252,
              36.73202314106336
            ],
            [
              10.541859144031305,
              36.73172521418381
            ],
            [
              10.541221667791582,
              36.73137817277743
            ],
            [
              10.54084041671374,
              36.731230835108036
            ],
            [
              10.540648259990245,
              36.73108105457993
            ],
            [
              10.540264966099603,
              36.730832233401365
            ],
            [
              10.539816606573158,
              36.73048274698135
            ],
            [
              10.539496352193968,
              36.730233109647436
            ],
            [
              10.53917609988725,
              36.729983471392934
            ],
            [
              10.538982933059735,
              36.72978294708723
            ],
            [
              10.538276356684182,
              36.72913226088445
            ],
            [
              10.537827000344905,
              36.72873202118434
            ],
            [
              10.537376633359605,
              36.72828103868997
            ],
            [
              10.537184490725135,
              36.728131252167316
            ],
            [
              10.535963558063202,
              36.72697963663341
            ],
            [
              10.534166259444053,
              36.72537863335697
            ],
            [
              10.533329655079875,
              36.72452656754142
            ],
            [
              10.532109849280724,
              36.723425650239825
            ],
            [
              10.53101713399849,
              36.72237384340282
            ],
            [
              10.53063290371781,
              36.72207424794034
            ],
            [
              10.530568865627734,
              36.722024315234485
            ],
            [
              10.530310693220208,
              36.721723101670385
            ],
            [
              10.530182618127398,
              36.721623235846096
            ],
            [
              10.530118580705288,
              36.72157330287876
            ],
            [
              10.529669311161715,
              36.721173034171514
            ],
            [
              10.529477201264568,
              36.72102323427022
            ],
            [
              10.52934811864176,
              36.720872626268694
            ],
            [
              10.529028947738084,
              36.72067369987946
            ],
            [
              10.52870977846898,
              36.72047477258943
            ],
            [
              10.528134481435748,
              36.7200761080587
            ],
            [
              10.52755917963776,
              36.71967744071952
            ],
            [
              10.52704892554491,
              36.71937945078458
            ],
            [
              10.5261544787395,
              36.718781843387006
            ],
            [
              10.525579196731274,
              36.71838316593004
            ],
            [
              10.524621754038636,
              36.71778635633111
            ],
            [
              10.52391943355056,
              36.7173385394285
            ],
            [
              10.523472232249116,
              36.717039724201854
            ],
            [
              10.522641868376683,
              36.71649203000219
            ],
            [
              10.521492390157343,
              36.71574537763233
            ],
            [
              10.521364336350333,
              36.715645501725845
            ],
            [
              10.52123728711728,
              36.71559636712656
            ],
            [
              10.520663063227849,
              36.71524840595686
            ],
            [
              10.519962795288222,
              36.71490204742101
            ],
            [
              10.519517629493492,
              36.71470470383238
            ],
            [
              10.5191354874783,
              36.71450655197594
            ],
            [
              10.51849925668784,
              36.71421012372698
            ],
            [
              10.517672970663792,
              36.71386535490229
            ],
            [
              10.51741888272478,
              36.71376707740924
            ],
            [
              10.515639289825732,
              36.713028381930236
            ],
            [
              10.51334957679948,
              36.711991598980546
            ],
            [
              10.511312000170909,
              36.71095158274641
            ],
            [
              10.510547796246263,
              36.710555222987324
            ],
            [
              10.510165697190994,
              36.71035704119026
            ],
            [
              10.5095925576696,
              36.71005977033115
            ],
            [
              10.509020413080302,
              36.709813234153685
            ],
            [
              10.508639317262103,
              36.70966578905541
            ],
            [
              10.507048952083817,
              36.708924570568705
            ],
            [
              10.505204562560337,
              36.70808502128883
            ],
            [
              10.502915131781734,
              36.70704803016291
            ],
            [
              10.502851123929293,
              36.70699808172154
            ],
            [
              10.502151008562686,
              36.70665161866057
            ],
            [
              10.501450904653304,
              36.706305146949646
            ],
            [
              10.500941828231387,
              36.706057777793234
            ],
            [
              10.500430774693681,
              36.705708926623586
            ],
            [
              10.5001117397616,
              36.70550991903986
            ],
            [
              10.500235789283607,
              36.705406850863255
            ],
            [
              10.500537989631587,
              36.70474324363825
            ],
            [
              10.500781132827752,
              36.704283396182475
            ],
            [
              10.501269392108805,
              36.70346518392858
            ],
            [
              10.501572562049597,
              36.7028523206376
            ],
            [
              10.501876723692725,
              36.70229019857793
            ],
            [
              10.502241910117558,
              36.70162579438842
            ],
            [
              10.502486025259524,
              36.701216685690696
            ],
            [
              10.50260709041529,
              36.700961389149896
            ],
            [
              10.502792157207681,
              36.70075604117304
            ],
            [
              10.50285219322902,
              36.700603021764834
            ],
            [
              10.503099277335291,
              36.70034613792706
            ],
            [
              10.503468407182485,
              36.6998847026194
            ],
            [
              10.50408659987791,
              36.69926786438722
            ],
            [
              10.504825836676464,
              36.698395720161734
            ],
            [
              10.505318977731605,
              36.69783120233103
            ],
            [
              10.505504029945731,
              36.697625850368716
            ],
            [
              10.505689081184155,
              36.6974204981343
            ],
            [
              10.505812116988006,
              36.69726668250255
            ],
            [
              10.505873137970498,
              36.69716440365556
            ],
            [
              10.505934158794926,
              36.69706212477928
            ],
            [
              10.505992198912722,
              36.69680762425848
            ],
            [
              10.506052225736068,
              36.69665460335287
            ],
            [
              10.506109271516978,
              36.69634935649895
            ],
            [
              10.506099335715781,
              36.69584194103797
            ],
            [
              10.50609238074369,
              36.695486747177476
            ],
            [
              10.506848458306141,
              36.695477204758355
            ],
            [
              10.507416510673012,
              36.69552078674524
            ],
            [
              10.507858545265641,
              36.69556595801536
            ],
            [
              10.508111566102173,
              36.69561351593144
            ],
            [
              10.5084275937861,
              36.695660277078126
            ],
            [
              10.508680615241827,
              36.69570783376855
            ],
            [
              10.508934632428275,
              36.69580613182618
            ],
            [
              10.509187654639703,
              36.695853687419394
            ],
            [
              10.509440677144974,
              36.695901242467144
            ],
            [
              10.509694690545155,
              36.69599953893022
            ],
            [
              10.51026573677935,
              36.69619532853798
            ],
            [
              10.51051975749157,
              36.69629362312148
            ],
            [
              10.510773778836102,
              36.69639191714636
            ],
            [
              10.511091804846785,
              36.696540154819765
            ],
            [
              10.511281823422092,
              36.696588503520296
            ],
            [
              10.511788873188634,
              36.696734345822414
            ],
            [
              10.512232911941323,
              36.69688097997726
            ],
            [
              10.512739965302911,
              36.69702681813489
            ],
            [
              10.513309029797588,
              36.697121113450514
            ],
            [
              10.51375208025973,
              36.69721700425277
            ],
            [
              10.513934106516327,
              36.69685941441719
            ],
            [
              10.5141171354316,
              36.69655257033896
            ],
            [
              10.514298164884844,
              36.69614423813007
            ],
            [
              10.51454219901085,
              36.69573511050257
            ],
            [
              10.514725222882744,
              36.695428261249106
            ],
            [
              10.514784231996654,
              36.69522449454681
            ],
            [
              10.51484623870599,
              36.69517295315498
            ],
            [
              10.514971251255506,
              36.69512061205567
            ],
            [
              10.515033257755496,
              36.695069070570334
            ],
            [
              10.515032258337541,
              36.695018328794525
            ],
            [
              10.515028260690697,
              36.69481536168673
            ],
            [
              10.51496225693372,
              36.69466393604779
            ],
            [
              10.51489525413723,
              36.69446176857878
            ],
            [
              10.514764247272147,
              36.69420965885325
            ],
            [
              10.514762248854618,
              36.69410817527385
            ],
            [
              10.514696246268267,
              36.69395674944408
            ],
            [
              10.514693248807282,
              36.693804524063005
            ],
            [
              10.514627246635731,
              36.69365309817841
            ],
            [
              10.51462524843861,
              36.693551614583065
            ],
            [
              10.514624249428481,
              36.693500877085576
            ],
            [
              10.514686254903706,
              36.69344933579206
            ],
            [
              10.514685255772513,
              36.69339859399427
            ],
            [
              10.514684256643813,
              36.69334785219599
            ],
            [
              10.514618254912003,
              36.6931964262858
            ],
            [
              10.514616256759814,
              36.69309494268222
            ],
            [
              10.514550255478607,
              36.69294352102093
            ],
            [
              10.514548257434116,
              36.69284203740983
            ],
            [
              10.515301307615559,
              36.69268021651944
            ],
            [
              10.515234305844091,
              36.692478049156975
            ],
            [
              10.514983290085835,
              36.692531989822015
            ],
            [
              10.514915290041637,
              36.6922790804516
            ],
            [
              10.514849288849375,
              36.692127654632614
            ],
            [
              10.51478528621589,
              36.692077712382215
            ],
            [
              10.51478428706935,
              36.69202697057502
            ],
            [
              10.514651286881747,
              36.69167337689805
            ],
            [
              10.514383292634166,
              36.6908647053006
            ],
            [
              10.51431629499322,
              36.69066253727017
            ],
            [
              10.514113307101631,
              36.68995455348437
            ],
            [
              10.514111309848019,
              36.68985306980168
            ],
            [
              10.513107280356678,
              36.690068819168516
            ],
            [
              10.51053317417482,
              36.690558211519836
            ],
            [
              10.509591125932308,
              36.69072238819356
            ],
            [
              10.508964092081445,
              36.690882579969205
            ],
            [
              10.508086033720916,
              36.69109669469833
            ],
            [
              10.506706932675703,
              36.69146939204285
            ],
            [
              10.506702957424652,
              36.69126642403276
            ],
            [
              10.506700969814023,
              36.691164940024976
            ],
            [
              10.506946023899282,
              36.69080656908458
            ],
            [
              10.507130061449244,
              36.690550472842865
            ],
            [
              10.507377094661432,
              36.690293580832844
            ],
            [
              10.507498127603755,
              36.69003827962504
            ],
            [
              10.507621148488477,
              36.6898844622903
            ],
            [
              10.50761915977097,
              36.68978297830189
            ],
            [
              10.507679178368512,
              36.68962995659982
            ],
            [
              10.507738202314899,
              36.68942619287446
            ],
            [
              10.507984240845724,
              36.68911856192581
            ],
            [
              10.508534338100532,
              36.6882487839133
            ],
            [
              10.50871736948395,
              36.687941943385056
            ],
            [
              10.509209427536128,
              36.68732667290676
            ],
            [
              10.509822492395301,
              36.68645609286395
            ],
            [
              10.510188535448995,
              36.685842412134065
            ],
            [
              10.510495559085744,
              36.68543249106685
            ],
            [
              10.510863584686007,
              36.68492028801946
            ],
            [
              10.51123260201988,
              36.68445882585927
            ],
            [
              10.511600612896139,
              36.68394662073834
            ],
            [
              10.511661616199554,
              36.683844339119524
            ],
            [
              10.51159662604083,
              36.68374366153164
            ],
            [
              10.511649654978763,
              36.683235444280626
            ],
            [
              10.511635700477257,
              36.68252505685004
            ],
            [
              10.51157170804177,
              36.68247511256305
            ],
            [
              10.511443723418923,
              36.68237522387894
            ],
            [
              10.51131474795599,
              36.68222459300798
            ],
            [
              10.51125075597788,
              36.6821746485355
            ],
            [
              10.511185767660404,
              36.68207396204962
            ],
            [
              10.510930797327921,
              36.68192492562254
            ],
            [
              10.510801818287842,
              36.68177429421212
            ],
            [
              10.510862821049463,
              36.68167201298171
            ],
            [
              10.510853855402738,
              36.68121533507175
            ],
            [
              10.51084588610822,
              36.680809399120726
            ],
            [
              10.510841901520688,
              36.68060643113426
            ],
            [
              10.510896926504657,
              36.68019970649803
            ],
            [
              10.510576977374326,
              36.679949982339714
            ],
            [
              10.510002069700628,
              36.6795512185688
            ],
            [
              10.509874092028268,
              36.67945132799169
            ],
            [
              10.509302176896151,
              36.67920478676401
            ],
            [
              10.508033371473317,
              36.67876402929639
            ],
            [
              10.507019530614647,
              36.678472303836074
            ],
            [
              10.506386625343884,
              36.67832802757543
            ],
            [
              10.506384639081785,
              36.678226543331874
            ],
            [
              10.506257661249085,
              36.678177390812394
            ],
            [
              10.505814729199333,
              36.67808146910101
            ],
            [
              10.505435782916399,
              36.67803549354834
            ],
            [
              10.504173959159589,
              36.67794988908443
            ],
            [
              10.50322709334383,
              36.677860305866616
            ],
            [
              10.503107054768776,
              36.678166345322595
            ],
            [
              10.50304802608007,
              36.67837010720682
            ],
            [
              10.502926004323555,
              36.67857466209197
            ],
            [
              10.502865984042872,
              36.67872768169101
            ],
            [
              10.502618971139125,
              36.67898456431872
            ],
            [
              10.50255894995463,
              36.679137583773915
            ],
            [
              10.50249694731707,
              36.67918911879174
            ],
            [
              10.502435935169128,
              36.67929139598433
            ],
            [
              10.50237393232734,
              36.679342930941495
            ],
            [
              10.502248935940036,
              36.67939525855469
            ],
            [
              10.502124929755439,
              36.67949832825112
            ],
            [
              10.501936939343189,
              36.67955144813583
            ],
            [
              10.501873945741524,
              36.679552240627245
            ],
            [
              10.501811942311093,
              36.67960377530283
            ],
            [
              10.501749938797984,
              36.67965530994756
            ],
            [
              10.50162593152372,
              36.679758379144516
            ],
            [
              10.5013149220284,
              36.67996530937167
            ],
            [
              10.501066904989528,
              36.68017144677461
            ],
            [
              10.500942901315202,
              36.68027451522387
            ],
            [
              10.500818891801192,
              36.680377575015086
            ],
            [
              10.500693887311463,
              36.68042990111587
            ],
            [
              10.500632877161687,
              36.68053217737332
            ],
            [
              10.500507877801411,
              36.68058451182073
            ],
            [
              10.500445872461993,
              36.68063603721393
            ],
            [
              10.500322851108807,
              36.68078984735351
            ],
            [
              10.500075817863394,
              36.68104672502806
            ],
            [
              10.49945476716342,
              36.68151131919556
            ],
            [
              10.498895716296177,
              36.68192437706476
            ],
            [
              10.49765555949421,
              36.682955034996375
            ],
            [
              10.497096488524116,
              36.683368084774926
            ],
            [
              10.496848449137282,
              36.68357420517717
            ],
            [
              10.496597453409521,
              36.68362811531181
            ],
            [
              10.49653642469892,
              36.68373038973125
            ],
            [
              10.496410435707823,
              36.683731969054165
            ],
            [
              10.496349412010343,
              36.683834243316525
            ],
            [
              10.496224403987604,
              36.68388655622143
            ],
            [
              10.496036398778946,
              36.68393967568639
            ],
            [
              10.495912376822279,
              36.68404273058718
            ],
            [
              10.495787368321972,
              36.68409505164756
            ],
            [
              10.495661373351524,
              36.6840966302583
            ],
            [
              10.495474353226506,
              36.684200482576344
            ],
            [
              10.495348358066087,
              36.68420206085977
            ],
            [
              10.495159365307044,
              36.68420442803506
            ],
            [
              10.495033370122076,
              36.68420600598536
            ],
            [
              10.49497037252591,
              36.68420679491053
            ],
            [
              10.494844377326213,
              36.684208372660926
            ],
            [
              10.494718382116703,
              36.68420995027809
            ],
            [
              10.494466391668231,
              36.68421310511261
            ],
            [
              10.494277404147613,
              36.68421547082185
            ],
            [
              10.494151408893936,
              36.68421704783935
            ],
            [
              10.493962415995025,
              36.68421941311575
            ],
            [
              10.493773423074035,
              36.684221778092315
            ],
            [
              10.493648412760063,
              36.684274096944186
            ],
            [
              10.493459419678226,
              36.684276461425405
            ],
            [
              10.493206444178654,
              36.68422887122306
            ],
            [
              10.493017451169397,
              36.68423123500033
            ],
            [
              10.493018435734797,
              36.68428197738226
            ],
            [
              10.493023358598686,
              36.684535689285084
            ],
            [
              10.49303517372292,
              36.68514459780533
            ],
            [
              10.492985959484153,
              36.685855778901555
            ],
            [
              10.493002697982082,
              36.686718394808004
            ],
            [
              10.49295151367938,
              36.68732809102477
            ],
            [
              10.492894421062108,
              36.68763333304989
            ],
            [
              10.492845204656232,
              36.68834450956456
            ],
            [
              10.492791064730822,
              36.688801978561955
            ],
            [
              10.492735939699356,
              36.68920870516931
            ],
            [
              10.49261978099451,
              36.68971769990635
            ],
            [
              10.492565639050998,
              36.69017516875119
            ],
            [
              10.49257154597346,
              36.69047962279418
            ],
            [
              10.492459322324402,
              36.691191586679764
            ],
            [
              10.492402225429176,
              36.69149682838588
            ],
            [
              10.492404194273172,
              36.6915983130537
            ],
            [
              10.492470151380873,
              36.69174975234433
            ],
            [
              10.492543005812493,
              36.692256387805514
            ],
            [
              10.492608958455202,
              36.692407827050886
            ],
            [
              10.492547928539125,
              36.69251009942291
            ],
            [
              10.492490825860553,
              36.69281534118703
            ],
            [
              10.492430774630023,
              36.6929683558907
            ],
            [
              10.492494763896214,
              36.69301830616668
            ],
            [
              10.492435697115093,
              36.69322206749069
            ],
            [
              10.492379588641095,
              36.69357804707046
            ],
            [
              10.492321500116855,
              36.693832542116816
            ],
            [
              10.492260468754186,
              36.69393481435189
            ],
            [
              10.492201400650199,
              36.694138571258215
            ],
            [
              10.492080310614393,
              36.69439385803471
            ],
            [
              10.49201927316773,
              36.69449613022083
            ],
            [
              10.491960204045007,
              36.69469988701302
            ],
            [
              10.49190015041745,
              36.69485290145909
            ],
            [
              10.491902118841343,
              36.694954386092846
            ],
            [
              10.491904087275074,
              36.69505587072478
            ],
            [
              10.491905071495626,
              36.69510661304006
            ],
            [
              10.491843049098842,
              36.69515814282665
            ],
            [
              10.491845017469487,
              36.69525962745783
            ],
            [
              10.491847970043898,
              36.695411854401186
            ],
            [
              10.491849938439133,
              36.69551333902781
            ],
            [
              10.491788899849556,
              36.695615611104124
            ],
            [
              10.491728845230236,
              36.6957686254648
            ],
            [
              10.491605783132055,
              36.69592242715701
            ],
            [
              10.491607751245436,
              36.69602391178613
            ],
            [
              10.491547695974333,
              36.69617692606056
            ],
            [
              10.491551632011175,
              36.69637989101273
            ],
            [
              10.491489608378426,
              36.696431420632976
            ],
            [
              10.491554584127178,
              36.69653211794776
            ],
            [
              10.491620544138712,
              36.696683557529994
            ],
            [
              10.491557536265304,
              36.696684344878705
            ],
            [
              10.491495512399023,
              36.6967358745049
            ],
            [
              10.491433488449992,
              36.69678740410024
            ],
            [
              10.491373432289052,
              36.696940418289024
            ],
            [
              10.491315343628766,
              36.69719491277078
            ],
            [
              10.491316327538785,
              36.69724565508144
            ],
            [
              10.49125528694259,
              36.69734792690228
            ],
            [
              10.49113517288438,
              36.69765395507908
            ],
            [
              10.490832916469403,
              36.69831754039441
            ],
            [
              10.490711815783888,
              36.698572825855884
            ],
            [
              10.490409552367717,
              36.69923641016057
            ],
            [
              10.490348514413549,
              36.69933868147932
            ],
            [
              10.489983234360682,
              36.70000304719264
            ],
            [
              10.489739055566867,
              36.70041212743764
            ],
            [
              10.48949585716846,
              36.70087195383566
            ],
            [
              10.489311736733686,
              36.70112802426277
            ],
            [
              10.489125649860814,
              36.70128260976966
            ],
            [
              10.488938579745598,
              36.70138645266872
            ],
            [
              10.488567384772514,
              36.7017463646222
            ],
            [
              10.488255270468446,
              36.70190252044376
            ],
            [
              10.487945123962893,
              36.70216016009839
            ],
            [
              10.487821062644153,
              36.70226321577063
            ],
            [
              10.487760013615757,
              36.702365485909546
            ],
            [
              10.487636933402195,
              36.702519283749076
            ],
            [
              10.487393716039898,
              36.702979101825456
            ],
            [
              10.486965380402678,
              36.703644244085126
            ],
            [
              10.486781245138685,
              36.70390031082052
            ],
            [
              10.486414932895402,
              36.704513928211405
            ],
            [
              10.486232755478119,
              36.704871478873294
            ],
            [
              10.485865459193127,
              36.705434352248446
            ],
            [
              10.48562124217006,
              36.705843428864036
            ],
            [
              10.485071744444815,
              36.70676384092858
            ],
            [
              10.484644348592452,
              36.707479722023756
            ],
            [
              10.48427800311835,
              36.708093333245074
            ],
            [
              10.483847659971815,
              36.7086569844456
            ],
            [
              10.483295184864637,
              36.70942517025544
            ],
            [
              10.482740741379962,
              36.71009186455442
            ],
            [
              10.482189228947368,
              36.71091078356192
            ],
            [
              10.481511658870424,
              36.71173126918143
            ],
            [
              10.480651853193159,
              36.71290928951449
            ],
            [
              10.480097365188476,
              36.7135759764623
            ],
            [
              10.479360636576343,
              36.714600197474745
            ],
            [
              10.478683981052571,
              36.71547141034318
            ],
            [
              10.47794526452494,
              36.716394138206105
            ],
            [
              10.477081455544324,
              36.71736916436525
            ],
            [
              10.476282600565044,
              36.71844489421641
            ],
            [
              10.475665980943754,
              36.71916307950115
            ],
            [
              10.474742006829054,
              36.72029110067445
            ],
            [
              10.4740642770043,
              36.721111541949725
            ],
            [
              10.473386535597143,
              36.721931979544166
            ],
            [
              10.472646722858693,
              36.72280393812616
            ],
            [
              10.472093068363593,
              36.72352133235991
            ],
            [
              10.471477341828944,
              36.72429023965179
            ],
            [
              10.470737485297208,
              36.725162182712644
            ],
            [
              10.469936521584515,
              36.72613638727036
            ],
            [
              10.469012379300187,
              36.72726436213132
            ],
            [
              10.467658608086653,
              36.72900666874095
            ],
            [
              10.466733432658211,
              36.730083884259756
            ],
            [
              10.466421159445192,
              36.73023998563409
            ],
            [
              10.46642406558191,
              36.73039221343234
            ],
            [
              10.466553044224952,
              36.73054289187206
            ],
            [
              10.466807127113603,
              36.73064127793946
            ],
            [
              10.467064118089452,
              36.730891891189934
            ],
            [
              10.467259040655643,
              36.73119402155536
            ],
            [
              10.467396746846212,
              36.731801382103384
            ],
            [
              10.467709024130642,
              36.7316452738104
            ],
            [
              10.468275385440702,
              36.73158755616214
            ],
            [
              10.468719555425405,
              36.73173434915911
            ],
            [
              10.46910165781612,
              36.73193266771694
            ],
            [
              10.469358660449648,
              36.732183271395506
            ],
            [
              10.470576771854459,
              36.7332341092838
            ],
            [
              10.47192488465321,
              36.73448634405994
            ],
            [
              10.472888960674894,
              36.73543877746846
            ],
            [
              10.473083920531318,
              36.73574089726818
            ],
            [
              10.47340593387115,
              36.73609220231185
            ],
            [
              10.473535909428083,
              36.736293614911624
            ],
            [
              10.473664911899784,
              36.73644428066516
            ],
            [
              10.473920970875781,
              36.73664413986299
            ],
            [
              10.474239098102597,
              36.73679246862689
            ],
            [
              10.475124595042878,
              36.73693378789912
            ],
            [
              10.476581366607038,
              36.73727104988062
            ],
            [
              10.477980970814253,
              36.737913528221455
            ],
            [
              10.478746267721018,
              36.738360831011896
            ],
            [
              10.47900038872307,
              36.73845919002125
            ],
            [
              10.479381575424428,
              36.73860672743755
            ],
            [
              10.479697765481877,
              36.738653560987366
            ],
            [
              10.480076995749528,
              36.738699611716
            ],
            [
              10.480456229102217,
              36.73874566119205
            ],
            [
              10.48109056916289,
              36.73894080605377
            ],
            [
              10.481598823988396,
              36.7391375132261
            ],
            [
              10.482108063377837,
              36.739384960292384
            ],
            [
              10.482366112558935,
              36.739686276219174
            ],
            [
              10.482496112237936,
              36.73988767831695
            ],
            [
              10.482562100031647,
              36.740039121351856
            ],
            [
              10.48237786716689,
              36.740295182039446
            ],
            [
              10.482318741516117,
              36.74049893389023
            ],
            [
              10.482447768238004,
              36.740649593774634
            ],
            [
              10.482700918874096,
              36.74069720246025
            ],
            [
              10.483839634169207,
              36.74088606343308
            ],
            [
              10.484911379975742,
              36.74087272974653
            ],
            [
              10.486238253278906,
              36.74100847148383
            ],
            [
              10.488012335284285,
              36.741443143093626
            ],
            [
              10.488770837248042,
              36.74153518936895
            ],
            [
              10.489338233167544,
              36.74152810797427
            ],
            [
              10.490098706652878,
              36.741721629657604
            ],
            [
              10.49104831299007,
              36.74191278292733
            ],
            [
              10.491745749242726,
              36.74210708176549
            ],
            [
              10.494593629796194,
              36.74262973213463
            ],
            [
              10.496114621081412,
              36.74301670226094
            ],
            [
              10.497318423979493,
              36.74330612557667
            ],
            [
              10.497830703742565,
              36.7437057287728
            ],
            [
              10.498026772012073,
              36.74405854636244
            ],
            [
              10.49891041186852,
              36.74409820202373
            ],
            [
              10.499729018403631,
              36.744037160287064
            ],
            [
              10.500615633487023,
              36.744229024069426
            ],
            [
              10.501565299444259,
              36.74442009194467
            ],
            [
              10.503463645789084,
              36.744751463056055
            ],
            [
              10.503843914280218,
              36.744848178550214
            ],
            [
              10.506760985389478,
              36.7456741879088
            ],
            [
              10.50879345492197,
              36.74640981203961
            ],
            [
              10.510312595408923,
              36.74669511407475
            ],
            [
              10.510754931189735,
              36.74674026738695
            ],
            [
              10.51164259599079,
              36.74698279334494
            ],
            [
              10.514054438406466,
              36.74776427287688
            ],
            [
              10.517675297567326,
              36.74908861337869
            ],
            [
              10.518753169156328,
              36.74937941966406
            ],
            [
              10.520086258805284,
              36.74981922621067
            ],
            [
              10.522436225912935,
              36.75065207598442
            ],
            [
              10.527707818431791,
              36.75251332153361
            ],
            [
              10.527765821449195,
              36.75225880907938
            ],
            [
              10.52807098186065,
              36.75174736116182
            ],
            [
              10.528741310538724,
              36.750571440791845
            ],
            [
              10.529487800145086,
              36.75005433262984
            ]
          ]
        ]
      }
    },
    {
      "type": "Feature",
      "id": "osm:relation:7102534",
      "properties": {
        "key": "bouchray",
        "sourceOsmId": "osm:relation:7102534",
        "currentCode": "156153",
        "sourceName": "بوشراي",
        "sourceParentName": "سليمان",
        "sourcePdf": {
          "file": "C:\\Users\\barou\\Documents\\Codex\\2026-09-06\\the-android-app-app-currently-allows\\work\\soliman-adjacent-native-source-review\\bouchray.pdf",
          "sha256": "3b54f8c69b91a27619da685b1f127bfd2317f8c031195b90aa55b6f57364796c"
        },
        "sourceRetrieval": {
          "file": "C:\\Users\\barou\\Documents\\Codex\\2026-09-06\\the-android-app-app-currently-allows\\work\\soliman-adjacent-native-source-review\\bouchray-retrieval.json",
          "sha256": "b1b567a0ebd6e08ea5b876083cb09f47595301a58fe00ec75e2f9d4b6545eb40"
        },
        "sourceDrawingIndices": [
          399
        ],
        "sourceExtraction": {
          "file": "C:\\Users\\barou\\Documents\\Codex\\2026-09-06\\the-android-app-app-currently-allows\\work\\soliman-adjacent-native-source-review\\native-neighbor-source-records.json",
          "sha256": "3e6e9ad53e3723fdb29870b7a118e298dce3f93e8d02dd95788791725f031ac5"
        },
        "sourceSplitReconstruction": null,
        "officialRegistryRow": {
          "governorateCode": "15",
          "governorateFr": "Nabeul",
          "governorateAr": "نابل",
          "delegationCode": "1561",
          "delegationFr": "Soliman",
          "delegationAr": "سليمان",
          "sectorCode": "156153",
          "sectorFr": "Bou charray",
          "sectorAr": "بوشراي",
          "sourceRows": {
            "Population_Secteur_Age_Sexe_Dynamique.xlsx": 13465,
            "Nombre_de_Logements_par_Secteurs.xlsx": 542,
            "Nombre_de_menages_par_Secteurs.xlsx": 541
          }
        },
        "binding": "Named own map aligned with the current registry row; whole boundary remains unaccepted."
      },
      "geometry": {
        "type": "Polygon",
        "coordinates": [
          [
            [
              10.514131703360691,
              36.68986888262368
            ],
            [
              10.515126228273953,
              36.68974157794506
            ],
            [
              10.516215684002942,
              36.68961306175022
            ],
            [
              10.516737048142879,
              36.68956821484333
            ],
            [
              10.51782574496275,
              36.68940145623403
            ],
            [
              10.519153264965762,
              36.68930812959145
            ],
            [
              10.521333638124043,
              36.68912746981196
            ],
            [
              10.522139036222093,
              36.689040749234344
            ],
            [
              10.522896211930462,
              36.68891639984643
            ],
            [
              10.523605172463144,
              36.688754422483996
            ],
            [
              10.523935167100868,
              36.688635506862575
            ],
            [
              10.52483247043898,
              36.688394647974164
            ],
            [
              10.527288542806215,
              36.68775152350505
            ],
            [
              10.52799747842513,
              36.68758951398095
            ],
            [
              10.52846985185102,
              36.68746877353511
            ],
            [
              10.528848805882104,
              36.687425693380355
            ],
            [
              10.529937442529077,
              36.68725882523126
            ],
            [
              10.530315639183708,
              36.68717751281797
            ],
            [
              10.531024562704287,
              36.68701549199851
            ],
            [
              10.531684511932061,
              36.68677761952922
            ],
            [
              10.532296990029618,
              36.68654035154658
            ],
            [
              10.533476750795685,
              36.686181097463106
            ],
            [
              10.535601193135273,
              36.68558028763156
            ],
            [
              10.537630681461149,
              36.68498065754607
            ],
            [
              10.538008858060468,
              36.68489932110643
            ],
            [
              10.53838703382279,
              36.684817983482716
            ],
            [
              10.538623583101279,
              36.68477670374017
            ],
            [
              10.538907589765595,
              36.68473481298563
            ],
            [
              10.53914489813981,
              36.684731759705606
            ],
            [
              10.540378136809162,
              36.68467764761807
            ],
            [
              10.541753761957121,
              36.68462168760103
            ],
            [
              10.542939530556914,
              36.684568160839774
            ],
            [
              10.54360322941934,
              36.68452136383332
            ],
            [
              10.54478976503271,
              36.68450604599307
            ],
            [
              10.545311840417902,
              36.68449930239954
            ],
            [
              10.545502448710085,
              36.68453507374835
            ],
            [
              10.545787972034173,
              36.68456962147208
            ],
            [
              10.54621588794587,
              36.68460232792644
            ],
            [
              10.546597106070818,
              36.68467387386637
            ],
            [
              10.546930099836935,
              36.68470780503919
            ],
            [
              10.54735878058252,
              36.68477873469418
            ],
            [
              10.548216908436366,
              36.68495881663451
            ],
            [
              10.548978579548827,
              36.685063667077955
            ],
            [
              10.549835184009385,
              36.685167282589255
            ],
            [
              10.550452951259093,
              36.68519751365412
            ],
            [
              10.551166407920949,
              36.68526473780061
            ],
            [
              10.551831637955896,
              36.685294346166145
            ],
            [
              10.552401936842344,
              36.68532518293522
            ],
            [
              10.55301970587853,
              36.68535540062327
            ],
            [
              10.553210319421394,
              36.6853911594893
            ],
            [
              10.553828856102044,
              36.68545960017678
            ],
            [
              10.554543852015371,
              36.685603258360956
            ],
            [
              10.557401546541412,
              36.68606316614859
            ],
            [
              10.557494164351645,
              36.68594724867631
            ],
            [
              10.557492626794142,
              36.68587079438427
            ],
            [
              10.557539319953248,
              36.68583194919656
            ],
            [
              10.557631168446811,
              36.68567780447931
            ],
            [
              10.55772301658225,
              36.68552365969601
            ],
            [
              10.557909018676902,
              36.68533005135898
            ],
            [
              10.558047558415184,
              36.68513706424013
            ],
            [
              10.558186097407393,
              36.68494407373026
            ],
            [
              10.558323866561764,
              36.684712855931
            ],
            [
              10.558601710298763,
              36.684365101295235
            ],
            [
              10.558122485924937,
              36.68414192524909
            ],
            [
              10.557547573943014,
              36.68388175289299
            ],
            [
              10.55777795787108,
              36.68353461813272
            ],
            [
              10.556629685713242,
              36.683090724492835
            ],
            [
              10.556444453648973,
              36.68332255479085
            ],
            [
              10.55586801750483,
              36.682985922868845
            ],
            [
              10.555867249613023,
              36.682947695674365
            ],
            [
              10.556287478496728,
              36.68259809413209
            ],
            [
              10.556942697112735,
              36.682130721062386
            ],
            [
              10.557602520063716,
              36.68189270756188
            ],
            [
              10.557695901620994,
              36.681815020389294
            ],
            [
              10.55750145175954,
              36.681588129421336
            ],
            [
              10.557878050954168,
              36.68143027635216
            ],
            [
              10.55806788783426,
              36.68142780371218
            ],
            [
              10.558397795019845,
              36.681308794388066
            ],
            [
              10.558680242105076,
              36.681190402619166
            ],
            [
              10.558823388575917,
              36.68122677437091
            ],
            [
              10.559293354005145,
              36.68099122570574
            ],
            [
              10.559762554881967,
              36.68071745124108
            ],
            [
              10.559859011907838,
              36.680792664509596
            ],
            [
              10.56000446777797,
              36.68094371624836
            ],
            [
              10.560051926653271,
              36.6809430972763
            ],
            [
              10.56009938552712,
              36.68094247828532
            ],
            [
              10.560146844399519,
              36.68094185927544
            ],
            [
              10.560193533295141,
              36.68090301311769
            ],
            [
              10.560240222143833,
              36.680864166942506
            ],
            [
              10.560472895642661,
              36.68063171191934
            ],
            [
              10.56051958418776,
              36.680592865640065
            ],
            [
              10.560567042835894,
              36.680592246467796
            ],
            [
              10.560612961137165,
              36.68051517302921
            ],
            [
              10.56070633789885,
              36.68043748034855
            ],
            [
              10.560893090859064,
              36.68028209477793
            ],
            [
              10.561126531003422,
              36.68008786242216
            ],
            [
              10.561219906732662,
              36.68001016935774
            ],
            [
              10.561314052776329,
              36.679970703338384
            ],
            [
              10.561360740498708,
              36.67993185674453
            ],
            [
              10.561597260958047,
              36.679890531955856
            ],
            [
              10.562023605737705,
              36.67984672795353
            ],
            [
              10.562165209280572,
              36.67980664151407
            ],
            [
              10.56230681267102,
              36.67976655490938
            ],
            [
              10.56240172886984,
              36.6797653151453
            ],
            [
              10.562542560948716,
              36.67968700116968
            ],
            [
              10.562778308726584,
              36.679607446973556
            ],
            [
              10.563062285297933,
              36.67956549925559
            ],
            [
              10.563536093237454,
              36.679521069620485
            ],
            [
              10.563866755152599,
              36.6794402725684
            ],
            [
              10.564009128741462,
              36.67943841104308
            ],
            [
              10.564055814822764,
              36.67939956666873
            ],
            [
              10.564149958536499,
              36.679360095214356
            ],
            [
              10.564244102282862,
              36.67932063016778
            ],
            [
              10.564338245865576,
              36.67928116180867
            ],
            [
              10.564526532736336,
              36.67920222487316
            ],
            [
              10.564621448141368,
              36.67920098335622
            ],
            [
              10.56462067602438,
              36.67916275629677
            ],
            [
              10.564619903908849,
              36.67912452923705
            ],
            [
              10.564619131794775,
              36.67908630217707
            ],
            [
              10.564570902074225,
              36.679048695881306
            ],
            [
              10.564522672400605,
              36.67901108956466
            ],
            [
              10.564282296676062,
              36.67886128473588
            ],
            [
              10.564234067259095,
              36.67882367829502
            ],
            [
              10.564233295344389,
              36.67878545122606
            ],
            [
              10.56427998086156,
              36.678746603531614
            ],
            [
              10.564326666331803,
              36.67870775581971
            ],
            [
              10.564420037131516,
              36.6786300603436
            ],
            [
              10.564513407743526,
              36.67855236479771
            ],
            [
              10.564606006078543,
              36.6784364421177
            ],
            [
              10.564746061297056,
              36.67831989856527
            ],
            [
              10.564979477740554,
              36.67812566230787
            ],
            [
              10.565025398246698,
              36.67804858717047
            ],
            [
              10.565165444084611,
              36.67793204325434
            ],
            [
              10.565257268319609,
              36.67777789303963
            ],
            [
              10.565303952716429,
              36.677739044963936
            ],
            [
              10.56530240789083,
              36.67766259085089
            ],
            [
              10.565349092196715,
              36.67762374275896
            ],
            [
              10.565395776455679,
              36.677584894649605
            ],
            [
              10.565488372334212,
              36.67746897132406
            ],
            [
              10.56567588102409,
              36.67735180562726
            ],
            [
              10.565722564954598,
              36.67731295739584
            ],
            [
              10.565816705328954,
              36.67727348793073
            ],
            [
              10.56586416181827,
              36.67727286669555
            ],
            [
              10.565759204819022,
              36.67677716070529
            ],
            [
              10.565753796567858,
              36.67650957131997
            ],
            [
              10.565749933575068,
              36.67631843603694
            ],
            [
              10.565655021762206,
              36.676319678369616
            ],
            [
              10.564804683878444,
              36.676521991225385
            ],
            [
              10.564049245675799,
              36.676723057221984
            ],
            [
              10.561829600440364,
              36.67728737686994
            ],
            [
              10.560931776192485,
              36.677490282253046
            ],
            [
              10.559845658898821,
              36.67777211083893
            ],
            [
              10.558806221273848,
              36.67801508408224
            ],
            [
              10.558144905183248,
              36.67817664582061
            ],
            [
              10.558049990743848,
              36.678177882145846
            ],
            [
              10.557483578286448,
              36.678338210531095
            ],
            [
              10.557247828433079,
              36.67841775105401
            ],
            [
              10.556964620703683,
              36.67849791208585
            ],
            [
              10.556492350440447,
              36.67861876993307
            ],
            [
              10.556161683548302,
              36.67869954660893
            ],
            [
              10.556020078637577,
              36.67873962593904
            ],
            [
              10.555973388851106,
              36.67877847049208
            ],
            [
              10.55592669901771,
              36.67881731502767
            ],
            [
              10.555927466823354,
              36.678855542247625
            ],
            [
              10.555880776921015,
              36.67889438676635
            ],
            [
              10.555786629235964,
              36.678933848529724
            ],
            [
              10.555455968244843,
              36.67901462318562
            ],
            [
              10.554652254271044,
              36.67917802049405
            ],
            [
              10.554227433930379,
              36.679298252709835
            ],
            [
              10.553706929334775,
              36.67938148908175
            ],
            [
              10.553612779891477,
              36.67942094916282
            ],
            [
              10.553376256010464,
              36.67946225815547
            ],
            [
              10.553139731795143,
              36.67950356344368
            ],
            [
              10.552903973705444,
              36.679583098777826
            ],
            [
              10.552573298604518,
              36.679663865658384
            ],
            [
              10.552290081095105,
              36.679744015774155
            ],
            [
              10.551770344940916,
              36.679865470972594
            ],
            [
              10.551581277017418,
              36.67990616077522
            ],
            [
              10.551298823061147,
              36.680024535868924
            ],
            [
              10.551063061371822,
              36.680104067632264
            ],
            [
              10.550873992455205,
              36.680144756332375
            ],
            [
              10.550731616676273,
              36.68014660218406
            ],
            [
              10.550542547462562,
              36.68018729036398
            ],
            [
              10.550354243126913,
              36.68026620555987
            ],
            [
              10.549975338565206,
              36.68030935312827
            ],
            [
              10.549597198253469,
              36.68039072682494
            ],
            [
              10.549455586582637,
              36.68043079848779
            ],
            [
              10.549360668983034,
              36.68043202795214
            ],
            [
              10.549121081513851,
              36.68032041928227
            ],
            [
              10.548543942694534,
              36.67994551975871
            ],
            [
              10.54758331650706,
              36.67938439635039
            ],
            [
              10.547439414666595,
              36.679309783494375
            ],
            [
              10.5463371937499,
              36.678788715429995
            ],
            [
              10.54657143033427,
              36.67863273820965
            ],
            [
              10.546990153050848,
              36.67820671727361
            ],
            [
              10.547315483711285,
              36.677858374225345
            ],
            [
              10.547590299846071,
              36.67735773479413
            ],
            [
              10.54805264756127,
              36.676739959469906
            ],
            [
              10.548330511042934,
              36.67639222794707
            ],
            [
              10.549118916030842,
              36.67546432971547
            ],
            [
              10.549999926413811,
              36.674420514667524
            ],
            [
              10.550185157744082,
              36.674188690871105
            ],
            [
              10.550182863245395,
              36.67407400880825
            ],
            [
              10.550087953487225,
              36.674075238669516
            ],
            [
              10.549992278987114,
              36.67403824109697
            ],
            [
              10.549752710821343,
              36.673926633137086
            ],
            [
              10.549513907829194,
              36.67385325204502
            ],
            [
              10.548698015828133,
              36.673404973395314
            ],
            [
              10.548217360057631,
              36.673105296769634
            ],
            [
              10.54759434552138,
              36.67280745988551
            ],
            [
              10.547114460943115,
              36.67254600600616
            ],
            [
              10.546969809319098,
              36.672433164767185
            ],
            [
              10.546873375202349,
              36.67235794041038
            ],
            [
              10.546634579640173,
              36.67228455334487
            ],
            [
              10.546346042058087,
              36.672097096884144
            ],
            [
              10.546105722261803,
              36.67194725384345
            ],
            [
              10.54591361962229,
              36.67183502453244
            ],
            [
              10.545769733651257,
              36.67176040919808
            ],
            [
              10.545673301466994,
              36.67168518057348
            ],
            [
              10.545529416001946,
              36.67161056493483
            ],
            [
              10.545337323068159,
              36.67149833454433
            ],
            [
              10.54524089162875,
              36.67142310554867
            ],
            [
              10.545048029312895,
              36.67127264730702
            ],
            [
              10.544999813851215,
              36.67123503269445
            ],
            [
              10.54485592986149,
              36.6711604162013
            ],
            [
              10.544712046146051,
              36.6710857995268
            ],
            [
              10.544568924738279,
              36.67104941338674
            ],
            [
              10.544520709646145,
              36.67101179857
            ],
            [
              10.544329373439693,
              36.670937794055995
            ],
            [
              10.544281158532334,
              36.67090017913716
            ],
            [
              10.544185490632307,
              36.670863176720665
            ],
            [
              10.544089061096184,
              36.67078794673921
            ],
            [
              10.543896964212918,
              36.67067571401613
            ],
            [
              10.543802058346765,
              36.6706769387705
            ],
            [
              10.54375384385586,
              36.67063932362666
            ],
            [
              10.543658176520678,
              36.67060232077129
            ],
            [
              10.543609200664623,
              36.67052647806997
            ],
            [
              10.543560986361365,
              36.67048886284268
            ],
            [
              10.54188265052598,
              36.66963105029772
            ],
            [
              10.541450256753768,
              36.669368960948496
            ],
            [
              10.541306379578495,
              36.66929433998051
            ],
            [
              10.541066078106194,
              36.669144486263804
            ],
            [
              10.54077680551806,
              36.668918788061056
            ],
            [
              10.54101102458091,
              36.668762825211346
            ],
            [
              10.541292694283793,
              36.66860624411932
            ],
            [
              10.541480220094797,
              36.66848911925146
            ],
            [
              10.542231078081644,
              36.66805883151333
            ],
            [
              10.543311793351739,
              36.66750957236949
            ],
            [
              10.543640904743881,
              36.66735238026165
            ],
            [
              10.543828423821715,
              36.66723524858568
            ],
            [
              10.544157532898044,
              36.66707805185449
            ],
            [
              10.544720845947362,
              36.66676488111932
            ],
            [
              10.545002500740507,
              36.666608294786414
            ],
            [
              10.545330842467617,
              36.666412867420824
            ],
            [
              10.546035725494816,
              36.66605962772498
            ],
            [
              10.546927357278546,
              36.66555101678891
            ],
            [
              10.547255689548148,
              36.665355584301004
            ],
            [
              10.547725605157664,
              36.66512008204088
            ],
            [
              10.548100619362831,
              36.664885809237965
            ],
            [
              10.548476394936547,
              36.66468975950419
            ],
            [
              10.548711341122493,
              36.66457200637233
            ],
            [
              10.549180483344331,
              36.664298271117545
            ],
            [
              10.549649622210106,
              36.66402453408013
            ],
            [
              10.550682021878734,
              36.66343760052905
            ],
            [
              10.551151150095027,
              36.66316385778494
            ],
            [
              10.551620274955358,
              36.66289011325841
            ],
            [
              10.552041948658479,
              36.662616982484415
            ],
            [
              10.553917627523152,
              36.661483756135326
            ],
            [
              10.554385965652406,
              36.66117177374395
            ],
            [
              10.554620900017493,
              36.661054012483284
            ],
            [
              10.554760940173887,
              36.66093748074
            ],
            [
              10.554807620132248,
              36.660898636790705
            ],
            [
              10.554423447253953,
              36.6606742048257
            ],
            [
              10.554183915151308,
              36.660562604713995
            ],
            [
              10.554088255777504,
              36.66052561000343
            ],
            [
              10.55404004294432,
              36.660487998932375
            ],
            [
              10.554039276585765,
              36.66044977156006
            ],
            [
              10.554038510228658,
              36.660411544187475
            ],
            [
              10.554084423874752,
              36.660334473144815
            ],
            [
              10.554222930780725,
              36.660141490529185
            ],
            [
              10.554222164276458,
              36.66010325991779
            ],
            [
              10.554029314121168,
              36.6599528189364
            ],
            [
              10.553933655517378,
              36.659915820838194
            ],
            [
              10.553838763311058,
              36.659917053280566
            ],
            [
              10.553742338772949,
              36.659841834124556
            ],
            [
              10.553645914357434,
              36.65976661164493
            ],
            [
              10.553502044156115,
              36.659692005156224
            ],
            [
              10.553214304575736,
              36.659542791634806
            ],
            [
              10.55311711516827,
              36.659429341307295
            ],
            [
              10.553068137649035,
              36.65935350241196
            ],
            [
              10.552972480294521,
              36.65931650674961
            ],
            [
              10.552922737218942,
              36.65920244038777
            ],
            [
              10.552778868754128,
              36.659127832976985
            ],
            [
              10.55268168051701,
              36.65901438225895
            ],
            [
              10.552585258164422,
              36.658939158861386
            ],
            [
              10.552488835999371,
              36.65886393538038
            ],
            [
              10.552344203168303,
              36.65875110324259
            ],
            [
              10.552200336027783,
              36.658676491854024
            ],
            [
              10.552103914627965,
              36.65860127128164
            ],
            [
              10.55191183751167,
              36.65848905082996
            ],
            [
              10.551719003841106,
              36.6583386025209
            ],
            [
              10.551622583264287,
              36.65826337829337
            ],
            [
              10.551477952750677,
              36.658150541795656
            ],
            [
              10.551285877650653,
              36.65803832027797
            ],
            [
              10.55114124811174,
              36.657925486585704
            ],
            [
              10.551045593415777,
              36.65788848930308
            ],
            [
              10.550901729172853,
              36.65781387950749
            ],
            [
              10.550805310040706,
              36.65773865457746
            ],
            [
              10.550661446303378,
              36.657664044477634
            ],
            [
              10.550565792151234,
              36.65762704679489
            ],
            [
              10.550516818304043,
              36.657551206741765
            ],
            [
              10.550468609064696,
              36.65751359412142
            ],
            [
              10.550420399872225,
              36.657475981480225
            ],
            [
              10.550323981627928,
              36.65740075613525
            ],
            [
              10.550132674377371,
              36.6573267601221
            ],
            [
              10.5500844654633,
              36.657289147337124
            ],
            [
              10.549844949978803,
              36.6571775380388
            ],
            [
              10.54946157381864,
              36.65699131662558
            ],
            [
              10.549173851929254,
              36.656842092852315
            ],
            [
              10.549078199477437,
              36.65680509392866
            ],
            [
              10.548982547115056,
              36.65676809492577
            ],
            [
              10.54893433910216,
              36.65673048165027
            ],
            [
              10.54883945058062,
              36.65673171001818
            ],
            [
              10.54864890993148,
              36.65669593903329
            ],
            [
              10.548459140987315,
              36.656698395132686
            ],
            [
              10.548316044806693,
              36.65666200958674
            ],
            [
              10.548124741215787,
              36.65658801024982
            ],
            [
              10.547885230627859,
              36.65647639687837
            ],
            [
              10.547644957637917,
              36.656326555492235
            ],
            [
              10.547405448596447,
              36.65621494435562
            ],
            [
              10.547165177268088,
              36.65606509871365
            ],
            [
              10.54687746318878,
              36.65591587242286
            ],
            [
              10.546589750141083,
              36.655766642166846
            ],
            [
              10.546301275792569,
              36.655579183642175
            ],
            [
              10.546013565148405,
              36.655429955170106
            ],
            [
              10.545821504567531,
              36.655317724441154
            ],
            [
              10.545677650014056,
              36.65524310807045
            ],
            [
              10.545438147019631,
              36.65513148957058
            ],
            [
              10.545198644705339,
              36.65501987057063
            ],
            [
              10.545054799336008,
              36.654945253312675
            ],
            [
              10.544910946195413,
              36.654870635977375
            ],
            [
              10.544910184506769,
              36.65483240840388
            ],
            [
              10.544956104271037,
              36.654755340675635
            ],
            [
              10.545047181782394,
              36.654562977596804
            ],
            [
              10.545139782433811,
              36.65444706959742
            ],
            [
              10.545139020643802,
              36.65440884202533
            ],
            [
              10.545138258855232,
              36.65437061445298
            ],
            [
              10.545137497068097,
              36.65433238688036
            ],
            [
              10.54504108784305,
              36.65425715700543
            ],
            [
              10.544991359880129,
              36.65414308688402
            ],
            [
              10.544845223418259,
              36.65395378668566
            ],
            [
              10.544748053373729,
              36.65384032896886
            ],
            [
              10.544747291858766,
              36.65380210462598
            ],
            [
              10.544650883682168,
              36.653726874404136
            ],
            [
              10.544602679599633,
              36.65368925602174
            ],
            [
              10.544314979253302,
              36.65354002315674
            ],
            [
              10.544218571820911,
              36.653464792564044
            ],
            [
              10.544170368175024,
              36.65342717723643
            ],
            [
              10.544120642062236,
              36.65331310669326
            ],
            [
              10.544024235168827,
              36.65323787916951
            ],
            [
              10.54392782839838,
              36.6531626483222
            ],
            [
              10.543783979676308,
              36.65308802950015
            ],
            [
              10.543640131163778,
              36.65301340725668
            ],
            [
              10.543544486068864,
              36.652976406930726
            ],
            [
              10.543448080086607,
              36.65290117567313
            ],
            [
              10.54306397946045,
              36.652676705050894
            ],
            [
              10.543016537556161,
              36.65267731684799
            ],
            [
              10.542920132455826,
              36.65260208513843
            ],
            [
              10.542680641563962,
              36.65249046075792
            ],
            [
              10.542727322817596,
              36.65245162146916
            ],
            [
              10.542773243460275,
              36.65237455453515
            ],
            [
              10.542913286733382,
              36.65225803651362
            ],
            [
              10.543100010441398,
              36.65210267890733
            ],
            [
              10.54324005273032,
              36.65198616051944
            ],
            [
              10.543567577368893,
              36.65175251128822
            ],
            [
              10.543708379323316,
              36.65167421999094
            ],
            [
              10.543989982367066,
              36.651517636913965
            ],
            [
              10.544272345598479,
              36.65139928404129
            ],
            [
              10.54441238483447,
              36.65128276433269
            ],
            [
              10.544553185058701,
              36.6512044720706
            ],
            [
              10.545117898390805,
              36.65096775670822
            ],
            [
              10.545494377412663,
              36.65080994818968
            ],
            [
              10.545870854736773,
              36.65065213203248
            ],
            [
              10.546153973997193,
              36.65057200240347
            ],
            [
              10.546483770727031,
              36.6504530281725
            ],
            [
              10.546718685646983,
              36.650335279544485
            ],
            [
              10.546953599840997,
              36.65021753046757
            ],
            [
              10.547753218215801,
              36.64986305331378
            ],
            [
              10.548457949443899,
              36.64950979879883
            ],
            [
              10.548740290118749,
              36.64939143248962
            ],
            [
              10.548928522108282,
              36.64931252118549
            ],
            [
              10.549164193361058,
              36.649232995414636
            ],
            [
              10.549257545306663,
              36.64915531194081
            ],
            [
              10.549492451931405,
              36.64903755800793
            ],
            [
              10.549774033352103,
              36.64888096168644
            ],
            [
              10.549960735035821,
              36.64872559699303
            ],
            [
              10.550240786058554,
              36.64849254456962
            ],
            [
              10.550048737189647,
              36.64838032027172
            ],
            [
              10.549568999399941,
              36.648118875111784
            ],
            [
              10.549281310957966,
              36.64796965060964
            ],
            [
              10.54899362361178,
              36.64782042538256
            ],
            [
              10.548801578185232,
              36.64770819897875
            ],
            [
              10.548514655981881,
              36.64759720009666
            ],
            [
              10.548178777825196,
              36.64741035905266
            ],
            [
              10.54784365615621,
              36.64726174469079
            ],
            [
              10.547363932514516,
              36.64700028701934
            ],
            [
              10.547220092308281,
              36.64692567208224
            ],
            [
              10.546070904572682,
              36.64640520127618
            ],
            [
              10.54578246725653,
              36.64621774359841
            ],
            [
              10.545494792998428,
              36.646068509562696
            ],
            [
              10.545111482936255,
              36.64588227550368
            ],
            [
              10.544776381559974,
              36.64573364883336
            ],
            [
              10.544393836009093,
              36.64558564001427
            ],
            [
              10.543722102116417,
              36.64521193289231
            ],
            [
              10.543097811740779,
              36.64483761010717
            ],
            [
              10.54242533030525,
              36.64442566764336
            ],
            [
              10.541657982799672,
              36.644014946709085
            ],
            [
              10.541177548224015,
              36.643715235198
            ],
            [
              10.540985524098389,
              36.643602995607
            ],
            [
              10.540265628312335,
              36.643191651181034
            ],
            [
              10.539595452267728,
              36.64289437840166
            ],
            [
              10.539594693538168,
              36.64285615065552
            ],
            [
              10.539733966220268,
              36.64270140874002
            ],
            [
              10.539732448636364,
              36.64262495324996
            ],
            [
              10.538581861263333,
              36.642027951542936
            ],
            [
              10.537143650758699,
              36.6412816863614
            ],
            [
              10.536234057436863,
              36.640872756632405
            ],
            [
              10.533937540004775,
              36.63990803840258
            ],
            [
              10.53379372560918,
              36.63983340654849
            ],
            [
              10.5337470471313,
              36.63987224234108
            ],
            [
              10.533460930325283,
              36.63979943373141
            ],
            [
              10.532790053590173,
              36.63946389006193
            ],
            [
              10.53255062198684,
              36.63935224372407
            ],
            [
              10.531448321483781,
              36.63879279735057
            ],
            [
              10.530009484082882,
              36.63800821141924
            ],
            [
              10.528524748996043,
              36.637300669088866
            ],
            [
              10.527087473038865,
              36.63659250232687
            ],
            [
              10.526704253030172,
              36.636406209838725
            ],
            [
              10.52627360654918,
              36.63622051443267
            ],
            [
              10.52541156009993,
              36.63581089084494
            ],
            [
              10.524693320116317,
              36.63547590424867
            ],
            [
              10.523878725619321,
              36.63506566482641
            ],
            [
              10.523494769984216,
              36.634841127045085
            ],
            [
              10.523398406168216,
              36.63476587835313
            ],
            [
              10.522694441275865,
              36.63515721298237
            ],
            [
              10.521943783099552,
              36.635587374912085
            ],
            [
              10.520684102856881,
              36.63667403420625
            ],
            [
              10.520404750872238,
              36.636945246764256
            ],
            [
              10.51984454341272,
              36.63741121374749
            ],
            [
              10.519379948541806,
              36.63791420201266
            ],
            [
              10.5191517636041,
              36.63837595030134
            ],
            [
              10.51892507283658,
              36.63891415446261
            ],
            [
              10.518791750857496,
              36.63937469158938
            ],
            [
              10.518754793343028,
              36.63991048747589
            ],
            [
              10.518577775451822,
              36.640562773453034
            ],
            [
              10.518306636040904,
              36.641254487618774
            ],
            [
              10.518171810720533,
              36.64163857426507
            ],
            [
              10.517244031178924,
              36.64272099016988
            ],
            [
              10.516215364149325,
              36.63864261209381
            ],
            [
              10.51593897699037,
              36.639066727379834
            ],
            [
              10.51589303666092,
              36.639143784567885
            ],
            [
              10.515847843011256,
              36.63925906345174
            ],
            [
              10.515850083833863,
              36.639373754509144
            ],
            [
              10.515758202436318,
              36.639527862324464
            ],
            [
              10.51571226166668,
              36.63960491944747
            ],
            [
              10.515619633061979,
              36.63972080545016
            ],
            [
              10.5153884336966,
              36.640029634258106
            ],
            [
              10.51520317425263,
              36.64026140572175
            ],
            [
              10.51515723251257,
              36.6403384626443
            ],
            [
              10.514972722178138,
              36.64060846191841
            ],
            [
              10.514788952974452,
              36.64091668917632
            ],
            [
              10.514373228276733,
              36.641495511684624
            ],
            [
              10.51400344144296,
              36.64199727958159
            ],
            [
              10.513818919242345,
              36.64226727723025
            ],
            [
              10.513635145628147,
              36.64257549953037
            ],
            [
              10.513589196989136,
              36.642652555937595
            ],
            [
              10.513497311508944,
              36.642806668549696
            ],
            [
              10.513451362601511,
              36.642883724907165
            ],
            [
              10.51340542164879,
              36.64296078114633
            ],
            [
              10.513359476584503,
              36.64303783741976
            ],
            [
              10.513361713900357,
              36.64315252205575
            ],
            [
              10.51331800595147,
              36.64334426294817
            ],
            [
              10.513273552061541,
              36.643497775612744
            ],
            [
              10.513182406676282,
              36.64369011626007
            ],
            [
              10.513092006449853,
              36.64392068181339
            ],
            [
              10.51304829746206,
              36.6441124226083
            ],
            [
              10.512865258151068,
              36.64445887206151
            ],
            [
              10.512774856279359,
              36.64468944386825
            ],
            [
              10.512638506876565,
              36.64499706514377
            ],
            [
              10.5125014110828,
              36.64526646129997
            ],
            [
              10.512456954591109,
              36.645419973674564
            ],
            [
              10.51241249793311,
              36.64557348603282
            ],
            [
              10.512321348118919,
              36.64576582606191
            ],
            [
              10.512228707286233,
              36.645881709598065
            ],
            [
              10.512136811425865,
              36.64603582128118
            ],
            [
              10.511951532327021,
              36.64626758796513
            ],
            [
              10.51181219665476,
              36.646422295488904
            ],
            [
              10.511766248046369,
              36.64649935118822
            ],
            [
              10.511718809239383,
              36.646499950433295
            ],
            [
              10.511295584142303,
              36.64669648391898
            ],
            [
              10.51115475688443,
              36.64677473749861
            ],
            [
              10.511013929275272,
              36.646852987677036
            ],
            [
              10.510920540531062,
              36.646930642020344
            ],
            [
              10.510733762480365,
              36.64708595049722
            ],
            [
              10.51064112173508,
              36.647201832813714
            ],
            [
              10.510547728174792,
              36.6472794869293
            ],
            [
              10.510501777809742,
              36.647356542170634
            ],
            [
              10.5103142575322,
              36.64747362173468
            ],
            [
              10.510267562458644,
              36.64751244865348
            ],
            [
              10.510221607657963,
              36.64758950384414
            ],
            [
              10.510034086387986,
              36.64770658298528
            ],
            [
              10.509659778161915,
              36.64797896876153
            ],
            [
              10.509567130732268,
              36.648094850337955
            ],
            [
              10.509472995050547,
              36.64813427535072
            ],
            [
              10.509380347157922,
              36.648250156789594
            ],
            [
              10.509286211189426,
              36.64828958166024
            ],
            [
              10.509192075123,
              36.6483290064584
            ],
            [
              10.50890967035853,
              36.64844728036732
            ],
            [
              10.508720649695903,
              36.64848790110312
            ],
            [
              10.508626517109748,
              36.64852732541434
            ],
            [
              10.508532380403272,
              36.6485667497038
            ],
            [
              10.508438987088507,
              36.64864440218398
            ],
            [
              10.508345593523284,
              36.648722051354035
            ],
            [
              10.508299640126852,
              36.64879910579759
            ],
            [
              10.508114338962466,
              36.64903086687384
            ],
            [
              10.507929779894207,
              36.64930085270618
            ],
            [
              10.507790430818737,
              36.64945555899816
            ],
            [
              10.507699265145462,
              36.64964789573702
            ],
            [
              10.507607355921639,
              36.64980200414035
            ],
            [
              10.50742205034623,
              36.65003376420426
            ],
            [
              10.507329397147267,
              36.650149644134366
            ],
            [
              10.507144093949305,
              36.650381403740184
            ],
            [
              10.507144836847392,
              36.65041963201473
            ],
            [
              10.507098138411038,
              36.65045845774939
            ],
            [
              10.50705218278324,
              36.65053551174201
            ],
            [
              10.506912829777031,
              36.65069021706722
            ],
            [
              10.506820175048754,
              36.65080609662427
            ],
            [
              10.506727520046287,
              36.6509219761134
            ],
            [
              10.50658890834972,
              36.65111490935967
            ],
            [
              10.506495510040981,
              36.65119256039871
            ],
            [
              10.506362094951259,
              36.6516530848785
            ],
            [
              10.506319850552428,
              36.65192128000479
            ],
            [
              10.50627686337546,
              36.65215124683272
            ],
            [
              10.506282803553415,
              36.65245707305286
            ],
            [
              10.506285773676037,
              36.65260998615672
            ],
            [
              10.506288001282721,
              36.65272467098189
            ],
            [
              10.506242786086618,
              36.65283995295772
            ],
            [
              10.506244271126292,
              36.65291640950664
            ],
            [
              10.506104914357302,
              36.653071113936626
            ],
            [
              10.50601448090455,
              36.653301677767125
            ],
            [
              10.50582916445849,
              36.653533435496776
            ],
            [
              10.505736504818454,
              36.65364931427237
            ],
            [
              10.505646071589776,
              36.65387987457654
            ],
            [
              10.505554895693933,
              36.65407220977721
            ],
            [
              10.50546446153134,
              36.654302773191574
            ],
            [
              10.505419986347746,
              36.654456279913084
            ],
            [
              10.505329551370188,
              36.65468684323011
            ],
            [
              10.505238375808528,
              36.654879178177744
            ],
            [
              10.505192415828859,
              36.65495623149991
            ],
            [
              10.505147197796163,
              36.655071513085225
            ],
            [
              10.505056019344453,
              36.655263847927294
            ],
            [
              10.504965582411561,
              36.65549441098411
            ],
            [
              10.504922589576195,
              36.65572437732744
            ],
            [
              10.504877370728467,
              36.6558396588154
            ],
            [
              10.50488256417213,
              36.656107253524766
            ],
            [
              10.504889241638544,
              36.656451308012755
            ],
            [
              10.504846248143224,
              36.656681274310145
            ],
            [
              10.504803996270406,
              36.65694946562275
            ],
            [
              10.504714298664538,
              36.65721825676094
            ],
            [
              10.504671304300311,
              36.657448222988194
            ],
            [
              10.504431850653315,
              36.65733652083014
            ],
            [
              10.500986171810537,
              36.65585029144421
            ],
            [
              10.49524341419392,
              36.653360266251376
            ],
            [
              10.49519523374806,
              36.65332263054681
            ],
            [
              10.495148527442774,
              36.653361451753234
            ],
            [
              10.49471241169225,
              36.6553552519148
            ],
            [
              10.494449110153525,
              36.65646742923694
            ],
            [
              10.494459425230238,
              36.65700262438129
            ],
            [
              10.494864046745409,
              36.65829765080787
            ],
            [
              10.494920339969884,
              36.65875579608352
            ],
            [
              10.494830605852101,
              36.65902458052729
            ],
            [
              10.494646714046553,
              36.65933277860806
            ],
            [
              10.493673895298521,
              36.660568526463436
            ],
            [
              10.492658749501475,
              36.66207245463009
            ],
            [
              10.492061047180348,
              36.663074087170095
            ],
            [
              10.491745822857519,
              36.6639574794734
            ],
            [
              10.491661219458258,
              36.66449385765982
            ],
            [
              10.49166784011979,
              36.66483791374258
            ],
            [
              10.491773042805718,
              36.665371928957
            ],
            [
              10.492147878933318,
              36.66758503033132
            ],
            [
              10.492199746947831,
              36.667813809137236
            ],
            [
              10.492313788625836,
              36.668806561239826
            ],
            [
              10.49242856982206,
              36.669837541413614
            ],
            [
              10.4925470357272,
              36.671059663223424
            ],
            [
              10.492668451377815,
              36.6724346981343
            ],
            [
              10.492743152631022,
              36.673848552958084
            ],
            [
              10.492822274376168,
              36.67549177432058
            ],
            [
              10.492945914417165,
              36.67698149274809
            ],
            [
              10.492907297443233,
              36.67744082511208
            ],
            [
              10.492868676081091,
              36.67790015748987
            ],
            [
              10.49283300461938,
              36.67851239991983
            ],
            [
              10.492792911372666,
              36.67889527550612
            ],
            [
              10.492798803906929,
              36.679201098997424
            ],
            [
              10.49285289268563,
              36.6795445618798
            ],
            [
              10.492958861786036,
              36.6801168024865
            ],
            [
              10.493014423425997,
              36.68053671865581
            ],
            [
              10.493018843787247,
              36.68076608861953
            ],
            [
              10.492996434350744,
              36.682066440587754
            ],
            [
              10.492968126715695,
              36.683060965851396
            ],
            [
              10.492984335938932,
              36.68390198866664
            ],
            [
              10.492990967116416,
              36.684246040178365
            ],
            [
              10.493228279027932,
              36.684243078440076
            ],
            [
              10.493465590904702,
              36.68424011622904
            ],
            [
              10.493655440381094,
              36.68423774611984
            ],
            [
              10.49379782747379,
              36.684235968339394
            ],
            [
              10.493987674899111,
              36.68423359772586
            ],
            [
              10.49417752431432,
              36.684231226784654
            ],
            [
              10.494271711569809,
              36.68419181291808
            ],
            [
              10.49446229839541,
              36.684227669805544
            ],
            [
              10.49469887243637,
              36.6841864768612
            ],
            [
              10.494841259366847,
              36.68418469783521
            ],
            [
              10.494983644272665,
              36.68418291866417
            ],
            [
              10.495031106575867,
              36.68418232556096
            ],
            [
              10.495174231366876,
              36.68421877440472
            ],
            [
              10.495315880365851,
              36.68417876654459
            ],
            [
              10.495458265229917,
              36.68417698680628
            ],
            [
              10.495647376255612,
              36.684136385264736
            ],
            [
              10.49578902484005,
              36.68409637685
            ],
            [
              10.495929935012771,
              36.68401814001508
            ],
            [
              10.496070842884736,
              36.683939903043985
            ],
            [
              10.496212490875205,
              36.683899894137184
            ],
            [
              10.496305938196711,
              36.683822250441594
            ],
            [
              10.496399385393037,
              36.683744609916154
            ],
            [
              10.496493570867862,
              36.68370519432753
            ],
            [
              10.496634479597459,
              36.683626956686
            ],
            [
              10.496822849913165,
              36.68354812507459
            ],
            [
              10.497104663814872,
              36.68339164889996
            ],
            [
              10.497617874339966,
              36.68292637577627
            ],
            [
              10.498880837658623,
              36.68195462543297
            ],
            [
              10.499441486568825,
              36.68148875344529
            ],
            [
              10.50004959092232,
              36.68102228061073
            ],
            [
              10.500329910288837,
              36.680789340669065
            ],
            [
              10.500470067326418,
              36.68067287048705
            ],
            [
              10.500563506458159,
              36.680595223594665
            ],
            [
              10.500610225953624,
              36.6805564001222
            ],
            [
              10.500702924278466,
              36.68044052493047
            ],
            [
              10.50079636289671,
              36.680362877864106
            ],
            [
              10.500936520472068,
              36.68024640713324
            ],
            [
              10.501077416314834,
              36.68016816445972
            ],
            [
              10.501358470384373,
              36.67997345363287
            ],
            [
              10.501591322567288,
              36.679741106421005
            ],
            [
              10.501732218827433,
              36.6796628629769
            ],
            [
              10.50177819412533,
              36.679585810910446
            ],
            [
              10.50187311479899,
              36.679584619371546
            ],
            [
              10.501919831012431,
              36.67954579543292
            ],
            [
              10.502108927023748,
              36.679505183930814
            ],
            [
              10.50220162185232,
              36.679389307632256
            ],
            [
              10.502343258145462,
              36.679349291662845
            ],
            [
              10.502437435138937,
              36.67930987153426
            ],
            [
              10.502482668153572,
              36.67919459104073
            ],
            [
              10.502528646454156,
              36.67911753865147
            ],
            [
              10.502620596750331,
              36.678963433898865
            ],
            [
              10.50285344217335,
              36.67873108757631
            ],
            [
              10.502945393391567,
              36.67857698256314
            ],
            [
              10.503036602626658,
              36.67838464931688
            ],
            [
              10.503127069758836,
              36.678154087838585
            ],
            [
              10.50321605297379,
              36.67784706996167
            ],
            [
              10.504166699677407,
              36.67791159677223
            ],
            [
              10.505402838075067,
              36.67801076148896
            ],
            [
              10.505830705587085,
              36.67804361439905
            ],
            [
              10.50626005781944,
              36.67815292201175
            ],
            [
              10.506403919444963,
              36.678227585632186
            ],
            [
              10.506405406019024,
              36.67830404184891
            ],
            [
              10.506977879526833,
              36.67844978213416
            ],
            [
              10.50802791540879,
              36.67874245075754
            ],
            [
              10.509270777159614,
              36.67918562413188
            ],
            [
              10.509845495228086,
              36.67944603448885
            ],
            [
              10.510036821732527,
              36.679520094606595
            ],
            [
              10.510567071102662,
              36.67993401243463
            ],
            [
              10.510905250980453,
              36.68023563815292
            ],
            [
              10.510817787187607,
              36.68061911705251
            ],
            [
              10.51082151487777,
              36.680810257127014
            ],
            [
              10.510829715920003,
              36.68123076526811
            ],
            [
              10.51083791706937,
              36.68165127013766
            ],
            [
              10.510840899370713,
              36.6818041821698
            ],
            [
              10.510938057244333,
              36.68191766738674
            ],
            [
              10.511179084778568,
              36.68210581009691
            ],
            [
              10.511275497730498,
              36.68218106701482
            ],
            [
              10.511323708301019,
              36.68221869539168
            ],
            [
              10.511469070038103,
              36.68236980535337
            ],
            [
              10.511613690455984,
              36.68248269032072
            ],
            [
              10.511615182416824,
              36.68255914629924
            ],
            [
              10.511628610317908,
              36.683247250059445
            ],
            [
              10.511638308467054,
              36.68374421059384
            ],
            [
              10.511688008354714,
              36.68385829803804
            ],
            [
              10.51159532283193,
              36.68397417819642
            ],
            [
              10.511225324087865,
              36.684475939094746
            ],
            [
              10.510854578962945,
              36.684939470874575
            ],
            [
              10.51048457085641,
              36.68544122636796
            ],
            [
              10.510207993434813,
              36.68586532969977
            ],
            [
              10.509839467245094,
              36.686443539296974
            ],
            [
              10.509192116564193,
              36.68733116813787
            ],
            [
              10.508729392219635,
              36.68794880331882
            ],
            [
              10.508545491699541,
              36.68825701524786
            ],
            [
              10.507992297196326,
              36.68910521280888
            ],
            [
              10.507761670248618,
              36.689452256433825
            ],
            [
              10.507669716588008,
              36.689606364971766
            ],
            [
              10.5076252280256,
              36.68975987524225
            ],
            [
              10.507580739296438,
              36.68991338549635
            ],
            [
              10.507535506234317,
              36.69002866772132
            ],
            [
              10.507350108184113,
              36.69026042837583
            ],
            [
              10.507166196900764,
              36.690568638310054
            ],
            [
              10.506980796481802,
              36.69080039842399
            ],
            [
              10.506702695805178,
              36.69114803805943
            ],
            [
              10.50665746076156,
              36.69126331997415
            ],
            [
              10.506661179600803,
              36.691454460072485
            ],
            [
              10.508078472297733,
              36.69109246413558
            ],
            [
              10.508975857632613,
              36.690851723099236
            ],
            [
              10.509590681174274,
              36.69072925365257
            ],
            [
              10.510536268712098,
              36.69052612999056
            ],
            [
              10.513090452288552,
              36.69003500743213
            ],
            [
              10.514131703360691,
              36.68986888262368
            ]
          ]
        ]
      }
    },
    {
      "type": "Feature",
      "id": "osm:relation:7104935",
      "properties": {
        "key": "fondouk-jedid",
        "sourceOsmId": "osm:relation:7104935",
        "currentCode": "156451",
        "sourceName": "فندق الجديد",
        "sourceParentName": "قرنبالية",
        "sourcePdf": {
          "file": "C:\\Users\\barou\\Documents\\Codex\\2026-09-06\\the-android-app-app-currently-allows\\work\\soliman-adjacent-native-source-review\\fondouk-jedid.pdf",
          "sha256": "30e8a44086627c679d90fe8c55dfbdf2e96280519d7660b691af408088440cef"
        },
        "sourceRetrieval": {
          "file": "C:\\Users\\barou\\Documents\\Codex\\2026-09-06\\the-android-app-app-currently-allows\\work\\soliman-adjacent-native-source-review\\fondouk-jedid-retrieval.json",
          "sha256": "fb222f05c87c9a6da964be34ba310546bdc62974f0180df34e3dad07613413ea"
        },
        "sourceDrawingIndices": [
          579
        ],
        "sourceExtraction": {
          "file": "C:\\Users\\barou\\Documents\\Codex\\2026-09-06\\the-android-app-app-currently-allows\\work\\soliman-adjacent-native-source-review\\native-neighbor-source-records.json",
          "sha256": "3e6e9ad53e3723fdb29870b7a118e298dce3f93e8d02dd95788791725f031ac5"
        },
        "sourceSplitReconstruction": null,
        "officialRegistryRow": {
          "governorateCode": "15",
          "governorateFr": "Nabeul",
          "governorateAr": "نابل",
          "delegationCode": "1564",
          "delegationFr": "Grombalia",
          "delegationAr": "قرنبالية",
          "sectorCode": "156451",
          "sectorFr": "Fondouk djedid",
          "sectorAr": "فندق الجديد",
          "sourceRows": {
            "Population_Secteur_Age_Sexe_Dynamique.xlsx": 13941,
            "Nombre_de_Logements_par_Secteurs.xlsx": 570,
            "Nombre_de_menages_par_Secteurs.xlsx": 569
          }
        },
        "binding": "Named own map aligned with the current registry row; whole boundary remains unaccepted."
      },
      "geometry": {
        "type": "Polygon",
        "coordinates": [
          [
            [
              10.435082923296623,
              36.68976093024628
            ],
            [
              10.435300347950959,
              36.689159981273676
            ],
            [
              10.435467475121191,
              36.688927841995856
            ],
            [
              10.43597654746808,
              36.688645560519696
            ],
            [
              10.437623139859689,
              36.68807342179481
            ],
            [
              10.437850815771295,
              36.68802465174411
            ],
            [
              10.438136475982848,
              36.688021207707784
            ],
            [
              10.438537263691638,
              36.6880624000741
            ],
            [
              10.439281707189565,
              36.68814547018183
            ],
            [
              10.439623648208952,
              36.688095317827774
            ],
            [
              10.440250391041245,
              36.68799570017405
            ],
            [
              10.441606985866999,
              36.687196876403775
            ],
            [
              10.442062326781786,
              36.68709932474153
            ],
            [
              10.44251680252367,
              36.68695575234195
            ],
            [
              10.443950259135379,
              36.68721455652269
            ],
            [
              10.445958493437274,
              36.68765048260148
            ],
            [
              10.449171711338543,
              36.68834789277131
            ],
            [
              10.450548949151955,
              36.68865332549482
            ],
            [
              10.45175566198755,
              36.68900684733495
            ],
            [
              10.452790119390551,
              36.689316429671706
            ],
            [
              10.453652307968504,
              36.68958207720582
            ],
            [
              10.454741314903464,
              36.68975290109921
            ],
            [
              10.4561142615826,
              36.6898281938783
            ],
            [
              10.456628466505766,
              36.68982191488369
            ],
            [
              10.456971260010688,
              36.68981772777249
            ],
            [
              10.457143529508828,
              36.68986165254522
            ],
            [
              10.457709659150563,
              36.689578581724426
            ],
            [
              10.458162386144757,
              36.68934292021774
            ],
            [
              10.458672243631979,
              36.68910655829647
            ],
            [
              10.459864217263627,
              36.68867774504936
            ],
            [
              10.46293544351974,
              36.68790370965077
            ],
            [
              10.46569039795034,
              36.68552259236245
            ],
            [
              10.467659374197792,
              36.683887497208836
            ],
            [
              10.469401495419921,
              36.68234721184805
            ],
            [
              10.47192931058506,
              36.68006080085809
            ],
            [
              10.473111411089281,
              36.67912570230027
            ],
            [
              10.476165418734716,
              36.67747705877198
            ],
            [
              10.477636573779433,
              36.67672243601628
            ],
            [
              10.477401043172343,
              36.67635715007314
            ],
            [
              10.477103115986807,
              36.67571648757141
            ],
            [
              10.476959856823395,
              36.674199425584256
            ],
            [
              10.476589879359944,
              36.67277722065685
            ],
            [
              10.476403577957862,
              36.671997097577005
            ],
            [
              10.47634030674321,
              36.671675702342334
            ],
            [
              10.476213766028623,
              36.671032911686275
            ],
            [
              10.475816591592233,
              36.66818425330031
            ],
            [
              10.475813078456264,
              36.66800019473749
            ],
            [
              10.475694452924795,
              36.667771534729354
            ],
            [
              10.475574959677427,
              36.66749685980886
            ],
            [
              10.475093445618375,
              36.66621410431549
            ],
            [
              10.474970436633285,
              36.665755373937905
            ],
            [
              10.474908932684942,
              36.66552600672622
            ],
            [
              10.474904544396377,
              36.665295933324764
            ],
            [
              10.474843918665107,
              36.66511258073338
            ],
            [
              10.474610193286662,
              36.66483931686728
            ],
            [
              10.474490699140295,
              36.664564644559185
            ],
            [
              10.474007468704041,
              36.66318984992331
            ],
            [
              10.473310707575706,
              36.66260012860844
            ],
            [
              10.47185747756497,
              36.66128332928124
            ],
            [
              10.469124255748667,
              36.65873958923049
            ],
            [
              10.467556087616215,
              36.65737812870535
            ],
            [
              10.465871131781011,
              36.65587999688809
            ],
            [
              10.465755170869885,
              36.65578937028391
            ],
            [
              10.465582973609974,
              36.655745460048365
            ],
            [
              10.465524993462084,
              36.655700150514235
            ],
            [
              10.465465269780763,
              36.655562803247
            ],
            [
              10.464762543957807,
              36.65465092731686
            ],
            [
              10.464178403332506,
              36.65396771230541
            ],
            [
              10.463307878990683,
              36.65324198132124
            ],
            [
              10.46214748236275,
              36.65228967181598
            ],
            [
              10.462204588352519,
              36.65228897197739
            ],
            [
              10.463325819737795,
              36.651170612754605
            ],
            [
              10.464223816867719,
              36.65033113316844
            ],
            [
              10.464390775748148,
              36.65009895560481
            ],
            [
              10.464502371444748,
              36.64995950877819
            ],
            [
              10.464932197541874,
              36.64852744302742
            ],
            [
              10.46487422324951,
              36.64848212909368
            ],
            [
              10.464528120791122,
              36.64830227491466
            ],
            [
              10.463773595062472,
              36.64766717368597
            ],
            [
              10.462152126243959,
              36.646490389337174
            ],
            [
              10.461801692746933,
              36.646080455251024
            ],
            [
              10.461565465170453,
              36.645669117302354
            ],
            [
              10.460983160290848,
              36.64507791371941
            ],
            [
              10.460573033651357,
              36.644530625467745
            ],
            [
              10.460217408179947,
              36.64384459532512
            ],
            [
              10.459747600180043,
              36.64315995699059
            ],
            [
              10.458256948192552,
              36.64285600693083
            ],
            [
              10.458201582997043,
              36.64294873122083
            ],
            [
              10.457622998589493,
              36.6486169592333
            ],
            [
              10.457508791797219,
              36.648618354370655
            ],
            [
              10.456763848475767,
              36.64848937454205
            ],
            [
              10.45686939129762,
              36.64802782827668
            ],
            [
              10.456919563090757,
              36.647659009543055
            ],
            [
              10.456970600873984,
              36.647336205966745
            ],
            [
              10.456909166550373,
              36.647106827256074
            ],
            [
              10.45673439460605,
              36.64692485803254
            ],
            [
              10.456561355861888,
              36.646834922833946
            ],
            [
              10.456332081409668,
              36.646791695640694
            ],
            [
              10.45604570514521,
              36.64674916482327
            ],
            [
              10.455760204527236,
              36.64675264841093
            ],
            [
              10.455590629466977,
              36.646846768750514
            ],
            [
              10.45536395170248,
              36.64694158145562
            ],
            [
              10.455080171153226,
              36.64703709400542
            ],
            [
              10.454909729515999,
              36.64708520207091
            ],
            [
              10.45479552484761,
              36.647086594557166
            ],
            [
              10.454623352751284,
              36.6470426639412
            ],
            [
              10.454451180989585,
              36.64699874087215
            ],
            [
              10.454048006343848,
              36.64681955153545
            ],
            [
              10.452495882712062,
              36.64628615005069
            ],
            [
              10.450769897174228,
              36.645616760729155
            ],
            [
              10.449389122043392,
              36.645081230825554
            ],
            [
              10.44846861568277,
              36.64472420173441
            ],
            [
              10.447375965165735,
              36.64432322776315
            ],
            [
              10.447203803272586,
              36.644279293971245
            ],
            [
              10.44639837654258,
              36.643966878716064
            ],
            [
              10.445535856142433,
              36.64365514958931
            ],
            [
              10.445075623754445,
              36.643476620582895
            ],
            [
              10.444501189078839,
              36.64329947619949
            ],
            [
              10.444271072403236,
              36.643210209900225
            ],
            [
              10.444213113970038,
              36.64316488551286
            ],
            [
              10.443809982165046,
              36.64298566043713
            ],
            [
              10.443694066237354,
              36.64289501116088
            ],
            [
              10.443625808466182,
              36.64229750049459
            ],
            [
              10.443680332513267,
              36.64215876319587
            ],
            [
              10.443791955247123,
              36.64201933502756
            ],
            [
              10.443621516920171,
              36.64206742298574
            ],
            [
              10.443222687386148,
              36.6421182732174
            ],
            [
              10.443052248461655,
              36.6421663603726
            ],
            [
              10.44288180931795,
              36.642214447288126
            ],
            [
              10.442596314089858,
              36.64221789907806
            ],
            [
              10.442310818813128,
              36.642221350184094
            ],
            [
              10.442196620688819,
              36.64222273043501
            ],
            [
              10.442027038211352,
              36.64231683167316
            ],
            [
              10.441799498873483,
              36.64236560706518
            ],
            [
              10.441455189712617,
              36.64227771494387
            ],
            [
              10.440999258257074,
              36.642329247512954
            ],
            [
              10.440712905786608,
              36.642286679240804
            ],
            [
              10.440596994462886,
              36.64219602683677
            ],
            [
              10.440363459902215,
              36.64192269052935
            ],
            [
              10.439900676144834,
              36.64160609430844
            ],
            [
              10.439553804768105,
              36.64138014979488
            ],
            [
              10.439261466785048,
              36.64101547266093
            ],
            [
              10.439026234345654,
              36.64065010222899
            ],
            [
              10.438789288655268,
              36.64019270399108
            ],
            [
              10.43855833233447,
              36.64005741064082
            ],
            [
              10.438270279350261,
              36.63992280501488
            ],
            [
              10.437924275134677,
              36.63974287105672
            ],
            [
              10.437579131983425,
              36.63960895163865
            ],
            [
              10.43740441726763,
              36.63942695250965
            ],
            [
              10.43705244193695,
              36.6389249062592
            ],
            [
              10.43698936536598,
              36.63860348418773
            ],
            [
              10.436870047245387,
              36.63832876521818
            ],
            [
              10.436693634020727,
              36.63805474130611
            ],
            [
              10.436576879655032,
              36.63791806120751
            ],
            [
              10.436518075871712,
              36.63782672497202
            ],
            [
              10.436563216283991,
              36.637181818121604
            ],
            [
              10.43666972113066,
              36.63676630228766
            ],
            [
              10.436663743145619,
              36.636444192487296
            ],
            [
              10.436538452426417,
              36.635847363146226
            ],
            [
              10.436530767422765,
              36.635433221883105
            ],
            [
              10.436638124285603,
              36.63506372170714
            ],
            [
              10.436453181609233,
              36.63432954006652
            ],
            [
              10.436333018759488,
              36.63400880447003
            ],
            [
              10.435984485265466,
              36.63369081686761
            ],
            [
              10.435917150867883,
              36.63313931513193
            ],
            [
              10.435855791319664,
              36.632909923411894
            ],
            [
              10.435625715372407,
              36.63282063936004
            ],
            [
              10.434427634219936,
              36.63288107178747
            ],
            [
              10.431022511395927,
              36.634026575705384
            ],
            [
              10.426927065223879,
              36.63490408288628
            ],
            [
              10.421127129127699,
              36.63626201239728
            ],
            [
              10.413315170650959,
              36.636907096288
            ],
            [
              10.411379787957438,
              36.63725218355943
            ],
            [
              10.411322691793972,
              36.63725285879487
            ],
            [
              10.40695974588788,
              36.639145412558605
            ],
            [
              10.404580019518006,
              36.64018601975256
            ],
            [
              10.399340275171205,
              36.64098398963531
            ],
            [
              10.397693540221963,
              36.64150957537821
            ],
            [
              10.395763773838775,
              36.642176527659366
            ],
            [
              10.393046160984266,
              36.643497010710455
            ],
            [
              10.392647280431405,
              36.64354769246641
            ],
            [
              10.392589351169121,
              36.643502342313504
            ],
            [
              10.392240123887706,
              36.6431382077025
            ],
            [
              10.391554914483955,
              36.643146199719034
            ],
            [
              10.391154380332175,
              36.64310484338597
            ],
            [
              10.390812601369095,
              36.643154853321654
            ],
            [
              10.390522138153779,
              36.64288208105327
            ],
            [
              10.389780653553018,
              36.64293674473549
            ],
            [
              10.388814895065705,
              36.64322414502923
            ],
            [
              10.388418491622662,
              36.64341286238992
            ],
            [
              10.388133810593393,
              36.6434622003461
            ],
            [
              10.387789552409277,
              36.643374151875136
            ],
            [
              10.387448597126065,
              36.64347016880403
            ],
            [
              10.387165564730955,
              36.64361153768728
            ],
            [
              10.386998383752276,
              36.64384361187447
            ],
            [
              10.386832026302221,
              36.644121698555686
            ],
            [
              10.38672194768048,
              36.64435310874355
            ],
            [
              10.386725245812833,
              36.644537175207994
            ],
            [
              10.386669790260266,
              36.64462987200079
            ],
            [
              10.386900673021358,
              36.644765267530104
            ],
            [
              10.387186184520264,
              36.64476194901922
            ],
            [
              10.387583425382346,
              36.64461925216251
            ],
            [
              10.387811831667204,
              36.644616596136636
            ],
            [
              10.388156920845788,
              36.64475066099384
            ],
            [
              10.388560764828952,
              36.64497609355895
            ],
            [
              10.388903376893923,
              36.64497210649786
            ],
            [
              10.388962131064476,
              36.64506347502328
            ],
            [
              10.388852880967363,
              36.6453408997338
            ],
            [
              10.388856184288882,
              36.64552496600138
            ],
            [
              10.38863107581048,
              36.64571169039351
            ],
            [
              10.388525126357306,
              36.646173184989166
            ],
            [
              10.38858966337324,
              36.64658666959633
            ],
            [
              10.388364551227408,
              36.64677339353122
            ],
            [
              10.388257773398228,
              36.64718887130934
            ],
            [
              10.38814934347064,
              36.64751231195901
            ],
            [
              10.388151819899164,
              36.64765036165103
            ],
            [
              10.388383539904478,
              36.647831766651905
            ],
            [
              10.388673189105576,
              36.64805852713264
            ],
            [
              10.389363402570583,
              36.64832664996263
            ],
            [
              10.389594298706836,
              36.64846203988251
            ],
            [
              10.38971181437268,
              36.64864477596731
            ],
            [
              10.38954132782,
              36.648692787468846
            ],
            [
              10.389313733447157,
              36.648741463624404
            ],
            [
              10.38914407010052,
              36.64883549112825
            ],
            [
              10.38880557048739,
              36.64906956194427
            ],
            [
              10.388693834727166,
              36.64920894076906
            ],
            [
              10.388584578356278,
              36.64948636909019
            ],
            [
              10.388703745041719,
              36.64976113923188
            ],
            [
              10.388653248197397,
              36.650129932152836
            ],
            [
              10.388655725761346,
              36.65026798175456
            ],
            [
              10.38854564207984,
              36.65049939349377
            ],
            [
              10.388433080545857,
              36.65059275553252
            ],
            [
              10.388435557688567,
              36.650730801236016
            ],
            [
              10.388494315911583,
              36.65082216982549
            ],
            [
              10.388610178657725,
              36.65091287387499
            ],
            [
              10.389186203751224,
              36.65118232612338
            ],
            [
              10.389707605188013,
              36.65159049009334
            ],
            [
              10.390054380044049,
              36.651816581592755
            ],
            [
              10.390056860261202,
              36.651954631073224
            ],
            [
              10.389715043971886,
              36.652004638601404
            ],
            [
              10.389489090432102,
              36.65214534830063
            ],
            [
              10.389261488350899,
              36.65219402451639
            ],
            [
              10.38886504076945,
              36.65238274403687
            ],
            [
              10.38863908454727,
              36.652523452170506
            ],
            [
              10.388644040073231,
              36.6527995512611
            ],
            [
              10.388704454474771,
              36.65298294877333
            ],
            [
              10.388937842008271,
              36.65325638911415
            ],
            [
              10.389283798341346,
              36.653436462258476
            ],
            [
              10.38951388349943,
              36.653525839309026
            ],
            [
              10.38980025365965,
              36.65356853034088
            ],
            [
              10.390200841627832,
              36.65360989002576
            ],
            [
              10.390315886009796,
              36.65365457183958
            ],
            [
              10.390490520567575,
              36.65383664137241
            ],
            [
              10.391007807771427,
              36.65401471667015
            ],
            [
              10.391066571615832,
              36.65410608382412
            ],
            [
              10.391069053846655,
              36.654244133192066
            ],
            [
              10.390842271581352,
              36.65433882900848
            ],
            [
              10.390730537091237,
              36.65447820965156
            ],
            [
              10.390389532370675,
              36.65457423584273
            ],
            [
              10.390276142814937,
              36.654621583144824
            ],
            [
              10.390221514078302,
              36.65476029794159
            ],
            [
              10.39028275849597,
              36.6549897148769
            ],
            [
              10.390284412434998,
              36.655081747806186
            ],
            [
              10.39011390977772,
              36.65512976039816
            ],
            [
              10.389717447125806,
              36.655318482968966
            ],
            [
              10.389320158521185,
              36.655461187746596
            ],
            [
              10.388864103452532,
              36.6555125230354
            ],
            [
              10.38875071155745,
              36.65555986892643
            ],
            [
              10.38881029769499,
              36.65569725371952
            ],
            [
              10.389210896310864,
              36.65573861649849
            ],
            [
              10.38938305374025,
              36.65578263421741
            ],
            [
              10.389958289020022,
              36.65600606525291
            ],
            [
              10.390131274420394,
              36.65609610222763
            ],
            [
              10.39030756829981,
              36.65637020475955
            ],
            [
              10.390539320032252,
              36.656551604646786
            ],
            [
              10.39065519634114,
              36.656642306360794
            ],
            [
              10.3907710729919,
              36.656733011855266
            ],
            [
              10.39077355486239,
              36.656871057279176
            ],
            [
              10.390494616323952,
              36.65724251688754
            ],
            [
              10.390439983862388,
              36.65738123178428
            ],
            [
              10.390559172589183,
              36.65765599928948
            ],
            [
              10.390793410995817,
              36.65797545175263
            ],
            [
              10.391028476456928,
              36.6583409201502
            ],
            [
              10.390974676576784,
              36.658525651631045
            ],
            [
              10.390865413889683,
              36.65880307785621
            ],
            [
              10.390868723621546,
              36.65898714354967
            ],
            [
              10.390931628671657,
              36.65930859272071
            ],
            [
              10.390764426758036,
              36.65954067207966
            ],
            [
              10.390540112908454,
              36.659773412912706
            ],
            [
              10.390199914272339,
              36.659915455375256
            ],
            [
              10.389858889916374,
              36.660011480426455
            ],
            [
              10.38923725340086,
              36.66038692850376
            ],
            [
              10.388951684458666,
              36.660390253142246
            ],
            [
              10.388781169307835,
              36.66043826404918
            ],
            [
              10.388784474274509,
              36.66062232985486
            ],
            [
              10.38895746887037,
              36.66071236827759
            ],
            [
              10.389186751467088,
              36.66075572503246
            ],
            [
              10.389764506636537,
              36.661117205320764
            ],
            [
              10.39040599716485,
              36.66184614452919
            ],
            [
              10.3905839605115,
              36.66221227890598
            ],
            [
              10.390876983870449,
              36.66262309777639
            ],
            [
              10.39128175587296,
              36.66289453082596
            ],
            [
              10.391399298530658,
              36.66307726426559
            ],
            [
              10.391577269560528,
              36.663443396924414
            ],
            [
              10.391988674330875,
              36.664082958315795
            ],
            [
              10.392390974981486,
              36.66421634599359
            ],
            [
              10.39285039111678,
              36.66434906163096
            ],
            [
              10.39296711083548,
              36.66448577311388
            ],
            [
              10.39279907809704,
              36.66467183887399
            ],
            [
              10.392526751393373,
              36.6654114338802
            ],
            [
              10.392416659327173,
              36.6656428488374
            ],
            [
              10.392421630642998,
              36.665918942975225
            ],
            [
              10.392538352149115,
              36.66605565870964
            ],
            [
              10.393059871300427,
              36.66646380453599
            ],
            [
              10.39329414777131,
              36.66678325083504
            ],
            [
              10.394226292578107,
              36.66778492924575
            ],
            [
              10.394288390147896,
              36.66806035944777
            ],
            [
              10.39440594807671,
              36.668243089447486
            ],
            [
              10.394465557113689,
              36.66838047067701
            ],
            [
              10.394410927039466,
              36.66851918713108
            ],
            [
              10.393958946972235,
              36.66880062090689
            ],
            [
              10.393450675254087,
              36.66912874035457
            ],
            [
              10.39328263154825,
              36.66931480687365
            ],
            [
              10.393227998726495,
              36.66945352282276
            ],
            [
              10.393400189136397,
              36.669497537839035
            ],
            [
              10.394031002494929,
              36.66962824654421
            ],
            [
              10.39426197137832,
              36.669763625418824
            ],
            [
              10.394492943485886,
              36.66989900379687
            ],
            [
              10.39478020458438,
              36.66998769378293
            ],
            [
              10.395012008559856,
              36.67016909127258
            ],
            [
              10.395245474254063,
              36.670442512978916
            ],
            [
              10.395476450091264,
              36.67057788935422
            ],
            [
              10.39566608784638,
              36.671588238065084
            ],
            [
              10.395785316131025,
              36.671862998870076
            ],
            [
              10.395960834309873,
              36.67209107494238
            ],
            [
              10.39596332690902,
              36.672229123605
            ],
            [
              10.395964988651217,
              36.67232115604488
            ],
            [
              10.39619597142835,
              36.67245653083668
            ],
            [
              10.396369001257796,
              36.672546557570705
            ],
            [
              10.396825979543653,
              36.672541207878766
            ],
            [
              10.396941890047762,
              36.67263190254318
            ],
            [
              10.397518936657372,
              36.67294732568475
            ],
            [
              10.397749923896772,
              36.67308269344965
            ],
            [
              10.398034704187312,
              36.673033334481765
            ],
            [
              10.39831698956711,
              36.672845922404946
            ],
            [
              10.39854214852316,
              36.672659179373824
            ],
            [
              10.398595943778071,
              36.67247444501828
            ],
            [
              10.398704358790123,
              36.67215099248644
            ],
            [
              10.398816105587237,
              36.67201160449654
            ],
            [
              10.399042928744995,
              36.67191689287019
            ],
            [
              10.399271416991384,
              36.67191421313831
            ],
            [
              10.399441950225826,
              36.67186618689725
            ],
            [
              10.399667103614677,
              36.67167944182718
            ],
            [
              10.399723392397343,
              36.67163275548876
            ],
            [
              10.399896426714612,
              36.67172277703134
            ],
            [
              10.400188700761534,
              36.6720875544137
            ],
            [
              10.400306278895654,
              36.67227027803965
            ],
            [
              10.400365901670396,
              36.67240765593519
            ],
            [
              10.400376737280268,
              36.67300586562502
            ],
            [
              10.400494317251443,
              36.67318858509831
            ],
            [
              10.400553938698176,
              36.67332596288529
            ],
            [
              10.40056060784658,
              36.67369409184615
            ],
            [
              10.400912520385145,
              36.67419624475795
            ],
            [
              10.40092002527439,
              36.67461038581273
            ],
            [
              10.401036775183144,
              36.67474709242158
            ],
            [
              10.401041779016994,
              36.6750231890214
            ],
            [
              10.401101405373307,
              36.6751605664137
            ],
            [
              10.401161031948757,
              36.675297943768555
            ],
            [
              10.401561737789565,
              36.67533926255476
            ],
            [
              10.402477397351475,
              36.67542055297504
            ],
            [
              10.403105765100985,
              36.67541316396239
            ],
            [
              10.403163724904562,
              36.675458508120876
            ],
            [
              10.40192117286863,
              36.676255552864916
            ],
            [
              10.40158343008693,
              36.676535676768665
            ],
            [
              10.401527973296997,
              36.67662838007839
            ],
            [
              10.401529641933305,
              36.67672041223133
            ],
            [
              10.40158927055864,
              36.67685778929483
            ],
            [
              10.401938698607598,
              36.67722189029442
            ],
            [
              10.4024561712623,
              36.677399907346626
            ],
            [
              10.40263005192996,
              36.6775359405943
            ],
            [
              10.402751822301742,
              36.67794874153523
            ],
            [
              10.402814792194013,
              36.67827018207896
            ],
            [
              10.40322052647796,
              36.67858759110734
            ],
            [
              10.403396920032048,
              36.678861667267405
            ],
            [
              10.403457389264227,
              36.679045059261725
            ],
            [
              10.403403604070387,
              36.67922979543716
            ],
            [
              10.403233892790933,
              36.67932384361228
            ],
            [
              10.402892800969687,
              36.67941990717439
            ],
            [
              10.402437450650817,
              36.67951731310965
            ],
            [
              10.402209775040701,
              36.679566015432705
            ],
            [
              10.401690619178392,
              36.679295961663904
            ],
            [
              10.40123193345147,
              36.679209298742975
            ],
            [
              10.401000087509896,
              36.67902791842097
            ],
            [
              10.400883333367078,
              36.678891211979646
            ],
            [
              10.400485944383195,
              36.67903395563635
            ],
            [
              10.400028094915367,
              36.678993304096174
            ],
            [
              10.39979875002934,
              36.678949969657985
            ],
            [
              10.399686162114245,
              36.679043342494
            ],
            [
              10.399687828703238,
              36.67913537468206
            ],
            [
              10.39970366167607,
              36.68000968039435
            ],
            [
              10.399716161803237,
              36.68069991775078
            ],
            [
              10.399724495504925,
              36.68116007854203
            ],
            [
              10.399508481178064,
              36.681852996976346
            ],
            [
              10.399286628710353,
              36.6822238064171
            ],
            [
              10.39889338427003,
              36.682596625510236
            ],
            [
              10.398668197999973,
              36.682783369500484
            ],
            [
              10.398555603245825,
              36.68287674135659
            ],
            [
              10.39832791510903,
              36.68292543649088
            ],
            [
              10.397868376293127,
              36.682792744969156
            ],
            [
              10.39769698830122,
              36.68279475327112
            ],
            [
              10.397641522538143,
              36.68288745487019
            ],
            [
              10.397700317202156,
              36.682978817685985
            ],
            [
              10.397874202603834,
              36.68311485766781
            ],
            [
              10.397933832448249,
              36.68325223252352
            ],
            [
              10.397879196587583,
              36.6833909503518
            ],
            [
              10.397711968522954,
              36.68362303919078
            ],
            [
              10.397602700171795,
              36.68390047457414
            ],
            [
              10.397377504579246,
              36.68408721625831
            ],
            [
              10.397266570390656,
              36.68427261915085
            ],
            [
              10.39721942292041,
              36.68482547766
            ],
            [
              10.397164789589018,
              36.68496419511888
            ],
            [
              10.396995889918388,
              36.68510425084087
            ],
            [
              10.396768194177968,
              36.685152943134305
            ],
            [
              10.396022987758906,
              36.68502358934775
            ],
            [
              10.395565102039726,
              36.68498292141343
            ],
            [
              10.395223972770223,
              36.68507896367341
            ],
            [
              10.395111370488058,
              36.685172332395894
            ],
            [
              10.395058392143993,
              36.68540308126602
            ],
            [
              10.395059222873472,
              36.685449097401886
            ],
            [
              10.396896865383981,
              36.68910964593419
            ],
            [
              10.397252988821108,
              36.68984188772476
            ],
            [
              10.397370586092318,
              36.690024613322386
            ],
            [
              10.397484857081716,
              36.690023274550526
            ],
            [
              10.399370322471489,
              36.69000116904501
            ],
            [
              10.400113082907696,
              36.68999245259894
            ],
            [
              10.400797870933387,
              36.689938386578376
            ],
            [
              10.400969276972312,
              36.68993637344985
            ],
            [
              10.401483492564651,
              36.68993033261284
            ],
            [
              10.401711196604158,
              36.68988163112925
            ],
            [
              10.401768334310264,
              36.68988095964798
            ],
            [
              10.401769169173138,
              36.68992697561729
            ],
            [
              10.401826304489154,
              36.689926304135966
            ],
            [
              10.402114483831005,
              36.690060994232226
            ],
            [
              10.402695027409493,
              36.690560448035576
            ],
            [
              10.402989062344085,
              36.691017247468864
            ],
            [
              10.403399043012154,
              36.69156473345397
            ],
            [
              10.403749384294644,
              36.691974838679705
            ],
            [
              10.403929993040714,
              36.69247899620342
            ],
            [
              10.404058484665013,
              36.69325992138227
            ],
            [
              10.404418878542842,
              36.69422221491614
            ],
            [
              10.405531297889521,
              36.695681930176725
            ],
            [
              10.406401792401923,
              36.69640807996229
            ],
            [
              10.407494993345646,
              36.69680940745776
            ],
            [
              10.408469734061178,
              36.69698201093407
            ],
            [
              10.409270538503758,
              36.697018569101004
            ],
            [
              10.408817611812024,
              36.69725404852323
            ],
            [
              10.408366360376098,
              36.69758155783168
            ],
            [
              10.407744520541096,
              36.697957104785665
            ],
            [
              10.407122679452366,
              36.69833264853971
            ],
            [
              10.406784021536431,
              36.69856677207781
            ],
            [
              10.406389057675021,
              36.69884758433326
            ],
            [
              10.405766362773996,
              36.69917710545457
            ],
            [
              10.405201639595301,
              36.69955196601837
            ],
            [
              10.404692382152108,
              36.69983411928515
            ],
            [
              10.404353710054849,
              36.70006822834746
            ],
            [
              10.40441252645077,
              36.70015959494386
            ],
            [
              10.404602365986634,
              36.701169916596506
            ],
            [
              10.404714979197232,
              36.70107653888639
            ],
            [
              10.404886409675846,
              36.701074519595196
            ],
            [
              10.405228430895313,
              36.701024464486366
            ],
            [
              10.406083066615631,
              36.70087631451125
            ],
            [
              10.40665282344746,
              36.70077754446948
            ],
            [
              10.406937701284324,
              36.700728158436796
            ],
            [
              10.407222578735142,
              36.70067877172959
            ],
            [
              10.407336026502673,
              36.70063140739212
            ],
            [
              10.407620064637426,
              36.70053600397251
            ],
            [
              10.409557877722765,
              36.700236962814365
            ],
            [
              10.412120881663606,
              36.69974639452745
            ],
            [
              10.41229230864253,
              36.699744364635436
            ],
            [
              10.414969560643621,
              36.69925237450187
            ],
            [
              10.416964455687292,
              36.69895253597185
            ],
            [
              10.417761899357918,
              36.69880498197092
            ],
            [
              10.41838876559017,
              36.698705477067094
            ],
            [
              10.419755078804458,
              36.69841306600391
            ],
            [
              10.419926502257002,
              36.69841102518322
            ],
            [
              10.422829673790396,
              36.69777809219989
            ],
            [
              10.4252202281138,
              36.69724326693445
            ],
            [
              10.42795274028792,
              36.696658282322886
            ],
            [
              10.428237587678439,
              36.696608845895504
            ],
            [
              10.43159601896053,
              36.69587819620068
            ],
            [
              10.433761315334502,
              36.69553000621885
            ],
            [
              10.434102438724095,
              36.69543385371206
            ],
            [
              10.434158722981671,
              36.69538715134675
            ],
            [
              10.434151888385813,
              36.695019029084584
            ],
            [
              10.434202191924426,
              36.69465021970636
            ],
            [
              10.434355663260147,
              36.693681841147345
            ],
            [
              10.434611436261516,
              36.692067873747234
            ],
            [
              10.434819469992556,
              36.6909607612387
            ],
            [
              10.435082923296623,
              36.68976093024628
            ]
          ]
        ]
      }
    },
    {
      "type": "Feature",
      "id": "osm:relation:7104934",
      "properties": {
        "key": "chammes",
        "sourceOsmId": "osm:relation:7104934",
        "currentCode": "156452",
        "sourceName": "شماس",
        "sourceParentName": "قرنبالية",
        "sourcePdf": {
          "file": "C:\\Users\\barou\\Documents\\Codex\\2026-09-06\\the-android-app-app-currently-allows\\work\\soliman-adjacent-native-source-review\\chammes.pdf",
          "sha256": "73f9a0b5a3b2c2ebd393be651755a4afa4a4de2051008905eef72c6efd1323c1"
        },
        "sourceRetrieval": {
          "file": "C:\\Users\\barou\\Documents\\Codex\\2026-09-06\\the-android-app-app-currently-allows\\work\\soliman-adjacent-native-source-review\\chammes-retrieval.json",
          "sha256": "326027ed29a9369aaa61d0c841e60af077499f404fb63b308201790606325c8d"
        },
        "sourceDrawingIndices": [
          620
        ],
        "sourceExtraction": {
          "file": "C:\\Users\\barou\\Documents\\Codex\\2026-09-06\\the-android-app-app-currently-allows\\work\\soliman-adjacent-native-source-review\\native-neighbor-source-records.json",
          "sha256": "3e6e9ad53e3723fdb29870b7a118e298dce3f93e8d02dd95788791725f031ac5"
        },
        "sourceSplitReconstruction": null,
        "officialRegistryRow": {
          "governorateCode": "15",
          "governorateFr": "Nabeul",
          "governorateAr": "نابل",
          "delegationCode": "1564",
          "delegationFr": "Grombalia",
          "delegationAr": "قرنبالية",
          "sectorCode": "156452",
          "sectorFr": "Chammes",
          "sectorAr": "شماس",
          "sourceRows": {
            "Population_Secteur_Age_Sexe_Dynamique.xlsx": 13975,
            "Nombre_de_Logements_par_Secteurs.xlsx": 572,
            "Nombre_de_menages_par_Secteurs.xlsx": 571
          }
        },
        "binding": "Named own map aligned with the current registry row; whole boundary remains unaccepted."
      },
      "geometry": {
        "type": "Polygon",
        "coordinates": [
          [
            [
              10.492140022600541,
              36.66758363031995
            ],
            [
              10.491799915429793,
              36.66538293454392
            ],
            [
              10.491670739011738,
              36.66485727894813
            ],
            [
              10.491663322277246,
              36.664473898860926
            ],
            [
              10.491713539578116,
              36.66399392777689
            ],
            [
              10.492052849074215,
              36.66307892786804
            ],
            [
              10.49268771845794,
              36.66206435047319
            ],
            [
              10.493670213772875,
              36.66056606402704
            ],
            [
              10.494658244207871,
              36.65935530084903
            ],
            [
              10.494830195302814,
              36.659017605346435
            ],
            [
              10.494943589937076,
              36.65872857552507
            ],
            [
              10.494875746170015,
              36.658298020573476
            ],
            [
              10.49449377227647,
              36.65700860105982
            ],
            [
              10.494424075797529,
              36.65648220060791
            ],
            [
              10.494700126957357,
              36.655376250576595
            ],
            [
              10.495196443076791,
              36.653356782094896
            ],
            [
              10.495195514179743,
              36.65330885956984
            ],
            [
              10.495191798613478,
              36.65311716946562
            ],
            [
              10.495245704745052,
              36.65282889085048
            ],
            [
              10.495409278680315,
              36.652059887708866
            ],
            [
              10.495713189985254,
              36.64932382528554
            ],
            [
              10.496020789792802,
              36.64677945172902
            ],
            [
              10.49627262660954,
              36.644427510793996
            ],
            [
              10.496370198204072,
              36.6433237997844
            ],
            [
              10.496354400647432,
              36.64250911586565
            ],
            [
              10.496282849776884,
              36.641886874128936
            ],
            [
              10.496118384364495,
              36.63954017019815
            ],
            [
              10.496102591631068,
              36.638725485667024
            ],
            [
              10.496252196800583,
              36.63723764509246
            ],
            [
              10.496404584373826,
              36.63589357202072
            ],
            [
              10.496714920963173,
              36.6334929566294
            ],
            [
              10.496811548727022,
              36.632341321096106
            ],
            [
              10.496975070913598,
              36.63157231864777
            ],
            [
              10.497243573778983,
              36.630082975694016
            ],
            [
              10.49710792309259,
              36.62922186781717
            ],
            [
              10.497098630607503,
              36.62874264508385
            ],
            [
              10.496970417452877,
              36.6282649142208
            ],
            [
              10.496349808233553,
              36.62693055651242
            ],
            [
              10.496289420150566,
              36.62688338140734
            ],
            [
              10.496039511990169,
              36.626263380215825
            ],
            [
              10.495560127929814,
              36.62607766798187
            ],
            [
              10.495378049432073,
              36.62588822246246
            ],
            [
              10.495073333150662,
              36.625508575692294
            ],
            [
              10.494831788843133,
              36.62531987227127
            ],
            [
              10.49465155899564,
              36.62522626712636
            ],
            [
              10.4941127265755,
              36.625041295541514
            ],
            [
              10.493873967399075,
              36.62499635842045
            ],
            [
              10.493754124385175,
              36.624949928285275
            ],
            [
              10.493514438779084,
              36.62485706764229
            ],
            [
              10.492973758391889,
              36.6245762451711
            ],
            [
              10.492733148441816,
              36.62443546009261
            ],
            [
              10.492312314648757,
              36.62420106568569
            ],
            [
              10.492012249734001,
              36.62406102463268
            ],
            [
              10.491830174489607,
              36.62387156938595
            ],
            [
              10.491589568853707,
              36.6237307859458
            ],
            [
              10.490990381656617,
              36.62349862198168
            ],
            [
              10.490151511369094,
              36.623173587392394
            ],
            [
              10.489673084545183,
              36.623035777561206
            ],
            [
              10.489071125909899,
              36.62265983508566
            ],
            [
              10.488531400301085,
              36.62242691454799
            ],
            [
              10.48786999596917,
              36.62205170935412
            ],
            [
              10.487808693549956,
              36.62195660676888
            ],
            [
              10.48774646806069,
              36.62181358120546
            ],
            [
              10.48774369840266,
              36.62166981237781
            ],
            [
              10.487739082349535,
              36.62143019765693
            ],
            [
              10.487494799346347,
              36.621097709683504
            ],
            [
              10.487191063640946,
              36.620765968166886
            ],
            [
              10.487009018058622,
              36.62057650487865
            ],
            [
              10.486587299834767,
              36.620294166250325
            ],
            [
              10.486347636939888,
              36.62020129059191
            ],
            [
              10.486107052535283,
              36.62006049550715
            ],
            [
              10.485804248753677,
              36.61977666910745
            ],
            [
              10.485504212477942,
              36.619636610901345
            ],
            [
              10.485203255700348,
              36.619448628895455
            ],
            [
              10.484784314036329,
              36.61931005261498
            ],
            [
              10.484484281355135,
              36.619169991746205
            ],
            [
              10.484124796080248,
              36.61903067149538
            ],
            [
              10.484064421566115,
              36.61898348982253
            ],
            [
              10.48370677912838,
              36.618940014370494
            ],
            [
              10.483468044213785,
              36.618895055781124
            ],
            [
              10.482507598014626,
              36.61842767795474
            ],
            [
              10.481486781109185,
              36.61791311323133
            ],
            [
              10.480765996296943,
              36.61753860669813
            ],
            [
              10.479682082827843,
              36.61683306884879
            ],
            [
              10.478835990351094,
              36.616124570179245
            ],
            [
              10.478654883406788,
              36.61598301658161
            ],
            [
              10.478354874386584,
              36.61584293965566
            ],
            [
              10.477755781422887,
              36.615610706600435
            ],
            [
              10.477335040062966,
              36.61537625682968
            ],
            [
              10.477153021136857,
              36.61518677760603
            ],
            [
              10.476971919435082,
              36.61504522130905
            ],
            [
              10.476729535435407,
              36.61480855994762
            ],
            [
              10.476006059987458,
              36.61429025343393
            ],
            [
              10.475642950157784,
              36.61395921356067
            ],
            [
              10.475466430877372,
              36.61405727117311
            ],
            [
              10.475348446008555,
              36.61410666834974
            ],
            [
              10.475288080634536,
              36.614059481983446
            ],
            [
              10.475107900091029,
              36.613965845968636
            ],
            [
              10.473896045029802,
              36.61278249729981
            ],
            [
              10.472803118779447,
              36.61159766820409
            ],
            [
              10.471459663024282,
              36.6097448324037
            ],
            [
              10.47085059647118,
              36.60898540547262
            ],
            [
              10.470727142550647,
              36.60874725752079
            ],
            [
              10.470547892011252,
              36.60870153754515
            ],
            [
              10.470427175831562,
              36.608607167634695
            ],
            [
              10.470426263613719,
              36.60855923608673
            ],
            [
              10.470299163968233,
              36.60812940203979
            ],
            [
              10.469067211294163,
              36.60900742982115
            ],
            [
              10.46754436759915,
              36.610224582949684
            ],
            [
              10.46519737947815,
              36.61188326916162
            ],
            [
              10.464553437820184,
              36.61241847613735
            ],
            [
              10.462640181801932,
              36.611866786433794
            ],
            [
              10.46228348933161,
              36.611871169170584
            ],
            [
              10.461562855730067,
              36.61149654266627
            ],
            [
              10.461084548816915,
              36.61135861904729
            ],
            [
              10.460488252801008,
              36.611270067938136
            ],
            [
              10.459413660736493,
              36.6110435751814
            ],
            [
              10.458397612961688,
              36.61076842058328
            ],
            [
              10.456409632556127,
              36.609402654258076
            ],
            [
              10.45188987081885,
              36.60619831333088
            ],
            [
              10.446275823820168,
              36.60804024882388
            ],
            [
              10.444875109788322,
              36.60944736280246
            ],
            [
              10.443781434805055,
              36.61137802778993
            ],
            [
              10.44129889696091,
              36.61217506512286
            ],
            [
              10.438404062163505,
              36.61638040839931
            ],
            [
              10.436944493896974,
              36.61783608032264
            ],
            [
              10.437651119901338,
              36.62065569659463
            ],
            [
              10.435428545810682,
              36.62585946613396
            ],
            [
              10.43549513664559,
              36.62624214110146
            ],
            [
              10.435821211916611,
              36.63098373171337
            ],
            [
              10.43585686865814,
              36.63290068654158
            ],
            [
              10.435920791777589,
              36.633139588801136
            ],
            [
              10.435990956191704,
              36.63371395463975
            ],
            [
              10.436353104262155,
              36.63399719208852
            ],
            [
              10.436418813634914,
              36.63433194186805
            ],
            [
              10.436610590898841,
              36.635048647256674
            ],
            [
              10.436558261954353,
              36.63543275660342
            ],
            [
              10.436565397853087,
              36.6358161480223
            ],
            [
              10.43663645967613,
              36.63643843702259
            ],
            [
              10.436642704147344,
              36.63677390444727
            ],
            [
              10.43659037440875,
              36.63715800966017
            ],
            [
              10.436543391493702,
              36.63782966242742
            ],
            [
              10.43660464755395,
              36.63792479223866
            ],
            [
              10.436666790855904,
              36.638067845980146
            ],
            [
              10.436850552978227,
              36.638353235172474
            ],
            [
              10.436973954165307,
              36.638591418347595
            ],
            [
              10.437039670711028,
              36.63892616332763
            ],
            [
              10.437405418074247,
              36.639401092248086
            ],
            [
              10.437588290941772,
              36.63963855626685
            ],
            [
              10.437946901239473,
              36.639730092391844
            ],
            [
              10.438247827837174,
              36.639918193990475
            ],
            [
              10.43854786245046,
              36.6400583668792
            ],
            [
              10.438788424559812,
              36.64019926221277
            ],
            [
              10.439034352107532,
              36.64062770002431
            ],
            [
              10.439219916856633,
              36.64100893277609
            ],
            [
              10.439524427543558,
              36.64138872621867
            ],
            [
              10.439945202954144,
              36.641623303918536
            ],
            [
              10.440366870471374,
              36.64190580798641
            ],
            [
              10.440610128266593,
              36.642190470742726
            ],
            [
              10.44073086305592,
              36.64228487812928
            ],
            [
              10.440969648703202,
              36.642329921172106
            ],
            [
              10.441504007750202,
              36.642275513995436
            ],
            [
              10.441803161900339,
              36.642367758595704
            ],
            [
              10.44198068448312,
              36.64231767271789
            ],
            [
              10.442216783753702,
              36.642218941973155
            ],
            [
              10.442335723892649,
              36.64221750024336
            ],
            [
              10.442573614230408,
              36.642214616305395
            ],
            [
              10.442870977105047,
              36.64221101071518
            ],
            [
              10.443049394804461,
              36.642208847004916
            ],
            [
              10.44322601982909,
              36.642110835559464
            ],
            [
              10.443641430578106,
              36.64205786153185
            ],
            [
              10.44381895117293,
              36.64200777295288
            ],
            [
              10.44370269624934,
              36.64215298739159
            ],
            [
              10.443645913511375,
              36.642297480157225
            ],
            [
              10.443656672767117,
              36.642872564816784
            ],
            [
              10.443836885390228,
              36.64296624732655
            ],
            [
              10.444197311854165,
              36.643153607432765
            ],
            [
              10.444257677069187,
              36.64320080931295
            ],
            [
              10.444497369571083,
              36.64329376880658
            ],
            [
              10.445095688113085,
              36.64347824189888
            ],
            [
              10.445515593621298,
              36.643664879599626
            ],
            [
              10.446413981089853,
              36.643989503840444
            ],
            [
              10.447252007998358,
              36.64426692085714
            ],
            [
              10.447371855029091,
              36.64431339759895
            ],
            [
              10.448449579881416,
              36.64468375508494
            ],
            [
              10.44940927099319,
              36.64510347921378
            ],
            [
              10.450787093919404,
              36.645613966837125
            ],
            [
              10.45252449315442,
              36.64626384860124
            ],
            [
              10.454022216138544,
              36.64682076896299
            ],
            [
              10.454441252071254,
              36.64695945081086
            ],
            [
              10.454621486898294,
              36.64705311643723
            ],
            [
              10.454800818495963,
              36.64709885833145
            ],
            [
              10.454919770518407,
              36.64709740381089
            ],
            [
              10.455097294693465,
              36.64704729836508
            ],
            [
              10.455333390566446,
              36.64694854174082
            ],
            [
              10.455569485824636,
              36.646849784660226
            ],
            [
              10.45580558046804,
              36.646751027123294
            ],
            [
              10.45604348332826,
              36.64674811598038
            ],
            [
              10.456282290720639,
              36.64679312778207
            ],
            [
              10.456580574141901,
              36.6468374109984
            ],
            [
              10.45676080611757,
              36.646931073399074
            ],
            [
              10.45688337756343,
              36.64712131054563
            ],
            [
              10.457005949624136,
              36.64731154754675
            ],
            [
              10.456952808451753,
              36.647647735601794
            ],
            [
              10.45689966694307,
              36.64798392768697
            ],
            [
              10.456790667860396,
              36.64851254157974
            ],
            [
              10.457506203045364,
              36.64859964722405
            ],
            [
              10.457626062692425,
              36.64864611332702
            ],
            [
              10.458231996050277,
              36.64293450071793
            ],
            [
              10.458230184757872,
              36.64283865389954
            ],
            [
              10.45972334619599,
              36.64315588243535
            ],
            [
              10.460212732290138,
              36.64386889494387
            ],
            [
              10.460582267440104,
              36.6445354380212
            ],
            [
              10.461008566304292,
              36.645057483458494
            ],
            [
              10.461615110656078,
              36.64567318214205
            ],
            [
              10.461801706369735,
              36.646102295899006
            ],
            [
              10.462165822249647,
              36.6464812974916
            ],
            [
              10.463734904991815,
              36.64766036157861
            ],
            [
              10.464520831415218,
              36.64832177222995
            ],
            [
              10.464880416347231,
              36.64846114879859
            ],
            [
              10.46494080312697,
              36.64850833971778
            ],
            [
              10.464492285182638,
              36.64995188990898
            ],
            [
              10.464376058341795,
              36.65009712374568
            ],
            [
              10.46420217199031,
              36.65033893184852
            ],
            [
              10.463325451888213,
              36.65116460323016
            ],
            [
              10.462216250310794,
              36.65228072812623
            ],
            [
              10.462157678897178,
              36.65232938238171
            ],
            [
              10.463305972592446,
              36.65327394857975
            ],
            [
              10.464152344866426,
              36.653982551460224
            ],
            [
              10.464759896250436,
              36.654646154290944
            ],
            [
              10.465431487681654,
              36.655548632825656
            ],
            [
              10.465553183943644,
              36.65569093685084
            ],
            [
              10.465613576921925,
              36.65573812723816
            ],
            [
              10.465733452378114,
              36.655784584770586
            ],
            [
              10.46585423877247,
              36.65587896532008
            ],
            [
              10.467548009799849,
              36.65734404458371
            ],
            [
              10.469121962971244,
              36.65876264414209
            ],
            [
              10.471906724842793,
              36.66126873181983
            ],
            [
              10.473300544649389,
              36.66259363375359
            ],
            [
              10.474026302976824,
              36.663207788636555
            ],
            [
              10.47452878253244,
              36.664591650585535
            ],
            [
              10.474652343134688,
              36.66482979016755
            ],
            [
              10.47483630545008,
              36.665115115004134
            ],
            [
              10.474899466686907,
              36.665306068867935
            ],
            [
              10.474904050226604,
              36.6655456791519
            ],
            [
              10.474968118705696,
              36.66578455594488
            ],
            [
              10.47509535518685,
              36.666214386326786
            ],
            [
              10.475596035653975,
              36.66750239660678
            ],
            [
              10.47566103040751,
              36.66778919563823
            ],
            [
              10.4757845999134,
              36.66802733372813
            ],
            [
              10.475847761061976,
              36.66821828695488
            ],
            [
              10.476198443089787,
              36.670994110818704
            ],
            [
              10.476330279966982,
              36.67166355318275
            ],
            [
              10.476396199335827,
              36.67199827426345
            ],
            [
              10.476589370908874,
              36.672762815113764
            ],
            [
              10.476973889985482,
              36.674196066072405
            ],
            [
              10.47712226641507,
              36.675728108245316
            ],
            [
              10.47743169597435,
              36.676347409016515
            ],
            [
              10.477616621134528,
              36.67668065083409
            ],
            [
              10.478560317276791,
              36.67623751663701
            ],
            [
              10.479741987094634,
              36.675791414763005
            ],
            [
              10.481219291428982,
              36.675245760019884
            ],
            [
              10.483725994282397,
              36.67253020755964
            ],
            [
              10.48460179283443,
              36.67165647391263
            ],
            [
              10.485665297674778,
              36.67125972280119
            ],
            [
              10.486853324124288,
              36.67114901057517
            ],
            [
              10.487326499481249,
              36.6709992927669
            ],
            [
              10.49050856024191,
              36.66937764172696
            ],
            [
              10.491743986551262,
              36.66864314372598
            ],
            [
              10.491975461112549,
              36.66830470603999
            ],
            [
              10.492140022600541,
              36.66758363031995
            ]
          ]
        ]
      }
    },
    {
      "type": "Feature",
      "id": "isie2023:borj-cedria-1",
      "properties": {
        "key": "borj-cedria-1",
        "sourceOsmId": null,
        "currentCode": null,
        "sourceName": "برج السدرية 1",
        "sourceParentName": "حمام الشط",
        "sourcePdf": {
          "file": "C:\\Users\\barou\\Documents\\Codex\\2026-09-06\\the-android-app-app-currently-allows\\work\\soliman-adjacent-native-source-review\\borj-cedria-1.pdf",
          "sha256": "7ec8756584b1483d34bf1a548558deacc2c20559a9bd469514a7685951d819cc"
        },
        "sourceRetrieval": {
          "file": "C:\\Users\\barou\\Documents\\Codex\\2026-09-06\\the-android-app-app-currently-allows\\work\\soliman-adjacent-native-source-review\\borj-cedria-1-retrieval.json",
          "sha256": "44ffc9025119816c89103d6b5cb5f4d4ebacb8fe00100870d94e0b60bb1dd051"
        },
        "sourceDrawingIndices": [
          480
        ],
        "sourceExtraction": {
          "file": "C:\\Users\\barou\\Documents\\Codex\\2026-09-06\\the-android-app-app-currently-allows\\work\\soliman-adjacent-native-source-review\\native-neighbor-source-records.json",
          "sha256": "3e6e9ad53e3723fdb29870b7a118e298dce3f93e8d02dd95788791725f031ac5"
        },
        "sourceSplitReconstruction": null,
        "officialRegistryRow": null,
        "binding": "Source-only named component. Current unsuffixed Borj Cedria raw7174585/code135552 is not independently bound to this one component; no fake new code or source identity assigned."
      },
      "geometry": {
        "type": "Polygon",
        "coordinates": [
          [
            [
              10.40442735281737,
              36.7001307709543
            ],
            [
              10.40437068276875,
              36.70008645840479
            ],
            [
              10.40470169301671,
              36.69985764650284
            ],
            [
              10.405199433779533,
              36.6995818790669
            ],
            [
              10.405807232184056,
              36.69921484600025
            ],
            [
              10.406415024762548,
              36.69884780993097
            ],
            [
              10.406801053037908,
              36.698573356467335
            ],
            [
              10.407187899210216,
              36.698343877446234
            ],
            [
              10.407739819381673,
              36.697977495547626
            ],
            [
              10.408402620759576,
              36.697564816966434
            ],
            [
              10.408843662864207,
              36.697244724118015
            ],
            [
              10.40928634489764,
              36.69701457712077
            ],
            [
              10.4085036418614,
              36.69697886474776
            ],
            [
              10.407495092007773,
              36.69681087471406
            ],
            [
              10.406370739568985,
              36.696419337273
            ],
            [
              10.40557574960987,
              36.69570902729328
            ],
            [
              10.404431769563825,
              36.69423814891856
            ],
            [
              10.40407949739123,
              36.693297697228374
            ],
            [
              10.403952252960112,
              36.69244455227228
            ],
            [
              10.4037765417463,
              36.69199680955913
            ],
            [
              10.403434106767522,
              36.69159601492996
            ],
            [
              10.403033376979534,
              36.691060965676535
            ],
            [
              10.402689314633248,
              36.69057022471403
            ],
            [
              10.40184021049698,
              36.68995048945103
            ],
            [
              10.401839393348501,
              36.6899055212596
            ],
            [
              10.401783549628325,
              36.68990617921709
            ],
            [
              10.400164897128974,
              36.68997021681984
            ],
            [
              10.397484401823366,
              36.690001731488934
            ],
            [
              10.397372714034029,
              36.690003043295754
            ],
            [
              10.397258582653528,
              36.68986944253583
            ],
            [
              10.39690968079536,
              36.68910885121759
            ],
            [
              10.395056012612068,
              36.68544211338854
            ],
            [
              10.395055199478156,
              36.685397141220754
            ],
            [
              10.395106974293858,
              36.68517162564851
            ],
            [
              10.395272869153358,
              36.685079716975814
            ],
            [
              10.395550444243387,
              36.68498649823879
            ],
            [
              10.396053820689158,
              36.68502557481446
            ],
            [
              10.396782187201639,
              36.68515197163691
            ],
            [
              10.397004729805039,
              36.68510437724505
            ],
            [
              10.397169807824861,
              36.684967493846955
            ],
            [
              10.397279045101227,
              36.68483126599686
            ],
            [
              10.397268457979452,
              36.68424663209424
            ],
            [
              10.397376879654404,
              36.6840654320296
            ],
            [
              10.397652819233024,
              36.683882264243614
            ],
            [
              10.39770377093102,
              36.68361177553782
            ],
            [
              10.397868029862185,
              36.6834299191023
            ],
            [
              10.397920610028482,
              36.683249374565904
            ],
            [
              10.397862326919382,
              36.68311511419155
            ],
            [
              10.397748205278434,
              36.682981513552626
            ],
            [
              10.397690737276143,
              36.68289222521384
            ],
            [
              10.397744946706247,
              36.6828016211997
            ],
            [
              10.397912462741798,
              36.68279965325593
            ],
            [
              10.398305778277491,
              36.68292997684533
            ],
            [
              10.39858334190092,
              36.682836755056805
            ],
            [
              10.398694204026077,
              36.68279046640363
            ],
            [
              10.398914297479564,
              36.682607956001235
            ],
            [
              10.399297827380432,
              36.68219861096654
            ],
            [
              10.399514655150792,
              36.68183620725055
            ],
            [
              10.39978159884421,
              36.68115834546225
            ],
            [
              10.399716788515006,
              36.6806643090859
            ],
            [
              10.399704553186629,
              36.679989731143976
            ],
            [
              10.399689055600557,
              36.679135260807534
            ],
            [
              10.399687424313685,
              36.679045316554124
            ],
            [
              10.399797464740356,
              36.67895405866022
            ],
            [
              10.400077459840784,
              36.67899574622471
            ],
            [
              10.400524962909154,
              36.67903546167752
            ],
            [
              10.400913365053865,
              36.67889594440782
            ],
            [
              10.401027485871051,
              36.6790295459252
            ],
            [
              10.401254095581582,
              36.67920680440711
            ],
            [
              10.401702417157297,
              36.67929148748287
            ],
            [
              10.40220984424875,
              36.67955539918079
            ],
            [
              10.402488208080914,
              36.6795071368542
            ],
            [
              10.402878243831525,
              36.67945755734023
            ],
            [
              10.403266643570461,
              36.679318032447156
            ],
            [
              10.40337668003709,
              36.679226771330526
            ],
            [
              10.403485071067317,
              36.67904556612095
            ],
            [
              10.403425963972772,
              36.67886633646124
            ],
            [
              10.403253560072077,
              36.6785984795047
            ],
            [
              10.402856989221833,
              36.67828828740698
            ],
            [
              10.402738779489049,
              36.67792982729221
            ],
            [
              10.402675588351318,
              36.67752573677353
            ],
            [
              10.40244979772588,
              36.677393452999944
            ],
            [
              10.401999852707908,
              36.677218832115244
            ],
            [
              10.401602477259974,
              36.67686365959444
            ],
            [
              10.40154419299236,
              36.67672940091648
            ],
            [
              10.401542559688645,
              36.676639456698084
            ],
            [
              10.401596760463296,
              36.67654885483877
            ],
            [
              10.401926863641982,
              36.67627507582931
            ],
            [
              10.403140492191989,
              36.67545110411767
            ],
            [
              10.403083841439635,
              36.67540679037511
            ],
            [
              10.40252550925513,
              36.67541337238972
            ],
            [
              10.401574710862093,
              36.67533461157242
            ],
            [
              10.401183062062549,
              36.675294242170445
            ],
            [
              10.401124779791047,
              36.67515998321198
            ],
            [
              10.401066497728877,
              36.67502572421772
            ],
            [
              10.401005767022697,
              36.67475654878683
            ],
            [
              10.400946669249977,
              36.6745773175781
            ],
            [
              10.400939323214281,
              36.67417257214577
            ],
            [
              10.400595352737952,
              36.67368182189234
            ],
            [
              10.400533808909216,
              36.67336767395101
            ],
            [
              10.400530545060287,
              36.67318778533319
            ],
            [
              10.400359786689497,
              36.67300987169486
            ],
            [
              10.400348364911283,
              36.67238026142275
            ],
            [
              10.400346733257619,
              36.672290317092475
            ],
            [
              10.40023180818184,
              36.67211174236959
            ],
            [
              10.399889482819,
              36.671710933973834
            ],
            [
              10.399776190634377,
              36.671622303115576
            ],
            [
              10.399665344931561,
              36.671668588694246
            ],
            [
              10.399446098979537,
              36.67189607610839
            ],
            [
              10.399278606691869,
              36.67189804571019
            ],
            [
              10.399056108146834,
              36.671945643561465
            ],
            [
              10.39883441478384,
              36.67203821331032
            ],
            [
              10.398725197651666,
              36.67217444242948
            ],
            [
              10.398619239427022,
              36.6724905602453
            ],
            [
              10.398566667404213,
              36.672671105217105
            ],
            [
              10.398346600654174,
              36.67285361468855
            ],
            [
              10.398014869769549,
              36.673037443285146
            ],
            [
              10.397792357572827,
              36.6730850351513
            ],
            [
              10.397566588305883,
              36.67295274537779
            ],
            [
              10.397001761376254,
              36.6725995233431
            ],
            [
              10.396833453599763,
              36.67255651730855
            ],
            [
              10.396330976566801,
              36.67256241441936
            ],
            [
              10.396161855818251,
              36.67247443518218
            ],
            [
              10.395991108865791,
              36.67229651119771
            ],
            [
              10.395990295576219,
              36.672251538948366
            ],
            [
              10.395987855718323,
              36.67211662219823
            ],
            [
              10.395816296798559,
              36.671893725673144
            ],
            [
              10.395643925812255,
              36.67162585661098
            ],
            [
              10.39551356595941,
              36.67059280780008
            ],
            [
              10.395287807807703,
              36.67046050960186
            ],
            [
              10.39500297013658,
              36.670148980114526
            ],
            [
              10.39477721414942,
              36.670016680892395
            ],
            [
              10.394495629504739,
              36.6698850354578
            ],
            [
              10.394269879874718,
              36.66975273517766
            ],
            [
              10.394044126277596,
              36.669620434505624
            ],
            [
              10.393428381038692,
              36.66953768235271
            ],
            [
              10.393259270195122,
              36.669449698738234
            ],
            [
              10.393312664394841,
              36.66931412812194
            ],
            [
              10.393476904558849,
              36.66913227774613
            ],
            [
              10.39397368049657,
              36.6688115869006
            ],
            [
              10.394415436128085,
              36.66853652053649
            ],
            [
              10.394524656056085,
              36.66840029523811
            ],
            [
              10.394409750403772,
              36.66822171818487
            ],
            [
              10.394294845223657,
              36.66804313719241
            ],
            [
              10.394234144353069,
              36.667773961194854
            ],
            [
              10.39332304252566,
              36.66679503148389
            ],
            [
              10.393094053552318,
              36.66648283934319
            ],
            [
              10.39258431500993,
              36.66608396860729
            ],
            [
              10.392469417331858,
              36.66590538563393
            ],
            [
              10.392408724712833,
              36.66563620844141
            ],
            [
              10.392516322172055,
              36.665410040196335
            ],
            [
              10.392838294915556,
              36.664686562596046
            ],
            [
              10.392945889941899,
              36.6644603977942
            ],
            [
              10.392888441891438,
              36.664371106457516
            ],
            [
              10.392382773404478,
              36.66419709628858
            ],
            [
              10.391989563625701,
              36.66406675049954
            ],
            [
              10.391587439894764,
              36.6634417069968
            ],
            [
              10.391413482467541,
              36.66308388592005
            ],
            [
              10.391298592145487,
              36.66290530157757
            ],
            [
              10.390902960579963,
              36.662640034745124
            ],
            [
              10.390615740500227,
              36.662193576100805
            ],
            [
              10.390386781338592,
              36.661881381755016
            ],
            [
              10.389758961114488,
              36.66112402243958
            ],
            [
              10.389194256897952,
              36.66077076009655
            ],
            [
              10.3889701608776,
              36.66072839375509
            ],
            [
              10.388800261013825,
              36.66059543074671
            ],
            [
              10.388797834737012,
              36.660460513319165
            ],
            [
              10.388964498870953,
              36.66041358644892
            ],
            [
              10.389242798682346,
              36.66036535628192
            ],
            [
              10.3899061954922,
              36.65999775535957
            ],
            [
              10.390183688341441,
              36.659904550523024
            ],
            [
              10.390516193012521,
              36.65976572041308
            ],
            [
              10.390791254650436,
              36.6595376006621
            ],
            [
              10.390898844249005,
              36.65931143378838
            ],
            [
              10.390893174681114,
              36.658996626665065
            ],
            [
              10.390889935036187,
              36.65881674068436
            ],
            [
              10.39099671816157,
              36.65854560121818
            ],
            [
              10.391049299448673,
              36.65836505900158
            ],
            [
              10.390818725887227,
              36.65796291642218
            ],
            [
              10.39058977893993,
              36.65765071819134
            ],
            [
              10.390473279697268,
              36.65738218774976
            ],
            [
              10.390526666445147,
              36.65724661824403
            ],
            [
              10.390799289875208,
              36.65688358117135
            ],
            [
              10.390796860437836,
              36.65674866377411
            ],
            [
              10.390683600894876,
              36.656660023361354
            ],
            [
              10.390514521706585,
              36.6565720350007
            ],
            [
              10.39034382855632,
              36.65639410138071
            ],
            [
              10.390115693012369,
              36.65612687455728
            ],
            [
              10.390001625906477,
              36.65599326477663
            ],
            [
              10.389439385834887,
              36.655774920019724
            ],
            [
              10.389215299536172,
              36.655732553856964
            ],
            [
              10.388823755546095,
              36.65569214142822
            ],
            [
              10.388766323773622,
              36.655602847681
            ],
            [
              10.388876344948889,
              36.65551159996558
            ],
            [
              10.389377903808072,
              36.65546076413101
            ],
            [
              10.389766210164911,
              36.655321284773414
            ],
            [
              10.39015370569818,
              36.655136831685354
            ],
            [
              10.39032035284038,
              36.655089903191914
            ],
            [
              10.390318733876388,
              36.65499995821533
            ],
            [
              10.390203049267456,
              36.65477639978057
            ],
            [
              10.390312258092207,
              36.65464017829473
            ],
            [
              10.390422276062859,
              36.6545489292041
            ],
            [
              10.390755562543246,
              36.654455071342944
            ],
            [
              10.390865579720911,
              36.6543638218566
            ],
            [
              10.39108723310539,
              36.65427126755104
            ],
            [
              10.391083993565667,
              36.65409138144217
            ],
            [
              10.391026555734626,
              36.65400208884722
            ],
            [
              10.39052095978034,
              36.653828068951526
            ],
            [
              10.390350268147943,
              36.653650135188414
            ],
            [
              10.390237823150274,
              36.65360646670001
            ],
            [
              10.389790471787768,
              36.653566709184894
            ],
            [
              10.389510574029726,
              36.65352499518621
            ],
            [
              10.389285685424456,
              36.65343765648473
            ],
            [
              10.388947544885474,
              36.6532616788977
            ],
            [
              10.38871942834281,
              36.6529944450977
            ],
            [
              10.388660372491502,
              36.652815210065235
            ],
            [
              10.38865471337493,
              36.65250040229854
            ],
            [
              10.388876364270217,
              36.652407852137415
            ],
            [
              10.389263847643537,
              36.65222340212139
            ],
            [
              10.389485496989234,
              36.652130850854405
            ],
            [
              10.389706336757907,
              36.65199332666172
            ],
            [
              10.390097053053731,
              36.65198876408372
            ],
            [
              10.39003880876285,
              36.65185449840722
            ],
            [
              10.389754871837434,
              36.65158792223055
            ],
            [
              10.389189430079254,
              36.65118968911758
            ],
            [
              10.388626419177875,
              36.65092636701556
            ],
            [
              10.38851236722984,
              36.650792751611014
            ],
            [
              10.388454930171113,
              36.650703457668044
            ],
            [
              10.388453313634791,
              36.65061351255383
            ],
            [
              10.388563328279961,
              36.650522265195555
            ],
            [
              10.388670922307899,
              36.6502961038309
            ],
            [
              10.388668497165241,
              36.650161186162165
            ],
            [
              10.388717032131021,
              36.64975578199717
            ],
            [
              10.388600552124748,
              36.649487248987974
            ],
            [
              10.388707331526032,
              36.64921611126454
            ],
            [
              10.38881653549563,
              36.64907989113717
            ],
            [
              10.38914737958112,
              36.64885112041787
            ],
            [
              10.389369019536803,
              36.64875856951826
            ],
            [
              10.389535653568563,
              36.6487116423549
            ],
            [
              10.389701478456972,
              36.64861974241374
            ],
            [
              10.389643237575479,
              36.64848547640164
            ],
            [
              10.389361740910864,
              36.64835381651771
            ],
            [
              10.38868631457088,
              36.64804683212522
            ],
            [
              10.388348203981613,
              36.647870848286864
            ],
            [
              10.388176722827914,
              36.647647938267234
            ],
            [
              10.388174298780813,
              36.647513020510104
            ],
            [
              10.388280269122015,
              36.647196910521075
            ],
            [
              10.3883846176717,
              36.64679085532026
            ],
            [
              10.388604641016613,
              36.64660836069057
            ],
            [
              10.38854074157095,
              36.64615928596306
            ],
            [
              10.388644284020637,
              36.64570825787777
            ],
            [
              10.388864299007565,
              36.64552576286933
            ],
            [
              10.388861065598812,
              36.64534587251404
            ],
            [
              10.388967838832873,
              36.645074734513905
            ],
            [
              10.388910410587116,
              36.64498544819708
            ],
            [
              10.3885755457959,
              36.64498935502833
            ],
            [
              10.388180824900452,
              36.64476904884328
            ],
            [
              10.387843532993372,
              36.64463803581785
            ],
            [
              10.387563668615421,
              36.644596316476594
            ],
            [
              10.387232030110528,
              36.64478011004435
            ],
            [
              10.386952165499046,
              36.644738389270834
            ],
            [
              10.386670687058372,
              36.644606722559814
            ],
            [
              10.386500836837081,
              36.64447375497851
            ],
            [
              10.386438570276521,
              36.644114623905914
            ],
            [
              10.386373883783481,
              36.64362057481901
            ],
            [
              10.386425660040079,
              36.643395061539564
            ],
            [
              10.386643248274403,
              36.643077652699475
            ],
            [
              10.386807450698406,
              36.64289581159045
            ],
            [
              10.386695028161745,
              36.64285213925206
            ],
            [
              10.386583407967718,
              36.64285343951166
            ],
            [
              10.386031759963725,
              36.643219720529515
            ],
            [
              10.385754321022935,
              36.643312914785696
            ],
            [
              10.385705768697802,
              36.643718318467336
            ],
            [
              10.38554317470647,
              36.6439901034512
            ],
            [
              10.385157335008389,
              36.644264486261875
            ],
            [
              10.384937319274306,
              36.64444697451274
            ],
            [
              10.384780362824536,
              36.6450335672008
            ],
            [
              10.384840199825273,
              36.64525778128952
            ],
            [
              10.384901653891816,
              36.64557193298113
            ],
            [
              10.384959082898078,
              36.64566122887988
            ],
            [
              10.38518555169361,
              36.6458385218116
            ],
            [
              10.385187164149562,
              36.64592846712265
            ],
            [
              10.384963919466196,
              36.645931064842664
            ],
            [
              10.384572427047898,
              36.64589063727573
            ],
            [
              10.384125928290265,
              36.64589583009895
            ],
            [
              10.383960102259307,
              36.64598772233321
            ],
            [
              10.383795081255535,
              36.64612458702383
            ],
            [
              10.38335180168189,
              36.64630966771339
            ],
            [
              10.382798504034996,
              36.64658598900563
            ],
            [
              10.382576866693121,
              36.64667852768791
            ],
            [
              10.381960510976569,
              36.64655073910094
            ],
            [
              10.38117350316306,
              36.646244999356036
            ],
            [
              10.380782819137837,
              36.646249532003154
            ],
            [
              10.380278898123066,
              36.64616541238825
            ],
            [
              10.379770962722745,
              36.64585642682795
            ],
            [
              10.379265439682847,
              36.645682357310406
            ],
            [
              10.378811723248514,
              36.64528277514639
            ],
            [
              10.378476048699245,
              36.64524168088417
            ],
            [
              10.37830941486385,
              36.64528859258166
            ],
            [
              10.377698689635178,
              36.645475591111
            ],
            [
              10.377256200017332,
              36.64570562216211
            ],
            [
              10.376981150118334,
              36.64593371472405
            ],
            [
              10.376761105245842,
              36.64611618837836
            ],
            [
              10.376484445333151,
              36.64625433426237
            ],
            [
              10.376375223100903,
              36.646390543515544
            ],
            [
              10.376379228723318,
              36.64661540760563
            ],
            [
              10.376550674028868,
              36.64683833541441
            ],
            [
              10.376778735076575,
              36.6471055901934
            ],
            [
              10.376781139211023,
              36.6472405086094
            ],
            [
              10.376502071713675,
              36.647243736169585
            ],
            [
              10.376167190658245,
              36.64724760837916
            ],
            [
              10.375609856124443,
              36.64729903279722
            ],
            [
              10.375497433087999,
              36.647255349920414
            ],
            [
              10.374939297640584,
              36.64726179837492
            ],
            [
              10.374435375552451,
              36.64717765405036
            ],
            [
              10.374156308006725,
              36.64718087611049
            ],
            [
              10.373655585438378,
              36.64727661989976
            ],
            [
              10.373432335778977,
              36.64727919609006
            ],
            [
              10.37309665489876,
              36.647238086798914
            ],
            [
              10.372705959797548,
              36.64724259311579
            ],
            [
              10.372315264609549,
              36.647247098151766
            ],
            [
              10.371981980134038,
              36.647340904381785
            ],
            [
              10.371647098022342,
              36.6473447638932
            ],
            [
              10.370809897196766,
              36.64735440850001
            ],
            [
              10.369581197794025,
              36.64732357042399
            ],
            [
              10.369244726151692,
              36.64723747723691
            ],
            [
              10.368742403056162,
              36.64724325459469
            ],
            [
              10.368350910737194,
              36.64720277366736
            ],
            [
              10.367905197579068,
              36.64725287881897
            ],
            [
              10.367680355272432,
              36.6471654982777
            ],
            [
              10.367230662687632,
              36.64699073599479
            ],
            [
              10.367004225770419,
              36.64681340821469
            ],
            [
              10.366777789891033,
              36.646636079977256
            ],
            [
              10.366439728705394,
              36.64646003277565
            ],
            [
              10.366214885568013,
              36.64637264942792
            ],
            [
              10.365987657699243,
              36.64615034659591
            ],
            [
              10.366096898209623,
              36.64601414649076
            ],
            [
              10.365930254658394,
              36.64606104105106
            ],
            [
              10.365818628859303,
              36.64606232195037
            ],
            [
              10.365539569063047,
              36.646065523686886
            ],
            [
              10.365093860277923,
              36.64611561822664
            ],
            [
              10.364146627767568,
              36.64621644199169
            ],
            [
              10.36381175415959,
              36.64622027932155
            ],
            [
              10.360979549548063,
              36.64706237495716
            ],
            [
              10.361933134533663,
              36.64732136083269
            ],
            [
              10.362496825012164,
              36.647629784811826
            ],
            [
              10.362779068548356,
              36.647806482292054
            ],
            [
              10.36294968465956,
              36.6479844573396
            ],
            [
              10.363120301561494,
              36.64816243212119
            ],
            [
              10.363177703037913,
              36.648251739024914
            ],
            [
              10.36329012555147,
              36.648295425962324
            ],
            [
              10.36351576505698,
              36.64842779542721
            ],
            [
              10.36362739437701,
              36.64842651661539
            ],
            [
              10.363682415101085,
              36.64838089650373
            ],
            [
              10.363845889646104,
              36.64815412043529
            ],
            [
              10.36395513671003,
              36.64801792220233
            ],
            [
              10.364121780994665,
              36.64797103036276
            ],
            [
              10.36423340962729,
              36.64796975099663
            ],
            [
              10.364401646767567,
              36.648012804783725
            ],
            [
              10.364459049452984,
              36.64810210341968
            ],
            [
              10.36457226687509,
              36.64819076978957
            ],
            [
              10.364742887908001,
              36.648368742153274
            ],
            [
              10.364972502663553,
              36.64872596626858
            ],
            [
              10.365259524146076,
              36.64917249569875
            ],
            [
              10.365319313176697,
              36.649396720504626
            ],
            [
              10.365435712906073,
              36.64966527798182
            ],
            [
              10.365497887566644,
              36.650024421653384
            ],
            [
              10.365785712117763,
              36.650515918734584
            ],
            [
              10.365901315372453,
              36.65073950270909
            ],
            [
              10.366019309743212,
              36.65109800543197
            ],
            [
              10.366134124015131,
              36.65127661609714
            ],
            [
              10.366191531353662,
              36.65136592138212
            ],
            [
              10.366138100505468,
              36.65150147715562
            ],
            [
              10.366085464833843,
              36.65168200969093
            ],
            [
              10.366032828929145,
              36.651862542202764
            ],
            [
              10.365870153446908,
              36.65213430170885
            ],
            [
              10.365870948626231,
              36.6521792746821
            ],
            [
              10.365876514930854,
              36.65249408548494
            ],
            [
              10.36587890051642,
              36.65262900439511
            ],
            [
              10.365825468380903,
              36.65276456384179
            ],
            [
              10.365884466944445,
              36.65294381517308
            ],
            [
              10.365885262155501,
              36.65298878813995
            ],
            [
              10.36599769322624,
              36.65303247993608
            ],
            [
              10.366109324344366,
              36.65303119871545
            ],
            [
              10.366110119688713,
              36.65307617167743
            ],
            [
              10.366114891791826,
              36.65334600944183
            ],
            [
              10.363966353597736,
              36.65813873615455
            ],
            [
              10.362326321653656,
              36.66328545937539
            ],
            [
              10.360046618146006,
              36.667000053132526
            ],
            [
              10.35977460596145,
              36.66740799971818
            ],
            [
              10.3593948927098,
              36.66804208230057
            ],
            [
              10.359080503270635,
              36.669215201832166
            ],
            [
              10.35850515929464,
              36.67142588582157
            ],
            [
              10.358193118047106,
              36.672733921803285
            ],
            [
              10.358143615959122,
              36.673094342723495
            ],
            [
              10.358145989764198,
              36.67322925778842
            ],
            [
              10.358678565398145,
              36.67493248964282
            ],
            [
              10.359091571262729,
              36.67618726455326
            ],
            [
              10.359051574729603,
              36.67708736057582
            ],
            [
              10.359076125380952,
              36.67848151687466
            ],
            [
              10.359095925509443,
              36.67960583548409
            ],
            [
              10.359105429993166,
              36.68014551016749
            ],
            [
              10.359118895044167,
              36.680910045402854
            ],
            [
              10.359519270382505,
              36.68144525462448
            ],
            [
              10.359977075479147,
              36.68206976603553
            ],
            [
              10.359977868093718,
              36.68211473889264
            ],
            [
              10.360321623522683,
              36.68260561042563
            ],
            [
              10.360950927843488,
              36.68345306654239
            ],
            [
              10.361637669406663,
              36.684389829394256
            ],
            [
              10.361980651895099,
              36.68483571891296
            ],
            [
              10.362610782684014,
              36.68572814184352
            ],
            [
              10.362668217615767,
              36.685817447823716
            ],
            [
              10.36295219276918,
              36.686084086437184
            ],
            [
              10.370853823206724,
              36.687567666202995
            ],
            [
              10.371022150756106,
              36.687610712294834
            ],
            [
              10.37180874755212,
              36.68787153270819
            ],
            [
              10.373269464934113,
              36.688349481843794
            ],
            [
              10.374620916763211,
              36.68896362065839
            ],
            [
              10.376195766055869,
              36.68957515625986
            ],
            [
              10.377779479928057,
              36.690681367437186
            ],
            [
              10.377780283157879,
              36.69072633989418
            ],
            [
              10.377887128322419,
              36.69670765825788
            ],
            [
              10.380229250502373,
              36.69960431138068
            ],
            [
              10.381001503454094,
              36.699055569105624
            ],
            [
              10.38152591388061,
              36.70026398562166
            ],
            [
              10.382094904289051,
              36.70084213446708
            ],
            [
              10.383449070340577,
              36.701591082505004
            ],
            [
              10.383504922948221,
              36.701590432969944
            ],
            [
              10.380794967030074,
              36.7093587366815
            ],
            [
              10.39439556754956,
              36.70452201972034
            ],
            [
              10.401940226008755,
              36.70159951225535
            ],
            [
              10.40442735281737,
              36.7001307709543
            ]
          ]
        ]
      }
    },
    {
      "type": "Feature",
      "id": "isie2023:borj-cedria-2",
      "properties": {
        "key": "borj-cedria-2",
        "sourceOsmId": null,
        "currentCode": null,
        "sourceName": "برج السدرية 2",
        "sourceParentName": "حمام الشط",
        "sourcePdf": {
          "file": "C:\\Users\\barou\\Documents\\Codex\\2026-09-06\\the-android-app-app-currently-allows\\work\\soliman-adjacent-native-source-review\\borj-cedria-2.pdf",
          "sha256": "07d984e4d0c9e95043c195071818e3407c38cd9e03fd1617899613c86d083849"
        },
        "sourceRetrieval": {
          "file": "C:\\Users\\barou\\Documents\\Codex\\2026-09-06\\the-android-app-app-currently-allows\\work\\soliman-adjacent-native-source-review\\borj-cedria-2-retrieval.json",
          "sha256": "0e88a2117532572f612bd0366dec714be6dc845a779c5ea4c92a3c8bcd28e5c0"
        },
        "sourceDrawingIndices": [
          210
        ],
        "sourceExtraction": {
          "file": "C:\\Users\\barou\\Documents\\Codex\\2026-09-06\\the-android-app-app-currently-allows\\work\\soliman-adjacent-native-source-review\\native-neighbor-source-records.json",
          "sha256": "3e6e9ad53e3723fdb29870b7a118e298dce3f93e8d02dd95788791725f031ac5"
        },
        "sourceSplitReconstruction": null,
        "officialRegistryRow": null,
        "binding": "Source-only named component. Current unsuffixed Borj Cedria raw7174585/code135552 is not independently bound to this one component; no fake new code or source identity assigned."
      },
      "geometry": {
        "type": "Polygon",
        "coordinates": [
          [
            [
              10.404407363233622,
              36.70013698067049
            ],
            [
              10.401914997353746,
              36.701603585685895
            ],
            [
              10.394375676510943,
              36.7045103730126
            ],
            [
              10.380782966186818,
              36.70937533356784
            ],
            [
              10.379670607222673,
              36.70978278822765
            ],
            [
              10.379618387155169,
              36.7097974843096
            ],
            [
              10.38001411594076,
              36.71041279920538
            ],
            [
              10.383429530446486,
              36.716572193204904
            ],
            [
              10.383824326234214,
              36.71713114834912
            ],
            [
              10.383860807560733,
              36.71721525727912
            ],
            [
              10.38397025164142,
              36.71746758279544
            ],
            [
              10.384005233647756,
              36.71746717413859
            ],
            [
              10.384039967312795,
              36.71745267919763
            ],
            [
              10.384057457941386,
              36.71745247486464
            ],
            [
              10.38410993205072,
              36.717451861824294
            ],
            [
              10.384144664946753,
              36.717437366861965
            ],
            [
              10.38417964767834,
              36.71743695814546
            ],
            [
              10.38421438055399,
              36.717422463163174
            ],
            [
              10.384249363277787,
              36.71742205442634
            ],
            [
              10.38428434600088,
              36.717421645679224
            ],
            [
              10.384336570206798,
              36.71740694628445
            ],
            [
              10.384388794392159,
              36.717392246867135
            ],
            [
              10.384441267711628,
              36.71739163369023
            ],
            [
              10.384476000515496,
              36.71737713863292
            ],
            [
              10.384528474564284,
              36.71737652540912
            ],
            [
              10.384580698689929,
              36.71736182590872
            ],
            [
              10.384615430711497,
              36.717347330820125
            ],
            [
              10.384632922795014,
              36.71734712638576
            ],
            [
              10.384667654799742,
              36.71733263128225
            ],
            [
              10.384702637476089,
              36.717332222413056
            ],
            [
              10.38473737020197,
              36.71731772728089
            ],
            [
              10.384789844204539,
              36.71731711394273
            ],
            [
              10.384824576906492,
              36.717302618785595
            ],
            [
              10.384877050896845,
              36.71730200540919
            ],
            [
              10.384912033556201,
              36.717301596478755
            ],
            [
              10.38496450680238,
              36.71730098307249
            ],
            [
              10.384999489459977,
              36.717300574116365
            ],
            [
              10.38505196344505,
              36.71729996066289
            ],
            [
              10.385086946100886,
              36.717299551681066
            ],
            [
              10.385121928756016,
              36.71729914268896
            ],
            [
              10.385156661405624,
              36.71728464863027
            ],
            [
              10.385191644052965,
              36.71728423961781
            ],
            [
              10.385226625958065,
              36.71728383060376
            ],
            [
              10.385261359300543,
              36.71726933531242
            ],
            [
              10.38531383251701,
              36.717268721752625
            ],
            [
              10.385348565094025,
              36.717254226444936
            ],
            [
              10.385366056409465,
              36.71725402191194
            ],
            [
              10.385418280281359,
              36.71723932204873
            ],
            [
              10.385819078783783,
              36.717150099435166
            ],
            [
              10.385958257831334,
              36.71710620382111
            ],
            [
              10.386062705113599,
              36.71707680356057
            ],
            [
              10.386202385053117,
              36.71706108014733
            ],
            [
              10.38635955544965,
              36.71704515190198
            ],
            [
              10.386446760749829,
              36.71703004223897
            ],
            [
              10.386568448697753,
              36.71698635060426
            ],
            [
              10.386620922434197,
              36.71698573646362
            ],
            [
              10.386655654627459,
              36.71697124078158
            ],
            [
              10.386690637110453,
              36.71697083133158
            ],
            [
              10.386725369283328,
              36.716956335629575
            ],
            [
              10.386760351017,
              36.71695592616791
            ],
            [
              10.386812824728478,
              36.716955311943124
            ],
            [
              10.386847556870338,
              36.71694081620604
            ],
            [
              10.386882539336687,
              36.71694040669993
            ],
            [
              10.386952504267274,
              36.716939587656896
            ],
            [
              10.387004977963361,
              36.71693897334763
            ],
            [
              10.387039710060026,
              36.716924477555345
            ],
            [
              10.387092183002364,
              36.71692386321653
            ],
            [
              10.387127165457397,
              36.716923453638685
            ],
            [
              10.387162147911722,
              36.71692304405057
            ],
            [
              10.387196879991505,
              36.71690854940711
            ],
            [
              10.387249353661039,
              36.71690793499056
            ],
            [
              10.387284336106514,
              36.71690752536668
            ],
            [
              10.387319067371301,
              36.71689302830892
            ],
            [
              10.387371541027559,
              36.716892413838735
            ],
            [
              10.387406273052397,
              36.71687791913517
            ],
            [
              10.387458746696437,
              36.71687730462676
            ],
            [
              10.387755094588854,
              36.716817477040834
            ],
            [
              10.388260835005502,
              36.71672701695656
            ],
            [
              10.388609905021475,
              36.716680658624
            ],
            [
              10.388801554986236,
              36.71663614469667
            ],
            [
              10.388993957622974,
              36.716633889143516
            ],
            [
              10.389168116835764,
              36.7165895796868
            ],
            [
              10.389342525882876,
              36.716559356214916
            ],
            [
              10.389534676723823,
              36.716543013574096
            ],
            [
              10.389778549001507,
              36.71648379760964
            ],
            [
              10.389918226208898,
              36.716468068686375
            ],
            [
              10.390127867768957,
              36.716451519894164
            ],
            [
              10.390546648579546,
              36.716390248766636
            ],
            [
              10.39166331120331,
              36.71622215773108
            ],
            [
              10.392222268819538,
              36.71617332325076
            ],
            [
              10.39248413138355,
              36.716142067494296
            ],
            [
              10.392641299087622,
              36.71612613100758
            ],
            [
              10.392972872351823,
              36.71607996558097
            ],
            [
              10.39313003980774,
              36.716064028453374
            ],
            [
              10.39339215160414,
              36.716046856935904
            ],
            [
              10.393741719626679,
              36.716028656062406
            ],
            [
              10.393863904845105,
              36.716013129483954
            ],
            [
              10.3939511080772,
              36.715998014365724
            ],
            [
              10.394020568699458,
              36.715969019978864
            ],
            [
              10.394160494888018,
              36.71596737351535
            ],
            [
              10.394387877330178,
              36.71596469763311
            ],
            [
              10.39452755322606,
              36.71594896332898
            ],
            [
              10.39482489788999,
              36.715945463113115
            ],
            [
              10.394964573687957,
              36.715929730686476
            ],
            [
              10.395103997551608,
              36.71589990951488
            ],
            [
              10.395313887286655,
              36.71589743784289
            ],
            [
              10.39555825651792,
              36.71586638135436
            ],
            [
              10.395802876031082,
              36.715849411769675
            ],
            [
              10.396169681249367,
              36.71581691154277
            ],
            [
              10.396361575639936,
              36.71578647176693
            ],
            [
              10.396571214340613,
              36.71576991168078
            ],
            [
              10.39690354132255,
              36.71576599391733
            ],
            [
              10.397113178337108,
              36.715749432897425
            ],
            [
              10.39744474838852,
              36.7157032550807
            ],
            [
              10.39746223926226,
              36.71570304877771
            ],
            [
              10.397724348558219,
              36.715685867762986
            ],
            [
              10.3980214409252,
              36.71566827338843
            ],
            [
              10.39835376578022,
              36.71566435160305
            ],
            [
              10.398510931047834,
              36.71564840740878
            ],
            [
              10.398685587092322,
              36.715632256525865
            ],
            [
              10.398860241572356,
              36.7156161054056
            ],
            [
              10.399070131681325,
              36.71561362710939
            ],
            [
              10.39943743782738,
              36.715609289218385
            ],
            [
              10.399717038537677,
              36.71559189721742
            ],
            [
              10.399926674313887,
              36.71557533126327
            ],
            [
              10.40004885736425,
              36.71555979837447
            ],
            [
              10.400153802291925,
              36.71555855822635
            ],
            [
              10.400328204930839,
              36.71552831877958
            ],
            [
              10.400537840368145,
              36.715511751754995
            ],
            [
              10.400835184065782,
              36.71550823654427
            ],
            [
              10.40102732999451,
              36.71549187544079
            ],
            [
              10.401219221406857,
              36.71546142788757
            ],
            [
              10.40149907403589,
              36.715458117876494
            ],
            [
              10.401691219664132,
              36.71544175570651
            ],
            [
              10.401848635218546,
              36.71543989330042
            ],
            [
              10.401953326826693,
              36.7154245654147
            ],
            [
              10.401988308380085,
              36.715424151483916
            ],
            [
              10.402040527639054,
              36.715409445608536
            ],
            [
              10.402092999956633,
              36.71540882467027
            ],
            [
              10.402145219140943,
              36.715394116361665
            ],
            [
              10.402180200677652,
              36.715393702374776
            ],
            [
              10.40223267298138,
              36.71539308137516
            ],
            [
              10.402284890686373,
              36.715378375411476
            ],
            [
              10.40233736297732,
              36.71537775436594
            ],
            [
              10.402389835266664,
              36.71537713329728
            ],
            [
              10.402459798316627,
              36.715376305169784
            ],
            [
              10.402512270602228,
              36.71537568404718
            ],
            [
              10.402564742886225,
              36.71537506290146
            ],
            [
              10.402599724407999,
              36.71537464879146
            ],
            [
              10.402634705929062,
              36.71537423467121
            ],
            [
              10.402687178209312,
              36.715373613471534
            ],
            [
              10.40272215972859,
              36.71537319932557
            ],
            [
              10.402757141247156,
              36.71537278516933
            ],
            [
              10.402774632006173,
              36.71537257808737
            ],
            [
              10.402827104282146,
              36.715371956826054
            ],
            [
              10.402862085798573,
              36.71537154263899
            ],
            [
              10.402914304821598,
              36.715356835190384
            ],
            [
              10.402966777083721,
              36.71535621386772
            ],
            [
              10.403001758590912,
              36.71535579963977
            ],
            [
              10.403054230850358,
              36.715355178278564
            ],
            [
              10.403089212355768,
              36.71535476402492
            ],
            [
              10.403141431320957,
              36.71534005647778
            ],
            [
              10.403193903566553,
              36.71533943505524
            ],
            [
              10.403228885062726,
              36.71533902076071
            ],
            [
              10.403263863592143,
              36.715338606491024
            ],
            [
              10.403316082510674,
              36.71532389886813
            ],
            [
              10.403386045484547,
              36.71532307019727
            ],
            [
              10.403455755085417,
              36.715308154145774
            ],
            [
              10.403508227302234,
              36.71530753258514
            ],
            [
              10.403542955436244,
              36.71529303324738
            ],
            [
              10.403577936906135,
              36.7152926188507
            ],
            [
              10.403612918375313,
              36.71529220444377
            ],
            [
              10.40366539057774,
              36.71529158281409
            ],
            [
              10.403700118652138,
              36.71527708223726
            ],
            [
              10.403735100112435,
              36.715276667794555
            ],
            [
              10.403787572301542,
              36.71527604611125
            ],
            [
              10.403840044489046,
              36.715275424404815
            ],
            [
              10.403874772521759,
              36.71526092377783
            ],
            [
              10.403909753972105,
              36.71526050928397
            ],
            [
              10.403962226146286,
              36.715259887523885
            ],
            [
              10.403997207594847,
              36.71525947300432
            ],
            [
              10.404032189042697,
              36.715259058474494
            ],
            [
              10.404084661213133,
              36.71525843666049
            ],
            [
              10.404119642659197,
              36.71525802210496
            ],
            [
              10.404189605549185,
              36.715257192963094
            ],
            [
              10.404224586993108,
              36.71525677837674
            ],
            [
              10.404277059157655,
              36.71525615647795
            ],
            [
              10.404312040599795,
              36.71525574186591
            ],
            [
              10.404347022041218,
              36.715255327243604
            ],
            [
              10.404399240681727,
              36.715240619150784
            ],
            [
              10.404451712831344,
              36.71523999717524
            ],
            [
              10.404486691297494,
              36.715239582547184
            ],
            [
              10.404521419186516,
              36.715225081734324
            ],
            [
              10.404556400610891,
              36.71522466705079
            ],
            [
              10.404591382034555,
              36.71522425235696
            ],
            [
              10.404643600604098,
              36.71520954415829
            ],
            [
              10.40469607272707,
              36.71520892207547
            ],
            [
              10.404748291264855,
              36.71519421383145
            ],
            [
              10.404783019082037,
              36.71517971294362
            ],
            [
              10.404835237582395,
              36.71516500466215
            ],
            [
              10.404887709670758,
              36.71516438249552
            ],
            [
              10.404939928139356,
              36.71514967416872
            ],
            [
              10.404974909523252,
              36.71514925936291
            ],
            [
              10.405009890906433,
              36.71514884454683
            ],
            [
              10.4050448722889,
              36.71514842972047
            ],
            [
              10.405079853670655,
              36.71514801488384
            ],
            [
              10.405114835051691,
              36.71514760003693
            ],
            [
              10.40562155751178,
              36.71511341133597
            ],
            [
              10.406110785818841,
              36.71507942809512
            ],
            [
              10.406163257820218,
              36.715078805367455
            ],
            [
              10.406180748486985,
              36.715078597786444
            ],
            [
              10.406233220486222,
              36.71507797502797
            ],
            [
              10.406285692483845,
              36.715077352246354
            ],
            [
              10.406320673814703,
              36.71507693704577
            ],
            [
              10.406390382592134,
              36.715062020485284
            ],
            [
              10.406425363914463,
              36.71506160525408
            ],
            [
              10.406460345236077,
              36.7150611900126
            ],
            [
              10.406495072655868,
              36.715046688632945
            ],
            [
              10.40653005396967,
              36.71504627337113
            ],
            [
              10.406582525939033,
              36.71504565045914
            ],
            [
              10.406634997906789,
              36.71504502752402
            ],
            [
              10.406687215936898,
              36.715030318439
            ],
            [
              10.406739684925837,
              36.715029695493186
            ],
            [
              10.40680964752995,
              36.71502886481584
            ],
            [
              10.40686211948116,
              36.715028241780864
            ],
            [
              10.40691459143076,
              36.71502761872275
            ],
            [
              10.4069495727296,
              36.71502720333784
            ],
            [
              10.407002044676517,
              36.71502658024121
            ],
            [
              10.407054516621825,
              36.715025957121455
            ],
            [
              10.407106988565527,
              36.71502533397857
            ],
            [
              10.407561999439094,
              36.71503401856006
            ],
            [
              10.407596726629107,
              36.715019516863514
            ],
            [
              10.408576199369477,
              36.71500787662658
            ],
            [
              10.408960993243426,
              36.7150033014584
            ],
            [
              10.409398255938061,
              36.71499810092972
            ],
            [
              10.409503199679966,
              36.71499685255546
            ],
            [
              10.4095556715485,
              36.714996228333646
            ],
            [
              10.409608143415419,
              36.71499560408872
            ],
            [
              10.409660615280728,
              36.71499497982068
            ],
            [
              10.409695342038633,
              36.71498047752038
            ],
            [
              10.409730323274177,
              36.71498006131877
            ],
            [
              10.409782795126151,
              36.71497943699709
            ],
            [
              10.409817776359905,
              36.714979020769796
            ],
            [
              10.409835521486778,
              36.71499289876021
            ],
            [
              10.409887993345102,
              36.71499227439197
            ],
            [
              10.409922974583086,
              36.71499185813363
            ],
            [
              10.409975700974696,
              36.71500531983389
            ],
            [
              10.410028427384017,
              36.71501878151037
            ],
            [
              10.410063408631899,
              36.71501836521051
            ],
            [
              10.410098389879066,
              36.715017948900375
            ],
            [
              10.410133371125516,
              36.71501753257997
            ],
            [
              10.41016835237125,
              36.71501711624929
            ],
            [
              10.410203333616264,
              36.715016699908325
            ],
            [
              10.410273550694725,
              36.71502995330076
            ],
            [
              10.410465944590698,
              36.71502766316293
            ],
            [
              10.410500925836002,
              36.71502724673441
            ],
            [
              10.41053590708059,
              36.71502683029563
            ],
            [
              10.410570888324461,
              36.715026413846566
            ],
            [
              10.410606124219004,
              36.71504008349036
            ],
            [
              10.410641105467825,
              36.71503966702054
            ],
            [
              10.410676086715926,
              36.71503925054044
            ],
            [
              10.410728558586733,
              36.71503862580102
            ],
            [
              10.410781030455931,
              36.71503800103847
            ],
            [
              10.410833757016563,
              36.715051462354566
            ],
            [
              10.410886228892105,
              36.715050837545476
            ],
            [
              10.410921464850757,
              36.71506450709441
            ],
            [
              10.410956446105885,
              36.71506409053169
            ],
            [
              10.410991427360297,
              36.71506367395868
            ],
            [
              10.411061644601864,
              36.71507692688216
            ],
            [
              10.411096625860507,
              36.71507651027812
            ],
            [
              10.411131607118435,
              36.7150760936638
            ],
            [
              10.41116684312986,
              36.71508976313885
            ],
            [
              10.411201824392734,
              36.715089346503774
            ],
            [
              10.41123680565489,
              36.71508892985842
            ],
            [
              10.411272041689871,
              36.71510259930176
            ],
            [
              10.411307022956976,
              36.71510218263565
            ],
            [
              10.41181552264835,
              36.71516657033561
            ],
            [
              10.411850758816165,
              36.71518023960445
            ],
            [
              10.411903230756234,
              36.71517961434521
            ],
            [
              10.411938212048716,
              36.715179197492866
            ],
            [
              10.411973448242916,
              36.715192866724756
            ],
            [
              10.412025920188789,
              36.71519224141127
            ],
            [
              10.412043410837056,
              36.7151920329683
            ],
            [
              10.412078647033203,
              36.71520570097455
            ],
            [
              10.412131373938543,
              36.71521916290192
            ],
            [
              10.412166355245507,
              36.71521874598215
            ],
            [
              10.412218827204605,
              36.715218120583245
            ],
            [
              10.412271554119311,
              36.71523158125383
            ],
            [
              10.412289044774637,
              36.71523137277458
            ],
            [
              10.412341771709707,
              36.71524483341357
            ],
            [
              10.412394498662483,
              36.71525829402877
            ],
            [
              10.41246446130322,
              36.71525746002358
            ],
            [
              10.412499697600136,
              36.71527112790275
            ],
            [
              10.4125521695873,
              36.715270502356155
            ],
            [
              10.412587660942105,
              36.71529825749336
            ],
            [
              10.41262289730014,
              36.71531192652904
            ],
            [
              10.412675621378092,
              36.71532538705286
            ],
            [
              10.41271086072944,
              36.715339056026465
            ],
            [
              10.412746097126984,
              36.715352725024715
            ],
            [
              10.412798821252757,
              36.715366185492805
            ],
            [
              10.412956747550426,
              36.71539248056015
            ],
            [
              10.413009219609748,
              36.715391854810335
            ],
            [
              10.41304445608168,
              36.715405523718466
            ],
            [
              10.413096928147883,
              36.715404897929794
            ],
            [
              10.413132164640535,
              36.71541856681147
            ],
            [
              10.413167146022769,
              36.71541814959569
            ],
            [
              10.413342818387367,
              36.71545832161953
            ],
            [
              10.413729400296456,
              36.71555233357755
            ],
            [
              10.41376463696323,
              36.71556600226776
            ],
            [
              10.413799873642226,
              36.71557967094722
            ],
            [
              10.413835110333446,
              36.715593339615964
            ],
            [
              10.413870347036893,
              36.71560700827397
            ],
            [
              10.413923074483735,
              36.71562046820002
            ],
            [
              10.413958308248422,
              36.71563413686671
            ],
            [
              10.41399328971589,
              36.715633719406085
            ],
            [
              10.414028271182637,
              36.71563330193516
            ],
            [
              10.414063507915278,
              36.71564696934082
            ],
            [
              10.414115980122547,
              36.71564634309946
            ],
            [
              10.414151216919187,
              36.715660012866536
            ],
            [
              10.414186198395464,
              36.71565959534897
            ],
            [
              10.41422143516671,
              36.71567326270693
            ],
            [
              10.414256416647934,
              36.7156728451686
            ],
            [
              10.414309144201882,
              36.71568630492103
            ],
            [
              10.414326890303348,
              36.71570018341318
            ],
            [
              10.414344381049354,
              36.71569997462967
            ],
            [
              10.414379617865764,
              36.71571364193971
            ],
            [
              10.41439736398602,
              36.715727520420884
            ],
            [
              10.414414854737688,
              36.71572731162691
            ],
            [
              10.414450091578548,
              36.71574097891547
            ],
            [
              10.414467837695945,
              36.71575485619174
            ],
            [
              10.414485328453276,
              36.71575464738726
            ],
            [
              10.414503074580065,
              36.71576852465803
            ],
            [
              10.414520820713232,
              36.71578240192597
            ],
            [
              10.41455605761897,
              36.71579607037605
            ],
            [
              10.414573548384979,
              36.71579586155841
            ],
            [
              10.414591039150805,
              36.71579565273821
            ],
            [
              10.414608785305772,
              36.715809529992505
            ],
            [
              10.414626276074431,
              36.71580932116705
            ],
            [
              10.414661513010282,
              36.71582298958517
            ],
            [
              10.414679003781593,
              36.71582278075189
            ],
            [
              10.414696749958354,
              36.715836657992554
            ],
            [
              10.4147142407325,
              36.71583644915404
            ],
            [
              10.414731986918653,
              36.7158503263892
            ],
            [
              10.415224536168733,
              36.71599942463227
            ],
            [
              10.415453449920008,
              36.71608122494133
            ],
            [
              10.415488431567535,
              36.716080807036995
            ],
            [
              10.415523668751694,
              36.71609447399933
            ],
            [
              10.415541415162062,
              36.71610835230272
            ],
            [
              10.415576652367838,
              36.716122019248814
            ],
            [
              10.415594143200005,
              36.716121810279645
            ],
            [
              10.415629380442498,
              36.71613547840371
            ],
            [
              10.415646871277316,
              36.71613526942672
            ],
            [
              10.41603499309132,
              36.71631379015983
            ],
            [
              10.416119890776333,
              36.7161718854722
            ],
            [
              10.416687720693295,
              36.714685743119944
            ],
            [
              10.416669207175463,
              36.714629607973684
            ],
            [
              10.41659592060368,
              36.714447325553834
            ],
            [
              10.416486886451032,
              36.71422320425246
            ],
            [
              10.416358828433424,
              36.71391477428449
            ],
            [
              10.416267286042522,
              36.7136904436591
            ],
            [
              10.41619272606016,
              36.71343773052381
            ],
            [
              10.416152632679223,
              36.713156428330706
            ],
            [
              10.416265856860848,
              36.712647867570325
            ],
            [
              10.416601592991439,
              36.71186895436293
            ],
            [
              10.415439344206101,
              36.71144608185289
            ],
            [
              10.414858864432896,
              36.71126985582869
            ],
            [
              10.414191446311904,
              36.71112284405388
            ],
            [
              10.41313849530466,
              36.7109381584464
            ],
            [
              10.413050281746155,
              36.710896943043146
            ],
            [
              10.412817815766852,
              36.71061793345171
            ],
            [
              10.41176070488547,
              36.70923571144141
            ],
            [
              10.411260054652434,
              36.708635843180645
            ],
            [
              10.410332800002314,
              36.70766064629027
            ],
            [
              10.410454458990976,
              36.70761692957214
            ],
            [
              10.410626038827983,
              36.707431729324014
            ],
            [
              10.41066050744707,
              36.70740314067992
            ],
            [
              10.410813324368759,
              36.7071477165792
            ],
            [
              10.410892875086128,
              36.70671000807273
            ],
            [
              10.410815791042351,
              36.70631642957229
            ],
            [
              10.410595744659842,
              36.705755485448925
            ],
            [
              10.410201584040708,
              36.70523887933851
            ],
            [
              10.409757759337335,
              36.704877843443654
            ],
            [
              10.409457914268595,
              36.704740518728734
            ],
            [
              10.409387452404872,
              36.70471317849459
            ],
            [
              10.408999658767552,
              36.704548720302164
            ],
            [
              10.408403790062328,
              36.70448535823407
            ],
            [
              10.407932877594895,
              36.70456140018493
            ],
            [
              10.407550678543007,
              36.70470683235285
            ],
            [
              10.407195071961823,
              36.70438700509693
            ],
            [
              10.407070115262325,
              36.70424759848892
            ],
            [
              10.406570292954779,
              36.703689967034855
            ],
            [
              10.406410111593503,
              36.70353688744843
            ],
            [
              10.406089237464219,
              36.70320255771806
            ],
            [
              10.40607149577455,
              36.70318867907005
            ],
            [
              10.405928547742096,
              36.703021305145576
            ],
            [
              10.405304808649573,
              36.70238060442467
            ],
            [
              10.404636217684763,
              36.70119095409256
            ],
            [
              10.404407363233622,
              36.70013698067049
            ]
          ]
        ]
      }
    },
    {
      "type": "Feature",
      "id": "osm:relation:7102535",
      "properties": {
        "key": "cherifet",
        "sourceOsmId": "osm:relation:7102535",
        "currentCode": "156152",
        "sourceName": "الشريفات",
        "sourceParentName": "سليمان",
        "sourcePdf": {
          "file": "C:\\Users\\barou\\Documents\\Codex\\2026-09-06\\the-android-app-app-currently-allows\\work\\soliman-adjacent-native-source-review\\cherifet.pdf",
          "sha256": "fab1b73d8275448c7467c57f37e613439a1e1e444835e965d6a95155cb3b68f3"
        },
        "sourceRetrieval": {
          "file": "C:\\Users\\barou\\Documents\\Codex\\2026-09-06\\the-android-app-app-currently-allows\\work\\soliman-adjacent-native-source-review\\cherifet-retrieval.json",
          "sha256": "8aa61fcfc92eac66b5942127fd730689de9faa5b682127eacb4b40b8daf5b23c"
        },
        "sourceDrawingIndices": [
          409
        ],
        "sourceExtraction": {
          "file": "C:\\Users\\barou\\Documents\\Codex\\2026-09-06\\the-android-app-app-currently-allows\\work\\soliman-adjacent-native-source-review\\native-neighbor-source-records.json",
          "sha256": "3e6e9ad53e3723fdb29870b7a118e298dce3f93e8d02dd95788791725f031ac5"
        },
        "sourceSplitReconstruction": null,
        "officialRegistryRow": {
          "governorateCode": "15",
          "governorateFr": "Nabeul",
          "governorateAr": "نابل",
          "delegationCode": "1561",
          "delegationFr": "Soliman",
          "delegationAr": "سليمان",
          "sectorCode": "156152",
          "sectorFr": "Ech-cherifet",
          "sectorAr": "الشريفات",
          "sourceRows": {
            "Population_Secteur_Age_Sexe_Dynamique.xlsx": 13431,
            "Nombre_de_Logements_par_Secteurs.xlsx": 540,
            "Nombre_de_menages_par_Secteurs.xlsx": 539
          }
        },
        "binding": "Named own map aligned with the current registry row; whole boundary remains unaccepted."
      },
      "geometry": {
        "type": "Polygon",
        "coordinates": [
          [
            [
              10.563499069429778,
              36.73056481869101
            ],
            [
              10.563156997969308,
              36.73014732981449
            ],
            [
              10.563007847440037,
              36.729842397816746
            ],
            [
              10.562960975999266,
              36.729881371235464
            ],
            [
              10.562543785414944,
              36.73046223255052
            ],
            [
              10.561338645795741,
              36.72978749787853
            ],
            [
              10.56263164881721,
              36.727737503612516
            ],
            [
              10.56031908213503,
              36.726501830789914
            ],
            [
              10.560271436750067,
              36.72650245286529
            ],
            [
              10.561196445604443,
              36.72510940102388
            ],
            [
              10.561567525090272,
              36.72460586749598
            ],
            [
              10.561613619083756,
              36.72452854762529
            ],
            [
              10.562267446189061,
              36.72386787527051
            ],
            [
              10.562779891772331,
              36.723285772341285
            ],
            [
              10.562777564764708,
              36.72317072154735
            ],
            [
              10.561809970642242,
              36.72245452273488
            ],
            [
              10.56094078631237,
              36.7218904754308
            ],
            [
              10.560505807566928,
              36.721589272534494
            ],
            [
              10.56228441777655,
              36.71999326091399
            ],
            [
              10.560304803198896,
              36.718714873775255
            ],
            [
              10.560061955104393,
              36.718487878052684
            ],
            [
              10.559194368264771,
              36.7180005170902
            ],
            [
              10.559145954389523,
              36.7179627882272
            ],
            [
              10.559098314251933,
              36.71796340970918
            ],
            [
              10.55905067411288,
              36.717964031172095
            ],
            [
              10.559003807616833,
              36.71800300298347
            ],
            [
              10.558863207844732,
              36.71811991831204
            ],
            [
              10.558629647413037,
              36.718353127213334
            ],
            [
              10.558581241656787,
              36.71831539801604
            ],
            [
              10.558098652298186,
              36.71801480670713
            ],
            [
              10.558284573342178,
              36.71778221997536
            ],
            [
              10.558719513610393,
              36.718083431996256
            ],
            [
              10.55876715383068,
              36.718082810664136
            ],
            [
              10.558814794049502,
              36.71808218931296
            ],
            [
              10.559095219499403,
              36.71781000824347
            ],
            [
              10.558614178324543,
              36.717586119722135
            ],
            [
              10.558130055274153,
              36.717208830775405
            ],
            [
              10.556875971554996,
              36.71645796398737
            ],
            [
              10.55586087822664,
              36.715742336522894
            ],
            [
              10.55523385613673,
              36.71536689227483
            ],
            [
              10.554559209836285,
              36.714992067323614
            ],
            [
              10.554463161652054,
              36.71495495279097
            ],
            [
              10.553302113531837,
              36.71408775897597
            ],
            [
              10.553204525821338,
              36.71397394563536
            ],
            [
              10.551323567186289,
              36.71284756137792
            ],
            [
              10.551650098725727,
              36.7124980813313
            ],
            [
              10.551836788732988,
              36.71230385496276
            ],
            [
              10.551322715846776,
              36.71043086506562
            ],
            [
              10.551215131688469,
              36.709818495822766
            ],
            [
              10.551112166213612,
              36.70943622653399
            ],
            [
              10.551013818373598,
              36.70928406052794
            ],
            [
              10.55077410492314,
              36.70921044970093
            ],
            [
              10.548901742837549,
              36.70850587944717
            ],
            [
              10.548569069285396,
              36.70854855038647
            ],
            [
              10.547663252645943,
              36.70852192154327
            ],
            [
              10.546806597509939,
              36.70857137078823
            ],
            [
              10.546377118788856,
              36.70853856712073
            ],
            [
              10.545897705188283,
              36.7083913259564
            ],
            [
              10.5456564655734,
              36.70824100328702
            ],
            [
              10.54431504816127,
              36.70787473866735
            ],
            [
              10.545101836850588,
              36.70671375325747
            ],
            [
              10.546399515353453,
              36.70489403081329
            ],
            [
              10.546397981329243,
              36.70481732945045
            ],
            [
              10.546996484240552,
              36.70377385228582
            ],
            [
              10.547502779382436,
              36.702885008273725
            ],
            [
              10.547592668730319,
              36.7026153202929
            ],
            [
              10.54768332506204,
              36.70238398292135
            ],
            [
              10.547821611506663,
              36.70215202876263
            ],
            [
              10.547866939144264,
              36.70203636000353
            ],
            [
              10.547909195935034,
              36.70176728853434
            ],
            [
              10.547953755540208,
              36.70161326906903
            ],
            [
              10.548138902299836,
              36.70134235035845
            ],
            [
              10.548278721221578,
              36.701187093799135
            ],
            [
              10.548601379523795,
              36.70064587219309
            ],
            [
              10.549386488147183,
              36.6994081591085
            ],
            [
              10.54938418312129,
              36.69929310712006
            ],
            [
              10.54976521374779,
              36.699288167985486
            ],
            [
              10.549906563011959,
              36.69920961418778
            ],
            [
              10.55004637465816,
              36.699054358923
            ],
            [
              10.551298500593555,
              36.697350255950134
            ],
            [
              10.55175937920622,
              36.696577061868794
            ],
            [
              10.551855402905097,
              36.69661417601323
            ],
            [
              10.552830163523359,
              36.695335624217904
            ],
            [
              10.553573697148678,
              36.69440530881634
            ],
            [
              10.553760348227193,
              36.69421108315147
            ],
            [
              10.553900143266208,
              36.69405582362954
            ],
            [
              10.554085251582231,
              36.69378489300424
            ],
            [
              10.554271129228352,
              36.69355231272138
            ],
            [
              10.554688956480645,
              36.693009834140035
            ],
            [
              10.555292657437167,
              36.69223476904658
            ],
            [
              10.55668434329822,
              36.690375351742546
            ],
            [
              10.557794856275686,
              36.68874973974449
            ],
            [
              10.557937722693442,
              36.688747878076434
            ],
            [
              10.558514596298645,
              36.689008883641336
            ],
            [
              10.558562991193142,
              36.68904661337518
            ],
            [
              10.55865437266231,
              36.68885362535417
            ],
            [
              10.55884022494821,
              36.688621038355684
            ],
            [
              10.558931605120579,
              36.68842804363563
            ],
            [
              10.559246408318291,
              36.687503282967434
            ],
            [
              10.55943302867774,
              36.687309045670524
            ],
            [
              10.559668042302267,
              36.687152537408544
            ],
            [
              10.559992884164577,
              36.68672633212087
            ],
            [
              10.560036638629539,
              36.686533957979336
            ],
            [
              10.55750271025207,
              36.686068313620595
            ],
            [
              10.5574074692596,
              36.686069554326046
            ],
            [
              10.554539449411733,
              36.68556983089658
            ],
            [
              10.55382284302983,
              36.685464064328336
            ],
            [
              10.553249860716502,
              36.685394788289585
            ],
            [
              10.553010990068683,
              36.68535953067073
            ],
            [
              10.552391158432096,
              36.685329219711335
            ],
            [
              10.551866567462149,
              36.68529766933714
            ],
            [
              10.551151504343768,
              36.68526858796906
            ],
            [
              10.550483285183766,
              36.68520053411936
            ],
            [
              10.549815835226097,
              36.68517082723624
            ],
            [
              10.549003989796127,
              36.68506626604101
            ],
            [
              10.54823976639131,
              36.68496108261278
            ],
            [
              10.547378779142388,
              36.68478042518681
            ],
            [
              10.546948666273508,
              36.684709269553714
            ],
            [
              10.54661456041708,
              36.68467523119986
            ],
            [
              10.546184448742034,
              36.684604072773574
            ],
            [
              10.545802723767284,
              36.68457064793599
            ],
            [
              10.545516238722692,
              36.684535990792035
            ],
            [
              10.545324993518669,
              36.68450010203212
            ],
            [
              10.544753555785165,
              36.68450748641102
            ],
            [
              10.543610687767988,
              36.68452224684164
            ],
            [
              10.542944774392588,
              36.68456920296543
            ],
            [
              10.541755044658563,
              36.68462291106723
            ],
            [
              10.540374832758197,
              36.684679061475514
            ],
            [
              10.539185094582283,
              36.68473274402092
            ],
            [
              10.538946998184795,
              36.68473580886633
            ],
            [
              10.538614420100956,
              36.68477844987494
            ],
            [
              10.538377081930399,
              36.684819864590246
            ],
            [
              10.538045265420793,
              36.68490085498277
            ],
            [
              10.537618207642138,
              36.68498306931159
            ],
            [
              10.535629579734252,
              36.68558403841939
            ],
            [
              10.533498052489747,
              36.686186807421834
            ],
            [
              10.532314363790226,
              36.68654722374937
            ],
            [
              10.531699841406478,
              36.686785268992814
            ],
            [
              10.530989316708185,
              36.686986166616755
            ],
            [
              10.530326406063928,
              36.68718645712157
            ],
            [
              10.529946948369513,
              36.68726803485001
            ],
            [
              10.528854680667422,
              36.68743544968487
            ],
            [
              10.528474462407983,
              36.68747867166628
            ],
            [
              10.527999761007486,
              36.687561460740035
            ],
            [
              10.527289214909185,
              36.68776234319204
            ],
            [
              10.524824959064288,
              36.68840756845924
            ],
            [
              10.523924660473172,
              36.6886492115599
            ],
            [
              10.523592811046004,
              36.68873016234333
            ],
            [
              10.52288149104158,
              36.68889266770361
            ],
            [
              10.522121786222243,
              36.68901742398365
            ],
            [
              10.521314459492851,
              36.6891427748683
            ],
            [
              10.519126054058173,
              36.689285688361174
            ],
            [
              10.51784248456719,
              36.68941706562925
            ],
            [
              10.516701776971114,
              36.68954662347948
            ],
            [
              10.516226297034267,
              36.68959101483413
            ],
            [
              10.515086338694498,
              36.68975890860124
            ],
            [
              10.514136115781584,
              36.68988602807412
            ],
            [
              10.514136866355203,
              36.68992437943012
            ],
            [
              10.5142940003847,
              36.690651245761565
            ],
            [
              10.514345378165865,
              36.69084239933031
            ],
            [
              10.514647643414957,
              36.69168250610347
            ],
            [
              10.514748900670133,
              36.69198811010291
            ],
            [
              10.514798027624487,
              36.69206420614691
            ],
            [
              10.5148471547413,
              36.69214030541813
            ],
            [
              10.514897032971769,
              36.69225475599337
            ],
            [
              10.514997540964355,
              36.692522008388515
            ],
            [
              10.515234912833243,
              36.69248063956199
            ],
            [
              10.515286294308455,
              36.692671792586125
            ],
            [
              10.5145749190258,
              36.692834249436174
            ],
            [
              10.514576420771508,
              36.6929109520943
            ],
            [
              10.514627800950278,
              36.69310210542028
            ],
            [
              10.514629302763161,
              36.69317880807307
            ],
            [
              10.514679932336012,
              36.69333161003668
            ],
            [
              10.514681434213232,
              36.69340831268465
            ],
            [
              10.514682185153974,
              36.69344666400825
            ],
            [
              10.51463606099152,
              36.693523969997706
            ],
            [
              10.514636811849241,
              36.6935623180707
            ],
            [
              10.514638313759898,
              36.69363902396789
            ],
            [
              10.514688943684638,
              36.69379182590889
            ],
            [
              10.51469194744936,
              36.69394522794063
            ],
            [
              10.5147433286918,
              36.6941363811622
            ],
            [
              10.514792457146854,
              36.69421248040128
            ],
            [
              10.514892967506546,
              36.6944797294988
            ],
            [
              10.514991972357135,
              36.69467027916601
            ],
            [
              10.514994225749877,
              36.69478533309507
            ],
            [
              10.515046363572145,
              36.69501483738583
            ],
            [
              10.515047114738078,
              36.69505318869259
            ],
            [
              10.515000234859768,
              36.69509214356106
            ],
            [
              10.514953363010664,
              36.69513109830957
            ],
            [
              10.514859611094142,
              36.69520900785609
            ],
            [
              10.514812735064968,
              36.695247962602906
            ],
            [
              10.514721235904556,
              36.69544092597457
            ],
            [
              10.514536734387702,
              36.695750149898416
            ],
            [
              10.514306105460049,
              36.69613667942694
            ],
            [
              10.514075474211387,
              36.6965232052867
            ],
            [
              10.513939346345097,
              36.6968701732464
            ],
            [
              10.513755589022178,
              36.69721774735248
            ],
            [
              10.513325437142568,
              36.69714647118349
            ],
            [
              10.512750897029107,
              36.6970003020493
            ],
            [
              10.512223987096455,
              36.69685352443128
            ],
            [
              10.511793088880143,
              36.69674389128985
            ],
            [
              10.511313810404797,
              36.69659650730478
            ],
            [
              10.511121799807944,
              36.69652221261091
            ],
            [
              10.510786156676215,
              36.69641137181532
            ],
            [
              10.510545770184919,
              36.696299326614295
            ],
            [
              10.510258505412153,
              36.69622623392281
            ],
            [
              10.50968323300442,
              36.69604169822423
            ],
            [
              10.509442849206014,
              36.69592965072559
            ],
            [
              10.509154838510488,
              36.695818203906164
            ],
            [
              10.508963582015067,
              36.6957822570119
            ],
            [
              10.508676320547737,
              36.69570916041682
            ],
            [
              10.508389807478776,
              36.69567441453561
            ],
            [
              10.508102548930115,
              36.695601316507194
            ],
            [
              10.507911291387009,
              36.69556536792252
            ],
            [
              10.507433523981375,
              36.69549467079119
            ],
            [
              10.50686124769616,
              36.69546352373345
            ],
            [
              10.50609921088039,
              36.695473125283534
            ],
            [
              10.506106678288873,
              36.69585663989235
            ],
            [
              10.506116386067978,
              36.69635520559415
            ],
            [
              10.50607473207156,
              36.69666261719784
            ],
            [
              10.506030090830722,
              36.696816622962324
            ],
            [
              10.505939314384792,
              36.69704792828191
            ],
            [
              10.50584629751122,
              36.69716418242063
            ],
            [
              10.505800910940403,
              36.69727983662284
            ],
            [
              10.505661011522143,
              36.69743504192455
            ],
            [
              10.505521858051283,
              36.697628598529334
            ],
            [
              10.505335821408694,
              36.697861106124506
            ],
            [
              10.504822351502556,
              36.698404621909425
            ],
            [
              10.50407669284388,
              36.699257940295844
            ],
            [
              10.503470181175704,
              36.69991770007561
            ],
            [
              10.503097338267596,
              36.700344357454945
            ],
            [
              10.50286440455519,
              36.70061581166692
            ],
            [
              10.502771378853241,
              36.700732063538695
            ],
            [
              10.502632957521579,
              36.70096396844989
            ],
            [
              10.502494535376751,
              36.7011958732103
            ],
            [
              10.502264574927027,
              36.70162072904874
            ],
            [
              10.50189618621793,
              36.70227748858008
            ],
            [
              10.50157393624176,
              36.702856949049966
            ],
            [
              10.501252426090248,
              36.70347476019892
            ],
            [
              10.500791731901217,
              36.70428611871759
            ],
            [
              10.500562497581592,
              36.704749322975324
            ],
            [
              10.50024171597424,
              36.705405483066784
            ],
            [
              10.500101046958388,
              36.705522330715866
            ],
            [
              10.500438202271317,
              36.70570990394753
            ],
            [
              10.500968875037803,
              36.7060484900941
            ],
            [
              10.50145042663514,
              36.70631096582554
            ],
            [
              10.502124009159681,
              36.70664775180434
            ],
            [
              10.502845979482311,
              36.70702228319102
            ],
            [
              10.502941992210374,
              36.707059437008986
            ],
            [
              10.505200971934222,
              36.708066758126684
            ],
            [
              10.507075936776104,
              36.708925430955524
            ],
            [
              10.508662876162045,
              36.70967262662623
            ],
            [
              10.508999323385432,
              36.70982182323872
            ],
            [
              10.509576197987899,
              36.71008306535277
            ],
            [
              10.510153078449745,
              36.71034430454408
            ],
            [
              10.510537913301507,
              36.71053124620857
            ],
            [
              10.511308346274278,
              36.71094347357614
            ],
            [
              10.513330110672571,
              36.711991993661776
            ],
            [
              10.51568463987299,
              36.71299790234556
            ],
            [
              10.517415414042604,
              36.713781515883326
            ],
            [
              10.517655865395223,
              36.71389354540649
            ],
            [
              10.518472501059657,
              36.71422842066892
            ],
            [
              10.519097076410239,
              36.71448900654361
            ],
            [
              10.519529595982442,
              36.71467531254942
            ],
            [
              10.519962871756713,
              36.714899968020525
            ],
            [
              10.52063660570802,
              36.71523664517784
            ],
            [
              10.52121507041393,
              36.7155745276565
            ],
            [
              10.521359498673979,
              36.71564941086287
            ],
            [
              10.521504682153225,
              36.715762644944846
            ],
            [
              10.522614743536307,
              36.716477362543756
            ],
            [
              10.523435206882569,
              36.717003954334345
            ],
            [
              10.52391841183823,
              36.71734304062919
            ],
            [
              10.524594457556741,
              36.7177947440322
            ],
            [
              10.525559381692165,
              36.7183962025863
            ],
            [
              10.526187047429996,
              36.718810156771404
            ],
            [
              10.527008313417769,
              36.71937507357898
            ],
            [
              10.527539194764431,
              36.71971353561598
            ],
            [
              10.528118481212722,
              36.72008973697632
            ],
            [
              10.528697769174457,
              36.72046593216335
            ],
            [
              10.529035818610563,
              36.720691771663546
            ],
            [
              10.52932546841311,
              36.7208798688725
            ],
            [
              10.529519075109532,
              36.7210308338527
            ],
            [
              10.529665039777212,
              36.72118240824467
            ],
            [
              10.530149816800098,
              36.7215981662493
            ],
            [
              10.530198223297777,
              36.72163590711461
            ],
            [
              10.530295783793918,
              36.72174973979985
            ],
            [
              10.530586959884912,
              36.722014535457184
            ],
            [
              10.530635362819273,
              36.72205227618279
            ],
            [
              10.531023347855502,
              36.72239255207614
            ],
            [
              10.532092031238449,
              36.723414589897835
            ],
            [
              10.53330596443746,
              36.724549835974884
            ],
            [
              10.53418031911979,
              36.72538254428622
            ],
            [
              10.53592756468225,
              36.72697124171955
            ],
            [
              10.53719001678326,
              36.72814418329724
            ],
            [
              10.537383657174047,
              36.72829513451857
            ],
            [
              10.53782087758186,
              36.72871147165061
            ],
            [
              10.538258102800413,
              36.729127810288276
            ],
            [
              10.538938915421964,
              36.72980953422374
            ],
            [
              10.539180975493242,
              36.72999821611624
            ],
            [
              10.539471449219333,
              36.730224637593764
            ],
            [
              10.539810337387966,
              36.73048879502698
            ],
            [
              10.54029369862645,
              36.73082781042859
            ],
            [
              10.540631827378371,
              36.731053614749655
            ],
            [
              10.540873130485423,
              36.73120394236057
            ],
            [
              10.541210497391354,
              36.73139139433905
            ],
            [
              10.541836821524017,
              36.731728559475386
            ],
            [
              10.542367082811701,
              36.73202860063718
            ],
            [
              10.542800521423667,
              36.732253165234106
            ],
            [
              10.542945767664083,
              36.732366374634424
            ],
            [
              10.543090248062864,
              36.732441226781084
            ],
            [
              10.543235495015512,
              36.73255443255538
            ],
            [
              10.543429158282148,
              36.732705373293165
            ],
            [
              10.543912549160268,
              36.73304437317243
            ],
            [
              10.545218273597198,
              36.73398650441394
            ],
            [
              10.545604080944296,
              36.73421167766477
            ],
            [
              10.546232742027094,
              36.73466387011078
            ],
            [
              10.546716161396112,
              36.735002854611004
            ],
            [
              10.547248772782662,
              36.735417924247095
            ],
            [
              10.54792511276623,
              36.73586948685209
            ],
            [
              10.54889198577059,
              36.736547445679925
            ],
            [
              10.54913408321999,
              36.7367361094028
            ],
            [
              10.54976202396321,
              36.7371499315233
            ],
            [
              10.550003363793131,
              36.73730024285136
            ],
            [
              10.550535238560657,
              36.73767693993136
            ],
            [
              10.551453733643001,
              36.73831714461738
            ],
            [
              10.552469863400631,
              36.739071154633265
            ],
            [
              10.553775014033162,
              36.73997483270263
            ],
            [
              10.55406556814413,
              36.7402012227895
            ],
            [
              10.55426081544627,
              36.740428838876234
            ],
            [
              10.554653630191458,
              36.740999133879725
            ],
            [
              10.554654402321068,
              36.74103748417781
            ],
            [
              10.55636299833348,
              36.74066999852146
            ],
            [
              10.55660049637472,
              36.740628544486285
            ],
            [
              10.556645831246891,
              36.740512872881894
            ],
            [
              10.556738046892708,
              36.74035823015366
            ],
            [
              10.557014691792451,
              36.73989430807024
            ],
            [
              10.55720298662656,
              36.739776773315555
            ],
            [
              10.557296747122777,
              36.73969883070149
            ],
            [
              10.557341307018037,
              36.73954480859333
            ],
            [
              10.55738586674575,
              36.73939078646881
            ],
            [
              10.557426559020591,
              36.73904501302973
            ],
            [
              10.557698553717085,
              36.73835098139977
            ],
            [
              10.559043312752943,
              36.73649215339936
            ],
            [
              10.560019981335504,
              36.73529023911691
            ],
            [
              10.560066082836316,
              36.735212916541485
            ],
            [
              10.560063758867651,
              36.73509786582969
            ],
            [
              10.560062209562542,
              36.73502116535386
            ],
            [
              10.560012235032126,
              36.73490673673167
            ],
            [
              10.560058336325435,
              36.73482941415969
            ],
            [
              10.560105212193651,
              36.73479044181005
            ],
            [
              10.560103662864641,
              36.73471374133177
            ],
            [
              10.560150538641059,
              36.734674768965746
            ],
            [
              10.560197414370109,
              36.734635796582126
            ],
            [
              10.560290390934949,
              36.734519501524986
            ],
            [
              10.560337266565359,
              36.73448053233976
            ],
            [
              10.560431792304895,
              36.7344409344001
            ],
            [
              10.5604778929754,
              36.73436361492677
            ],
            [
              10.560524768350685,
              36.734324642420574
            ],
            [
              10.56057086879561,
              36.73424731966304
            ],
            [
              10.560710719480365,
              36.73409205175572
            ],
            [
              10.560850569607025,
              36.73393678369338
            ],
            [
              10.560897444536755,
              36.733897811048244
            ],
            [
              10.560944319419121,
              36.7338588383855
            ],
            [
              10.560990419175592,
              36.73378151547606
            ],
            [
              10.561037293941022,
              36.733742542778735
            ],
            [
              10.561177142787201,
              36.73358727435423
            ],
            [
              10.561270891847364,
              36.73350932880241
            ],
            [
              10.5613177663064,
              36.733470356000126
            ],
            [
              10.561363865530476,
              36.733393036206024
            ],
            [
              10.561409964532805,
              36.733315709894136
            ],
            [
              10.561504488348978,
              36.733276114392005
            ],
            [
              10.561550587274013,
              36.73319879453029
            ],
            [
              10.561597461338735,
              36.73315981837306
            ],
            [
              10.561691984930595,
              36.733120225978325
            ],
            [
              10.561738858941165,
              36.73308125301828
            ],
            [
              10.561785732904376,
              36.73304228004062
            ],
            [
              10.561784182002313,
              36.73296557960119
            ],
            [
              10.561830280402694,
              36.73288825638765
            ],
            [
              10.561924027959034,
              36.732810310348036
            ],
            [
              10.562206820790356,
              36.73265317223593
            ],
            [
              10.562348984408326,
              36.73261295325423
            ],
            [
              10.562583350783433,
              36.73241808704341
            ],
            [
              10.563100504795784,
              36.73206608023541
            ],
            [
              10.563241122622957,
              36.731949159713615
            ],
            [
              10.56333486760428,
              36.73187121261113
            ],
            [
              10.563523909624822,
              36.73179202183756
            ],
            [
              10.563664526306592,
              36.73167510083716
            ],
            [
              10.563757494132338,
              36.73155880322276
            ],
            [
              10.563802036914204,
              36.73140477890799
            ],
            [
              10.56375205942963,
              36.73129035186569
            ],
            [
              10.563745848429019,
              36.73098355029906
            ],
            [
              10.563499069429778,
              36.73056481869101
            ]
          ]
        ]
      }
    }
  ]
}
