{
  "type": "FeatureCollection",
  "features": [
    {
      "type": "Feature",
      "id": "osm:relation:7105250",
      "properties": {
        "sourceId": "isie-local-sectors-2023-hammamet-nine-neighbours",
        "officialCode": "316151",
        "delegationCode": "3161",
        "governorateCode": "31",
        "nameAr": "بوفيشة",
        "nameFr": "Bouficha",
        "sourcePdfURL": "https://www.isie.tn/wp-content/uploads/2023/CartesCirconscriptionsElectoralesLocales2023/سوسة/بوفيشة/بوفيشة.pdf",
        "sourcePdfSha256": "2a9bd82743ab156c34534789f8f45627d79c43bc87a0aa51c6fdf77f46ab4a4f",
        "sourceDrawingDetails": {
          "drawingIndex": 452,
          "layer": "circonscription_isie2023",
          "pdfSha256": "2a9bd82743ab156c34534789f8f45627d79c43bc87a0aa51c6fdf77f46ab4a4f",
          "segmentCount": 107,
          "seqno": 460,
          "sourceOrigin": "frontier8-native-map-inspection",
          "sourceRingCompleteness": {
            "activeClipCount": 2,
            "activeClipOutsideAreasPoints2": [
              0.0,
              0.0
            ],
            "explicitlyClosed": true,
            "isValid": true,
            "viewportCoversCompleteRing": true
          },
          "sourceRingVertexCount": 108,
          "vertexCount": 108
        },
        "sourceGeometrySha256": "72428c025d781af3d2dc2688f3c6c1014ba9c7d9dc8c89ad012d2810934ecafa"
      },
      "geometry": {
        "coordinates": [
          [
            [
              10.48762029302427,
              36.31941798117101
            ],
            [
              10.48372020859498,
              36.31718649965802
            ],
            [
              10.482274230367556,
              36.31636260978556
            ],
            [
              10.474605547083318,
              36.31193261036203
            ],
            [
              10.47188865171536,
              36.31035257904413
            ],
            [
              10.46996102589933,
              36.30925385726504
            ],
            [
              10.469522455542654,
              36.30897863599692
            ],
            [
              10.468600018650447,
              36.30832351041976
            ],
            [
              10.467323726899608,
              36.30728687126564
            ],
            [
              10.46569164851936,
              36.3057634940694
            ],
            [
              10.463737305037197,
              36.303226766612276
            ],
            [
              10.462717841283178,
              36.30201152729569
            ],
            [
              10.460987518568851,
              36.299857869092925
            ],
            [
              10.460366567119532,
              36.2990937445989
            ],
            [
              10.460144711921634,
              36.29881583493169
            ],
            [
              10.45987822149698,
              36.29846831087691
            ],
            [
              10.459612387942045,
              36.29815585996735
            ],
            [
              10.45939053441561,
              36.29787794580909
            ],
            [
              10.459257292215698,
              36.29770418292364
            ],
            [
              10.458189418776767,
              36.29620886711309
            ],
            [
              10.457563950258894,
              36.29519923013214
            ],
            [
              10.457157723098863,
              36.294327227983295
            ],
            [
              10.456702956343308,
              36.29317518631429
            ],
            [
              10.455467396147347,
              36.28964732204821
            ],
            [
              10.455466091432315,
              36.2895771801382
            ],
            [
              10.455330263382933,
              36.28926312829136
            ],
            [
              10.454603910444888,
              36.28748297184518
            ],
            [
              10.454189938333052,
              36.28619010496705
            ],
            [
              10.453868473851758,
              36.28521181859151
            ],
            [
              10.451590107075873,
              36.27917093656664
            ],
            [
              10.450467209799466,
              36.27935999950296
            ],
            [
              10.443351513348462,
              36.281130160242505
            ],
            [
              10.44249103620185,
              36.28145628113368
            ],
            [
              10.441713309594174,
              36.2815709268709
            ],
            [
              10.439340662325423,
              36.28212578462369
            ],
            [
              10.437226589638932,
              36.282607320122516
            ],
            [
              10.436840612054706,
              36.28282244749631
            ],
            [
              10.43926533808144,
              36.28980897782892
            ],
            [
              10.438832790932155,
              36.289849282014515
            ],
            [
              10.43693510383575,
              36.29032819870461
            ],
            [
              10.435985931216292,
              36.29055010879779
            ],
            [
              10.432535100177324,
              36.29139845077773
            ],
            [
              10.43188657687433,
              36.291476401572986
            ],
            [
              10.430118128105846,
              36.29191858197934
            ],
            [
              10.422783551572644,
              36.293655071965276
            ],
            [
              10.42144758002601,
              36.29405688232925
            ],
            [
              10.422444031186702,
              36.29643036301346
            ],
            [
              10.422900232826056,
              36.2976877564891
            ],
            [
              10.424496416546416,
              36.302053552963436
            ],
            [
              10.426461808197432,
              36.30764266504651
            ],
            [
              10.428579189004301,
              36.30730159340631
            ],
            [
              10.430390681179116,
              36.306823837617095
            ],
            [
              10.4281196809531,
              36.31298987348897
            ],
            [
              10.426673447747854,
              36.31686586609537
            ],
            [
              10.426465734107845,
              36.317359457535794
            ],
            [
              10.42742742918085,
              36.317803963493084
            ],
            [
              10.427821929383231,
              36.318044789165995
            ],
            [
              10.428261051073994,
              36.318355236428964
            ],
            [
              10.429385206510467,
              36.31820144083604
            ],
            [
              10.429601883832268,
              36.31819884138655
            ],
            [
              10.431033233972009,
              36.318251817547726
            ],
            [
              10.432120473876324,
              36.31844922833014
            ],
            [
              10.432902440612404,
              36.31854506399739
            ],
            [
              10.433549256377079,
              36.31836188967955
            ],
            [
              10.434839659549397,
              36.31782017518497
            ],
            [
              10.435652717246988,
              36.31724912315806
            ],
            [
              10.436706435912978,
              36.31562279839928
            ],
            [
              10.436833855417653,
              36.315480946588124
            ],
            [
              10.442038423455482,
              36.315663628646035
            ],
            [
              10.443940572162623,
              36.31539504273716
            ],
            [
              10.445535481582914,
              36.31491968410983
            ],
            [
              10.445618256983074,
              36.31470820698867
            ],
            [
              10.446365807969368,
              36.31294519730052
            ],
            [
              10.44761204842677,
              36.312368806346164
            ],
            [
              10.449821809943295,
              36.317007411942036
            ],
            [
              10.450804455046809,
              36.318573991665055
            ],
            [
              10.452580226077155,
              36.32083247192557
            ],
            [
              10.45390771763141,
              36.3222895864279
            ],
            [
              10.455007468504977,
              36.32315312800266
            ],
            [
              10.456590500327346,
              36.32436153946494
            ],
            [
              10.45672313039055,
              36.32450023294801
            ],
            [
              10.458520947483553,
              36.325600755771944
            ],
            [
              10.45974688309007,
              36.326252235365175
            ],
            [
              10.460578196688914,
              36.32666299223627
            ],
            [
              10.46202020895525,
              36.32727672340211
            ],
            [
              10.464287674475411,
              36.327985525446344
            ],
            [
              10.468430024157067,
              36.32926753511015
            ],
            [
              10.4725725089048,
              36.33054939179365
            ],
            [
              10.47265919184971,
              36.33054832043785
            ],
            [
              10.47322592999576,
              36.33071670736006
            ],
            [
              10.473606743454257,
              36.33022089759325
            ],
            [
              10.474160916100978,
              36.32972294189792
            ],
            [
              10.47441302049471,
              36.32929888511945
            ],
            [
              10.475093230412243,
              36.32858889377924
            ],
            [
              10.47577607755758,
              36.32801918040985
            ],
            [
              10.476457582086399,
              36.32737932259845
            ],
            [
              10.4769250380246,
              36.32688243469302
            ],
            [
              10.47713709412018,
              36.32663425575391
            ],
            [
              10.477177781466985,
              36.3264934368922
            ],
            [
              10.477217805696563,
              36.32631754761957
            ],
            [
              10.47758199495362,
              36.32494496889696
            ],
            [
              10.476754852963966,
              36.322464645848804
            ],
            [
              10.481630634513694,
              36.32128161063642
            ],
            [
              10.484954841036634,
              36.3205737385797
            ],
            [
              10.48542953419176,
              36.320462586444854
            ],
            [
              10.487716975841606,
              36.31994295322835
            ],
            [
              10.487664295530308,
              36.31945251045769
            ],
            [
              10.48762029302427,
              36.31941798117101
            ]
          ]
        ],
        "type": "Polygon"
      }
    },
    {
      "type": "Feature",
      "id": "osm:relation:7105249",
      "properties": {
        "sourceId": "isie-local-sectors-2023-hammamet-nine-neighbours",
        "officialCode": "316158",
        "delegationCode": "3161",
        "governorateCode": "31",
        "nameAr": "السلوم",
        "nameFr": "Esselloum",
        "sourcePdfURL": "https://www.isie.tn/wp-content/uploads/2023/CartesCirconscriptionsElectoralesLocales2023/سوسة/بوفيشة/السلوم - (بوفيشة).pdf",
        "sourcePdfSha256": "2f1896201606af27e359e39c81f001f61e5778df37321a550a7fa20816e95c6c",
        "sourceDrawingDetails": {
          "drawingIndex": 428,
          "layer": "circonscription_isie2023",
          "pdfSha256": "2f1896201606af27e359e39c81f001f61e5778df37321a550a7fa20816e95c6c",
          "segmentCount": 134,
          "seqno": 436,
          "sourceOrigin": "frontier8-native-map-inspection",
          "sourceRingCompleteness": {
            "activeClipCount": 2,
            "activeClipOutsideAreasPoints2": [
              0.0,
              0.0
            ],
            "explicitlyClosed": true,
            "isValid": true,
            "viewportCoversCompleteRing": true
          },
          "sourceRingVertexCount": 135,
          "vertexCount": 135
        },
        "sourceGeometrySha256": "b1d78d6aced3ca53b18b51e14810074d9e3e23cdd82926cd9e29b92a9693438f"
      },
      "geometry": {
        "coordinates": [
          [
            [
              10.503798139730975,
              36.30561805525566
            ],
            [
              10.502611915533375,
              36.302217543677465
            ],
            [
              10.501515267640599,
              36.30004330945038
            ],
            [
              10.500966455090827,
              36.29892951336115
            ],
            [
              10.500482545516364,
              36.29776153407974
            ],
            [
              10.499865807727296,
              36.29654184740483
            ],
            [
              10.499374768787417,
              36.2950003889832
            ],
            [
              10.498755014745134,
              36.29362063935998
            ],
            [
              10.498473993305648,
              36.29271693910001
            ],
            [
              10.498194023124455,
              36.29186658651037
            ],
            [
              10.497845077377173,
              36.290857002618544
            ],
            [
              10.497436366193108,
              36.29016835851801
            ],
            [
              10.496610798254087,
              36.28836424203803
            ],
            [
              10.49632575066952,
              36.28724712080224
            ],
            [
              10.49577506659312,
              36.28602658771279
            ],
            [
              10.494943465576048,
              36.283902335248
            ],
            [
              10.494531759964513,
              36.28305361825988
            ],
            [
              10.493903022696413,
              36.28119365866358
            ],
            [
              10.493625162266103,
              36.28044999920781
            ],
            [
              10.49265579806841,
              36.27800724927876
            ],
            [
              10.492241097595885,
              36.276998465745585
            ],
            [
              10.491888231840395,
              36.27577544386894
            ],
            [
              10.491610422570165,
              36.27503177804714
            ],
            [
              10.490990963062867,
              36.2736519769942
            ],
            [
              10.490713170472507,
              36.27290830845884
            ],
            [
              10.490567162593218,
              36.272163001954326
            ],
            [
              10.489880847165526,
              36.27073066049108
            ],
            [
              10.489604091852852,
              36.270040342360545
            ],
            [
              10.489119528551127,
              36.268818949693866
            ],
            [
              10.488489004333953,
              36.26685223957717
            ],
            [
              10.488075435290607,
              36.26589678652644
            ],
            [
              10.487929467791895,
              36.2651514750694
            ],
            [
              10.487452065564733,
              36.26430355075633
            ],
            [
              10.487101365176581,
              36.26318721253607
            ],
            [
              10.48648107208706,
              36.261754027491534
            ],
            [
              10.486136475001599,
              36.260957813826415
            ],
            [
              10.485851689205694,
              36.2598406523625
            ],
            [
              10.48530441618578,
              36.25878011937368
            ],
            [
              10.485090588621313,
              36.25792890774102
            ],
            [
              10.484536253478971,
              36.256494892019745
            ],
            [
              10.484057926594923,
              36.25559359236151
            ],
            [
              10.483844122474062,
              36.25474238206834
            ],
            [
              10.483690132441534,
              36.25357022981089
            ],
            [
              10.483544233422988,
              36.25282490549388
            ],
            [
              10.480902834484024,
              36.2455464008357
            ],
            [
              10.478089663989225,
              36.24659514490245
            ],
            [
              10.477166499047195,
              36.2465531758391
            ],
            [
              10.47542122067985,
              36.248335798005314
            ],
            [
              10.474185763383135,
              36.24920489051182
            ],
            [
              10.471919397099056,
              36.251314089396324
            ],
            [
              10.469456287094777,
              36.25347901956754
            ],
            [
              10.4687396731392,
              36.25391475065746
            ],
            [
              10.467631799421838,
              36.25456874346919
            ],
            [
              10.453755336243626,
              36.2595411172349
            ],
            [
              10.451117170862378,
              36.259413032467926
            ],
            [
              10.450733754914014,
              36.26005808323027
            ],
            [
              10.449824271822935,
              36.26076287437888
            ],
            [
              10.449381877557347,
              36.26178220317575
            ],
            [
              10.449006336988765,
              36.26285407854755
            ],
            [
              10.44856194082043,
              36.26376669482656
            ],
            [
              10.447980830596885,
              36.26441412979445
            ],
            [
              10.446350487608257,
              36.26534107835122
            ],
            [
              10.447598587687496,
              36.26868808473847
            ],
            [
              10.448223167462436,
              36.27038825893474
            ],
            [
              10.448290044193918,
              36.27044081623285
            ],
            [
              10.44905632125499,
              36.272672937446416
            ],
            [
              10.451615047885692,
              36.279152639956244
            ],
            [
              10.453902672212823,
              36.285208638925084
            ],
            [
              10.4541841340573,
              36.286165816603756
            ],
            [
              10.454604350106338,
              36.28749486784413
            ],
            [
              10.45529614797863,
              36.28924754609226
            ],
            [
              10.455433915651167,
              36.28956606934169
            ],
            [
              10.455501806905934,
              36.28967197642678
            ],
            [
              10.456687791762091,
              36.29317972223278
            ],
            [
              10.457171018092167,
              36.29434789533356
            ],
            [
              10.457582387034403,
              36.295196747346196
            ],
            [
              10.458194482129086,
              36.296203245884556
            ],
            [
              10.459276936941945,
              36.29768430180954
            ],
            [
              10.459412739126483,
              36.297896110803045
            ],
            [
              10.459615456065427,
              36.29816046956607
            ],
            [
              10.459885083262527,
              36.2984773777949
            ],
            [
              10.460154712580792,
              36.29879428082726
            ],
            [
              10.460357434410986,
              36.299058638183524
            ],
            [
              10.460965608228035,
              36.299851707934415
            ],
            [
              10.462720289742062,
              36.3020182812488
            ],
            [
              10.463732000633275,
              36.303233326964154
            ],
            [
              10.465691594706582,
              36.305770905865046
            ],
            [
              10.467302681765737,
              36.30729877095399
            ],
            [
              10.468574206349913,
              36.30829712479272
            ],
            [
              10.469510131002478,
              36.30897938629104
            ],
            [
              10.469910675526819,
              36.309241295634585
            ],
            [
              10.471843490504396,
              36.31033821693469
            ],
            [
              10.474643427402423,
              36.311958070900054
            ],
            [
              10.482243688757332,
              36.31634686466767
            ],
            [
              10.483710287305264,
              36.31718253152889
            ],
            [
              10.48764368742404,
              36.3194284075011
            ],
            [
              10.493511755925317,
              36.32282403753198
            ],
            [
              10.496109663982171,
              36.324179077904105
            ],
            [
              10.49629928687147,
              36.32374977757818
            ],
            [
              10.496159245618234,
              36.323324602073384
            ],
            [
              10.496085138041613,
              36.3228986014773
            ],
            [
              10.496080028838556,
              36.3226318445631
            ],
            [
              10.496206782779865,
              36.322363428789885
            ],
            [
              10.496200651158572,
              36.322043309627084
            ],
            [
              10.495996726370892,
              36.32172566503702
            ],
            [
              10.495432508215968,
              36.319811546247465
            ],
            [
              10.495156536691287,
              36.31917460487818
            ],
            [
              10.495084481550375,
              36.31885531870325
            ],
            [
              10.494541741800802,
              36.31806161252676
            ],
            [
              10.494335793604069,
              36.3176372579437
            ],
            [
              10.492994819906036,
              36.31647995833832
            ],
            [
              10.49199063549067,
              36.315691999757604
            ],
            [
              10.49112443718968,
              36.31522251301061
            ],
            [
              10.490261296318344,
              36.31491307546884
            ],
            [
              10.489927599105297,
              36.31470376893154
            ],
            [
              10.489854552457702,
              36.31433111631925
            ],
            [
              10.489909286771331,
              36.31374341192526
            ],
            [
              10.489969107019629,
              36.31342246555199
            ],
            [
              10.490228734064988,
              36.313205770814086
            ],
            [
              10.490755108815973,
              36.313145844543776
            ],
            [
              10.49095083924976,
              36.31303667238851
            ],
            [
              10.491071493684403,
              36.31244814109458
            ],
            [
              10.491316853695112,
              36.31148449646949
            ],
            [
              10.49169813088203,
              36.31073261600286
            ],
            [
              10.492085513034016,
              36.31030085481083
            ],
            [
              10.492472890952369,
              36.30986909243199
            ],
            [
              10.493445395555014,
              36.30900309933559
            ],
            [
              10.495152170264392,
              36.308608211797015
            ],
            [
              10.496076072356553,
              36.30865002432057
            ],
            [
              10.496534447883139,
              36.308484191318556
            ],
            [
              10.497566674977953,
              36.30729722128081
            ],
            [
              10.498546251377876,
              36.306804656835844
            ],
            [
              10.50123864670433,
              36.30623723595004
            ],
            [
              10.50287941199999,
              36.30584306742438
            ],
            [
              10.503798139730975,
              36.30561805525566
            ]
          ]
        ],
        "type": "Polygon"
      }
    },
    {
      "type": "Feature",
      "id": "osm:relation:7105455",
      "properties": {
        "sourceId": "isie-local-sectors-2023-hammamet-nine-neighbours",
        "officialCode": "316155",
        "delegationCode": "3161",
        "governorateCode": "31",
        "nameAr": "سيدي سعيد",
        "nameFr": "Sidi said",
        "sourcePdfURL": "https://www.isie.tn/wp-content/uploads/2023/CartesCirconscriptionsElectoralesLocales2023/سوسة/بوفيشة/سيدي سعيد - (بوفيشة).pdf",
        "sourcePdfSha256": "e2d651fb66fa7ef345b9006abdc644cb928a1124e662449098539bb39807dfac",
        "sourceDrawingDetails": {
          "drawingIndex": 258,
          "layer": "circonscription_isie2023",
          "pdfSha256": "e2d651fb66fa7ef345b9006abdc644cb928a1124e662449098539bb39807dfac",
          "segmentCount": 502,
          "seqno": 266,
          "sourceOrigin": "frontier8-native-map-inspection",
          "sourceRingCompleteness": {
            "activeClipCount": 2,
            "activeClipOutsideAreasPoints2": [
              0.0,
              0.0
            ],
            "explicitlyClosed": true,
            "isValid": true,
            "viewportCoversCompleteRing": true
          },
          "sourceRingVertexCount": 503,
          "vertexCount": 503
        },
        "sourceGeometrySha256": "f72e489b29ce3cf64d66f84cd2c33d171095ed162e06530f5a528de89a9a2a11"
      },
      "geometry": {
        "coordinates": [
          [
            [
              10.382079457929674,
              36.38269363937496
            ],
            [
              10.3834722814365,
              36.38211023250927
            ],
            [
              10.38400927183864,
              36.38271853952654
            ],
            [
              10.384360831902226,
              36.38276173256966
            ],
            [
              10.384651422052764,
              36.3826638164
            ],
            [
              10.384824261822374,
              36.382519994447996
            ],
            [
              10.385574917837776,
              36.381991287457204
            ],
            [
              10.386435741826318,
              36.38108312809089
            ],
            [
              10.38706610475787,
              36.380366721927366
            ],
            [
              10.387761636454849,
              36.38002772999028
            ],
            [
              10.387874332560072,
              36.379790059361575
            ],
            [
              10.388106453118242,
              36.37969281503817
            ],
            [
              10.388223356095882,
              36.37969145484418
            ],
            [
              10.38881292311105,
              36.379968224964124
            ],
            [
              10.388989959971504,
              36.38006070786713
            ],
            [
              10.389223766932467,
              36.38005798561209
            ],
            [
              10.389343197516014,
              36.38019841067646
            ],
            [
              10.38969306592572,
              36.380147063958354
            ],
            [
              10.390101385585876,
              36.38009503518799
            ],
            [
              10.390331818190814,
              36.3799032623753
            ],
            [
              10.390737603987251,
              36.379709445196724
            ],
            [
              10.390967195502627,
              36.37947040905116
            ],
            [
              10.391258605756194,
              36.379419739311665
            ],
            [
              10.391490723275208,
              36.37932248848957
            ],
            [
              10.391722840205146,
              36.37922523722721
            ],
            [
              10.392016780884353,
              36.37931635189521
            ],
            [
              10.392543685096634,
              36.37935747501937
            ],
            [
              10.392964664127033,
              36.38001436743629
            ],
            [
              10.39302734121675,
              36.380249995177735
            ],
            [
              10.393088324454016,
              36.38039109884026
            ],
            [
              10.39321367549995,
              36.380862354143076
            ],
            [
              10.393331424782781,
              36.38090825094864
            ],
            [
              10.393503401938727,
              36.38071715475855
            ],
            [
              10.393675375782067,
              36.38052605836194
            ],
            [
              10.393790592058734,
              36.380430168604775
            ],
            [
              10.393904960436132,
              36.38028701674206
            ],
            [
              10.394019325921185,
              36.38014386480449
            ],
            [
              10.39413538400799,
              36.380095236784925
            ],
            [
              10.394308202803142,
              36.379951401515676
            ],
            [
              10.39448186643431,
              36.37985482802682
            ],
            [
              10.394656375207804,
              36.379805516310164
            ],
            [
              10.394947784013617,
              36.379754837595335
            ],
            [
              10.395354405545596,
              36.379608266965946
            ],
            [
              10.395471308036242,
              36.379606899681896
            ],
            [
              10.395587364385056,
              36.3795582702837
            ],
            [
              10.395819476640819,
              36.37946101115712
            ],
            [
              10.39640059883969,
              36.3792651234299
            ],
            [
              10.396516654078923,
              36.379216493149336
            ],
            [
              10.396632709170865,
              36.37916786275871
            ],
            [
              10.396923269719183,
              36.379069917289215
            ],
            [
              10.397214671663216,
              36.37901923315659
            ],
            [
              10.397390023934692,
              36.37901717948541
            ],
            [
              10.397682277681053,
              36.37901375612834
            ],
            [
              10.397973683818686,
              36.37896307010023
            ],
            [
              10.398090585213017,
              36.37896170027375
            ],
            [
              10.398206638900625,
              36.378913068380875
            ],
            [
              10.398322692440942,
              36.37886443637796
            ],
            [
              10.398439593670226,
              36.37886306621313
            ],
            [
              10.398615793443618,
              36.37890827269568
            ],
            [
              10.39867509206631,
              36.378954849426094
            ],
            [
              10.39879199341329,
              36.378953478913516
            ],
            [
              10.398908894752378,
              36.37895210828658
            ],
            [
              10.39902579608357,
              36.37895073754528
            ],
            [
              10.399082550290197,
              36.37885552826255
            ],
            [
              10.399196906586907,
              36.37871237155475
            ],
            [
              10.399310414258611,
              36.378521960822205
            ],
            [
              10.399366319435403,
              36.378379489478995
            ],
            [
              10.39936547090957,
              36.37833221953392
            ],
            [
              10.399422219460016,
              36.37823701816886
            ],
            [
              10.399479826087836,
              36.37818907058268
            ],
            [
              10.399596721292657,
              36.37818769936542
            ],
            [
              10.399597569810114,
              36.37823496129512
            ],
            [
              10.399778011924823,
              36.37851647571286
            ],
            [
              10.39983815959099,
              36.37861031378238
            ],
            [
              10.399896609978585,
              36.378609627976864
            ],
            [
              10.399955908967618,
              36.37865619605001
            ],
            [
              10.400130411509211,
              36.37860688446891
            ],
            [
              10.400304064723665,
              36.37851030271251
            ],
            [
              10.400419267277657,
              36.378414406798065
            ],
            [
              10.400534469404969,
              36.37831850276527
            ],
            [
              10.400589523223665,
              36.378128776997656
            ],
            [
              10.40076317480446,
              36.37803219460148
            ],
            [
              10.40105372565981,
              36.37793423926761
            ],
            [
              10.40128667056675,
              36.377884231698914
            ],
            [
              10.401462019984985,
              36.37788217210556
            ],
            [
              10.401578919587257,
              36.37788079890038
            ],
            [
              10.401933018035615,
              36.378065726136185
            ],
            [
              10.40204991788898,
              36.37806435246419
            ],
            [
              10.402636968096965,
              36.3781992679955
            ],
            [
              10.403223164430669,
              36.37828691078481
            ],
            [
              10.403867817344095,
              36.37837387888731
            ],
            [
              10.404102469019946,
              36.37841838945943
            ],
            [
              10.404689525120858,
              36.378553294757594
            ],
            [
              10.4055103792881,
              36.37868543512688
            ],
            [
              10.406271085625216,
              36.37872374312104
            ],
            [
              10.407441793076723,
              36.37880448218325
            ],
            [
              10.408203354857552,
              36.378890039576994
            ],
            [
              10.408966626570358,
              36.379070115542625
            ],
            [
              10.409260587846838,
              36.37916118731288
            ],
            [
              10.410376273681395,
              36.3794316346285
            ],
            [
              10.411431804567282,
              36.379608239480355
            ],
            [
              10.412720292162353,
              36.37973480495717
            ],
            [
              10.414705901461137,
              36.37961673344562
            ],
            [
              10.416339082469857,
              36.37940826968386
            ],
            [
              10.41872264745292,
              36.37867087371979
            ],
            [
              10.420469251250902,
              36.37827192594725
            ],
            [
              10.422039626352099,
              36.37782777356393
            ],
            [
              10.422737567113796,
              36.37763036596558
            ],
            [
              10.423610845998622,
              36.377430862337086
            ],
            [
              10.425823254492911,
              36.37693172640447
            ],
            [
              10.428207514481093,
              36.3762414058431
            ],
            [
              10.429712420967627,
              36.375419767135256
            ],
            [
              10.42994534314679,
              36.37536970415282
            ],
            [
              10.431340261828478,
              36.37492753298988
            ],
            [
              10.43291224076044,
              36.37457776282026
            ],
            [
              10.433319628844847,
              36.37447832623277
            ],
            [
              10.433836955785097,
              36.37399939753603
            ],
            [
              10.434410113746257,
              36.3733779763227
            ],
            [
              10.435165551997049,
              36.373132533703256
            ],
            [
              10.435571189240195,
              36.37293856716834
            ],
            [
              10.43702448078164,
              36.372495631865554
            ],
            [
              10.437314957848967,
              36.372397589740885
            ],
            [
              10.438011937333673,
              36.37215283343748
            ],
            [
              10.439582087915923,
              36.37170845481581
            ],
            [
              10.440571263912492,
              36.37146015801371
            ],
            [
              10.441211527493424,
              36.37131061527485
            ],
            [
              10.44179334469083,
              36.37116177135817
            ],
            [
              10.445401075546146,
              36.37026723358501
            ],
            [
              10.445400199571134,
              36.37021997253363
            ],
            [
              10.447029585838399,
              36.369822050745185
            ],
            [
              10.448195794924949,
              36.36966609147574
            ],
            [
              10.448312679855421,
              36.36966467281389
            ],
            [
              10.44872002112167,
              36.36956518462334
            ],
            [
              10.449360252119265,
              36.369415594842756
            ],
            [
              10.449883596309787,
              36.36926742198111
            ],
            [
              10.450056286402527,
              36.36912350860172
            ],
            [
              10.450172291600401,
              36.369074827177165
            ],
            [
              10.450288296650848,
              36.36902614564279
            ],
            [
              10.450523822443595,
              36.36911782606024
            ],
            [
              10.450522943406991,
              36.369070565106924
            ],
            [
              10.45016350346628,
              36.36860221754918
            ],
            [
              10.44973947699074,
              36.36780375598199
            ],
            [
              10.449318094064685,
              36.367147071588995
            ],
            [
              10.449483754052853,
              36.36662507512069
            ],
            [
              10.449938974906884,
              36.36595774132587
            ],
            [
              10.450330476209727,
              36.365007550257246
            ],
            [
              10.450674077874925,
              36.36462520426406
            ],
            [
              10.45096011693876,
              36.36429082488864
            ],
            [
              10.451192991139244,
              36.36424072142345
            ],
            [
              10.451772086653778,
              36.3639500475368
            ],
            [
              10.452405225661202,
              36.363422358772695
            ],
            [
              10.452807247580735,
              36.36303929165867
            ],
            [
              10.453773378472397,
              36.361562107831766
            ],
            [
              10.454635821806397,
              36.360795251317576
            ],
            [
              10.455256573596925,
              36.359605895144625
            ],
            [
              10.45559748238795,
              36.359081748940504
            ],
            [
              10.456341239042802,
              36.358221788512466
            ],
            [
              10.457145187768429,
              36.357455631936894
            ],
            [
              10.45786596249125,
              36.35536687878665
            ],
            [
              10.458373296174814,
              36.35436797457638
            ],
            [
              10.458704443826432,
              36.35332395407952
            ],
            [
              10.459853581603577,
              36.352269929632286
            ],
            [
              10.46083360618785,
              36.351548862304085
            ],
            [
              10.462157097031714,
              36.350445410034574
            ],
            [
              10.461031928452847,
              36.34965557422985
            ],
            [
              10.461030158926954,
              36.34956105245638
            ],
            [
              10.461145243472803,
              36.34946510014463
            ],
            [
              10.461550692349213,
              36.349271048856075
            ],
            [
              10.462072107240049,
              36.34902830393087
            ],
            [
              10.46282456730347,
              36.34864091002301
            ],
            [
              10.463056500857675,
              36.3485435236742
            ],
            [
              10.463636322257106,
              36.348300056004085
            ],
            [
              10.464275462526345,
              36.34810313351753
            ],
            [
              10.46520495374653,
              36.3478080961227
            ],
            [
              10.465611271081487,
              36.347661292231855
            ],
            [
              10.466248625074343,
              36.347369833796165
            ],
            [
              10.467292274560288,
              36.34693156270779
            ],
            [
              10.467987152064156,
              36.346592120208506
            ],
            [
              10.468218183842827,
              36.34644746332854
            ],
            [
              10.468509417588239,
              36.346396608697574
            ],
            [
              10.468623598935112,
              36.346253388693185
            ],
            [
              10.468911274011237,
              36.34601349010416
            ],
            [
              10.46902456460106,
              36.34582300898897
            ],
            [
              10.46937244013943,
              36.34567691172648
            ],
            [
              10.469604356428327,
              36.34557951300321
            ],
            [
              10.46995133973847,
              36.345386153364764
            ],
            [
              10.470181474188376,
              36.345194236099836
            ],
            [
              10.470813447382685,
              36.344619189702414
            ],
            [
              10.471042686745745,
              36.34438000613085
            ],
            [
              10.47167731027245,
              36.34394674164398
            ],
            [
              10.472192418049532,
              36.343373128945096
            ],
            [
              10.472648205026838,
              36.34275297427246
            ],
            [
              10.473048239072968,
              36.342275325046835
            ],
            [
              10.473448268210849,
              36.341797670550534
            ],
            [
              10.473964241427412,
              36.341271311314834
            ],
            [
              10.474597048146734,
              36.340743510575855
            ],
            [
              10.475112996841313,
              36.34021714674695
            ],
            [
              10.475513896228625,
              36.33978674636433
            ],
            [
              10.476135957951739,
              36.338691809999915
            ],
            [
              10.475426896798236,
              36.338275131238724
            ],
            [
              10.473183825098092,
              36.33707377510937
            ],
            [
              10.472120726830653,
              36.33647235820188
            ],
            [
              10.470939931110122,
              36.335825110262924
            ],
            [
              10.469051927237999,
              36.334855661590375
            ],
            [
              10.468989954954974,
              36.33466733714819
            ],
            [
              10.469275808986026,
              36.33433291655806
            ],
            [
              10.469564328844433,
              36.33414027780927
            ],
            [
              10.469794432060592,
              36.33394835766749
            ],
            [
              10.47082187139199,
              36.33265936848898
            ],
            [
              10.471563434958586,
              36.33170479751059
            ],
            [
              10.47184837667789,
              36.33132311029875
            ],
            [
              10.472651902343308,
              36.33055685177578
            ],
            [
              10.472593489734992,
              36.33055757236368
            ],
            [
              10.468421318440202,
              36.32928536024927
            ],
            [
              10.464307689437396,
              36.32801228261714
            ],
            [
              10.462015517169997,
              36.327284026932894
            ],
            [
              10.460542883139908,
              36.326640250676974
            ],
            [
              10.459718077193562,
              36.326272167762404
            ],
            [
              10.458537536757746,
              36.32562479034597
            ],
            [
              10.456704813477637,
              36.32446536959457
            ],
            [
              10.456586234057992,
              36.324372276596115
            ],
            [
              10.454985438481167,
              36.32311545475725
            ],
            [
              10.453918279956525,
              36.32227756471344
            ],
            [
              10.452547679295114,
              36.32082882135513
            ],
            [
              10.450811781393687,
              36.31858087694547
            ],
            [
              10.449847505526836,
              36.316985350133265
            ],
            [
              10.447600785982939,
              36.31237995857541
            ],
            [
              10.44638402379015,
              36.31291469770708
            ],
            [
              10.44565804596196,
              36.31471982115617
            ],
            [
              10.445599644467732,
              36.314720528288
            ],
            [
              10.445544740288513,
              36.3149102893537
            ],
            [
              10.443918226673617,
              36.315402683980395
            ],
            [
              10.442053731058762,
              36.315661578871484
            ],
            [
              10.436851583889164,
              36.31548793816415
            ],
            [
              10.436737386299102,
              36.315631128815596
            ],
            [
              10.43565726974475,
              36.31725137401458
            ],
            [
              10.43485003365577,
              36.317828343714325
            ],
            [
              10.433516282331203,
              36.31836435102845
            ],
            [
              10.432876432727127,
              36.31851384849019
            ],
            [
              10.432115439476597,
              36.31842843514185
            ],
            [
              10.431060698514324,
              36.318251994060844
            ],
            [
              10.429598860859691,
              36.31817497134033
            ],
            [
              10.42942451192513,
              36.31822432306823
            ],
            [
              10.428258148977786,
              36.31833282646378
            ],
            [
              10.427785729745706,
              36.318054844214615
            ],
            [
              10.427430127422497,
              36.31777547143772
            ],
            [
              10.426487893410805,
              36.31736128369765
            ],
            [
              10.425674554705877,
              36.31760735977474
            ],
            [
              10.424690301542533,
              36.31809182292608
            ],
            [
              10.423406267182372,
              36.318154418969975
            ],
            [
              10.422411667398219,
              36.318071728603364
            ],
            [
              10.421410195824604,
              36.31761093414107
            ],
            [
              10.420118434107456,
              36.317248128877154
            ],
            [
              10.4191152643385,
              36.316692790622994
            ],
            [
              10.418222052455166,
              36.31575795975073
            ],
            [
              10.417222348861019,
              36.315391652943795
            ],
            [
              10.416228645846513,
              36.315356180251925
            ],
            [
              10.416053437678677,
              36.31535825846076
            ],
            [
              10.415589645540177,
              36.31555283943252
            ],
            [
              10.414838965767302,
              36.31603446027837
            ],
            [
              10.414142408342036,
              36.31627907412938
            ],
            [
              10.4133239048069,
              36.31624149404063
            ],
            [
              10.41238432338498,
              36.31596897940751
            ],
            [
              10.411211994447212,
              36.315746480922854
            ],
            [
              10.410453606634945,
              36.31580271506556
            ],
            [
              10.409817145615873,
              36.31614113840435
            ],
            [
              10.409182378869781,
              36.31657408296174
            ],
            [
              10.408665265454033,
              36.31705290833752
            ],
            [
              10.407916235815627,
              36.317629011239575
            ],
            [
              10.407165487575474,
              36.3181105771759
            ],
            [
              10.406877717970445,
              36.31835033809808
            ],
            [
              10.406240364715865,
              36.31864147282134
            ],
            [
              10.405842587557382,
              36.31926069727877
            ],
            [
              10.405561611998708,
              36.319878545320755
            ],
            [
              10.405455852624987,
              36.32049433006766
            ],
            [
              10.405411049751415,
              36.321251209909576
            ],
            [
              10.405241778752128,
              36.32158410840821
            ],
            [
              10.404146479950214,
              36.32240062074161
            ],
            [
              10.403857835997398,
              36.32259310447624
            ],
            [
              10.403691103450328,
              36.32306778776261
            ],
            [
              10.403182403954412,
              36.32401920941828
            ],
            [
              10.402495067280473,
              36.324783642669914
            ],
            [
              10.401803481074136,
              36.32531175658448
            ],
            [
              10.400755481903543,
              36.32551314732447
            ],
            [
              10.400115510790462,
              36.32566247176792
            ],
            [
              10.399296065774136,
              36.32557753529158
            ],
            [
              10.398535884281383,
              36.32553917118238
            ],
            [
              10.39654907219218,
              36.32551515845818
            ],
            [
              10.395321605741149,
              36.32548223956358
            ],
            [
              10.394151704636526,
              36.3254013634659
            ],
            [
              10.393328897650653,
              36.3251273399578
            ],
            [
              10.392510309086497,
              36.32508961510797
            ],
            [
              10.391988825238093,
              36.325332058596665
            ],
            [
              10.39181864605136,
              36.32561767678563
            ],
            [
              10.391352202476687,
              36.32567038650064
            ],
            [
              10.390648745405372,
              36.325536766356706
            ],
            [
              10.388594285348871,
              36.32499341752722
            ],
            [
              10.38566537567852,
              36.32455472706179
            ],
            [
              10.38549601306149,
              36.32488759937783
            ],
            [
              10.385324134192851,
              36.325078679548604
            ],
            [
              10.384806819360948,
              36.32555740535109
            ],
            [
              10.384233597142654,
              36.32617859432764
            ],
            [
              10.382912729707721,
              36.327470253244584
            ],
            [
              10.382169260501227,
              36.328377034734245
            ],
            [
              10.381822959499074,
              36.328617405733354
            ],
            [
              10.38176538471622,
              36.32866534455251
            ],
            [
              10.38164855768963,
              36.328666696803026
            ],
            [
              10.381531730655256,
              36.32866804893938
            ],
            [
              10.381298076563167,
              36.328670752869655
            ],
            [
              10.381180416118573,
              36.32862484194241
            ],
            [
              10.38094425248933,
              36.328485757117974
            ],
            [
              10.380765672341179,
              36.328298733398654
            ],
            [
              10.380469428972138,
              36.3280658017931
            ],
            [
              10.380234106027553,
              36.32797397817572
            ],
            [
              10.379999621156383,
              36.32792941276901
            ],
            [
              10.379826887277153,
              36.328073230658056
            ],
            [
              10.379775151616522,
              36.3284520036529
            ],
            [
              10.37971924561884,
              36.328594466955835
            ],
            [
              10.379609097926721,
              36.32897391898703
            ],
            [
              10.379329550361971,
              36.329686235017135
            ],
            [
              10.379161821947454,
              36.33011362430534
            ],
            [
              10.378992420025014,
              36.330446483947156
            ],
            [
              10.37876376713929,
              36.33073275937875
            ],
            [
              10.378476697180286,
              36.33101970498748
            ],
            [
              10.378362369180778,
              36.33116284228646
            ],
            [
              10.378076964411395,
              36.33154431644566
            ],
            [
              10.377736478867773,
              36.33211551511754
            ],
            [
              10.377044655207655,
              36.3326434941089
            ],
            [
              10.3769870720618,
              36.3326914307487
            ],
            [
              10.376756738773086,
              36.33288317704176
            ],
            [
              10.376584821287075,
              36.33307424923129
            ],
            [
              10.376239317698001,
              36.333361863391765
            ],
            [
              10.376067397909683,
              36.33355293487134
            ],
            [
              10.375837062316972,
              36.33374467943833
            ],
            [
              10.37561005376437,
              36.334125474651394
            ],
            [
              10.375150205722147,
              36.33455622046868
            ],
            [
              10.375151038123592,
              36.33460348323429
            ],
            [
              10.374806354828722,
              36.334938360209485
            ],
            [
              10.374634428132689,
              36.33512942972677
            ],
            [
              10.374234650306372,
              36.335654028963305
            ],
            [
              10.374124468256056,
              36.336033476268426
            ],
            [
              10.373894948578403,
              36.33627247608377
            ],
            [
              10.37355025390251,
              36.33660734960148
            ],
            [
              10.373551085399665,
              36.33665461238263
            ],
            [
              10.373436741569586,
              36.336797745190815
            ],
            [
              10.37303445249172,
              36.33718054827919
            ],
            [
              10.3725745713573,
              36.337611288674424
            ],
            [
              10.372402633440533,
              36.337802355138344
            ],
            [
              10.371653963542311,
              36.33842550158288
            ],
            [
              10.371310910288782,
              36.3388548945406
            ],
            [
              10.371139796704169,
              36.33909322208076
            ],
            [
              10.370507117481031,
              36.339667752552565
            ],
            [
              10.370160734386017,
              36.33990809109382
            ],
            [
              10.369814349082835,
              36.34014842466064
            ],
            [
              10.369410368254496,
              36.34043669441278
            ],
            [
              10.369063978355824,
              36.340677029888056
            ],
            [
              10.369006383199295,
              36.34072496286281
            ],
            [
              10.3695487715924,
              36.341664187233754
            ],
            [
              10.36960885488498,
              36.34175804245484
            ],
            [
              10.370569354050751,
              36.34321245474665
            ],
            [
              10.371050034195951,
              36.3439632869443
            ],
            [
              10.371470635860241,
              36.34462026681364
            ],
            [
              10.371590809440638,
              36.344807975031124
            ],
            [
              10.371715136758011,
              36.34523199285548
            ],
            [
              10.371837802856914,
              36.34556148902481
            ],
            [
              10.371960471269352,
              36.345890985014215
            ],
            [
              10.371851094830209,
              36.346317692884135
            ],
            [
              10.371915338575361,
              36.34664785641104
            ],
            [
              10.371919492662665,
              36.34688417007709
            ],
            [
              10.371979580500813,
              36.34697802390855
            ],
            [
              10.372045484837571,
              36.34740271679423
            ],
            [
              10.371992043640162,
              36.34768696481904
            ],
            [
              10.371935278635334,
              36.347782161918964
            ],
            [
              10.371938602016535,
              36.34797120880906
            ],
            [
              10.3719394329547,
              36.3480184755381
            ],
            [
              10.372001183481814,
              36.34820685075815
            ],
            [
              10.372002014394516,
              36.3482541134781
            ],
            [
              10.372071244035034,
              36.348867857094774
            ],
            [
              10.372133829180717,
              36.349103498887686
            ],
            [
              10.37225982799409,
              36.34962204106464
            ],
            [
              10.37208703282171,
              36.349765844574776
            ],
            [
              10.37185663950884,
              36.34995758220105
            ],
            [
              10.37185747038722,
              36.350004844909975
            ],
            [
              10.371399170713794,
              36.35053010704664
            ],
            [
              10.37140166257725,
              36.35067189518583
            ],
            [
              10.371345724149908,
              36.350814354747214
            ],
            [
              10.371405815721682,
              36.35090820874334
            ],
            [
              10.371409138201622,
              36.351097255576306
            ],
            [
              10.371469231315602,
              36.35119110951572
            ],
            [
              10.371470892680707,
              36.35128563492898
            ],
            [
              10.371647844992866,
              36.35137814577924
            ],
            [
              10.372056027728021,
              36.351326181423175
            ],
            [
              10.372521809181755,
              36.35122628101784
            ],
            [
              10.37304851479486,
              36.35126749461362
            ],
            [
              10.373751344815547,
              36.35135395087878
            ],
            [
              10.374452510039962,
              36.35134587769612
            ],
            [
              10.3763239527375,
              36.35141885428782
            ],
            [
              10.376734632425853,
              36.35150866183097
            ],
            [
              10.376737134053194,
              36.35165044962909
            ],
            [
              10.376798900525355,
              36.35183882594127
            ],
            [
              10.377155325118157,
              36.35216561897685
            ],
            [
              10.377394055502185,
              36.35244649313159
            ],
            [
              10.377635288580167,
              36.3528691585098
            ],
            [
              10.377758828253056,
              36.35324590995282
            ],
            [
              10.377997564263701,
              36.3535267867411
            ],
            [
              10.37817620000326,
              36.353713812709834
            ],
            [
              10.378298908836939,
              36.354043300908785
            ],
            [
              10.378360681055534,
              36.354231672213125
            ],
            [
              10.378363185880106,
              36.354373459849384
            ],
            [
              10.37825049467645,
              36.354611122321586
            ],
            [
              10.378310597494087,
              36.3547049725467
            ],
            [
              10.378371535421667,
              36.35484608527817
            ],
            [
              10.37843163857258,
              36.35493993543183
            ],
            [
              10.378491739393292,
              36.35503378557932
            ],
            [
              10.378611111310676,
              36.35517422317945
            ],
            [
              10.37861194643034,
              36.355221485712825
            ],
            [
              10.37861612198703,
              36.35545779436773
            ],
            [
              10.378621132804147,
              36.35574136954791
            ],
            [
              10.378744684666058,
              36.356118119567775
            ],
            [
              10.378808127894914,
              36.35640101959508
            ],
            [
              10.378754707544216,
              36.35668526982049
            ],
            [
              10.378642011962082,
              36.356922932647024
            ],
            [
              10.378528482992401,
              36.35711332881846
            ],
            [
              10.378648693478436,
              36.35730102878112
            ],
            [
              10.378828174987678,
              36.357535315954046
            ],
            [
              10.37912285720943,
              36.35767372722527
            ],
            [
              10.379475975799203,
              36.357811462260315
            ],
            [
              10.379712222260013,
              36.35795054753896
            ],
            [
              10.379773165417594,
              36.35809165937249
            ],
            [
              10.379834108802596,
              36.35823277116698
            ],
            [
              10.380077048431112,
              36.35874995147267
            ],
            [
              10.380199773817639,
              36.35907943710789
            ],
            [
              10.378867437118878,
              36.359756645503985
            ],
            [
              10.377303833646348,
              36.36057832911937
            ],
            [
              10.376206865346123,
              36.36134733561017
            ],
            [
              10.374939559355076,
              36.362401931849014
            ],
            [
              10.374881119233077,
              36.362402605201154
            ],
            [
              10.37488195231738,
              36.36244986775142
            ],
            [
              10.374650696703192,
              36.36259434846988
            ],
            [
              10.374418607414436,
              36.36269156619823
            ],
            [
              10.37389515406247,
              36.36283941064584
            ],
            [
              10.373489408327497,
              36.3630331661732
            ],
            [
              10.37337419392837,
              36.36312903657186
            ],
            [
              10.372859886367435,
              36.36379676493461
            ],
            [
              10.37280311136904,
              36.363891962423715
            ],
            [
              10.37268955848832,
              36.36408235735386
            ],
            [
              10.372692053924238,
              36.36422414509405
            ],
            [
              10.372581828504648,
              36.364603586221854
            ],
            [
              10.372472432608236,
              36.36503029384512
            ],
            [
              10.372417318399389,
              36.36522001632912
            ],
            [
              10.372418981761124,
              36.3653145414824
            ],
            [
              10.372419813444893,
              36.36536180405845
            ],
            [
              10.372422308507819,
              36.365503591784275
            ],
            [
              10.372364697660982,
              36.36555152652986
            ],
            [
              10.372366360979171,
              36.36564605167998
            ],
            [
              10.372367192641171,
              36.36569331425444
            ],
            [
              10.372368024305105,
              36.36574057682852
            ],
            [
              10.372321227034462,
              36.36640292095338
            ],
            [
              10.372391311610732,
              36.36706392473795
            ],
            [
              10.372806232391527,
              36.36739005665585
            ],
            [
              10.373339705744353,
              36.36780936287808
            ],
            [
              10.373398981060076,
              36.36785595274549
            ],
            [
              10.37357597372895,
              36.36794845964201
            ],
            [
              10.373753800624124,
              36.36808822877965
            ],
            [
              10.373990904140173,
              36.368274587191934
            ],
            [
              10.374171231032996,
              36.36855614322182
            ],
            [
              10.374353223931971,
              36.36893222397225
            ],
            [
              10.37447677450492,
              36.36930897362843
            ],
            [
              10.377614376595622,
              36.371541844908286
            ],
            [
              10.379164891183558,
              36.37327299462322
            ],
            [
              10.379642501909505,
              36.37383473338057
            ],
            [
              10.38013433986765,
              36.37519992997037
            ],
            [
              10.380669581491842,
              36.37571372959647
            ],
            [
              10.381857820032963,
              36.37678722552113
            ],
            [
              10.381744271784132,
              36.3769776285895
            ],
            [
              10.381572273230468,
              36.37716870840124
            ],
            [
              10.381514661011456,
              36.37721664751917
            ],
            [
              10.3812257614774,
              36.377409080404
            ],
            [
              10.381055435277714,
              36.377694684116356
            ],
            [
              10.380652143339622,
              36.37803025571349
            ],
            [
              10.38065298039027,
              36.37807751802497
            ],
            [
              10.380599554533587,
              36.37836176824545
            ],
            [
              10.380369099216331,
              36.378553514757265
            ],
            [
              10.379788773551995,
              36.378796587591225
            ],
            [
              10.379440578864774,
              36.378942429941695
            ],
            [
              10.37915585118927,
              36.37937116963102
            ],
            [
              10.378699106252833,
              36.379990984575535
            ],
            [
              10.378471984804936,
              36.38037178493257
            ],
            [
              10.37836427348857,
              36.3808930213097
            ],
            [
              10.378252382352034,
              36.381177945908185
            ],
            [
              10.378140490429374,
              36.38146287040603
            ],
            [
              10.378144668485024,
              36.38169917406187
            ],
            [
              10.37838934680189,
              36.38231088315944
            ],
            [
              10.3785095977208,
              36.38249858167047
            ],
            [
              10.37856972340112,
              36.382592430873785
            ],
            [
              10.378687467190556,
              36.38263834223487
            ],
            [
              10.378805211115564,
              36.38268425347654
            ],
            [
              10.379859887252676,
              36.382813875605656
            ],
            [
              10.38074004401293,
              36.38299278025871
            ],
            [
              10.381207677091279,
              36.3829873672118
            ],
            [
              10.381440655906149,
              36.38293739774527
            ],
            [
              10.381731250598298,
              36.38283948859236
            ],
            [
              10.382079457929674,
              36.38269363937496
            ]
          ]
        ],
        "type": "Polygon"
      }
    },
    {
      "type": "Feature",
      "id": "osm:relation:7104940",
      "properties": {
        "sourceId": "isie-local-sectors-2023-hammamet-nine-neighbours",
        "officialCode": "156458",
        "delegationCode": "1564",
        "governorateCode": "15",
        "nameAr": "جبل طريف",
        "nameFr": "Djebel terif",
        "sourcePdfURL": "https://www.isie.tn/wp-content/uploads/2023/CartesCirconscriptionsElectoralesLocales2023/نابل 2/قرنبالية/جبل طريف.pdf",
        "sourcePdfSha256": "b588a1fcc7910ee29f2c2f5756175c5ddcbebd00de53553ad64e435937203168",
        "sourceDrawingDetails": {
          "drawingIndex": 228,
          "layer": "circonscription_isie2023",
          "pdfSha256": "b588a1fcc7910ee29f2c2f5756175c5ddcbebd00de53553ad64e435937203168",
          "segmentCount": 534,
          "seqno": 236,
          "sourceOrigin": "frontier8-native-map-inspection",
          "sourceRingCompleteness": {
            "activeClipCount": 2,
            "activeClipOutsideAreasPoints2": [
              0.0,
              0.0
            ],
            "explicitlyClosed": true,
            "isValid": true,
            "viewportCoversCompleteRing": true
          },
          "sourceRingVertexCount": 535,
          "vertexCount": 535
        },
        "sourceGeometrySha256": "e7fadf4486f8629c99e846050a7d9b5c269f1224a8f9bd2f8036759ddc0b20ee"
      },
      "geometry": {
        "coordinates": [
          [
            [
              10.378247711354861,
              36.5494399764636
            ],
            [
              10.378305674148951,
              36.54939184760813
            ],
            [
              10.37997953065147,
              36.54429462307826
            ],
            [
              10.380033268761148,
              36.54400926204017
            ],
            [
              10.380209673887224,
              36.54400721182411
            ],
            [
              10.380386923175775,
              36.54405260762179
            ],
            [
              10.380505370897302,
              36.54409868676176
            ],
            [
              10.380622125117034,
              36.54404987330009
            ],
            [
              10.380738884172912,
              36.544001059668815
            ],
            [
              10.380738039779141,
              36.54395361340089
            ],
            [
              10.380618747833195,
              36.54386008821817
            ],
            [
              10.380617059203125,
              36.54376519567483
            ],
            [
              10.380616214891052,
              36.543717749402575
            ],
            [
              10.380675021352182,
              36.543717065685435
            ],
            [
              10.380732973457993,
              36.54366893578494
            ],
            [
              10.380907688785328,
              36.543571992015316
            ],
            [
              10.38102360238981,
              36.54347573185353
            ],
            [
              10.38113867108752,
              36.543332025318726
            ],
            [
              10.38125373936416,
              36.5431883186785
            ],
            [
              10.381369651971003,
              36.54309205819542
            ],
            [
              10.381659432302806,
              36.54285141053617
            ],
            [
              10.381892945337407,
              36.54275378121488
            ],
            [
              10.382008856499876,
              36.542657520133965
            ],
            [
              10.382413697940118,
              36.542273159251515
            ],
            [
              10.382528757324435,
              36.54212945149703
            ],
            [
              10.38264466677111,
              36.542033189824565
            ],
            [
              10.382700935310877,
              36.54189016639999
            ],
            [
              10.382754657012596,
              36.541604804328415
            ],
            [
              10.38281092014926,
              36.54146178493241
            ],
            [
              10.38315526051121,
              36.540983213851405
            ],
            [
              10.383440797718336,
              36.540505326829106
            ],
            [
              10.383788514637834,
              36.54021653897672
            ],
            [
              10.384196720256242,
              36.54002195727816
            ],
            [
              10.384546967046239,
              36.53987551005807
            ],
            [
              10.384954322076238,
              36.539633479612164
            ],
            [
              10.385244925383402,
              36.539440265805624
            ],
            [
              10.38535913332176,
              36.53924910918155
            ],
            [
              10.38547334070943,
              36.539057952454044
            ],
            [
              10.385646345224817,
              36.538866109590174
            ],
            [
              10.385878146419243,
              36.53867358034324
            ],
            [
              10.3860528440347,
              36.538576629328944
            ],
            [
              10.386228383803372,
              36.53852712432603
            ],
            [
              10.386697915195057,
              36.5384741905965
            ],
            [
              10.386876851178211,
              36.53861446935165
            ],
            [
              10.386936496577652,
              36.53866122485171
            ],
            [
              10.386994446086636,
              36.538613095993554
            ],
            [
              10.387051547296096,
              36.53851751288069
            ],
            [
              10.387108648439778,
              36.53842193376353
            ],
            [
              10.387165749517688,
              36.53832635864206
            ],
            [
              10.38728249575778,
              36.53827753882644
            ],
            [
              10.387339596446635,
              36.53818195960472
            ],
            [
              10.38733789995344,
              36.538087067240575
            ],
            [
              10.387392455620065,
              36.537849149445755
            ],
            [
              10.38744955587394,
              36.537753570174274
            ],
            [
              10.387623401013558,
              36.537609170748084
            ],
            [
              10.387739297414283,
              36.53751290432889
            ],
            [
              10.387855193527795,
              36.53741663780163
            ],
            [
              10.388029885802212,
              36.53731968398296
            ],
            [
              10.388380117880908,
              36.53717322176991
            ],
            [
              10.388554803951534,
              36.537076267262094
            ],
            [
              10.388847936111953,
              36.53702538749754
            ],
            [
              10.38896383010744,
              36.53692911992961
            ],
            [
              10.389022626234555,
              36.53692843226312
            ],
            [
              10.389020078529294,
              36.53678609378795
            ],
            [
              10.389135122659388,
              36.53664237990347
            ],
            [
              10.38924846764503,
              36.5364037735996
            ],
            [
              10.389361811954416,
              36.53616516719353
            ],
            [
              10.389418908582066,
              36.536069587030546
            ],
            [
              10.38959359585258,
              36.53597263100536
            ],
            [
              10.389710336997002,
              36.535923808901345
            ],
            [
              10.390179849807032,
              36.535870857800056
            ],
            [
              10.390472121100121,
              36.53577252404872
            ],
            [
              10.390705601484575,
              36.53567487804176
            ],
            [
              10.39088113654662,
              36.53562536630909
            ],
            [
              10.391055821011598,
              36.535528412216074
            ],
            [
              10.391113765482181,
              36.53548027339216
            ],
            [
              10.3912875987515,
              36.535335872844534
            ],
            [
              10.391404337831949,
              36.53528704911976
            ],
            [
              10.391636964763276,
              36.53514195521643
            ],
            [
              10.391869590819123,
              36.53499686087427
            ],
            [
              10.39227689709989,
              36.53475480624707
            ],
            [
              10.392509515797494,
              36.534609710755824
            ],
            [
              10.392683344435865,
              36.53446530422805
            ],
            [
              10.393089793715772,
              36.53417580081593
            ],
            [
              10.393438298156346,
              36.53393443600666
            ],
            [
              10.393612975497685,
              36.53383747426799
            ],
            [
              10.393787652398313,
              36.53374051228117
            ],
            [
              10.393963181013131,
              36.533690996130325
            ],
            [
              10.394196650608938,
              36.5335933434808
            ],
            [
              10.394430119606488,
              36.533495690385074
            ],
            [
              10.394545996392035,
              36.533399417654145
            ],
            [
              10.394723228943652,
              36.53344479255271
            ],
            [
              10.3949584023127,
              36.53344203057949
            ],
            [
              10.395192722751109,
              36.53339182208146
            ],
            [
              10.396250143198403,
              36.53333193941923
            ],
            [
              10.39665913433699,
              36.53318476230718
            ],
            [
              10.397657762365787,
              36.53312555855388
            ],
            [
              10.398067604244378,
              36.533025822694796
            ],
            [
              10.399067079036987,
              36.53301405325387
            ],
            [
              10.399596215155407,
              36.533007818952704
            ],
            [
              10.3998322424316,
              36.533052493369276
            ],
            [
              10.40012535111145,
              36.533001582304884
            ],
            [
              10.400358805530072,
              36.53290391784645
            ],
            [
              10.400708993513595,
              36.53275742023419
            ],
            [
              10.40135142963604,
              36.53251256164339
            ],
            [
              10.40152523683808,
              36.53236814262796
            ],
            [
              10.401582315734343,
              36.53227256098306
            ],
            [
              10.401758692584712,
              36.532270479459676
            ],
            [
              10.401876277141588,
              36.53226909163257
            ],
            [
              10.402051796837284,
              36.532219559721604
            ],
            [
              10.402228173531785,
              36.532217477506514
            ],
            [
              10.402403688030706,
              36.532167953186296
            ],
            [
              10.40251955773181,
              36.53207167288067
            ],
            [
              10.402694219179764,
              36.531974698140615
            ],
            [
              10.402751296272633,
              36.53187911194558
            ],
            [
              10.402809230728387,
              36.531830971644354
            ],
            [
              10.402983891269033,
              36.53173399649556
            ],
            [
              10.403277850461336,
              36.53173052373413
            ],
            [
              10.403452510172224,
              36.531633547914666
            ],
            [
              10.403627169442384,
              36.531536571847205
            ],
            [
              10.40380182827182,
              36.531439595531715
            ],
            [
              10.40391855330157,
              36.53139075981706
            ],
            [
              10.404094927972837,
              36.53138867488158
            ],
            [
              10.40421251107696,
              36.53138728477975
            ],
            [
              10.404505605294077,
              36.531336363188565
            ],
            [
              10.404681121168558,
              36.53128683150217
            ],
            [
              10.404855778079185,
              36.531189853679166
            ],
            [
              10.405030434549085,
              36.53109287560815
            ],
            [
              10.405146299348504,
              36.530996592837475
            ],
            [
              10.405202513771146,
              36.530853559655526
            ],
            [
              10.40531751907775,
              36.530709834870606
            ],
            [
              10.405434242023325,
              36.5306609977104
            ],
            [
              10.405492173888726,
              36.53061285615128
            ],
            [
              10.40614145244114,
              36.53074753528015
            ],
            [
              10.406496777671107,
              36.53088569619386
            ],
            [
              10.40661521968943,
              36.53093174958968
            ],
            [
              10.406850384251465,
              36.530928964330435
            ],
            [
              10.407494495734229,
              36.530778969122096
            ],
            [
              10.408198266151125,
              36.530675715145826
            ],
            [
              10.408372917149055,
              36.53057873228514
            ],
            [
              10.408548428671399,
              36.530529194989505
            ],
            [
              10.408780147396257,
              36.53033662270945
            ],
            [
              10.408953935686256,
              36.530192193216195
            ],
            [
              10.408953074484,
              36.53014474740879
            ],
            [
              10.409070655459395,
              36.530143352557886
            ],
            [
              10.409247026907348,
              36.53014126006427
            ],
            [
              10.409366330771483,
              36.53023475652136
            ],
            [
              10.409544425536774,
              36.53032755517497
            ],
            [
              10.409782173117117,
              36.53046710154549
            ],
            [
              10.410076988553357,
              36.53051105791327
            ],
            [
              10.410607829565974,
              36.53059966667319
            ],
            [
              10.41084299271798,
              36.530596873563255
            ],
            [
              10.41148795572473,
              36.53049429873439
            ],
            [
              10.412251371297378,
              36.53043776807732
            ],
            [
              10.413014785597209,
              36.53038123255544
            ],
            [
              10.413073576161798,
              36.530380533138526
            ],
            [
              10.41342372769396,
              36.53023399888423
            ],
            [
              10.413714223447629,
              36.53004071767326
            ],
            [
              10.413830075672436,
              36.52994442671403
            ],
            [
              10.414003853471346,
              36.529799990072966
            ],
            [
              10.414120569322414,
              36.529751144549266
            ],
            [
              10.414296075043548,
              36.52970159890567
            ],
            [
              10.414532099697213,
              36.529746244279
            ],
            [
              10.414943629972754,
              36.52974134258935
            ],
            [
              10.415236715082983,
              36.52969039483108
            ],
            [
              10.41558771451843,
              36.529591300158586
            ],
            [
              10.416171285564571,
              36.529347067828176
            ],
            [
              10.41658021593458,
              36.52919982355343
            ],
            [
              10.41663640785281,
              36.52905678140198
            ],
            [
              10.41675312093392,
              36.52900793737692
            ],
            [
              10.416869833792017,
              36.52895908921891
            ],
            [
              10.417044469746989,
              36.528862093946955
            ],
            [
              10.417159449855216,
              36.528718354210454
            ],
            [
              10.417275295778113,
              36.52862206001835
            ],
            [
              10.417568374967379,
              36.52857110664399
            ],
            [
              10.417801798160276,
              36.52847340866427
            ],
            [
              10.41815366535597,
              36.52842175212514
            ],
            [
              10.418623109853517,
              36.52836869034729
            ],
            [
              10.418975843215312,
              36.52836447702208
            ],
            [
              10.419150475124338,
              36.52826747874225
            ],
            [
              10.419440948965152,
              36.52807418398587
            ],
            [
              10.41973141138314,
              36.52788088866639
            ],
            [
              10.419965697520809,
              36.52783063214561
            ],
            [
              10.420199983340925,
              36.527780375170636
            ],
            [
              10.420257903797136,
              36.527732230681316
            ],
            [
              10.420434268917072,
              36.52773012176297
            ],
            [
              10.420493057286317,
              36.52772941873226
            ],
            [
              10.420612370438946,
              36.52782289973711
            ],
            [
              10.420730815628437,
              36.527868939052446
            ],
            [
              10.420848392559826,
              36.52786753266518
            ],
            [
              10.420965101017828,
              36.52781868058255
            ],
            [
              10.421083546398188,
              36.52786471954307
            ],
            [
              10.4212028605288,
              36.5279582039564
            ],
            [
              10.421263386354523,
              36.52805239168729
            ],
            [
              10.421383569722147,
              36.52819332147509
            ],
            [
              10.421619593368108,
              36.52823795283954
            ],
            [
              10.421795959531702,
              36.52823584188283
            ],
            [
              10.422030245260627,
              36.52818558131374
            ],
            [
              10.422264530671955,
              36.528135320290474
            ],
            [
              10.422497946357364,
              36.528037613266854
            ],
            [
              10.42261465397561,
              36.527988759587906
            ],
            [
              10.42273223099199,
              36.52798735133966
            ],
            [
              10.422791019497124,
              36.52798664717207
            ],
            [
              10.42290859650128,
              36.527985238750034
            ],
            [
              10.423083222468152,
              36.52788823482957
            ],
            [
              10.432096790585842,
              36.5160583190672
            ],
            [
              10.432038011343376,
              36.51605902762448
            ],
            [
              10.431683586576344,
              36.51596838745602
            ],
            [
              10.431387067279816,
              36.515829592550006
            ],
            [
              10.431148453718091,
              36.515642643329855
            ],
            [
              10.430792293708842,
              36.51545711339871
            ],
            [
              10.43043437764443,
              36.51517668749065
            ],
            [
              10.430196642063253,
              36.51503718174076
            ],
            [
              10.429900128908553,
              36.51489838297967
            ],
            [
              10.429603616796795,
              36.514759583454854
            ],
            [
              10.429308852010008,
              36.51471567419056
            ],
            [
              10.429190422339998,
              36.51466964297003
            ],
            [
              10.429478200954534,
              36.51433398845528
            ],
            [
              10.429998467447131,
              36.51385316698239
            ],
            [
              10.43069331145302,
              36.51327533299677
            ],
            [
              10.4308678948672,
              36.51317831838119
            ],
            [
              10.430982816742892,
              36.5130345661365
            ],
            [
              10.430923175651154,
              36.51298782848308
            ],
            [
              10.430862650629317,
              36.51289364542412
            ],
            [
              10.430860902566375,
              36.51279875443526
            ],
            [
              10.43091793124721,
              36.51270315552379
            ],
            [
              10.431033736450559,
              36.512606848610154
            ],
            [
              10.431383763376555,
              36.51246026380514
            ],
            [
              10.431617120557561,
              36.51236253996508
            ],
            [
              10.43179082625475,
              36.51221808259451
            ],
            [
              10.432023307463037,
              36.512072912504955
            ],
            [
              10.432255787796493,
              36.51192774197783
            ],
            [
              10.432370715254898,
              36.51178398834326
            ],
            [
              10.43248651727853,
              36.511687680074054
            ],
            [
              10.432543543163751,
              36.51159208042976
            ],
            [
              10.432599693862958,
              36.511449035290504
            ],
            [
              10.43259794377161,
              36.51135414435073
            ],
            [
              10.432654969287018,
              36.51125854465637
            ],
            [
              10.432769895045965,
              36.51111479065945
            ],
            [
              10.432885695592454,
              36.5110184820249
            ],
            [
              10.4330593959486,
              36.51087402289277
            ],
            [
              10.433176071156652,
              36.51082515945181
            ],
            [
              10.433293621665442,
              36.51082374135977
            ],
            [
              10.433528722658405,
              36.51082090482838
            ],
            [
              10.433764699357688,
              36.51086551328396
            ],
            [
              10.433941025163804,
              36.51086338523046
            ],
            [
              10.434116474997209,
              36.51081381147362
            ],
            [
              10.434293676720628,
              36.51085912834191
            ],
            [
              10.43435420417434,
              36.51095330963392
            ],
            [
              10.434534034917357,
              36.51114095841336
            ],
            [
              10.434772632238738,
              36.51132790124106
            ],
            [
              10.43489193631312,
              36.51142137240407
            ],
            [
              10.435069139847318,
              36.51146668807503
            ],
            [
              10.435363018285031,
              36.511463137911264
            ],
            [
              10.435539345323011,
              36.511461007465634
            ],
            [
              10.435773571026868,
              36.5114107210626
            ],
            [
              10.435950775006393,
              36.51145603541271
            ],
            [
              10.436070080660052,
              36.51154950535944
            ],
            [
              10.436188509356652,
              36.51159552978558
            ],
            [
              10.436364836630991,
              36.51159339811323
            ],
            [
              10.436541163886831,
              36.51159126618034
            ],
            [
              10.43659906214191,
              36.511543110092795
            ],
            [
              10.436713980878645,
              36.51139935245288
            ],
            [
              10.436828899195422,
              36.51125559470826
            ],
            [
              10.437062245601147,
              36.51115786042386
            ],
            [
              10.43735700055635,
              36.51120175074835
            ],
            [
              10.437705262352,
              36.510960256897214
            ],
            [
              10.437525424545743,
              36.51077261305446
            ],
            [
              10.437283301064438,
              36.510395894428434
            ],
            [
              10.43704117997595,
              36.51001917523588
            ],
            [
              10.436856080374291,
              36.50954685388844
            ],
            [
              10.436908711348545,
              36.50921402931254
            ],
            [
              10.436842039354872,
              36.5087877315215
            ],
            [
              10.43647711514834,
              36.50812776398345
            ],
            [
              10.436292901020797,
              36.50770288686278
            ],
            [
              10.436227988230389,
              36.50737147937333
            ],
            [
              10.436161321880876,
              36.50694518095662
            ],
            [
              10.435744655183997,
              36.506665480566554
            ],
            [
              10.435327991471047,
              36.506385778641764
            ],
            [
              10.434852559096841,
              36.50610678496172
            ],
            [
              10.434613978043101,
              36.50591984178612
            ],
            [
              10.43443503553065,
              36.50577963416109
            ],
            [
              10.434259597247179,
              36.50582921219388
            ],
            [
              10.434142054339768,
              36.505830631072506
            ],
            [
              10.433848197035337,
              36.505834177762566
            ],
            [
              10.43367100703178,
              36.50578885591569
            ],
            [
              10.43331662784319,
              36.50569822348192
            ],
            [
              10.4330227709328,
              36.50570176812787
            ],
            [
              10.432845581747804,
              36.50565644905782
            ],
            [
              10.432550850101705,
              36.50561254702324
            ],
            [
              10.432315764757623,
              36.50561538128323
            ],
            [
              10.432140325310067,
              36.50566495219966
            ],
            [
              10.432081553926935,
              36.50566566060671
            ],
            [
              10.432079804836617,
              36.50557076955324
            ],
            [
              10.43219559823197,
              36.505474461664875
            ],
            [
              10.432371037215633,
              36.50542489067582
            ],
            [
              10.432487704888258,
              36.50537603205702
            ],
            [
              10.432545601147222,
              36.505327873914
            ],
            [
              10.432485955246573,
              36.505281136994306
            ],
            [
              10.432423685195294,
              36.505092063473235
            ],
            [
              10.432303519392919,
              36.504951147959616
            ],
            [
              10.432065812482712,
              36.50481164508989
            ],
            [
              10.431946522127207,
              36.50471817070083
            ],
            [
              10.431766712811562,
              36.50453051333726
            ],
            [
              10.43158865278088,
              36.50443774677125
            ],
            [
              10.431352696826702,
              36.50439313350619
            ],
            [
              10.43117638549429,
              36.50439525741346
            ],
            [
              10.431057970714072,
              36.504349227649044
            ],
            [
              10.430997452611981,
              36.50425504438178
            ],
            [
              10.43105447520769,
              36.50415944541357
            ],
            [
              10.43105185359936,
              36.50401710873281
            ],
            [
              10.431049232009425,
              36.50387477204846
            ],
            [
              10.43087205804334,
              36.50382944979568
            ],
            [
              10.430519437842175,
              36.50383369587328
            ],
            [
              10.430283484275837,
              36.5037890804345
            ],
            [
              10.430163324301104,
              36.50364815858336
            ],
            [
              10.430101934570768,
              36.50350652923111
            ],
            [
              10.429983521762603,
              36.50346049834941
            ],
            [
              10.429808958621894,
              36.50355751136844
            ],
            [
              10.42975280795345,
              36.503700555364944
            ],
            [
              10.429635268031854,
              36.50370196973293
            ],
            [
              10.429575625112868,
              36.50365523127937
            ],
            [
              10.429515109350353,
              36.503561047197884
            ],
            [
              10.429454593737312,
              36.50346686308104
            ],
            [
              10.429336181352072,
              36.503420831546535
            ],
            [
              10.429218641831897,
              36.50342224549484
            ],
            [
              10.42910284762201,
              36.50351855053865
            ],
            [
              10.42892828321073,
              36.50361556229465
            ],
            [
              10.428694075947075,
              36.50366583489731
            ],
            [
              10.428458996091848,
              36.50366866142909
            ],
            [
              10.428339711753031,
              36.50357518328094
            ],
            [
              10.428220427700898,
              36.50348170500576
            ],
            [
              10.428100271890544,
              36.50334078097634
            ],
            [
              10.428039758148213,
              36.50324659609676
            ],
            [
              10.427921346893525,
              36.50320056313002
            ],
            [
              10.427861705445096,
              36.503153827805896
            ],
            [
              10.427741550799823,
              36.50301290338213
            ],
            [
              10.427679294209398,
              36.50282382702065
            ],
            [
              10.427498627862056,
              36.50258871719721
            ],
            [
              10.427319705696844,
              36.502448498369276
            ],
            [
              10.427198681688724,
              36.50226012768329
            ],
            [
              10.427078529732917,
              36.50211920653584
            ],
            [
              10.426899619379428,
              36.50197898690691
            ],
            [
              10.42660403352571,
              36.501887624101464
            ],
            [
              10.426367216952762,
              36.50179555504746
            ],
            [
              10.426187427822496,
              36.50160788873859
            ],
            [
              10.426068149384896,
              36.50151440815778
            ],
            [
              10.426006768861386,
              36.5013727764477
            ],
            [
              10.42588749100525,
              36.501279295669946
            ],
            [
              10.425591908945115,
              36.501187930261125
            ],
            [
              10.425414734099542,
              36.501142599796324
            ],
            [
              10.425177050968157,
              36.501003082582606
            ],
            [
              10.425116542633097,
              36.500908896066406
            ],
            [
              10.42505516434218,
              36.500767263804136
            ],
            [
              10.425053424137705,
              36.50067237238151
            ],
            [
              10.424931538434775,
              36.50043655344444
            ],
            [
              10.424752625855012,
              36.500296330506046
            ],
            [
              10.424692118605865,
              36.50020214374037
            ],
            [
              10.424689509094154,
              36.500059810591345
            ],
            [
              10.42450972808454,
              36.499872141523596
            ],
            [
              10.424272919998975,
              36.499780064070386
            ],
            [
              10.424036982059022,
              36.49973543991668
            ],
            [
              10.423801913607495,
              36.49973825701363
            ],
            [
              10.423624743048912,
              36.499692923783705
            ],
            [
              10.42344583451707,
              36.49955269877887
            ],
            [
              10.423324824582082,
              36.49936432779023
            ],
            [
              10.423145048389067,
              36.49917665251526
            ],
            [
              10.422907375382364,
              36.49903713453432
            ],
            [
              10.422671440331124,
              36.49899250358573
            ],
            [
              10.422378485775067,
              36.49904346712132
            ],
            [
              10.422144287519716,
              36.499093726689715
            ],
            [
              10.42173118471855,
              36.499003758119585
            ],
            [
              10.421376849385547,
              36.498913085102465
            ],
            [
              10.42114178314751,
              36.49891589690431
            ],
            [
              10.420791786068103,
              36.4990624511782
            ],
            [
              10.420614618668429,
              36.49901711339953
            ],
            [
              10.420436584238276,
              36.49892432953215
            ],
            [
              10.420432248122681,
              36.49868710042282
            ],
            [
              10.420310379594389,
              36.49845127631237
            ],
            [
              10.420071846687689,
              36.49826430265135
            ],
            [
              10.420243809537975,
              36.4980249663013
            ],
            [
              10.42024120830059,
              36.49788262880348
            ],
            [
              10.420355271333428,
              36.49769144055512
            ],
            [
              10.420293904371674,
              36.49754980552327
            ],
            [
              10.420113272777686,
              36.497314683553945
            ],
            [
              10.41987734440582,
              36.49727004691614
            ],
            [
              10.419584384275803,
              36.49732100361999
            ],
            [
              10.419528218751168,
              36.4974640432603
            ],
            [
              10.4194703198355,
              36.49751219117209
            ],
            [
              10.419293156703937,
              36.497466851324994
            ],
            [
              10.419174759256203,
              36.49742080932511
            ],
            [
              10.419055495609454,
              36.49732732134245
            ],
            [
              10.41887747686468,
              36.497234534878075
            ],
            [
              10.418700304722234,
              36.49718919424592
            ],
            [
              10.418641539400019,
              36.49718989589322
            ],
            [
              10.418639807247366,
              36.49709500414914
            ],
            [
              10.417358024238977,
              36.48804618069491
            ],
            [
              10.41317410500414,
              36.487431627301376
            ],
            [
              10.412284114592293,
              36.48696764896494
            ],
            [
              10.410565504608842,
              36.486181304449225
            ],
            [
              10.408667230294698,
              36.485207239235976
            ],
            [
              10.407779868810257,
              36.484885568569226
            ],
            [
              10.407366856995637,
              36.48479554804075
            ],
            [
              10.406835475077983,
              36.48465946309314
            ],
            [
              10.405540276136371,
              36.484532428817495
            ],
            [
              10.402364881789591,
              36.48442757630771
            ],
            [
              10.40078360004168,
              36.48473095774122
            ],
            [
              10.397795557603535,
              36.48524070843687
            ],
            [
              10.396501165076375,
              36.48188652803901
            ],
            [
              10.393835962037624,
              36.4807314158077
            ],
            [
              10.39263880417979,
              36.47951158300256
            ],
            [
              10.392226686312362,
              36.47946895553248
            ],
            [
              10.392121921478845,
              36.48018203040795
            ],
            [
              10.392480387499889,
              36.48051002587544
            ],
            [
              10.392200211573371,
              36.48127261255804
            ],
            [
              10.392503327349178,
              36.48179107420637
            ],
            [
              10.393505552284898,
              36.48196915940428
            ],
            [
              10.391383430175562,
              36.484888863546686
            ],
            [
              10.390448413267139,
              36.48518453921107
            ],
            [
              10.389944198712064,
              36.48656667586903
            ],
            [
              10.38891029242944,
              36.487907542580636
            ],
            [
              10.387745274127745,
              36.48849062844134
            ],
            [
              10.38692857075207,
              36.48883235950281
            ],
            [
              10.385880198105234,
              36.489366613265986
            ],
            [
              10.384771364803697,
              36.48980664962902
            ],
            [
              10.383542463421573,
              36.49010570452661
            ],
            [
              10.382253942445503,
              36.49035798395936
            ],
            [
              10.381372531031309,
              36.49036823466877
            ],
            [
              10.380255227101292,
              36.49033375890408
            ],
            [
              10.377886284270998,
              36.48931721575764
            ],
            [
              10.374333825307042,
              36.487839754851116
            ],
            [
              10.372818653567254,
              36.48856911524351
            ],
            [
              10.371774369671945,
              36.4893404814024
            ],
            [
              10.370769588268393,
              36.48901988205704
            ],
            [
              10.369589370473404,
              36.488748757152365
            ],
            [
              10.368291635503128,
              36.48847896986969
            ],
            [
              10.367230622294182,
              36.48830135773032
            ],
            [
              10.366112516386897,
              36.48821930574197
            ],
            [
              10.36470061832574,
              36.48814061813653
            ],
            [
              10.363524593997846,
              36.48810666367989
            ],
            [
              10.362706946146643,
              36.48840078406312
            ],
            [
              10.361543380346827,
              36.48907851237374
            ],
            [
              10.36089950769849,
              36.48922825909513
            ],
            [
              10.36031023958092,
              36.489140094100634
            ],
            [
              10.359895594654647,
              36.48895501434265
            ],
            [
              10.35889915782763,
              36.489108785191306
            ],
            [
              10.357964790463463,
              36.4894516648382
            ],
            [
              10.356966681539427,
              36.489510525467054
            ],
            [
              10.356036441229971,
              36.49009062614602
            ],
            [
              10.353976486105095,
              36.48992429346429
            ],
            [
              10.35148706178319,
              36.48871876865813
            ],
            [
              10.350953269167443,
              36.488440099507834
            ],
            [
              10.346668296560921,
              36.492142903218635
            ],
            [
              10.34609792121971,
              36.49314595336811
            ],
            [
              10.344528528953726,
              36.4941603155225
            ],
            [
              10.344237989375715,
              36.494353426061224
            ],
            [
              10.343947445925561,
              36.49454653996577
            ],
            [
              10.34262340850753,
              36.502961317464354
            ],
            [
              10.342522259275107,
              36.503911588887625
            ],
            [
              10.34235742129523,
              36.50457784023619
            ],
            [
              10.342629407615997,
              36.506710308998976
            ],
            [
              10.342944604649714,
              36.507940612883104
            ],
            [
              10.343443526093727,
              36.509595946805184
            ],
            [
              10.343949855790811,
              36.51167830306664
            ],
            [
              10.344749291195278,
              36.51370987755505
            ],
            [
              10.345352703131589,
              36.51460471806787
            ],
            [
              10.34600175078098,
              36.51473973405421
            ],
            [
              10.349657664913183,
              36.51536263422383
            ],
            [
              10.350658585664416,
              36.51544616930355
            ],
            [
              10.351661988107852,
              36.51567203711804
            ],
            [
              10.352606610042999,
              36.515898565830604
            ],
            [
              10.353552069124556,
              36.51617252988761
            ],
            [
              10.354498357280717,
              36.516493937383416
            ],
            [
              10.354565417042833,
              36.51696773704186
            ],
            [
              10.35410343508402,
              36.51744756926231
            ],
            [
              10.353759015185055,
              36.517926059805205
            ],
            [
              10.35330198372607,
              36.51869056711374
            ],
            [
              10.352902900605491,
              36.51940695615964
            ],
            [
              10.352563423621191,
              36.52017012551902
            ],
            [
              10.352224763888662,
              36.5209807369784
            ],
            [
              10.351944056852366,
              36.521743235370536
            ],
            [
              10.351663344522436,
              36.522505733121186
            ],
            [
              10.351156565059847,
              36.52379281475822
            ],
            [
              10.35081787599686,
              36.52460342639571
            ],
            [
              10.350478357181638,
              36.525366586045095
            ],
            [
              10.350256407297445,
              36.52612841207707
            ],
            [
              10.349976488806108,
              36.526938348971406
            ],
            [
              10.349698217163539,
              36.5278431832384
            ],
            [
              10.349699042105078,
              36.52789063024921
            ],
            [
              10.34970069199394,
              36.52798552426964
            ],
            [
              10.349668299720294,
              36.52950449253825
            ],
            [
              10.349740291502137,
              36.530262972243364
            ],
            [
              10.350226306879035,
              36.53115911824007
            ],
            [
              10.350286750394075,
              36.531253343706666
            ],
            [
              10.350767000954422,
              36.53181735432264
            ],
            [
              10.351248908187884,
              36.53247626074572
            ],
            [
              10.351672858270035,
              36.53318327708268
            ],
            [
              10.352335299678266,
              36.53407740541451
            ],
            [
              10.353178279490098,
              36.53520675022205
            ],
            [
              10.353717372243228,
              36.53577008166182
            ],
            [
              10.354374891425719,
              36.53637951218646
            ],
            [
              10.354972798081631,
              36.53694216687796
            ],
            [
              10.355630337118631,
              36.53755158995083
            ],
            [
              10.35616946164328,
              36.538114909407106
            ],
            [
              10.356768224371736,
              36.53872500117617
            ],
            [
              10.35742579273494,
              36.539334413561505
            ],
            [
              10.358081713171545,
              36.539848932536664
            ],
            [
              10.358856069593504,
              36.54040954475052
            ],
            [
              10.359629605836634,
              36.540922708960196
            ],
            [
              10.360403152255374,
              36.54143586789439
            ],
            [
              10.360640017298277,
              36.54152806646863
            ],
            [
              10.361292645111858,
              36.54185277606799
            ],
            [
              10.361884814472484,
              36.54208326704093
            ],
            [
              10.362180481452146,
              36.54217478809651
            ],
            [
              10.36312629488071,
              36.54244867169568
            ],
            [
              10.364072112281338,
              36.54272254766766
            ],
            [
              10.365017933653784,
              36.54299641601229
            ],
            [
              10.365962931062906,
              36.543222826053835
            ],
            [
              10.366967566424456,
              36.54349600220999
            ],
            [
              10.367913411773047,
              36.54376984707818
            ],
            [
              10.368857584330417,
              36.5439487913377
            ],
            [
              10.3698034414336,
              36.54422262093378
            ],
            [
              10.370693012520178,
              36.54463946109824
            ],
            [
              10.371581759175317,
              36.545008847895396
            ],
            [
              10.3724142242642,
              36.545521246830994
            ],
            [
              10.372830043443985,
              36.54575371273827
            ],
            [
              10.373187061854802,
              36.54598686520884
            ],
            [
              10.373902785662645,
              36.54654805954878
            ],
            [
              10.37461935557887,
              36.54715669574476
            ],
            [
              10.37521917352365,
              36.54781413577853
            ],
            [
              10.375819001714225,
              36.54847157250931
            ],
            [
              10.375878648328737,
              36.54851832942608
            ],
            [
              10.378135157452856,
              36.549726019193265
            ],
            [
              10.378193963540753,
              36.549725336662
            ],
            [
              10.378247711354861,
              36.5494399764636
            ]
          ]
        ],
        "type": "Polygon"
      }
    },
    {
      "type": "Feature",
      "id": "osm:relation:7103679",
      "properties": {
        "sourceId": "isie-local-sectors-2023-hammamet-nine-neighbours",
        "officialCode": "156553",
        "delegationCode": "1565",
        "governorateCode": "15",
        "nameAr": "برج حفيظ",
        "nameFr": "Borj hefaied",
        "sourcePdfURL": "https://www.isie.tn/wp-content/uploads/2023/CartesCirconscriptionsElectoralesLocales2023/نابل 2/بوعرقوب/برج حفيظ.pdf",
        "sourcePdfSha256": "32e4bb03fd4778b4113194b04919212cba5dacac4cd17baab06d89a1a808888e",
        "sourceDrawingDetails": {
          "drawingIndex": 379,
          "layer": "circonscription_isie2023",
          "pdfSha256": "32e4bb03fd4778b4113194b04919212cba5dacac4cd17baab06d89a1a808888e",
          "segmentCount": 513,
          "seqno": 387,
          "sourceOrigin": "frontier11-native-map-inspection",
          "sourceRingCompleteness": {
            "activeClipCount": 2,
            "activeClipOutsideAreasPoints2": [
              0.0,
              0.0
            ],
            "explicitlyClosed": true,
            "isValid": true,
            "viewportCoversCompleteRing": true
          },
          "sourceRingVertexCount": 514,
          "vertexCount": 514
        },
        "sourceGeometrySha256": "e6f09ee6fc5a7fa78ce707d1ed83d5232d1e0ea1af772b9b3fcd7f4d4365c461"
      },
      "geometry": {
        "coordinates": [
          [
            [
              10.634353502557127,
              36.529186886842304
            ],
            [
              10.634884667400295,
              36.52893912787596
            ],
            [
              10.635766231227649,
              36.52834988950007
            ],
            [
              10.638467374313281,
              36.52643708030355
            ],
            [
              10.6391156363138,
              36.526091502176186
            ],
            [
              10.639232765481783,
              36.52599370054365
            ],
            [
              10.643003047030168,
              36.52392180604807
            ],
            [
              10.642087122622586,
              36.52287630226303
            ],
            [
              10.64129340926706,
              36.52197340220059
            ],
            [
              10.640741043719995,
              36.521211461901416
            ],
            [
              10.64029771912591,
              36.51996706222743
            ],
            [
              10.63992105562366,
              36.519058417380386
            ],
            [
              10.639914982471272,
              36.51876992387101
            ],
            [
              10.640143143175424,
              36.51828582580171
            ],
            [
              10.640006794410754,
              36.51747006931812
            ],
            [
              10.63993912724983,
              36.51708623004585
            ],
            [
              10.639815939628598,
              36.51689553853789
            ],
            [
              10.639454474986232,
              36.516708121381335
            ],
            [
              10.639093012063231,
              36.51652070307932
            ],
            [
              10.638851700675778,
              36.51637973355122
            ],
            [
              10.638791120092973,
              36.5163324694952
            ],
            [
              10.638727505513708,
              36.51614095850024
            ],
            [
              10.638719414765731,
              36.51575630006621
            ],
            [
              10.638343802921597,
              36.514895730960355
            ],
            [
              10.638277157689929,
              36.51455997264829
            ],
            [
              10.638204447356953,
              36.51393572027581
            ],
            [
              10.638139825502115,
              36.51369612647185
            ],
            [
              10.637953037906701,
              36.51331392522812
            ],
            [
              10.637765241485933,
              36.51288363719468
            ],
            [
              10.637638023978127,
              36.51250061358021
            ],
            [
              10.637683442313598,
              36.51182664295229
            ],
            [
              10.637613771679419,
              36.51134664094013
            ],
            [
              10.637177620167648,
              36.51043879775924
            ],
            [
              10.63624275700899,
              36.508479683147776
            ],
            [
              10.636118583324883,
              36.50824090455636
            ],
            [
              10.635868229867834,
              36.50766718188334
            ],
            [
              10.635803621127287,
              36.50742758625913
            ],
            [
              10.635795547504017,
              36.507042930775555
            ],
            [
              10.635725893833058,
              36.506562922813956
            ],
            [
              10.635722866414064,
              36.50641867545588
            ],
            [
              10.635721857279188,
              36.506370593002345
            ],
            [
              10.635658259305133,
              36.506179079667355
            ],
            [
              10.634796159641265,
              36.504844201877226
            ],
            [
              10.634668971336314,
              36.50446117390049
            ],
            [
              10.634605377679309,
              36.50426965984058
            ],
            [
              10.634336892149031,
              36.50283045202217
            ],
            [
              10.634205677654709,
              36.5022550972771
            ],
            [
              10.634010875511864,
              36.501488223653304
            ],
            [
              10.633945270568951,
              36.50120054804898
            ],
            [
              10.63386757271502,
              36.50033587777385
            ],
            [
              10.633721251927748,
              36.49903928372059
            ],
            [
              10.63369102428796,
              36.49759681078269
            ],
            [
              10.633684979001227,
              36.497308315335474
            ],
            [
              10.633561839698771,
              36.49711761558573
            ],
            [
              10.633497248042085,
              36.4968780179059
            ],
            [
              10.633436686269729,
              36.49683075051746
            ],
            [
              10.632628246471317,
              36.49520654065474
            ],
            [
              10.632562652727104,
              36.494918859661624
            ],
            [
              10.632377954168886,
              36.49463281196227
            ],
            [
              10.632195269937919,
              36.494442925124126
            ],
            [
              10.630807468544603,
              36.493596162905504
            ],
            [
              10.628935240680859,
              36.4923712298867
            ],
            [
              10.62736484614578,
              36.49133453689656
            ],
            [
              10.626939968540063,
              36.49095555819122
            ],
            [
              10.626569630494366,
              36.49033535629286
            ],
            [
              10.62602065100724,
              36.4897175831239
            ],
            [
              10.625714886627922,
              36.48933697683788
            ],
            [
              10.624739065447532,
              36.48824405031538
            ],
            [
              10.62119933273097,
              36.484155896882726
            ],
            [
              10.620956156664567,
              36.48391871703887
            ],
            [
              10.620830073250268,
              36.483583753446645
            ],
            [
              10.620642453746436,
              36.483153432157955
            ],
            [
              10.620511378712735,
              36.48257805308674
            ],
            [
              10.619650810471864,
              36.481291134816864
            ],
            [
              10.619165485578712,
              36.48086485042735
            ],
            [
              10.61784259073156,
              36.48025753362421
            ],
            [
              10.617184636872716,
              36.48012216042056
            ],
            [
              10.61670531108487,
              36.4799843641292
            ],
            [
              10.61592429896582,
              36.47965826828238
            ],
            [
              10.61550252845168,
              36.47942349459463
            ],
            [
              10.614414860342018,
              36.478668669140454
            ],
            [
              10.613391730152566,
              36.47815344028216
            ],
            [
              10.612301119146716,
              36.47725434066064
            ],
            [
              10.612594844067049,
              36.477057986017876
            ],
            [
              10.613006652856981,
              36.47681193829464
            ],
            [
              10.61353157204669,
              36.47627578426074
            ],
            [
              10.613582162177492,
              36.47584223035215
            ],
            [
              10.613452147768513,
              36.475314928551036
            ],
            [
              10.613506714936483,
              36.475073707561315
            ],
            [
              10.613974070417456,
              36.47463451899469
            ],
            [
              10.614263797468595,
              36.47424582767174
            ],
            [
              10.61473711362182,
              36.47409513560661
            ],
            [
              10.614968297829707,
              36.473755331224815
            ],
            [
              10.615315568168311,
              36.47326966955069
            ],
            [
              10.61566880724826,
              36.473072502073514
            ],
            [
              10.61614709248582,
              36.47316222059988
            ],
            [
              10.616445767234694,
              36.47320627296338
            ],
            [
              10.616916083716555,
              36.47291132296063
            ],
            [
              10.617391379461214,
              36.47285678699295
            ],
            [
              10.617923220284368,
              36.472657196803134
            ],
            [
              10.61869519252486,
              36.47255053736199
            ],
            [
              10.618997861408555,
              36.47278691580414
            ],
            [
              10.61958923342103,
              36.47258650261812
            ],
            [
              10.62028969111738,
              36.47190364747315
            ],
            [
              10.620634917638336,
              36.4713218009947
            ],
            [
              10.621278816892206,
              36.47078399389681
            ],
            [
              10.621804637814527,
              36.47029588845089
            ],
            [
              10.622270918065682,
              36.469808585847225
            ],
            [
              10.623159927982584,
              36.46960411388964
            ],
            [
              10.623749253844176,
              36.469307518973245
            ],
            [
              10.62439511638944,
              36.46886586597525
            ],
            [
              10.624980437498214,
              36.46837693297455
            ],
            [
              10.625447687720225,
              36.46793770160112
            ],
            [
              10.625495203461602,
              36.46735989481119
            ],
            [
              10.624714280402111,
              36.467033853678494
            ],
            [
              10.625002929954727,
              36.46659705473916
            ],
            [
              10.623325047492509,
              36.46609082447196
            ],
            [
              10.623940876183028,
              36.46420667798062
            ],
            [
              10.623822817038953,
              36.46425638064207
            ],
            [
              10.623644227843215,
              36.46425880979807
            ],
            [
              10.623526168420643,
              36.46430851217223
            ],
            [
              10.62340610888229,
              36.46426204825727
            ],
            [
              10.623227529731563,
              36.4642644766528
            ],
            [
              10.622989400609178,
              36.46426771441833
            ],
            [
              10.622809821798535,
              36.464222059088115
            ],
            [
              10.62262923359925,
              36.464128320511556
            ],
            [
              10.622746293795892,
              36.46403053591052
            ],
            [
              10.622804823953475,
              36.46398165172017
            ],
            [
              10.622921883709369,
              36.463883866955534
            ],
            [
              10.623099472165023,
              36.46383334765188
            ],
            [
              10.623276050575788,
              36.46373475328215
            ],
            [
              10.623394109480795,
              36.463685059319744
            ],
            [
              10.623452638628788,
              36.463636158523364
            ],
            [
              10.623511168042358,
              36.463587274001846
            ],
            [
              10.623568697161064,
              36.463490298211596
            ],
            [
              10.62356769711155,
              36.4634422151208
            ],
            [
              10.623626226139976,
              36.46339332239569
            ],
            [
              10.623684755094944,
              36.46334442964331
            ],
            [
              10.623802812971432,
              36.46329472714357
            ],
            [
              10.623800812599955,
              36.463198560969566
            ],
            [
              10.623797812060545,
              36.46305431170544
            ],
            [
              10.623795811712808,
              36.46295814552732
            ],
            [
              10.623853340036627,
              36.46286116961047
            ],
            [
              10.623908867754505,
              36.462668027490515
            ],
            [
              10.623787810416824,
              36.46257348079829
            ],
            [
              10.623723281423539,
              36.462333875021116
            ],
            [
              10.62365975291098,
              36.46214235228936
            ],
            [
              10.623538696708275,
              36.46204780530831
            ],
            [
              10.623420640513915,
              36.46209750751356
            ],
            [
              10.623303584004045,
              36.46219529271295
            ],
            [
              10.62324605544547,
              36.462292268379905
            ],
            [
              10.62312899842617,
              36.46239005341771
            ],
            [
              10.622951413079132,
              36.46244056454321
            ],
            [
              10.622891894806651,
              36.4624413736852
            ],
            [
              10.622593253525498,
              36.46239733651382
            ],
            [
              10.62259425293518,
              36.46244541963628
            ],
            [
              10.622357138660405,
              36.46249673899069
            ],
            [
              10.621882909122558,
              36.46259937630775
            ],
            [
              10.621706321294091,
              36.462697968750234
            ],
            [
              10.621648790368386,
              36.46279494369807
            ],
            [
              10.62159325692336,
              36.46298808490443
            ],
            [
              10.621535725654091,
              36.46308505980206
            ],
            [
              10.621416667848512,
              36.46308667694316
            ],
            [
              10.621238081122344,
              36.46308910243222
            ],
            [
              10.621178552208876,
              36.463089910869236
            ],
            [
              10.621002960815133,
              36.463236585465275
            ],
            [
              10.620709308738856,
              36.46343295942108
            ],
            [
              10.620592246776539,
              36.46353074207409
            ],
            [
              10.620534713866332,
              36.46362771652163
            ],
            [
              10.620241064174012,
              36.46382408931019
            ],
            [
              10.61965375005378,
              36.46421682479689
            ],
            [
              10.619358095875873,
              36.4643170292101
            ],
            [
              10.617881811445583,
              36.46491420690624
            ],
            [
              10.617645682694112,
              36.46501360035773
            ],
            [
              10.61758714861693,
              36.465062490259804
            ],
            [
              10.617526621710741,
              36.46501521369143
            ],
            [
              10.617348030217926,
              36.46501763346936
            ],
            [
              10.616519581754185,
              36.465269338459294
            ],
            [
              10.61645905531016,
              36.465222061338665
            ],
            [
              10.616281458863442,
              36.46527256278058
            ],
            [
              10.616162397403876,
              36.46527417476316
            ],
            [
              10.616042340467079,
              36.465227703371724
            ],
            [
              10.61592328410959,
              36.465229315045725
            ],
            [
              10.615747677843725,
              36.46537598222245
            ],
            [
              10.615631601854947,
              36.46552184346698
            ],
            [
              10.615454999264623,
              36.46562042697142
            ],
            [
              10.61527839622168,
              36.46571901022398
            ],
            [
              10.615162318848844,
              36.46586487103838
            ],
            [
              10.614985714875738,
              36.465963453876775
            ],
            [
              10.614749579074562,
              36.46606284174991
            ],
            [
              10.614513442657278,
              36.46616222916902
            ],
            [
              10.614337831617298,
              36.466308894366655
            ],
            [
              10.614162219831812,
              36.466455555243186
            ],
            [
              10.614104676852408,
              36.466552530872505
            ],
            [
              10.61404813289957,
              36.4666975815479
            ],
            [
              10.613871525602738,
              36.46679616280558
            ],
            [
              10.61381398193581,
              36.466893134229046
            ],
            [
              10.61375544401119,
              36.46694202233111
            ],
            [
              10.613578835784152,
              36.46704060317456
            ],
            [
              10.613402227104473,
              36.46713918376608
            ],
            [
              10.613283162621508,
              36.46714079294687
            ],
            [
              10.613104565879352,
              36.467143206495464
            ],
            [
              10.612986495022485,
              36.46719289869175
            ],
            [
              10.612748365834046,
              36.46719611610917
            ],
            [
              10.612511229966017,
              36.467247416374825
            ],
            [
              10.612333626161703,
              36.46729791210119
            ],
            [
              10.612215554552552,
              36.4673476035512
            ],
            [
              10.61203497110639,
              36.46725384884652
            ],
            [
              10.611913920388563,
              36.467159289992985
            ],
            [
              10.61161328551574,
              36.467019058908136
            ],
            [
              10.611373171403388,
              36.46692610686859
            ],
            [
              10.610893937199776,
              36.46678828465772
            ],
            [
              10.610654816807578,
              36.466743414498836
            ],
            [
              10.61047324458705,
              36.466601578040326
            ],
            [
              10.610293656784512,
              36.46655589989734
            ],
            [
              10.610115061121066,
              36.46655830893929
            ],
            [
              10.609996002381292,
              36.46655991475079
            ],
            [
              10.609816415012693,
              36.46651423995523
            ],
            [
              10.60993250360918,
              36.466368388161044
            ],
            [
              10.610163687480249,
              36.46602859271664
            ],
            [
              10.610278777660849,
              36.465834653212816
            ],
            [
              10.6101001836504,
              36.46583706219175
            ],
            [
              10.609920602958384,
              36.46579138743981
            ],
            [
              10.609621954853544,
              36.46574731795583
            ],
            [
              10.609322315725912,
              36.46565516430456
            ],
            [
              10.609022677283443,
              36.46556300988167
            ],
            [
              10.60878257062565,
              36.46547005241768
            ],
            [
              10.608363871413857,
              36.46537950080971
            ],
            [
              10.60794616864207,
              36.46533703108512
            ],
            [
              10.606514454700134,
              36.46521201684806
            ],
            [
              10.606036228313432,
              36.465122258098546
            ],
            [
              10.60585566226953,
              36.46502849362576
            ],
            [
              10.605379415423876,
              36.46503489920506
            ],
            [
              10.604424944711152,
              36.46495153760159
            ],
            [
              10.603590530151896,
              36.464914652488055
            ],
            [
              10.603291888414308,
              36.46487056697848
            ],
            [
              10.603052777761917,
              36.464825681313165
            ],
            [
              10.602693618665091,
              36.46473431011579
            ],
            [
              10.6022134252516,
              36.464548368686266
            ],
            [
              10.601552674934746,
              36.464268662243754
            ],
            [
              10.600891924052123,
              36.46398894392817
            ],
            [
              10.60059131540343,
              36.463848684268896
            ],
            [
              10.600411739334957,
              36.46380299500429
            ],
            [
              10.599776620976069,
              36.46477343678979
            ],
            [
              10.598907295478437,
              36.46593940795516
            ],
            [
              10.598437933819733,
              36.466282371590985
            ],
            [
              10.598088616948026,
              36.466671819171495
            ],
            [
              10.597858367015391,
              36.46705967612774
            ],
            [
              10.59780079787276,
              36.46715664038683
            ],
            [
              10.597393914084456,
              36.46764305016298
            ],
            [
              10.596580121506504,
              36.46861587409852
            ],
            [
              10.596058082260154,
              36.469296210959115
            ],
            [
              10.595942951327498,
              36.469490137633024
            ],
            [
              10.595522277661269,
              36.4693033737696
            ],
            [
              10.5949864678253,
              36.46931053424323
            ],
            [
              10.594571691423022,
              36.46941226929436
            ],
            [
              10.59421055568869,
              36.46922470543047
            ],
            [
              10.593616198446192,
              36.46928073848971
            ],
            [
              10.592192275323919,
              36.46954022382958
            ],
            [
              10.591482766175263,
              36.46979016963473
            ],
            [
              10.591005506608322,
              36.46974843068716
            ],
            [
              10.590766387105296,
              36.46970352469883
            ],
            [
              10.590585822621167,
              36.469609732982356
            ],
            [
              10.590350622711199,
              36.46975715735717
            ],
            [
              10.590293047256099,
              36.469854118161706
            ],
            [
              10.590117381155226,
              36.470000748941374
            ],
            [
              10.589938775828042,
              36.47000312798345
            ],
            [
              10.589338533909379,
              36.46977063689699
            ],
            [
              10.58867679829041,
              36.469442771454155
            ],
            [
              10.588434745121324,
              36.46925360504902
            ],
            [
              10.588195628356921,
              36.469208689754694
            ],
            [
              10.587898933781316,
              36.46926073369447
            ],
            [
              10.58771837372099,
              36.46916694159674
            ],
            [
              10.587473394868297,
              36.46883352140089
            ],
            [
              10.58729283630729,
              36.468739728615816
            ],
            [
              10.58711227817553,
              36.46864593554539
            ],
            [
              10.586927810055101,
              36.468359806534394
            ],
            [
              10.58651400443612,
              36.46850959763703
            ],
            [
              10.586274890938402,
              36.46846467840415
            ],
            [
              10.586152891479676,
              36.468322008774166
            ],
            [
              10.585903032289908,
              36.46774816951972
            ],
            [
              10.585662949708144,
              36.467655164974275
            ],
            [
              10.583874994066903,
              36.46758270742308
            ],
            [
              10.583388977733556,
              36.467108185554146
            ],
            [
              10.583445584694081,
              36.466963147947496
            ],
            [
              10.583442658505998,
              36.466818895924895
            ],
            [
              10.58332261737038,
              36.46677238711869
            ],
            [
              10.58314596927842,
              36.466870923842784
            ],
            [
              10.582966395510264,
              36.46682521233458
            ],
            [
              10.582787796848622,
              36.466827580498475
            ],
            [
              10.582611147844606,
              36.46692611237368
            ],
            [
              10.582435473249236,
              36.46707273210193
            ],
            [
              10.581364856452312,
              36.46713501638103
            ],
            [
              10.57938178098017,
              36.46624743136749
            ],
            [
              10.579078282182973,
              36.46596286447453
            ],
            [
              10.57901388672362,
              36.46572323134303
            ],
            [
              10.57888801464978,
              36.46538821729703
            ],
            [
              10.578825565279903,
              36.465244752271616
            ],
            [
              10.57864502514055,
              36.465150945886364
            ],
            [
              10.578582576420533,
              36.465007480712714
            ],
            [
              10.578639190958995,
              36.46486244108127
            ],
            [
              10.578694832910198,
              36.464669317289214
            ],
            [
              10.578256729797975,
              36.46361698421783
            ],
            [
              10.578128920728851,
              36.46318580077621
            ],
            [
              10.577648791997598,
              36.462999758754634
            ],
            [
              10.576922778319341,
              36.46243218678942
            ],
            [
              10.576567542069467,
              36.462533072681275
            ],
            [
              10.575064750852015,
              36.461831453784946
            ],
            [
              10.575120399847245,
              36.461638331402845
            ],
            [
              10.574999399043973,
              36.461543733731155
            ],
            [
              10.574820814332714,
              36.46154608964771
            ],
            [
              10.57440604995678,
              36.46164775434478
            ],
            [
              10.574107434791465,
              36.46160360319424
            ],
            [
              10.573927880370453,
              36.461557865357356
            ],
            [
              10.573447771238163,
              36.46137180589198
            ],
            [
              10.572186045765736,
              36.46081127195376
            ],
            [
              10.571823068667587,
              36.46052746909267
            ],
            [
              10.571582051561423,
              36.46038635088595
            ],
            [
              10.571398628064014,
              36.46014827995959
            ],
            [
              10.571273766005653,
              36.45986134091049
            ],
            [
              10.57103081953387,
              36.459624052765314
            ],
            [
              10.570847399573527,
              36.459385980877826
            ],
            [
              10.570482497289357,
              36.45900600489115
            ],
            [
              10.570426838346975,
              36.459199125424945
            ],
            [
              10.570575876195957,
              36.46068817450724
            ],
            [
              10.570965941914348,
              36.46231833455675
            ],
            [
              10.571161946594634,
              36.4631815022248
            ],
            [
              10.571618346782072,
              36.46514746546308
            ],
            [
              10.571685623325205,
              36.46553135604655
            ],
            [
              10.571753868743555,
              36.465963330838115
            ],
            [
              10.571885520850941,
              36.466586858775536
            ],
            [
              10.572019109347586,
              36.467306550949715
            ],
            [
              10.572032666462636,
              36.467979726596475
            ],
            [
              10.572102855869296,
              36.46850786940181
            ],
            [
              10.572076246219401,
              36.47014351801639
            ],
            [
              10.572103364697886,
              36.47148986855135
            ],
            [
              10.572133391012017,
              36.47298047957855
            ],
            [
              10.572165356771613,
              36.4745672504744
            ],
            [
              10.572128100096126,
              36.47567397129215
            ],
            [
              10.572143599803374,
              36.47644331434321
            ],
            [
              10.572101496475256,
              36.477309609880045
            ],
            [
              10.572052611353604,
              36.47783932010836
            ],
            [
              10.571946121075923,
              36.47846598281054
            ],
            [
              10.571843503929271,
              36.47928498210341
            ],
            [
              10.5717994595455,
              36.480055108913476
            ],
            [
              10.57175250857081,
              36.48068098313352
            ],
            [
              10.571769944886775,
              36.481546498072056
            ],
            [
              10.571794163146194,
              36.48274859785707
            ],
            [
              10.571817414024173,
              36.48390261324626
            ],
            [
              10.57197429497392,
              36.485776321760106
            ],
            [
              10.572272575928238,
              36.48875439053421
            ],
            [
              10.572501634129575,
              36.49125240475291
            ],
            [
              10.572802302525915,
              36.491392733243025
            ],
            [
              10.574421848153163,
              36.491948536616604
            ],
            [
              10.57580029318962,
              36.4923632150614
            ],
            [
              10.576759940173277,
              36.492687217690445
            ],
            [
              10.578139380361668,
              36.49314994831762
            ],
            [
              10.577641342140833,
              36.495032303597476
            ],
            [
              10.577197971960157,
              36.49667345019038
            ],
            [
              10.5768561974124,
              36.497447514927636
            ],
            [
              10.576229264894192,
              36.49885059518305
            ],
            [
              10.57571851517857,
              36.50010785592682
            ],
            [
              10.57560328498921,
              36.50030176441012
            ],
            [
              10.575429466929709,
              36.50054453894395
            ],
            [
              10.575081827774211,
              36.50103009545298
            ],
            [
              10.574617007357803,
              36.501613390750705
            ],
            [
              10.574092622296208,
              36.50219746591367
            ],
            [
              10.572698102699572,
              36.50394733171681
            ],
            [
              10.573958599047254,
              36.50441167963412
            ],
            [
              10.576420078175325,
              36.505341117046896
            ],
            [
              10.579541679075637,
              36.50650224985657
            ],
            [
              10.581583412863033,
              36.50729284857597
            ],
            [
              10.584044092623076,
              36.50817404006456
            ],
            [
              10.584883861961888,
              36.508451468684626
            ],
            [
              10.588356238507174,
              36.50927103549472
            ],
            [
              10.589136463568309,
              36.509549222341974
            ],
            [
              10.592075788226046,
              36.51052006744183
            ],
            [
              10.592186079172283,
              36.51008572672353
            ],
            [
              10.592166432864984,
              36.50912406161549
            ],
            [
              10.592550964834958,
              36.507531747105716
            ],
            [
              10.592886728578764,
              36.50646914054708
            ],
            [
              10.593060498660908,
              36.50622634187421
            ],
            [
              10.593343568691612,
              36.5055011135652
            ],
            [
              10.593745756986086,
              36.50477429773013
            ],
            [
              10.59403274886324,
              36.504241401749965
            ],
            [
              10.594088376831081,
              36.50404827225096
            ],
            [
              10.59414793787888,
              36.504047476561865
            ],
            [
              10.594386182046701,
              36.50404429350819
            ],
            [
              10.594684965825675,
              36.50408839753515
            ],
            [
              10.595043316053017,
              36.50413170459962
            ],
            [
              10.595282544419593,
              36.504176603182174
            ],
            [
              10.595522757242007,
              36.50426958470185
            ],
            [
              10.595762970625199,
              36.50436256572215
            ],
            [
              10.596002200068888,
              36.50440746283163
            ],
            [
              10.596182853087752,
              36.504501239602725
            ],
            [
              10.596539236222679,
              36.504448375299035
            ],
            [
              10.596774521361885,
              36.50430093732631
            ],
            [
              10.59701178088235,
              36.50424966561944
            ],
            [
              10.597191449456222,
              36.50429535745805
            ],
            [
              10.597492211421722,
              36.50443562107754
            ],
            [
              10.597614290406675,
              36.50457827637568
            ],
            [
              10.597793960067579,
              36.50462396727669
            ],
            [
              10.59797264420407,
              36.50462157453794
            ],
            [
              10.598210889686587,
              36.50461838380351
            ],
            [
              10.59845110717581,
              36.5047113592979
            ],
            [
              10.59869132009203,
              36.50480433028495
            ],
            [
              10.598931543752856,
              36.50489730471279
            ],
            [
              10.599171757874098,
              36.50499027877652
            ],
            [
              10.599231319495797,
              36.50498948053194
            ],
            [
              10.599349456142784,
              36.50493980062499
            ],
            [
              10.599467592635516,
              36.504890120604294
            ],
            [
              10.59958474224442,
              36.504792357145604
            ],
            [
              10.599702878357375,
              36.50474267689983
            ],
            [
              10.599762439773947,
              36.50474187839471
            ],
            [
              10.599881562600057,
              36.50474028129533
            ],
            [
              10.600001672401639,
              36.50478676739202
            ],
            [
              10.600063207893639,
              36.50488213536282
            ],
            [
              10.600183318019415,
              36.50492862126743
            ],
            [
              10.600303428285368,
              36.50497510704716
            ],
            [
              10.60060617299411,
              36.505211529194305
            ],
            [
              10.600966501203818,
              36.50535098489156
            ],
            [
              10.601267273780843,
              36.50549123869738
            ],
            [
              10.60150848537898,
              36.50563229113788
            ],
            [
              10.601809259990477,
              36.50577254351937
            ],
            [
              10.602111023916425,
              36.505960874292654
            ],
            [
              10.603309187552169,
              36.50628145669383
            ],
            [
              10.604090426746751,
              36.50660763246552
            ],
            [
              10.604870677233519,
              36.50688571982466
            ],
            [
              10.605231025535637,
              36.507025162149546
            ],
            [
              10.605529831017625,
              36.50706923847937
            ],
            [
              10.605648957073152,
              36.50706763553382
            ],
            [
              10.607450716965735,
              36.507764823928554
            ],
            [
              10.608598301783648,
              36.50851889796741
            ],
            [
              10.60896064936815,
              36.508754494782245
            ],
            [
              10.609262436828164,
              36.50894281079606
            ],
            [
              10.610098324264271,
              36.50902772310702
            ],
            [
              10.61045670429327,
              36.50907098711639
            ],
            [
              10.610813096857509,
              36.50901807583654
            ],
            [
              10.611051354313009,
              36.509014859128506
            ],
            [
              10.61135215359364,
              36.50915509075616
            ],
            [
              10.612076873005087,
              36.50962626179983
            ],
            [
              10.612196997299288,
              36.50967273520835
            ],
            [
              10.612376686594152,
              36.50971840359534
            ],
            [
              10.612676500869796,
              36.50981054461799
            ],
            [
              10.6128581809844,
              36.50995237820712
            ],
            [
              10.612978301177131,
              36.509998850870254
            ],
            [
              10.613101412399494,
              36.51018957222875
            ],
            [
              10.61322352887409,
              36.5103322104813
            ],
            [
              10.613644468455053,
              36.51051890412203
            ],
            [
              10.614189520951484,
              36.51094439519639
            ],
            [
              10.615341198774347,
              36.511890736934504
            ],
            [
              10.615767136678985,
              36.51231783305543
            ],
            [
              10.616191084810328,
              36.51264876584712
            ],
            [
              10.616251649123617,
              36.5126960418284
            ],
            [
              10.616136504080814,
              36.512889987051274
            ],
            [
              10.616018366904095,
              36.5129396835603
            ],
            [
              10.615960793988338,
              36.51303665607985
            ],
            [
              10.616021358477317,
              36.51308393217112
            ],
            [
              10.616813692000028,
              36.513938928508324
            ],
            [
              10.6171175192284,
              36.51422338911748
            ],
            [
              10.617357782975006,
              36.51431632514986
            ],
            [
              10.617956460533343,
              36.51445249724825
            ],
            [
              10.618075597174672,
              36.514450881614735
            ],
            [
              10.618624697148759,
              36.51506868612087
            ],
            [
              10.618930533480206,
              36.51544930327695
            ],
            [
              10.618280267101945,
              36.515698606673354
            ],
            [
              10.617159433629707,
              36.51624286372548
            ],
            [
              10.616924148345927,
              36.51639034164559
            ],
            [
              10.616926144013107,
              36.51648650321235
            ],
            [
              10.61692813985892,
              36.51658267292844
            ],
            [
              10.616872561275404,
              36.51677581150928
            ],
            [
              10.616874556906836,
              36.51687197307226
            ],
            [
              10.616936122914028,
              36.5169673313989
            ],
            [
              10.617117822741907,
              36.51710915779366
            ],
            [
              10.617420665679493,
              36.517345534345
            ],
            [
              10.617784079635008,
              36.51762918511886
            ],
            [
              10.617904219681499,
              36.51767565232543
            ],
            [
              10.617906216739618,
              36.51777181790039
            ],
            [
              10.617967784748283,
              36.517867175631295
            ],
            [
              10.61814849492894,
              36.517960917486064
            ],
            [
              10.618210063304344,
              36.518056271002344
            ],
            [
              10.618391773058207,
              36.51819809524113
            ],
            [
              10.618511914422447,
              36.51824456587569
            ],
            [
              10.618571485634392,
              36.51824375772467
            ],
            [
              10.618750199255981,
              36.518241333093194
            ],
            [
              10.618926914413857,
              36.51814273859977
            ],
            [
              10.61904505243962,
              36.518093043244164
            ],
            [
              10.619164199648395,
              36.518091426317085
            ],
            [
              10.619224764947466,
              36.51813869658924
            ],
            [
              10.619284341108225,
              36.51813788801567
            ],
            [
              10.6193449066001,
              36.51818516229923
            ],
            [
              10.619466047906739,
              36.51827971063033
            ],
            [
              10.619645761243335,
              36.518325371473566
            ],
            [
              10.622501681572212,
              36.52097995061555
            ],
            [
              10.62256325782553,
              36.52107530572023
            ],
            [
              10.622681402742105,
              36.52102560258752
            ],
            [
              10.623331698020763,
              36.52077627464192
            ],
            [
              10.623391271031265,
              36.520775464035836
            ],
            [
              10.62521556776774,
              36.52253017955691
            ],
            [
              10.626064664164536,
              36.523240053003256
            ],
            [
              10.626854200760814,
              36.5239507323591
            ],
            [
              10.627768932914016,
              36.52494827531935
            ],
            [
              10.628073848733088,
              36.52528077976267
            ],
            [
              10.628315169759254,
              36.525421774777165
            ],
            [
              10.628856375340947,
              36.525654867511115
            ],
            [
              10.629519765753818,
              36.52603057739708
            ],
            [
              10.630122578981313,
              36.52635901508733
            ],
            [
              10.630728417625493,
              36.52683169681086
            ],
            [
              10.631574589417536,
              36.52739728091471
            ],
            [
              10.63217842949735,
              36.52777379002496
            ],
            [
              10.633145785453836,
              36.528433888679224
            ],
            [
              10.634053588975256,
              36.529094803133546
            ],
            [
              10.634234344284303,
              36.52918851929592
            ],
            [
              10.634353502557127,
              36.529186886842304
            ]
          ]
        ],
        "type": "Polygon"
      }
    },
    {
      "type": "Feature",
      "id": "osm:relation:7103680",
      "properties": {
        "sourceId": "isie-local-sectors-2023-hammamet-nine-neighbours",
        "officialCode": "156555",
        "delegationCode": "1565",
        "governorateCode": "15",
        "nameAr": "بوعرقوب القبلية",
        "nameFr": "Bou argoub sud",
        "sourcePdfURL": "https://www.isie.tn/wp-content/uploads/2023/CartesCirconscriptionsElectoralesLocales2023/نابل 2/بوعرقوب/بوعرقوب القبلية.pdf",
        "sourcePdfSha256": "ba86f9e984c73854ff3d5b8bb782f225a887e9fac0925c2f88035ad57039f1b7",
        "sourceDrawingDetails": {
          "drawingIndex": 313,
          "layer": "circonscription_isie2023",
          "pdfSha256": "ba86f9e984c73854ff3d5b8bb782f225a887e9fac0925c2f88035ad57039f1b7",
          "segmentCount": 577,
          "seqno": 321,
          "sourceOrigin": "frontier11-native-map-inspection",
          "sourceRingCompleteness": {
            "activeClipCount": 2,
            "activeClipOutsideAreasPoints2": [
              0.0,
              0.0
            ],
            "explicitlyClosed": true,
            "isValid": true,
            "viewportCoversCompleteRing": true
          },
          "sourceRingVertexCount": 578,
          "vertexCount": 578
        },
        "sourceGeometrySha256": "3dc38c18cc8c69386b4a409f19c48719e0bc6a02247d5e172889e69c1f8b0c0e"
      },
      "geometry": {
        "coordinates": [
          [
            [
              10.561853085072748,
              36.51870104498349
            ],
            [
              10.562007942992652,
              36.51830480599417
            ],
            [
              10.56231588973891,
              36.51742475094124
            ],
            [
              10.563720933672474,
              36.51442786773324
            ],
            [
              10.565363962252883,
              36.51247908679663
            ],
            [
              10.566955294298866,
              36.51066236639377
            ],
            [
              10.57029606844639,
              36.50680778065159
            ],
            [
              10.570875103428563,
              36.50592414105716
            ],
            [
              10.571186443389958,
              36.50521922141095
            ],
            [
              10.571509250184734,
              36.505083571929944
            ],
            [
              10.571725336764544,
              36.505036932246924
            ],
            [
              10.571884532606903,
              36.50485962803491
            ],
            [
              10.572680501478812,
              36.50397312624365
            ],
            [
              10.572679618360864,
              36.503929336191206
            ],
            [
              10.574109655473306,
              36.50220225114143
            ],
            [
              10.574585439463245,
              36.50158276000384
            ],
            [
              10.575062984710481,
              36.501050847137364
            ],
            [
              10.575432930124819,
              36.50056415623211
            ],
            [
              10.575590339336289,
              36.50029927104461
            ],
            [
              10.575695278228917,
              36.500122680812304
            ],
            [
              10.576266239040958,
              36.49884490661857
            ],
            [
              10.57688875362452,
              36.49743504437774
            ],
            [
              10.577198236464978,
              36.49664253018547
            ],
            [
              10.577653593157738,
              36.49501586479354
            ],
            [
              10.578158736580647,
              36.4931695278085
            ],
            [
              10.578104502778023,
              36.49317024390254
            ],
            [
              10.576793155046165,
              36.492705732253775
            ],
            [
              10.575809884569331,
              36.492368286179065
            ],
            [
              10.574445214095695,
              36.49194825680369
            ],
            [
              10.572805862677072,
              36.49135661569375
            ],
            [
              10.572478701382897,
              36.49127331680846
            ],
            [
              10.57209731737713,
              36.49119073021701
            ],
            [
              10.571659046026209,
              36.49097748513084
            ],
            [
              10.571549699148349,
              36.490935124852044
            ],
            [
              10.57133188752905,
              36.49089418673785
            ],
            [
              10.571168308494727,
              36.490852535342206
            ],
            [
              10.570894501560131,
              36.49072472892485
            ],
            [
              10.57067580927343,
              36.4906399993978
            ],
            [
              10.570458880325154,
              36.490642849851675
            ],
            [
              10.570130843087592,
              36.490515754180535
            ],
            [
              10.569474771752441,
              36.49026156004593
            ],
            [
              10.568219522970283,
              36.48988381971901
            ],
            [
              10.56794572417664,
              36.489756010024166
            ],
            [
              10.568672393295152,
              36.48812580878429
            ],
            [
              10.568980166287611,
              36.48724574051214
            ],
            [
              10.569134041027992,
              36.48680570250338
            ],
            [
              10.56999955839245,
              36.48399102844755
            ],
            [
              10.570373461546401,
              36.48100759958386
            ],
            [
              10.570361609270513,
              36.47772262353865
            ],
            [
              10.570222332285994,
              36.47619139123123
            ],
            [
              10.569801389718815,
              36.474138234611665
            ],
            [
              10.569215172951239,
              36.47195584310107
            ],
            [
              10.568699045032234,
              36.47056095896027
            ],
            [
              10.568121692884317,
              36.46881645962242
            ],
            [
              10.56783214323155,
              36.467900419983856
            ],
            [
              10.567652790630904,
              36.46707053846465
            ],
            [
              10.567469047251123,
              36.46602170056138
            ],
            [
              10.56745849996081,
              36.46549622267228
            ],
            [
              10.567388465063006,
              36.46470870535964
            ],
            [
              10.567420707217178,
              36.46361323323353
            ],
            [
              10.567449433825661,
              36.46234260648027
            ],
            [
              10.567124158167028,
              36.462346870380124
            ],
            [
              10.566693092269173,
              36.46248391822855
            ],
            [
              10.566530454094435,
              36.46248604926568
            ],
            [
              10.566260268603859,
              36.46253339099378
            ],
            [
              10.565990082763062,
              36.46258073211752
            ],
            [
              10.565773231517113,
              36.46258357218032
            ],
            [
              10.565609715254363,
              36.46254191146399
            ],
            [
              10.565339528934052,
              36.46258925112453
            ],
            [
              10.565231103269296,
              36.46259067061446
            ],
            [
              10.565014251917002,
              36.46259350929896
            ],
            [
              10.56458143554605,
              36.46264297589237
            ],
            [
              10.56425703538604,
              36.462691029962066
            ],
            [
              10.563822454934824,
              36.462652905446184
            ],
            [
              10.563552267143878,
              36.4627002485169
            ],
            [
              10.563281202349996,
              36.46270379300734
            ],
            [
              10.56301101371198,
              36.46275112001723
            ],
            [
              10.562956800707578,
              36.46275182871953
            ],
            [
              10.562794161682989,
              36.462753954678796
            ],
            [
              10.562684859636587,
              36.462711588720396
            ],
            [
              10.562576433664047,
              36.46271300580281
            ],
            [
              10.562413794691022,
              36.46271513124182
            ],
            [
              10.56230536869953,
              36.462716548078106
            ],
            [
              10.562141853687061,
              36.46267487514803
            ],
            [
              10.561979214759956,
              36.462676999992965
            ],
            [
              10.56187078879908,
              36.462678416433185
            ],
            [
              10.561707274226613,
              36.46263675032306
            ],
            [
              10.561597972753589,
              36.46259437592645
            ],
            [
              10.561488671396733,
              36.46255200142654
            ],
            [
              10.561326032675593,
              36.46255412537528
            ],
            [
              10.56099988011529,
              36.462514589430086
            ],
            [
              10.56067373689916,
              36.46247504504157
            ],
            [
              10.560400922766165,
              36.462391001746376
            ],
            [
              10.560128109202664,
              36.462306957812
            ],
            [
              10.55980195802225,
              36.46226741112725
            ],
            [
              10.55958510700847,
              36.462270239926205
            ],
            [
              10.559260704660153,
              36.46231827302585
            ],
            [
              10.558988766564505,
              36.46227801709283
            ],
            [
              10.5585541904485,
              36.46223988068893
            ],
            [
              10.558119614700784,
              36.46220174269151
            ],
            [
              10.55773837868385,
              36.46211910613015
            ],
            [
              10.5573011845453,
              36.46194959308716
            ],
            [
              10.556481896061888,
              36.46165364690899
            ],
            [
              10.556154876656485,
              36.46157029943213
            ],
            [
              10.555936282535638,
              36.46148554012986
            ],
            [
              10.55577364561197,
              36.46148765645956
            ],
            [
              10.555611880823616,
              36.461533563289066
            ],
            [
              10.55550258403478,
              36.46149118318352
            ],
            [
              10.555339947065823,
              36.461493298922555
            ],
            [
              10.555232394349488,
              36.46153850002131
            ],
            [
              10.555123969625614,
              36.461539910294746
            ],
            [
              10.554961332525657,
              36.461542025520274
            ],
            [
              10.554852907782921,
              36.46154343554758
            ],
            [
              10.554688527387647,
              36.46145796892289
            ],
            [
              10.55463344346849,
              36.46141488308138
            ],
            [
              10.554469935084805,
              36.46137320688645
            ],
            [
              10.554305555456999,
              36.46128773971304
            ],
            [
              10.554142047501948,
              36.46124606305725
            ],
            [
              10.554031009367561,
              36.46111610006091
            ],
            [
              10.553867501909602,
              36.46107442301553
            ],
            [
              10.553758206665702,
              36.46103204127055
            ],
            [
              10.55364891153799,
              36.46098965942229
            ],
            [
              10.553592086521734,
              36.460858991540384
            ],
            [
              10.553535270896425,
              36.46072832350464
            ],
            [
              10.553425976315106,
              36.46068594143695
            ],
            [
              10.553260728458712,
              36.46055668197645
            ],
            [
              10.553205645961752,
              36.46051359543524
            ],
            [
              10.553052588411038,
              36.46099740657694
            ],
            [
              10.552847057875292,
              36.46156950317567
            ],
            [
              10.552744726803171,
              36.46187744673861
            ],
            [
              10.552694866773274,
              36.46209710465541
            ],
            [
              10.552645876994731,
              36.46236055332711
            ],
            [
              10.552541803270893,
              36.46258091516829
            ],
            [
              10.552438599386965,
              36.46284506770246
            ],
            [
              10.552386997045868,
              36.4629771365147
            ],
            [
              10.552282921820389,
              36.46319749814529
            ],
            [
              10.552285532831634,
              36.46332887047785
            ],
            [
              10.552234800401292,
              36.463504737427776
            ],
            [
              10.552132464623977,
              36.463812680487884
            ],
            [
              10.552136815993554,
              36.46403163436677
            ],
            [
              10.552085212570239,
              36.46416371047759
            ],
            [
              10.55203360897918,
              36.46429578656746
            ],
            [
              10.551927790764292,
              36.4644285663568
            ],
            [
              10.551931271474114,
              36.46460372945946
            ],
            [
              10.551933882026235,
              36.4647351017829
            ],
            [
              10.551937362788744,
              36.46491026487604
            ],
            [
              10.551885758495878,
              36.465042340903814
            ],
            [
              10.551834154035264,
              36.465174416910656
            ],
            [
              10.551782549406898,
              36.46530649289651
            ],
            [
              10.551839374937602,
              36.46543716154136
            ],
            [
              10.551787770012794,
              36.46556923010441
            ],
            [
              10.551789510278976,
              36.46565681164545
            ],
            [
              10.551792990833922,
              36.46583197472347
            ],
            [
              10.551799952034125,
              36.46618230086319
            ],
            [
              10.551806043183085,
              36.4664888362176
            ],
            [
              10.551809523881026,
              36.46666399926979
            ],
            [
              10.551814744984384,
              36.466926743837874
            ],
            [
              10.55176574977238,
              36.4671901920862
            ],
            [
              10.551772711195447,
              36.46754051815058
            ],
            [
              10.551882884943756,
              36.46762669223128
            ],
            [
              10.551884625447748,
              36.467714273738146
            ],
            [
              10.551833019305812,
              36.467846346018064
            ],
            [
              10.55162137261076,
              36.46811190524735
            ],
            [
              10.551304769849756,
              36.46855403418963
            ],
            [
              10.551040641501366,
              36.46890787374218
            ],
            [
              10.550884076822578,
              36.46921651911676
            ],
            [
              10.550727510939133,
              36.46952516430012
            ],
            [
              10.55067590180038,
              36.46965723982806
            ],
            [
              10.550624292493826,
              36.46978931533504
            ],
            [
              10.550573552606519,
              36.469965181584925
            ],
            [
              10.550521942939525,
              36.47009725705006
            ],
            [
              10.55041872310211,
              36.47036140791742
            ],
            [
              10.55031463305688,
              36.47058176422481
            ],
            [
              10.550211411926652,
              36.47084591492421
            ],
            [
              10.550107329957857,
              36.471066274655406
            ],
            [
              10.549950757502863,
              36.47137491888927
            ],
            [
              10.54979766060111,
              36.47185872228636
            ],
            [
              10.549641085423316,
              36.47216736614154
            ],
            [
              10.549592080169129,
              36.47243081352811
            ],
            [
              10.54949319968599,
              36.47291391746668
            ],
            [
              10.549340966243618,
              36.473441511060024
            ],
            [
              10.549190468810096,
              36.474056689700255
            ],
            [
              10.549144067764212,
              36.47445150545682
            ],
            [
              10.549099404222922,
              36.474933906409184
            ],
            [
              10.54904952683005,
              36.47515356278361
            ],
            [
              10.548997911432503,
              36.47528563762228
            ],
            [
              10.54900051805273,
              36.475417009892496
            ],
            [
              10.548949771265102,
              36.47559287546662
            ],
            [
              10.54889902426179,
              36.475768741019635
            ],
            [
              10.548850014661193,
              36.476032188061836
            ],
            [
              10.548799267180566,
              36.47620805357211
            ],
            [
              10.548748519484246,
              36.47638391906125
            ],
            [
              10.548751994486203,
              36.47655907836416
            ],
            [
              10.548702983985432,
              36.476822525336
            ],
            [
              10.548758944727554,
              36.47690940437708
            ],
            [
              10.548707327776121,
              36.477041479092016
            ],
            [
              10.548654841846126,
              36.477129759323624
            ],
            [
              10.548657448062897,
              36.47726113157447
            ],
            [
              10.548552475840888,
              36.47743769939918
            ],
            [
              10.548450977707969,
              36.47778943014119
            ],
            [
              10.548457926906783,
              36.478139756131604
            ],
            [
              10.54846487622581,
              36.47849008210025
            ],
            [
              10.548415863770787,
              36.47875352892396
            ],
            [
              10.548418469738762,
              36.47888490115382
            ],
            [
              10.548474431735755,
              36.47897178027163
            ],
            [
              10.54847703774974,
              36.47910314878134
            ],
            [
              10.548479643854257,
              36.4792345209997
            ],
            [
              10.548481381266662,
              36.479322102476914
            ],
            [
              10.54848311868658,
              36.47940968395276
            ],
            [
              10.548430631072533,
              36.479497967807724
            ],
            [
              10.548432368446502,
              36.47958554928309
            ],
            [
              10.548434105754353,
              36.47967312704538
            ],
            [
              10.54832826139885,
              36.47980590766825
            ],
            [
              10.548329130037066,
              36.47984969840596
            ],
            [
              10.54833086731913,
              36.479937279880346
            ],
            [
              10.548279247739213,
              36.480069350698805
            ],
            [
              10.54822762806501,
              36.480201425207966
            ],
            [
              10.548176876792176,
              36.480377290433125
            ],
            [
              10.548123519670307,
              36.48042178342592
            ],
            [
              10.548015936760176,
              36.48046697860402
            ],
            [
              10.547687977466785,
              36.48033981909487
            ],
            [
              10.547469343117202,
              36.48025504551265
            ],
            [
              10.547140517589941,
              36.48008409369347
            ],
            [
              10.546811693488609,
              36.47991314092864
            ],
            [
              10.546264234875675,
              36.47965741511873
            ],
            [
              10.546045599329908,
              36.47957263889432
            ],
            [
              10.54588639288586,
              36.479749905798236
            ],
            [
              10.545780543925872,
              36.4798826805529
            ],
            [
              10.54567643343895,
              36.48010303302993
            ],
            [
              10.545197939347018,
              36.480591040957556
            ],
            [
              10.545092954943737,
              36.48076760593621
            ],
            [
              10.544932877173533,
              36.480901080844184
            ],
            [
              10.544716839360378,
              36.48094767465896
            ],
            [
              10.544554160909046,
              36.48094977666152
            ],
            [
              10.544444842110838,
              36.48090738706355
            ],
            [
              10.544171978789473,
              36.480823308024824
            ],
            [
              10.54400930055632,
              36.48082540927848
            ],
            [
              10.543846622306301,
              36.48082751031047
            ],
            [
              10.543574630455417,
              36.480787220649795
            ],
            [
              10.543410220451518,
              36.48070173942222
            ],
            [
              10.543354262709004,
              36.480614857847875
            ],
            [
              10.543298305094067,
              36.48052797624309
            ],
            [
              10.543242347606713,
              36.48044109460787
            ],
            [
              10.542969487138997,
              36.48035701274217
            ],
            [
              10.542859304420668,
              36.4802708308002
            ],
            [
              10.542749121946256,
              36.48018464874945
            ],
            [
              10.542585579521486,
              36.48014295717809
            ],
            [
              10.542477993591548,
              36.48018814743043
            ],
            [
              10.542426363904491,
              36.48032021966224
            ],
            [
              10.54226887806986,
              36.480585063661266
            ],
            [
              10.542163886931686,
              36.480761626219596
            ],
            [
              10.542056304498095,
              36.48080681605386
            ],
            [
              10.542112256361152,
              36.480893698324884
            ],
            [
              10.542113986712929,
              36.480981280040695
            ],
            [
              10.542061495370497,
              36.481069561208
            ],
            [
              10.541952173079041,
              36.481027169357326
            ],
            [
              10.541787768857771,
              36.480941685807096
            ],
            [
              10.541569999099554,
              36.480900692234265
            ],
            [
              10.54146154670522,
              36.480902090732435
            ],
            [
              10.54130059753673,
              36.480991770044184
            ],
            [
              10.541248965348272,
              36.48112384180924
            ],
            [
              10.541141377262035,
              36.48116903089938
            ],
            [
              10.540979562619832,
              36.481214918918
            ],
            [
              10.540873703223287,
              36.48134768953271
            ],
            [
              10.54076957234599,
              36.48156804182177
            ],
            [
              10.540612078418805,
              36.481832883773386
            ],
            [
              10.540560444544038,
              36.481964955263344
            ],
            [
              10.540617264536262,
              36.482095625349054
            ],
            [
              10.540674084799655,
              36.48222629911212
            ],
            [
              10.540676678028547,
              36.48235767174484
            ],
            [
              10.54057168097886,
              36.48253423299339
            ],
            [
              10.54041245597798,
              36.482711492945484
            ],
            [
              10.540145639156965,
              36.48293394094775
            ],
            [
              10.53993218912701,
              36.48311189516913
            ],
            [
              10.539771233640174,
              36.483201572535194
            ],
            [
              10.539719597500262,
              36.48333364368724
            ],
            [
              10.53961200546537,
              36.48337883147515
            ],
            [
              10.53955691367823,
              36.483335738994704
            ],
            [
              10.539448457787527,
              36.483337135743184
            ],
            [
              10.539286637599082,
              36.48338302157947
            ],
            [
              10.539232409614828,
              36.48338371984398
            ],
            [
              10.53912395364071,
              36.4833851162991
            ],
            [
              10.53901549765912,
              36.4833865126557
            ],
            [
              10.538799449062552,
              36.483433095981226
            ],
            [
              10.538639354866092,
              36.48356656277094
            ],
            [
              10.538264078000626,
              36.48379040259311
            ],
            [
              10.538103982146177,
              36.48392386869563
            ],
            [
              10.537783788790458,
              36.484190800286335
            ],
            [
              10.537679645547373,
              36.48441115007359
            ],
            [
              10.537520410128096,
              36.48458840635792
            ],
            [
              10.537416265565808,
              36.48480875221954
            ],
            [
              10.537202799599235,
              36.48498670554269
            ],
            [
              10.53709951619738,
              36.485250845787895
            ],
            [
              10.537048736710956,
              36.48542670680823
            ],
            [
              10.537053049071984,
              36.48564566144955
            ],
            [
              10.537110728659426,
              36.48582012412919
            ],
            [
              10.537222638448355,
              36.48599389311233
            ],
            [
              10.537335411400328,
              36.48621145289138
            ],
            [
              10.537283769272873,
              36.486343523069635
            ],
            [
              10.537232989582082,
              36.48651938414433
            ],
            [
              10.537021243616817,
              36.48678491905114
            ],
            [
              10.536916232539545,
              36.48696147729283
            ],
            [
              10.536810358609792,
              36.487094244526716
            ],
            [
              10.53676044437447,
              36.48731389627756
            ],
            [
              10.536710520682554,
              36.48753354812461
            ],
            [
              10.536659738934008,
              36.48770940525862
            ],
            [
              10.536608961640708,
              36.48788526602405
            ],
            [
              10.536611548541513,
              36.488016638782724
            ],
            [
              10.536667499894142,
              36.48810352352775
            ],
            [
              10.53672345597258,
              36.48819040818322
            ],
            [
              10.536779416776847,
              36.488277292749146
            ],
            [
              10.536782004002522,
              36.48840866548868
            ],
            [
              10.536784591171884,
              36.488540034513434
            ],
            [
              10.53678890327995,
              36.48875898906743
            ],
            [
              10.536794077871168,
              36.48902173452101
            ],
            [
              10.536797527635946,
              36.489196898149935
            ],
            [
              10.536854342570296,
              36.489327573670714
            ],
            [
              10.536857792509299,
              36.4895027372857
            ],
            [
              10.536915474909785,
              36.48967720360527
            ],
            [
              10.536918925030488,
              36.48985236720494
            ],
            [
              10.53686814250535,
              36.49002822809803
            ],
            [
              10.536818226851235,
              36.490247879809374
            ],
            [
              10.536821676751785,
              36.49042303968852
            ],
            [
              10.536934450869841,
              36.49064059962449
            ],
            [
              10.536992134377599,
              36.49081506585083
            ],
            [
              10.536942214052692,
              36.491034717648866
            ],
            [
              10.536892293467485,
              36.49125436942486
            ],
            [
              10.5368406521403,
              36.49138643934122
            ],
            [
              10.536844102234816,
              36.491561599185054
            ],
            [
              10.536792451516138,
              36.4916936729107
            ],
            [
              10.536739942586664,
              36.49178194824418
            ],
            [
              10.53663319964757,
              36.491870924490044
            ],
            [
              10.536525598684408,
              36.49191610969376
            ],
            [
              10.536362034386572,
              36.49187441017246
            ],
            [
              10.536197608067061,
              36.491788919522754
            ],
            [
              10.536143374144995,
              36.491789616521
            ],
            [
              10.535927300475336,
              36.49183619517279
            ],
            [
              10.535819694527778,
              36.49188137980753
            ],
            [
              10.535767184432428,
              36.491969658450834
            ],
            [
              10.535769770297591,
              36.492101031171266
            ],
            [
              10.53577235617953,
              36.49223240388864
            ],
            [
              10.535831762416986,
              36.49249445247073
            ],
            [
              10.535836072465958,
              36.49271340697716
            ],
            [
              10.535837796498598,
              36.492800988777354
            ],
            [
              10.535785285767783,
              36.49288926371794
            ],
            [
              10.535624305466543,
              36.49297893593686
            ],
            [
              10.535464186606582,
              36.49311239885126
            ],
            [
              10.535357440394836,
              36.493201374013694
            ],
            [
              10.5353591639193,
              36.49328895582636
            ],
            [
              10.5353057906646,
              36.493333443374965
            ],
            [
              10.535087988954581,
              36.49329243878833
            ],
            [
              10.53492528395338,
              36.493294528269836
            ],
            [
              10.534760856082164,
              36.493209035692516
            ],
            [
              10.534651529418612,
              36.4931666374244
            ],
            [
              10.534214205534811,
              36.49299704355486
            ],
            [
              10.533997266264489,
              36.49299982787288
            ],
            [
              10.533836283589464,
              36.49308949773073
            ],
            [
              10.533783770444318,
              36.49317777555584
            ],
            [
              10.53378721395406,
              36.4933529393096
            ],
            [
              10.533899127879625,
              36.49352671111878
            ],
            [
              10.533903432651028,
              36.49374566578549
            ],
            [
              10.534069582890547,
              36.4939187413893
            ],
            [
              10.534126401623443,
              36.49404941807747
            ],
            [
              10.534235733875358,
              36.49409181673935
            ],
            [
              10.53423831728144,
              36.4942231857955
            ],
            [
              10.534241762019269,
              36.49439835319296
            ],
            [
              10.534190109581788,
              36.4945304183972
            ],
            [
              10.53403084615138,
              36.4947076704089
            ],
            [
              10.533980915314515,
              36.494927321085285
            ],
            [
              10.533766553398316,
              36.495061477883674
            ],
            [
              10.533605566263104,
              36.49515114750707
            ],
            [
              10.533444578752416,
              36.495240816920614
            ],
            [
              10.533175117933528,
              36.495331877562776
            ],
            [
              10.532959897601541,
              36.49542224196471
            ],
            [
              10.532797187983066,
              36.49542432864854
            ],
            [
              10.5325836828813,
              36.49560227433487
            ],
            [
              10.532368456414542,
              36.49569263404657
            ],
            [
              10.532154949661981,
              36.495870582709834
            ],
            [
              10.53199567878548,
              36.496047828427464
            ],
            [
              10.53178131029488,
              36.49618198178655
            ],
            [
              10.531671976319599,
              36.49613958092658
            ],
            [
              10.53139993132403,
              36.49609926477466
            ],
            [
              10.531127031719596,
              36.49601515696384
            ],
            [
              10.530634602735146,
              36.495802454021074
            ],
            [
              10.530470173964716,
              36.49571695557651
            ],
            [
              10.530196413189687,
              36.49558905835361
            ],
            [
              10.529922653227514,
              36.49546115676669
            ],
            [
              10.529704848000511,
              36.49542014243647
            ],
            [
              10.529322620935046,
              36.49529362756057
            ],
            [
              10.528885295838553,
              36.495124014216316
            ],
            [
              10.528664917890302,
              36.494951624863255
            ],
            [
              10.528391162603263,
              36.494823719635605
            ],
            [
              10.528226738297287,
              36.49473821797769
            ],
            [
              10.528061456650143,
              36.49460892503788
            ],
            [
              10.52789703315315,
              36.49452342290323
            ],
            [
              10.52778770360566,
              36.494481022077984
            ],
            [
              10.527730037501524,
              36.494306547369725
            ],
            [
              10.527618136042642,
              36.494132773207404
            ],
            [
              10.527616421181127,
              36.49404519109026
            ],
            [
              10.527285010799348,
              36.49374281200194
            ],
            [
              10.526956169524793,
              36.49357180520519
            ],
            [
              10.526625615977576,
              36.493313215294705
            ],
            [
              10.526296777938827,
              36.49314220659122
            ],
            [
              10.525807805440312,
              36.493104647281335
            ],
            [
              10.525699335232877,
              36.493106031850886
            ],
            [
              10.525479830880581,
              36.49297743101783
            ],
            [
              10.524929777660429,
              36.49259023126251
            ],
            [
              10.524820452317005,
              36.492547823890355
            ],
            [
              10.524548422946417,
              36.4925074917076
            ],
            [
              10.5243314840623,
              36.492510258419564
            ],
            [
              10.524059455037388,
              36.49246992511223
            ],
            [
              10.52378828149687,
              36.49247338232625
            ],
            [
              10.523515402368098,
              36.49238925655689
            ],
            [
              10.523351843400938,
              36.492347539055245
            ],
            [
              10.523188284602035,
              36.492305821324884
            ],
            [
              10.522969636627554,
              36.49222100321736
            ],
            [
              10.522697609214884,
              36.49218066676163
            ],
            [
              10.52253405108902,
              36.49213894811648
            ],
            [
              10.522423873172386,
              36.49205274732043
            ],
            [
              10.522368784305593,
              36.492009646881634
            ],
            [
              10.522311986818513,
              36.49187896776219
            ],
            [
              10.52225604372432,
              36.49179207236987
            ],
            [
              10.522200955137649,
              36.49174897184524
            ],
            [
              10.522145866611993,
              36.491705871293426
            ],
            [
              10.521983163946523,
              36.49170794304917
            ],
            [
              10.521874695493635,
              36.49170932409648
            ],
            [
              10.521656055164792,
              36.49162450344119
            ],
            [
              10.521545879014214,
              36.49153830549876
            ],
            [
              10.521436556904641,
              36.49149589493962
            ],
            [
              10.521221328027856,
              36.491586238343345
            ],
            [
              10.521006098640761,
              36.49167658136904
            ],
            [
              10.520843395950404,
              36.49167865156917
            ],
            [
              10.520572224762873,
              36.4916821014099
            ],
            [
              10.520300200220822,
              36.49164175569744
            ],
            [
              10.519917153228986,
              36.491471422286935
            ],
            [
              10.519534956008078,
              36.49134487519248
            ],
            [
              10.519096820951964,
              36.49113143357617
            ],
            [
              10.518501100198685,
              36.49118280484827
            ],
            [
              10.518229078390325,
              36.49114245805446
            ],
            [
              10.517685891900365,
              36.49110555380938
            ],
            [
              10.517467252988741,
              36.491020725378725
            ],
            [
              10.517033382056692,
              36.491026232466524
            ],
            [
              10.51649189429865,
              36.491076905415895
            ],
            [
              10.515628408847606,
              36.49130686749591
            ],
            [
              10.515357238300597,
              36.491310305454626
            ],
            [
              10.515143703125501,
              36.49148822070609
            ],
            [
              10.514659845076379,
              36.49171335962154
            ],
            [
              10.5144437574248,
              36.49175990335848
            ],
            [
              10.514173439466813,
              36.4918071262402
            ],
            [
              10.513632793450297,
              36.49190157772735
            ],
            [
              10.51314892835004,
              36.49212671437132
            ],
            [
              10.512564230738738,
              36.492747344088386
            ],
            [
              10.5122430678692,
              36.4929704181891
            ],
            [
              10.511760040478945,
              36.493239340791014
            ],
            [
              10.5112227738893,
              36.49350894348936
            ],
            [
              10.510846520081637,
              36.49368890824228
            ],
            [
              10.510631272238388,
              36.49377923292981
            ],
            [
              10.509170291270252,
              36.49397289604374
            ],
            [
              10.508846568206495,
              36.49406458704469
            ],
            [
              10.50873894261045,
              36.494109747667196
            ],
            [
              10.508576233907625,
              36.49411180125696
            ],
            [
              10.50846691707948,
              36.4940693787175
            ],
            [
              10.508197429001916,
              36.49416038352708
            ],
            [
              10.508036412973043,
              36.4942500192907
            ],
            [
              10.507874550245589,
              36.49429586338688
            ],
            [
              10.49205756737783,
              36.506890325833105
            ],
            [
              10.511925702702543,
              36.50738527274176
            ],
            [
              10.516836729204803,
              36.50881230868777
            ],
            [
              10.51967374394592,
              36.509608505253425
            ],
            [
              10.521151215549777,
              36.510246734440344
            ],
            [
              10.52131395707036,
              36.51024466291805
            ],
            [
              10.521367349824502,
              36.510200181294046
            ],
            [
              10.521473280678345,
              36.51006742691152
            ],
            [
              10.52174195200993,
              36.50993260034951
            ],
            [
              10.52190298341385,
              36.50984294591894
            ],
            [
              10.522064014514537,
              36.50975329499002
            ],
            [
              10.522170798423824,
              36.50966433107626
            ],
            [
              10.522277582088819,
              36.50957536707129
            ],
            [
              10.522328404428457,
              36.50939951193342
            ],
            [
              10.522488579026524,
              36.50926606569344
            ],
            [
              10.522649608179131,
              36.50917641029731
            ],
            [
              10.522864028057555,
              36.50904227242724
            ],
            [
              10.523188650376188,
              36.50899433356561
            ],
            [
              10.523513272263619,
              36.508946393829234
            ],
            [
              10.523837037954996,
              36.50885466219122
            ],
            [
              10.524159090971143,
              36.50867534764764
            ],
            [
              10.524480281770552,
              36.50845224130576
            ],
            [
              10.524747229712263,
              36.50822982987214
            ],
            [
              10.524905685018394,
              36.50800879848904
            ],
            [
              10.52495650507249,
              36.50783294229091
            ],
            [
              10.525062426598344,
              36.507700184888044
            ],
            [
              10.525170917196082,
              36.507698800423434
            ],
            [
              10.525333653078789,
              36.507696723541606
            ],
            [
              10.525440430398135,
              36.50760775682399
            ],
            [
              10.52565398430404,
              36.507429823115245
            ],
            [
              10.525814144492909,
              36.50729637265309
            ],
            [
              10.526030272127342,
              36.50724981123151
            ],
            [
              10.526409125054872,
              36.50720117121666
            ],
            [
              10.526680349624286,
              36.50719770684902
            ],
            [
              10.526787982137968,
              36.507152533661866
            ],
            [
              10.527004961623149,
              36.507149761531146
            ],
            [
              10.527114308838879,
              36.507192162578804
            ],
            [
              10.527223656243848,
              36.50723456723482
            ],
            [
              10.527443209151029,
              36.507363167201426
            ],
            [
              10.52760765524337,
              36.507448669216835
            ],
            [
              10.527662762777972,
              36.50749176674408
            ],
            [
              10.527718719084373,
              36.50757865531917
            ],
            [
              10.527666194297561,
              36.50766693057769
            ],
            [
              10.527559419519255,
              36.507755899229686
            ],
            [
              10.527452644496686,
              36.507844867790524
            ],
            [
              10.52734586922985,
              36.50793383626019
            ],
            [
              10.527239093718745,
              36.50802280463871
            ],
            [
              10.52724166668965,
              36.50815417752866
            ],
            [
              10.52740869214844,
              36.50837105259314
            ],
            [
              10.527574002760902,
              36.50850034177618
            ],
            [
              10.527847805755075,
              36.50862824749687
            ],
            [
              10.528012254999782,
              36.50871374886349
            ],
            [
              10.528230096952715,
              36.50875476534284
            ],
            [
              10.52833944715923,
              36.50879716889903
            ],
            [
              10.52850390188411,
              36.508882669505354
            ],
            [
              10.52861411087091,
              36.5089688637308
            ],
            [
              10.528723461579782,
              36.509011266921355
            ],
            [
              10.528886199940251,
              36.509009185129344
            ],
            [
              10.528994692171274,
              36.509007797144726
            ],
            [
              10.529158289270345,
              36.50904950590014
            ],
            [
              10.529377850486904,
              36.509178102071225
            ],
            [
              10.529761864968844,
              36.50939219668362
            ],
            [
              10.529872076052149,
              36.509478389689505
            ],
            [
              10.529983146555537,
              36.50960836977114
            ],
            [
              10.530094217507457,
              36.509738353449556
            ],
            [
              10.530205288835088,
              36.509868337013046
            ],
            [
              10.530262973186058,
              36.51004280597073
            ],
            [
              10.530318938895313,
              36.51012969311934
            ],
            [
              10.530485117677419,
              36.51030277262182
            ],
            [
              10.530594471248854,
              36.51034517401928
            ],
            [
              10.530867425800452,
              36.51042928162467
            ],
            [
              10.531030166966389,
              36.510427196838606
            ],
            [
              10.531138661067711,
              36.51042580685795
            ],
            [
              10.531301397606192,
              36.51042372176098
            ],
            [
              10.531409896288453,
              36.51042233147482
            ],
            [
              10.531518390363722,
              36.51042094114897
            ],
            [
              10.53168198709555,
              36.510462646389456
            ],
            [
              10.531902416760452,
              36.51063502854145
            ],
            [
              10.532339836548113,
              36.51080462818586
            ],
            [
              10.532503439094985,
              36.51084633220835
            ],
            [
              10.533596132147789,
              36.511226528081046
            ],
            [
              10.533759736203184,
              36.51126823034016
            ],
            [
              10.534906693474248,
              36.51164772130613
            ],
            [
              10.534907555562368,
              36.511691512086244
            ],
            [
              10.535305394468752,
              36.512606236723656
            ],
            [
              10.535687721350953,
              36.51273272977218
            ],
            [
              10.5360665983332,
              36.51268405857017
            ],
            [
              10.536176821000986,
              36.512770245427795
            ],
            [
              10.536450652742863,
              36.512898130617494
            ],
            [
              10.536667647284677,
              36.512895340536346
            ],
            [
              10.5368269403458,
              36.51271808478737
            ],
            [
              10.53818401172829,
              36.512744426867314
            ],
            [
              10.538727360786966,
              36.512781233760904
            ],
            [
              10.538785930838147,
              36.51299948870166
            ],
            [
              10.540919798152942,
              36.51389182696484
            ],
            [
              10.546264861512697,
              36.515268239429716
            ],
            [
              10.552870956829635,
              36.51728505475161
            ],
            [
              10.551357806783397,
              36.52032701910252
            ],
            [
              10.549993382651145,
              36.52266620796951
            ],
            [
              10.549994253588489,
              36.52270999835755
            ],
            [
              10.55190712557925,
              36.52338599618635
            ],
            [
              10.553002708428945,
              36.52389738161455
            ],
            [
              10.556013001812715,
              36.52517225959962
            ],
            [
              10.55727753301555,
              36.52327232254507
            ],
            [
              10.557913715056138,
              36.52251940162693
            ],
            [
              10.55834161480672,
              36.522207210310455
            ],
            [
              10.558662763205678,
              36.521984013322154
            ],
            [
              10.560535361386222,
              36.52064552997254
            ],
            [
              10.561013994323703,
              36.52015746006981
            ],
            [
              10.561382361322377,
              36.51958322589737
            ],
            [
              10.561646605418389,
              36.519229359630764
            ],
            [
              10.561801465355535,
              36.51883312089299
            ],
            [
              10.561853085072748,
              36.51870104498349
            ]
          ]
        ],
        "type": "Polygon"
      }
    },
    {
      "type": "Feature",
      "id": "osm:relation:7103327",
      "properties": {
        "sourceId": "isie-local-sectors-2023-hammamet-nine-neighbours",
        "officialCode": "155156",
        "delegationCode": "1551",
        "governorateCode": "15",
        "nameAr": "الهادي شاكر",
        "nameFr": "Hedi chaker",
        "sourcePdfURL": "https://www.isie.tn/wp-content/uploads/2023/CartesCirconscriptionsElectoralesLocales2023/نابل 1/نابل/الهادي شاكر - (نابل).pdf",
        "sourcePdfSha256": "18c786feb6fe4e6d89bb3d1c9ee4e82ef5add3f17d3299619ce70505fafe6cda",
        "sourceDrawingDetails": {
          "drawingIndex": 240,
          "layer": "circonscription_isie2023",
          "pdfSha256": "18c786feb6fe4e6d89bb3d1c9ee4e82ef5add3f17d3299619ce70505fafe6cda",
          "segmentCount": 761,
          "seqno": 248,
          "sourceOrigin": "frontier11-native-map-inspection",
          "sourceRingCompleteness": {
            "activeClipCount": 2,
            "activeClipOutsideAreasPoints2": [
              0.0,
              0.0
            ],
            "explicitlyClosed": true,
            "isValid": true,
            "viewportCoversCompleteRing": true
          },
          "sourceRingVertexCount": 762,
          "vertexCount": 762
        },
        "sourceGeometrySha256": "e627b222e6f8920dcf19f8c99b8c20c123c900f9d145d0f2c5c19848dd36cb64"
      },
      "geometry": {
        "coordinates": [
          [
            [
              10.6507893208195,
              36.53825385397551
            ],
            [
              10.650849490151543,
              36.53815242945663
            ],
            [
              10.651857117492206,
              36.5386414020642
            ],
            [
              10.65203976207635,
              36.53843769582356
            ],
            [
              10.652284713340002,
              36.53823310746136
            ],
            [
              10.652530734118402,
              36.538078815854874
            ],
            [
              10.652775677851377,
              36.53787423513022
            ],
            [
              10.65289708120801,
              36.53772166437282
            ],
            [
              10.653019554834549,
              36.5376193736777
            ],
            [
              10.653139886510045,
              36.5374165225121
            ],
            [
              10.653262359341063,
              36.53731423158278
            ],
            [
              10.65344713898421,
              36.537211075135204
            ],
            [
              10.653695296333527,
              36.537157333050324
            ],
            [
              10.653882217568528,
              36.53715473627267
            ],
            [
              10.654190538468338,
              36.53699956720275
            ],
            [
              10.654560093212949,
              36.53679325124423
            ],
            [
              10.654990875294361,
              36.53653578792682
            ],
            [
              10.655358281246679,
              36.53622890932314
            ],
            [
              10.655785845393012,
              36.53582060280622
            ],
            [
              10.656029706063203,
              36.53556573552514
            ],
            [
              10.656335870663602,
              36.535310000905724
            ],
            [
              10.656828944042754,
              36.53505167286922
            ],
            [
              10.657318798956812,
              36.534642493991214
            ],
            [
              10.657686186757072,
              36.53433560858006
            ],
            [
              10.657869879569093,
              36.534182165471854
            ],
            [
              10.657990193400634,
              36.53397930975485
            ],
            [
              10.658169589077868,
              36.533624745889306
            ],
            [
              10.658289901307374,
              36.533421889893454
            ],
            [
              10.658533746328423,
              36.5331670177916
            ],
            [
              10.658838818952361,
              36.53286099702277
            ],
            [
              10.659268490336672,
              36.53255323893383
            ],
            [
              10.65969708882134,
              36.53219520350265
            ],
            [
              10.659882922574397,
              36.532142317571484
            ],
            [
              10.660069831154626,
              36.53213971140102
            ],
            [
              10.660255664499697,
              36.53208682489814
            ],
            [
              10.66050380033981,
              36.53203306913098
            ],
            [
              10.660874390014369,
              36.53187701448898
            ],
            [
              10.661370653762248,
              36.53176949999658
            ],
            [
              10.661618787733893,
              36.53171574195119
            ],
            [
              10.661742316505709,
              36.53166372273519
            ],
            [
              10.6618647688762,
              36.53156142339191
            ],
            [
              10.661988297231728,
              36.53150940393018
            ],
            [
              10.662175204089197,
              36.53150679449886
            ],
            [
              10.662362110922636,
              36.531504184774825
            ],
            [
              10.662484562208107,
              36.531401884819466
            ],
            [
              10.662607013171225,
              36.53129958474486
            ],
            [
              10.662667161794635,
              36.53119815467723
            ],
            [
              10.662850837280276,
              36.5310447042557
            ],
            [
              10.663231105879907,
              36.53134116235694
            ],
            [
              10.665391181758137,
              36.53035536404802
            ],
            [
              10.665515784265619,
              36.530353620951516
            ],
            [
              10.665639308136544,
              36.53030159780771
            ],
            [
              10.665699452016366,
              36.53020016631462
            ],
            [
              10.665884197815512,
              36.53009699132258
            ],
            [
              10.666006642171503,
              36.52999468790121
            ],
            [
              10.666129086205164,
              36.529892384360615
            ],
            [
              10.66625260891851,
              36.529840360606656
            ],
            [
              10.666312751651294,
              36.529738928826205
            ],
            [
              10.666372894230943,
              36.52963749701777
            ],
            [
              10.666434115766963,
              36.529586345084695
            ],
            [
              10.666557637784672,
              36.52953432102978
            ],
            [
              10.666805760658411,
              36.529480552442045
            ],
            [
              10.666990503245321,
              36.52937737580484
            ],
            [
              10.667239699626805,
              36.52937388629375
            ],
            [
              10.667424441362419,
              36.52927070900349
            ],
            [
              10.667611342316363,
              36.52926809118999
            ],
            [
              10.6677971632664,
              36.52921519321265
            ],
            [
              10.667918523718798,
              36.52906261230426
            ],
            [
              10.668360026236105,
              36.52930789686517
            ],
            [
              10.668487868167963,
              36.52945699026662
            ],
            [
              10.66867693058586,
              36.529554930468045
            ],
            [
              10.668990594633811,
              36.529651123657814
            ],
            [
              10.669180739032514,
              36.529799342861686
            ],
            [
              10.669684545315285,
              36.53004375310928
            ],
            [
              10.669935911567398,
              36.53014081745919
            ],
            [
              10.669996049632447,
              36.53003938394251
            ],
            [
              10.670055106076674,
              36.52988767059033
            ],
            [
              10.670113080803336,
              36.52968567740334
            ],
            [
              10.670426747016592,
              36.52978186675303
            ],
            [
              10.671052999576364,
              36.529923963130514
            ],
            [
              10.671743714985201,
              36.530165740944376
            ],
            [
              10.67212076879966,
              36.530311330633516
            ],
            [
              10.672436605909644,
              36.53050807404568
            ],
            [
              10.672815829194448,
              36.53075422091912
            ],
            [
              10.672939348411107,
              36.530702186061376
            ],
            [
              10.673246520696704,
              36.53049669370923
            ],
            [
              10.673678287857625,
              36.530289444791656
            ],
            [
              10.674046673137651,
              36.530032790632646
            ],
            [
              10.674291539160276,
              36.529828167456834
            ],
            [
              10.67453640389362,
              36.529623543804426
            ],
            [
              10.674783436356746,
              36.529519479055104
            ],
            [
              10.674967083319332,
              36.52936601063875
            ],
            [
              10.67508842952597,
              36.529213418528386
            ],
            [
              10.675272075259041,
              36.52905995393043
            ],
            [
              10.67533220546503,
              36.52895851790453
            ],
            [
              10.675515850026452,
              36.52880504869086
            ],
            [
              10.675640444120672,
              36.528803295154844
            ],
            [
              10.676005560029306,
              36.52839579621837
            ],
            [
              10.67682305185805,
              36.528736349724554
            ],
            [
              10.67688209393805,
              36.528584633326574
            ],
            [
              10.677003435143547,
              36.528432039375794
            ],
            [
              10.677001263336821,
              36.52833148009209
            ],
            [
              10.677062476659628,
              36.528280322896066
            ],
            [
              10.67712260392735,
              36.528178886030005
            ],
            [
              10.677181645035278,
              36.52802716949602
            ],
            [
              10.677241771961963,
              36.527925732574765
            ],
            [
              10.677365283698485,
              36.52787369756085
            ],
            [
              10.677425410270676,
              36.527772260553704
            ],
            [
              10.677485536689803,
              36.527670823518626
            ],
            [
              10.677546749272137,
              36.52761967035178
            ],
            [
              10.677606870137815,
              36.527518233334554
            ],
            [
              10.677604697530244,
              36.52741766980482
            ],
            [
              10.677665915120889,
              36.527366516507435
            ],
            [
              10.677789420306775,
              36.527314476892315
            ],
            [
              10.677849551286533,
              36.52721304387479
            ],
            [
              10.677909671456742,
              36.5271116067165
            ],
            [
              10.67803209492802,
              36.527009291421926
            ],
            [
              10.678029921902409,
              36.52690873216721
            ],
            [
              10.678028835393643,
              36.52685845253919
            ],
            [
              10.67815125831711,
              36.52675613713239
            ],
            [
              10.678335978794767,
              36.52665294342117
            ],
            [
              10.678457314215855,
              36.52650034809431
            ],
            [
              10.678580822858452,
              36.52644831188836
            ],
            [
              10.678702157484661,
              36.526295716327894
            ],
            [
              10.67876228114332,
              36.52619427869714
            ],
            [
              10.678822404648932,
              36.52609284103843
            ],
            [
              10.678754672610973,
              36.52584232564307
            ],
            [
              10.678751411812328,
              36.52569148678667
            ],
            [
              10.678685854066527,
              36.52554152630396
            ],
            [
              10.678681506566173,
              36.52534040781059
            ],
            [
              10.678740542658641,
              36.52518869056923
            ],
            [
              10.678800665466424,
              36.525087252924415
            ],
            [
              10.678735108182831,
              36.524937292443525
            ],
            [
              10.678858614183204,
              36.52488525600551
            ],
            [
              10.678920910622885,
              36.52488437755098
            ],
            [
              10.678981032971567,
              36.52478293982236
            ],
            [
              10.67897885889404,
              36.524682380578994
            ],
            [
              10.679037893950298,
              36.52453066320217
            ],
            [
              10.679096928786446,
              36.52437894579835
            ],
            [
              10.679281642511654,
              36.524275755022046
            ],
            [
              10.679279468085245,
              36.52417519578562
            ],
            [
              10.679275119264764,
              36.52397407730734
            ],
            [
              10.679455482469239,
              36.52366976354748
            ],
            [
              10.679631494681903,
              36.52316433106741
            ],
            [
              10.679743035197935,
              36.522559217977545
            ],
            [
              10.679866531572893,
              36.522507184926475
            ],
            [
              10.680115709560095,
              36.52250366900288
            ],
            [
              10.68023812301098,
              36.52240135162908
            ],
            [
              10.680294978444595,
              36.522149074462874
            ],
            [
              10.680599921534032,
              36.521843000777544
            ],
            [
              10.680779186773234,
              36.521488405568064
            ],
            [
              10.681027273142467,
              36.521434608225185
            ],
            [
              10.681151860347454,
              36.52143284916008
            ],
            [
              10.681211977243919,
              36.52133141039407
            ],
            [
              10.681272093987394,
              36.52122997160015
            ],
            [
              10.681207623872343,
              36.52113029201928
            ],
            [
              10.681083037156013,
              36.52113205113018
            ],
            [
              10.680958450428886,
              36.52113381011104
            ],
            [
              10.680893980794382,
              36.52103413034657
            ],
            [
              10.680955186004013,
              36.520982975567684
            ],
            [
              10.681202182218566,
              36.52087889404059
            ],
            [
              10.68132241501702,
              36.520676020699085
            ],
            [
              10.681443735576124,
              36.52052342257804
            ],
            [
              10.681500585937544,
              36.52027114489717
            ],
            [
              10.68162299410524,
              36.52016882620245
            ],
            [
              10.681745401950776,
              36.52006650738869
            ],
            [
              10.68186780947415,
              36.51996418845588
            ],
            [
              10.682115890172637,
              36.519910388979476
            ],
            [
              10.68236288147465,
              36.519806309419536
            ],
            [
              10.682547579932791,
              36.51970310963789
            ],
            [
              10.682607693729071,
              36.51960167022148
            ],
            [
              10.682543223362922,
              36.51950199134614
            ],
            [
              10.682602247849145,
              36.519350272359155
            ],
            [
              10.682785855723127,
              36.51919679692708
            ],
            [
              10.682907160589226,
              36.51904419756367
            ],
            [
              10.683089677584457,
              36.518840437861925
            ],
            [
              10.683274372786302,
              36.51873723702251
            ],
            [
              10.683455798418112,
              36.51848319723343
            ],
            [
              10.683574931931675,
              36.51823003796937
            ],
            [
              10.683820825996108,
              36.518075675994446
            ],
            [
              10.68400660842713,
              36.51802275363044
            ],
            [
              10.684002248440628,
              36.517821639694574
            ],
            [
              10.684119199065066,
              36.517467920830164
            ],
            [
              10.68424268955762,
              36.51741587915164
            ],
            [
              10.68430388964446,
              36.517364718492736
            ],
            [
              10.684300619082661,
              36.51721387985164
            ],
            [
              10.684298438721642,
              36.517113320755314
            ],
            [
              10.684357458114818,
              36.51696160097658
            ],
            [
              10.68447767679525,
              36.516758720433074
            ],
            [
              10.684595714170532,
              36.51645528068591
            ],
            [
              10.684772768583843,
              36.51600012086301
            ],
            [
              10.685014291027201,
              36.51564464270161
            ],
            [
              10.685259083398952,
              36.515439998441764
            ],
            [
              10.685502783600713,
              36.51518507417245
            ],
            [
              10.685742118126775,
              36.51472903131403
            ],
            [
              10.686111481634468,
              36.51452262595512
            ],
            [
              10.686355176211405,
              36.51426770005272
            ],
            [
              10.686597777660996,
              36.513962494167714
            ],
            [
              10.686837102190083,
              36.51350644928547
            ],
            [
              10.686829460519487,
              36.51315449268107
            ],
            [
              10.68695074831449,
              36.51300188950489
            ],
            [
              10.687257813951975,
              36.51279636323204
            ],
            [
              10.687503683625684,
              36.51264199416109
            ],
            [
              10.687692727058614,
              36.51273990490823
            ],
            [
              10.687941872728087,
              36.51273637344162
            ],
            [
              10.688124362047658,
              36.51253260655128
            ],
            [
              10.688242379269923,
              36.51222916352287
            ],
            [
              10.688551623748536,
              36.51212418876592
            ],
            [
              10.68891659541948,
              36.51171665297484
            ],
            [
              10.689221464433778,
              36.51141056292555
            ],
            [
              10.689648714274817,
              36.511002141444536
            ],
            [
              10.689831195121199,
              36.51079837210666
            ],
            [
              10.68995029681614,
              36.510545207003226
            ],
            [
              10.689879264051976,
              36.51014385523405
            ],
            [
              10.69006392959975,
              36.510040644501885
            ],
            [
              10.690372069015435,
              36.50988538582125
            ],
            [
              10.690426696115331,
              36.509532545498175
            ],
            [
              10.690733738854846,
              36.50932701075285
            ],
            [
              10.691291007892502,
              36.50916821226521
            ],
            [
              10.691657035636474,
              36.508810948206666
            ],
            [
              10.691709467065214,
              36.50835754854533
            ],
            [
              10.691702899468652,
              36.50805587621677
            ],
            [
              10.691879894641591,
              36.507600706802194
            ],
            [
              10.69175204643959,
              36.5074516381918
            ],
            [
              10.691687575240044,
              36.507351964109425
            ],
            [
              10.69180885525399,
              36.5071993561817
            ],
            [
              10.691929040086483,
              36.506996468703335
            ],
            [
              10.691864569064654,
              36.506896794705455
            ],
            [
              10.691862379739934,
              36.50679623582725
            ],
            [
              10.69186019042607,
              36.50669567694723
            ],
            [
              10.691852527913012,
              36.50634372085288
            ],
            [
              10.691786963067212,
              36.506193771601865
            ],
            [
              10.691785868481723,
              36.506143492155026
            ],
            [
              10.691721398391781,
              36.50604381804292
            ],
            [
              10.69165802296509,
              36.50599442334192
            ],
            [
              10.691593553167676,
              36.505894749150826
            ],
            [
              10.691530177944898,
              36.50584535437542
            ],
            [
              10.69127448939382,
              36.50554721598223
            ],
            [
              10.691267924064691,
              36.505245539181765
            ],
            [
              10.69112476367721,
              36.504392561327315
            ],
            [
              10.691928925557574,
              36.50412966381191
            ],
            [
              10.692806312563171,
              36.50436867011506
            ],
            [
              10.703609856248974,
              36.49702244848857
            ],
            [
              10.703795574211377,
              36.49696949677594
            ],
            [
              10.704162590029947,
              36.49666248010097
            ],
            [
              10.704409477330698,
              36.496558357180184
            ],
            [
              10.70459298864699,
              36.49640484587218
            ],
            [
              10.704837669275857,
              36.49620016371252
            ],
            [
              10.705081245844239,
              36.49594520189184
            ],
            [
              10.705202482111865,
              36.495792581214594
            ],
            [
              10.706423647709673,
              36.49466860571439
            ],
            [
              10.711196690590523,
              36.49077771565722
            ],
            [
              10.716263925058156,
              36.48612797902834
            ],
            [
              10.713497721571722,
              36.48496072953721
            ],
            [
              10.71313078668071,
              36.48526777751043
            ],
            [
              10.713067415575576,
              36.48521839393559
            ],
            [
              10.712879517493453,
              36.48517080113969
            ],
            [
              10.71269161963054,
              36.485123208041315
            ],
            [
              10.712563771115008,
              36.48497416128337
            ],
            [
              10.712438137256278,
              36.484925672544996
            ],
            [
              10.71224913327535,
              36.48482779963494
            ],
            [
              10.712060129763046,
              36.48472992641128
            ],
            [
              10.711870020015864,
              36.4845817737703
            ],
            [
              10.71161876510308,
              36.484484794481034
            ],
            [
              10.71149091969631,
              36.484335746475914
            ],
            [
              10.711237442916435,
              36.48413820825469
            ],
            [
              10.711046230030297,
              36.483939775078056
            ],
            [
              10.71079164970222,
              36.48369195669585
            ],
            [
              10.710411440835573,
              36.48339564673401
            ],
            [
              10.710283599658887,
              36.483246601562264
            ],
            [
              10.71009460241769,
              36.483148725032564
            ],
            [
              10.70990450027535,
              36.48300056902056
            ],
            [
              10.709903394908341,
              36.48295028985137
            ],
            [
              10.70933530326609,
              36.48260638248012
            ],
            [
              10.709018471372453,
              36.48235945345239
            ],
            [
              10.708765007304422,
              36.48216190957903
            ],
            [
              10.708572701163746,
              36.48191319286885
            ],
            [
              10.7083837092744,
              36.4818153134651
            ],
            [
              10.70819582206701,
              36.481767712972285
            ],
            [
              10.707946778201043,
              36.481771284152856
            ],
            [
              10.707758891340786,
              36.48172368296153
            ],
            [
              10.707251985505723,
              36.48132858881356
            ],
            [
              10.707189724863985,
              36.48132948115578
            ],
            [
              10.706364894195952,
              36.48063716874933
            ],
            [
              10.705605645320858,
              36.48009480090596
            ],
            [
              10.70403042730686,
              36.479262332903694
            ],
            [
              10.70390370643796,
              36.47916355539131
            ],
            [
              10.703602321654326,
              36.47962052210068
            ],
            [
              10.703298731350175,
              36.47997692511153
            ],
            [
              10.702751612120707,
              36.48058828434833
            ],
            [
              10.702121308373362,
              36.480245226912224
            ],
            [
              10.701927928032845,
              36.47994622358998
            ],
            [
              10.701542271639118,
              36.47939849100205
            ],
            [
              10.701344496915343,
              36.47889836461714
            ],
            [
              10.701334599968103,
              36.478445849747466
            ],
            [
              10.70138696140477,
              36.477992445628345
            ],
            [
              10.701688353503917,
              36.47753548422213
            ],
            [
              10.701989742232447,
              36.4770785263752
            ],
            [
              10.702223369635115,
              36.47637105609435
            ],
            [
              10.70233358077058,
              36.47571564849021
            ],
            [
              10.702260323153256,
              36.475213743821236
            ],
            [
              10.702189266713948,
              36.47481239792364
            ],
            [
              10.701933645006827,
              36.47451427930025
            ],
            [
              10.701680224689841,
              36.474316718980006
            ],
            [
              10.701426805751675,
              36.47411916234301
            ],
            [
              10.70123124532597,
              36.473719593922084
            ],
            [
              10.70084782453011,
              36.47327241231352
            ],
            [
              10.70021758943828,
              36.472929346904145
            ],
            [
              10.699581868346712,
              36.47233487609737
            ],
            [
              10.699385223999602,
              36.47188502463369
            ],
            [
              10.699381929632192,
              36.47173418601671
            ],
            [
              10.699558805244015,
              36.47127900588042
            ],
            [
              10.699922436316031,
              36.47082116070136
            ],
            [
              10.700232600020199,
              36.4707664391913
            ],
            [
              10.700973034245704,
              36.470454098091935
            ],
            [
              10.700469523342145,
              36.47020981881121
            ],
            [
              10.700153869258253,
              36.470013143215276
            ],
            [
              10.699901566806092,
              36.469865858010934
            ],
            [
              10.699649265298877,
              36.46971857224441
            ],
            [
              10.699459216226552,
              36.46957039788381
            ],
            [
              10.699393670624286,
              36.469420447241085
            ],
            [
              10.698227363816702,
              36.47019149870947
            ],
            [
              10.697785017630796,
              36.46989604079446
            ],
            [
              10.697418087261143,
              36.4702030324081
            ],
            [
              10.69723242792319,
              36.470255981383865
            ],
            [
              10.696982322771555,
              36.47020924058948
            ],
            [
              10.696163181935914,
              36.469768257629944
            ],
            [
              10.69565859403374,
              36.469473669328764
            ],
            [
              10.694524927372743,
              36.46888625696709
            ],
            [
              10.694272649394687,
              36.46873895930581
            ],
            [
              10.694696351093935,
              36.468179684798805
            ],
            [
              10.693561626936724,
              36.46754198261187
            ],
            [
              10.693618405865541,
              36.46728969903426
            ],
            [
              10.69373852857883,
              36.46708681868374
            ],
            [
              10.693675184643313,
              36.467037423952426
            ],
            [
              10.693425091937861,
              36.46699068387289
            ],
            [
              10.69317390559586,
              36.46689366351869
            ],
            [
              10.693046124993547,
              36.46674459364362
            ],
            [
              10.692733784153024,
              36.46669873670548
            ],
            [
              10.692607098246675,
              36.466599946083726
            ],
            [
              10.692420350230092,
              36.466602599175374
            ],
            [
              10.692293664869736,
              36.46650380820477
            ],
            [
              10.692106917053447,
              36.46650646079999
            ],
            [
              10.692043574606103,
              36.46645706515832
            ],
            [
              10.691857919927106,
              36.46650999713937
            ],
            [
              10.691671172053882,
              36.46651264905317
            ],
            [
              10.691545580609645,
              36.4664641370454
            ],
            [
              10.69135992554429,
              36.46651706826053
            ],
            [
              10.691173177606014,
              36.46651971939557
            ],
            [
              10.691049771496889,
              36.46657176645717
            ],
            [
              10.690926365218981,
              36.46662381339497
            ],
            [
              10.690863023397476,
              36.4665744171103
            ],
            [
              10.690801866397587,
              36.466625580402926
            ],
            [
              10.690615118145175,
              36.46662823067148
            ],
            [
              10.69036722308706,
              36.46668204357612
            ],
            [
              10.690181566633074,
              36.46673497298978
            ],
            [
              10.688982457342107,
              36.4659975491564
            ],
            [
              10.688984639694496,
              36.46609810887311
            ],
            [
              10.688802256787145,
              36.466301875712794
            ],
            [
              10.688742189630423,
              36.4664033178426
            ],
            [
              10.688807712167113,
              36.4665532750117
            ],
            [
              10.684971314054573,
              36.464796963985
            ],
            [
              10.685167856473877,
              36.465246842355185
            ],
            [
              10.68517656600401,
              36.46564908205288
            ],
            [
              10.68481069236848,
              36.46600632435224
            ],
            [
              10.684691636173534,
              36.46625948479988
            ],
            [
              10.684448080180198,
              36.46651440551391
            ],
            [
              10.683953347711247,
              36.466672285670015
            ],
            [
              10.683896537635983,
              36.466924565473754
            ],
            [
              10.683967491140733,
              36.467325916892804
            ],
            [
              10.683979459170013,
              36.467878996618396
            ],
            [
              10.683862573521612,
              36.46823271625072
            ],
            [
              10.683431167728422,
              36.46843999458429
            ],
            [
              10.682874169697323,
              36.46859875023805
            ],
            [
              10.682316082325539,
              36.46870722333726
            ],
            [
              10.68219810104324,
              36.46901066151179
            ],
            [
              10.68202004065951,
              36.469415538561655
            ],
            [
              10.68159406656414,
              36.46987421043242
            ],
            [
              10.681164818051712,
              36.470182040951435
            ],
            [
              10.68073447992114,
              36.47043958144027
            ],
            [
              10.680806507386057,
              36.47089122340572
            ],
            [
              10.680941875485308,
              36.47139226688592
            ],
            [
              10.680828229678676,
              36.47189682389837
            ],
            [
              10.680520217738176,
              36.472052055464566
            ],
            [
              10.680082267767169,
              36.47195764213568
            ],
            [
              10.679827824189164,
              36.4717097536043
            ],
            [
              10.679329793458253,
              36.471716775383534
            ],
            [
              10.678649345120819,
              36.471927547171894
            ],
            [
              10.678033310612843,
              36.47223799851292
            ],
            [
              10.677470853739367,
              36.47214532933291
            ],
            [
              10.67685156181831,
              36.472304934386635
            ],
            [
              10.676610128255815,
              36.472660400242894
            ],
            [
              10.676364364610384,
              36.47281474506648
            ],
            [
              10.675560465555481,
              36.473077531946096
            ],
            [
              10.674204923709397,
              36.473750426464235
            ],
            [
              10.67346434458796,
              36.47406260481564
            ],
            [
              10.672227876355661,
              36.47448232738012
            ],
            [
              10.671978851172755,
              36.474485822898515
            ],
            [
              10.671855419105679,
              36.47453785495386
            ],
            [
              10.67160747389699,
              36.47459162567287
            ],
            [
              10.671359528418254,
              36.47464540014658
            ],
            [
              10.671237175628958,
              36.47474770755832
            ],
            [
              10.671052565897016,
              36.47485088820631
            ],
            [
              10.670866875842092,
              36.47490378832844
            ],
            [
              10.670617849137658,
              36.47490728104129
            ],
            [
              10.670432158627367,
              36.4749601804972
            ],
            [
              10.670185295744808,
              36.475064232769135
            ],
            [
              10.669935189210324,
              36.475017443798876
            ],
            [
              10.669747339717599,
              36.47496978165184
            ],
            [
              10.669561648414478,
              36.47502267977104
            ],
            [
              10.669313699991978,
              36.47507645005978
            ],
            [
              10.669003494297446,
              36.475131092133346
            ],
            [
              10.668444260254143,
              36.47518922161103
            ],
            [
              10.667820617769502,
              36.47514765943827
            ],
            [
              10.667636002369793,
              36.47525083493223
            ],
            [
              10.667450308838347,
              36.47530372981603
            ],
            [
              10.66726353752878,
              36.47530634407676
            ],
            [
              10.667013431726364,
              36.47525954895647
            ],
            [
              10.66662480993613,
              36.47456085077684
            ],
            [
              10.666614039436427,
              36.47405805138717
            ],
            [
              10.666788959145011,
              36.473502354202864
            ],
            [
              10.666722395189927,
              36.47330210805518
            ],
            [
              10.66665906262264,
              36.473252698714504
            ],
            [
              10.666532397729126,
              36.47315387992493
            ],
            [
              10.666652600411405,
              36.47295101646809
            ],
            [
              10.666772802482878,
              36.47274815289956
            ],
            [
              10.666769571204279,
              36.47259731177435
            ],
            [
              10.666827517664402,
              36.472395319199215
            ],
            [
              10.667006741424226,
              36.4720407431894
            ],
            [
              10.666746952926838,
              36.471541423783904
            ],
            [
              10.666492552128013,
              36.471293505661826
            ],
            [
              10.665745510145461,
              36.471303953901675
            ],
            [
              10.665001690195798,
              36.47146523883537
            ],
            [
              10.664199914307087,
              36.47182851071343
            ],
            [
              10.663329432241571,
              36.471890963764025
            ],
            [
              10.662455720426527,
              36.47180256909432
            ],
            [
              10.661587384179729,
              36.471965570472605
            ],
            [
              10.66102494582974,
              36.4718728231839
            ],
            [
              10.660281109548345,
              36.47203407905456
            ],
            [
              10.659600602599273,
              36.47224474355579
            ],
            [
              10.65814730928661,
              36.47125907108567
            ],
            [
              10.657713672487121,
              36.471365697261845
            ],
            [
              10.657531199285572,
              36.47156941845626
            ],
            [
              10.657284323405548,
              36.471673444323315
            ],
            [
              10.657100772270361,
              36.471826884342406
            ],
            [
              10.656916149712172,
              36.47193004346098
            ],
            [
              10.65666820129287,
              36.471983787460516
            ],
            [
              10.656356927334212,
              36.471988115938714
            ],
            [
              10.655983398496213,
              36.471993309041444
            ],
            [
              10.655859958881805,
              36.47204532047515
            ],
            [
              10.655736519098731,
              36.47209733178488
            ],
            [
              10.655614149013733,
              36.472199623634694
            ],
            [
              10.655552969129236,
              36.4722507694416
            ],
            [
              10.655308222395032,
              36.47245535273848
            ],
            [
              10.654937904725479,
              36.472611384577036
            ],
            [
              10.654691021916737,
              36.472715405231725
            ],
            [
              10.654507463133472,
              36.47286884142731
            ],
            [
              10.654384021106539,
              36.47292085138674
            ],
            [
              10.654198323257674,
              36.47297372574685
            ],
            [
              10.654073811943192,
              36.47297545469875
            ],
            [
              10.653950369442478,
              36.473027464220195
            ],
            [
              10.653827995522418,
              36.473129754319274
            ],
            [
              10.653640159508614,
              36.473082066422
            ],
            [
              10.653453392220268,
              36.47308465893421
            ],
            [
              10.65326876168615,
              36.47318781258545
            ],
            [
              10.653085204213017,
              36.473341246607085
            ],
            [
              10.652838316499686,
              36.47344526353676
            ],
            [
              10.652592496081274,
              36.47359956069948
            ],
            [
              10.652284418341903,
              36.473754720918585
            ],
            [
              10.651975271680596,
              36.473859595365454
            ],
            [
              10.651603867722642,
              36.473965336483516
            ],
            [
              10.651355914050226,
              36.47401906960763
            ],
            [
              10.651231400884864,
              36.47402079563621
            ],
            [
              10.651167010167619,
              36.47392109707813
            ],
            [
              10.651099418579381,
              36.473670556183215
            ],
            [
              10.650971705271031,
              36.473521443882106
            ],
            [
              10.650907315319323,
              36.47342174515686
            ],
            [
              10.650905181573638,
              36.473321183609784
            ],
            [
              10.65090304783853,
              36.47322062206091
            ],
            [
              10.65083865823734,
              36.473120923285215
            ],
            [
              10.65071307973832,
              36.47307236795711
            ],
            [
              10.650588568046839,
              36.47307409327678
            ],
            [
              10.650339544632125,
              36.47307754352657
            ],
            [
              10.65015384341947,
              36.47313041166798
            ],
            [
              10.650028265304215,
              36.473081855608505
            ],
            [
              10.649901621131578,
              36.472983018610364
            ],
            [
              10.649713787641316,
              36.472935324458604
            ],
            [
              10.64940250878385,
              36.47293963489401
            ],
            [
              10.649092295545486,
              36.47299422534088
            ],
            [
              10.648904467753031,
              36.47294652982973
            ],
            [
              10.64871876578752,
              36.47299939575482
            ],
            [
              10.648596384822989,
              36.473101680660456
            ],
            [
              10.648472938243042,
              36.473153684610175
            ],
            [
              10.648347361069852,
              36.4731051267555
            ],
            [
              10.64822284917743,
              36.473106849608264
            ],
            [
              10.647850378326313,
              36.47316229824052
            ],
            [
              10.6474779069006,
              36.47321774572261
            ],
            [
              10.647232076122885,
              36.47337203209505
            ],
            [
              10.647045307534984,
              36.47337461459624
            ],
            [
              10.646732967604096,
              36.473328637163306
            ],
            [
              10.64642168670637,
              36.47333293986343
            ],
            [
              10.646172661940684,
              36.47333638143927
            ],
            [
              10.645801251864027,
              36.47344210463459
            ],
            [
              10.645555416935535,
              36.47359638764806
            ],
            [
              10.645308517753033,
              36.47370038926342
            ],
            [
              10.645001492631243,
              36.47390580762858
            ],
            [
              10.644627952451032,
              36.47391096542152
            ],
            [
              10.644009635040776,
              36.47412068291701
            ],
            [
              10.643643529150362,
              36.474477804278514
            ],
            [
              10.643213038513583,
              36.47473522150082
            ],
            [
              10.642842684363991,
              36.474891212357484
            ],
            [
              10.64222223143568,
              36.47500035892573
            ],
            [
              10.641853990941962,
              36.47525691309006
            ],
            [
              10.641543762468794,
              36.47531148425199
            ],
            [
              10.641232472829817,
              36.47531577361599
            ],
            [
              10.640855743812848,
              36.475170076745975
            ],
            [
              10.640670035922247,
              36.47522293032071
            ],
            [
              10.640419938941161,
              36.47517607909594
            ],
            [
              10.639669670805143,
              36.47503552193673
            ],
            [
              10.639105113618543,
              36.474842109124516
            ],
            [
              10.638609175814073,
              36.474949523534555
            ],
            [
              10.63823457076824,
              36.47490438462598
            ],
            [
              10.638226100875661,
              36.47450213596518
            ],
            [
              10.638095234288503,
              36.47420216178085
            ],
            [
              10.638272477053164,
              36.473747063448556
            ],
            [
              10.638139494505184,
              36.47334653132117
            ],
            [
              10.638315676531505,
              36.47284115182011
            ],
            [
              10.638121498250195,
              36.472491752618176
            ],
            [
              10.638173167941845,
              36.47198808544279
            ],
            [
              10.637975817212473,
              36.47148784254462
            ],
            [
              10.63821742689236,
              36.471132450440614
            ],
            [
              10.63827438863306,
              36.47088019724997
            ],
            [
              10.638826201813684,
              36.470470241759905
            ],
            [
              10.639253506859154,
              36.470061997136774
            ],
            [
              10.639682926406728,
              36.46975431324572
            ],
            [
              10.640049029560894,
              36.469397203871175
            ],
            [
              10.639797897501259,
              36.469300069657024
            ],
            [
              10.639610078565962,
              36.46925235918504
            ],
            [
              10.639360006745651,
              36.469205505119646
            ],
            [
              10.63954676605283,
              36.46920293489681
            ],
            [
              10.639731406351569,
              36.46909980219857
            ],
            [
              10.639917105761448,
              36.469046950313256
            ],
            [
              10.640100685463432,
              36.46889353597659
            ],
            [
              10.640348636897826,
              36.46883982634901
            ],
            [
              10.640535395235254,
              36.468837254601134
            ],
            [
              10.640526915328438,
              36.468435005994245
            ],
            [
              10.640519495727595,
              36.468083046963166
            ],
            [
              10.640698826460119,
              36.46772850752215
            ],
            [
              10.640755777866575,
              36.467476244750635
            ],
            [
              10.641059614272622,
              36.46711998990059
            ],
            [
              10.641301196837196,
              36.46676459199855
            ],
            [
              10.641480526435416,
              36.46641005140111
            ],
            [
              10.640922389396561,
              36.46651833193553
            ],
            [
              10.640615374672818,
              36.46672374315948
            ],
            [
              10.64049511735512,
              36.46692658198486
            ],
            [
              10.640248226542692,
              36.467030572946406
            ],
            [
              10.639939094180681,
              36.467135420235564
            ],
            [
              10.639756577600622,
              36.46733911537685
            ],
            [
              10.6395719414241,
              36.467442248037
            ],
            [
              10.639327171312951,
              36.46764679930897
            ],
            [
              10.638956836905844,
              36.4678027819578
            ],
            [
              10.638647699467636,
              36.467907617484876
            ],
            [
              10.638459884740826,
              36.467859913612216
            ],
            [
              10.638149682657218,
              36.467914466803926
            ],
            [
              10.637775111938327,
              36.4678693298023
            ],
            [
              10.637528219430063,
              36.467973306689196
            ],
            [
              10.637218016330069,
              36.46802786600862
            ],
            [
              10.636973238241495,
              36.46823242115722
            ],
            [
              10.636661976195244,
              36.46823669789052
            ],
            [
              10.636540643372465,
              36.468389243370254
            ],
            [
              10.636169247680861,
              36.46849493631995
            ],
            [
              10.635984603852242,
              36.46859806359712
            ],
            [
              10.635550948251296,
              36.4687046096402
            ],
            [
              10.635181657412584,
              36.468910862064504
            ],
            [
              10.634750114053727,
              36.46911796765386
            ],
            [
              10.634379763035707,
              36.46927393646288
            ],
            [
              10.634068496421934,
              36.46927820653642
            ],
            [
              10.633757232381884,
              36.46928247576237
            ],
            [
              10.633262371522163,
              36.46944014865185
            ],
            [
              10.632637726711412,
              36.4693481196564
            ],
            [
              10.632141811027976,
              36.46945550665151
            ],
            [
              10.631829488940767,
              36.4694094896185
            ],
            [
              10.63139371698885,
              36.46941545816514
            ],
            [
              10.627833899406639,
              36.465943459876364
            ],
            [
              10.627336946474724,
              36.466000545152
            ],
            [
              10.626593087940465,
              36.466161591441335
            ],
            [
              10.626227989408772,
              36.46656894228717
            ],
            [
              10.626105587779318,
              36.466671204711915
            ],
            [
              10.625982135308101,
              36.46672318556054
            ],
            [
              10.625920934249757,
              36.4667743166675
            ],
            [
              10.62585973311108,
              36.46682544774465
            ],
            [
              10.625799582299786,
              36.46692686025216
            ],
            [
              10.625801683123044,
              36.46702742317118
            ],
            [
              10.625679280218606,
              36.467129685183
            ],
            [
              10.625619128948717,
              36.46723109760632
            ],
            [
              10.625497775717422,
              36.46738364090538
            ],
            [
              10.625447075899176,
              36.46793758640421
            ],
            [
              10.625020760356369,
              36.468396064663004
            ],
            [
              10.624346473405076,
              36.46890821015546
            ],
            [
              10.623732335805961,
              36.4693189489922
            ],
            [
              10.623116091482164,
              36.46962912183049
            ],
            [
              10.62230993998192,
              36.46979099054455
            ],
            [
              10.621822386634237,
              36.47030058731744
            ],
            [
              10.621271524369202,
              36.470760747980314
            ],
            [
              10.620660497448265,
              36.47132231628808
            ],
            [
              10.620298482293471,
              36.47188048619715
            ],
            [
              10.619628323276983,
              36.472593740992046
            ],
            [
              10.619009943842846,
              36.472803330360584
            ],
            [
              10.618693430532527,
              36.47255615275519
            ],
            [
              10.617948446977023,
              36.472666865339505
            ],
            [
              10.617392321474222,
              36.47287560079811
            ],
            [
              10.616956524356251,
              36.47288151714542
            ],
            [
              10.616464740659834,
              36.473189966547515
            ],
            [
              10.61609015422416,
              36.47314475328461
            ],
            [
              10.615714526688736,
              36.47304925713921
            ],
            [
              10.615283947509814,
              36.4733065757291
            ],
            [
              10.614919799996676,
              36.473764175473676
            ],
            [
              10.614739288552522,
              36.474068393225394
            ],
            [
              10.614245399384387,
              36.47427627475929
            ],
            [
              10.613941410814267,
              36.47463246039351
            ],
            [
              10.613514990728012,
              36.475090899635255
            ],
            [
              10.61345794323645,
              36.47534315146774
            ],
            [
              10.613592891937545,
              36.475844277407674
            ],
            [
              10.613540018252154,
              36.47629765596587
            ],
            [
              10.612990108263565,
              36.4768080618844
            ],
            [
              10.612621760908933,
              36.47706452832201
            ],
            [
              10.612313586041989,
              36.4772195875442
            ],
            [
              10.613391822111568,
              36.47816060389231
            ],
            [
              10.614461735967568,
              36.478699356574346
            ],
            [
              10.615534797260638,
              36.47938894833882
            ],
            [
              10.61597689838274,
              36.47968472587236
            ],
            [
              10.616730312351343,
              36.479976276605356
            ],
            [
              10.617169282607312,
              36.48012120483045
            ],
            [
              10.617857307574935,
              36.48026274884038
            ],
            [
              10.619116162579997,
              36.480899483873884
            ],
            [
              10.619622640219271,
              36.48129496391246
            ],
            [
              10.62045929695667,
              36.482591268805905
            ],
            [
              10.620595349933819,
              36.48314267055251
            ],
            [
              10.620791574628138,
              36.48359266188067
            ],
            [
              10.620985705686168,
              36.48394208566299
            ],
            [
              10.621177742452865,
              36.484190950469895
            ],
            [
              10.624749690038392,
              36.488216213920175
            ],
            [
              10.625707895748484,
              36.489359937962035
            ],
            [
              10.626026603920797,
              36.48970765654178
            ],
            [
              10.626538436099255,
              36.49035450628656
            ],
            [
              10.626924683000098,
              36.490952773670465
            ],
            [
              10.627368995323499,
              36.49134906817208
            ],
            [
              10.628947890324664,
              36.49238369072904
            ],
            [
              10.630779081909417,
              36.49356571969793
            ],
            [
              10.632168084203796,
              36.49445200742743
            ],
            [
              10.632359124965996,
              36.49465057123346
            ],
            [
              10.632552281041903,
              36.49494969677601
            ],
            [
              10.632620890331285,
              36.49525052941309
            ],
            [
              10.633400926507239,
              36.49679899024068
            ],
            [
              10.633465314897212,
              36.496898698120155
            ],
            [
              10.633594092183445,
              36.497098113757545
            ],
            [
              10.633660594383493,
              36.49729838352976
            ],
            [
              10.633729210360324,
              36.497599215255605
            ],
            [
              10.633697578806157,
              36.49905821422608
            ],
            [
              10.63384855453745,
              36.500313525783035
            ],
            [
              10.633992136716396,
              36.50121687002649
            ],
            [
              10.634060755372147,
              36.50151770128874
            ],
            [
              10.634201173902897,
              36.502270206357785
            ],
            [
              10.634337363456911,
              36.502821583107696
            ],
            [
              10.634617148973932,
              36.50427630662374
            ],
            [
              10.63468366328317,
              36.50447657533702
            ],
            [
              10.634815627371594,
              36.504826831801935
            ],
            [
              10.635653862634179,
              36.50617329332193
            ],
            [
              10.635720376124043,
              36.50637356136031
            ],
            [
              10.635721434461425,
              36.50642384223841
            ],
            [
              10.635724609489312,
              36.50657468487002
            ],
            [
              10.635797476614949,
              36.50707663803734
            ],
            [
              10.635804885480837,
              36.50742859985766
            ],
            [
              10.635872461679854,
              36.507679148561955
            ],
            [
              10.63613324295249,
              36.50822881513317
            ],
            [
              10.636263105635887,
              36.50847850772847
            ],
            [
              10.637176406039439,
              36.51042746577639
            ],
            [
              10.637632538954641,
              36.51137680545587
            ],
            [
              10.637704364230242,
              36.511828475863474
            ],
            [
              10.637655854349326,
              36.51248297842065
            ],
            [
              10.637788909263811,
              36.51288351120059
            ],
            [
              10.637921965624203,
              36.5132840437717
            ],
            [
              10.638117312090976,
              36.51368371495336
            ],
            [
              10.6381849019154,
              36.51393426177013
            ],
            [
              10.638259914197162,
              36.51453677375718
            ],
            [
              10.638391915732324,
              36.51488702482463
            ],
            [
              10.638721394610341,
              36.515737507012766
            ],
            [
              10.638729879803686,
              36.51613975278837
            ],
            [
              10.63879641332136,
              36.51634001833872
            ],
            [
              10.638859764928679,
              36.516389441694564
            ],
            [
              10.639112111239609,
              36.516536854050194
            ],
            [
              10.63948904072273,
              36.51668255048625
            ],
            [
              10.639804736379281,
              36.51687938008455
            ],
            [
              10.639933564766565,
              36.51707878699026
            ],
            [
              10.640003286847698,
              36.51742989377377
            ],
            [
              10.640145917954278,
              36.518282944850654
            ],
            [
              10.639907363553787,
              36.51878918364039
            ],
            [
              10.639974964191154,
              36.51903972897912
            ],
            [
              10.64030554142915,
              36.51994048599218
            ],
            [
              10.640706918203772,
              36.52124263264887
            ],
            [
              10.641344741051288,
              36.52193797089078
            ],
            [
              10.642111414239864,
              36.52283271367542
            ],
            [
              10.643006958683337,
              36.52392684950007
            ],
            [
              10.639250373377799,
              36.52604073186237
            ],
            [
              10.63906453876841,
              36.526093585666864
            ],
            [
              10.638511276919958,
              36.526453263673645
            ],
            [
              10.635747016953202,
              36.52835219513253
            ],
            [
              10.634887515024454,
              36.52896754431216
            ],
            [
              10.635014234727038,
              36.529066394548785
            ],
            [
              10.635079709657855,
              36.52921638105311
            ],
            [
              10.635144128643217,
              36.52931608677644
            ],
            [
              10.635270849247934,
              36.52941493671225
            ],
            [
              10.635396511156515,
              36.52946350581246
            ],
            [
              10.635523232230277,
              36.52956235120172
            ],
            [
              10.635714373812968,
              36.5297609060888
            ],
            [
              10.635968877652997,
              36.530008885189325
            ],
            [
              10.636285682580308,
              36.53025600743819
            ],
            [
              10.636732396343742,
              36.53075281896272
            ],
            [
              10.637240358373154,
              36.531198486924914
            ],
            [
              10.637559290565774,
              36.531546166799956
            ],
            [
              10.637814872174404,
              36.53184442213339
            ],
            [
              10.638130626974624,
              36.53204125850312
            ],
            [
              10.638258416814717,
              36.53219038561021
            ],
            [
              10.63851187568655,
              36.53238807818973
            ],
            [
              10.638639666749846,
              36.53253720058524
            ],
            [
              10.638767458399796,
              36.5326863270896
            ],
            [
              10.638954370279317,
              36.5326837539776
            ],
            [
              10.63926270509982,
              36.53252862310413
            ],
            [
              10.640437972901163,
              36.5321100769393
            ],
            [
              10.640871971658278,
              36.532003505464644
            ],
            [
              10.640874096982433,
              36.5321040665281
            ],
            [
              10.640878347662353,
              36.53230518864961
            ],
            [
              10.640882598294349,
              36.532506306502135
            ],
            [
              10.640947027503792,
              36.53260600878064
            ],
            [
              10.641074823608783,
              36.5327551326954
            ],
            [
              10.64114244188804,
              36.53300567640734
            ],
            [
              10.641530087434237,
              36.533654168967615
            ],
            [
              10.641724444340277,
              36.53400355493543
            ],
            [
              10.641981102962419,
              36.53435208124433
            ],
            [
              10.642109967573225,
              36.5345514843658
            ],
            [
              10.642362380148068,
              36.53469888776806
            ],
            [
              10.642678163185884,
              36.53489571134595
            ],
            [
              10.642868272212178,
              36.535043973342546
            ],
            [
              10.643060510185418,
              36.535292787389814
            ],
            [
              10.643566409211044,
              36.53563786979265
            ],
            [
              10.643945570216522,
              36.53588410999331
            ],
            [
              10.644388099975794,
              36.53617976875508
            ],
            [
              10.644957382948673,
              36.53657426462109
            ],
            [
              10.64558791296259,
              36.53691761593726
            ],
            [
              10.645967086540193,
              36.5371638493374
            ],
            [
              10.64647407174359,
              36.537559199083525
            ],
            [
              10.647170125113597,
              36.53805252078715
            ],
            [
              10.647295808172945,
              36.538101076735245
            ],
            [
              10.649446328505443,
              36.539580141767395
            ],
            [
              10.650119970836977,
              36.539017560095765
            ],
            [
              10.649612952567768,
              36.538622226733345
            ],
            [
              10.649861117355798,
              36.53856849246188
            ],
            [
              10.65010928178159,
              36.53851475768196
            ],
            [
              10.650232829554401,
              36.53846275850443
            ],
            [
              10.650418684987287,
              36.53840987831466
            ],
            [
              10.650603465849805,
              36.53830672620517
            ],
            [
              10.6507893208195,
              36.53825385397551
            ]
          ]
        ],
        "type": "Polygon"
      }
    },
    {
      "type": "Feature",
      "id": "osm:relation:7104938",
      "properties": {
        "sourceId": "isie-local-sectors-2023-hammamet-nine-neighbours",
        "officialCode": "156459",
        "delegationCode": "1564",
        "governorateCode": "15",
        "nameAr": "عين طبرنق",
        "nameFr": "Ain tebournouk",
        "sourcePdfURL": "https://www.isie.tn/wp-content/uploads/2023/CartesCirconscriptionsElectoralesLocales2023/نابل 2/قرنبالية/عين طبرنق.pdf",
        "sourcePdfSha256": "26c69787a7f2e4126f30ba3c15e8babbe8b72558d9a3e8f4a4f9d3431c2dea48",
        "sourceDrawingDetails": {
          "drawingIndex": 361,
          "layer": "circonscription_isie2023",
          "pdfSha256": "26c69787a7f2e4126f30ba3c15e8babbe8b72558d9a3e8f4a4f9d3431c2dea48",
          "segmentCount": 644,
          "seqno": 369,
          "sourceOrigin": "frontier11-native-map-inspection",
          "sourceRingCompleteness": {
            "activeClipCount": 2,
            "activeClipOutsideAreasPoints2": [
              0.0,
              0.0
            ],
            "explicitlyClosed": true,
            "isValid": true,
            "viewportCoversCompleteRing": true
          },
          "sourceRingVertexCount": 645,
          "vertexCount": 645
        },
        "sourceGeometrySha256": "c6f4a4e01d1e1e9be65d768ac63bd71bd4001501710b0995de8beb0202163103"
      },
      "geometry": {
        "coordinates": [
          [
            [
              10.441870260679728,
              36.57438068746616
            ],
            [
              10.444136849059262,
              36.573863654904336
            ],
            [
              10.445581541844426,
              36.574029731490874
            ],
            [
              10.446431952234182,
              36.574876184024234
            ],
            [
              10.44667437219618,
              36.57566881528186
            ],
            [
              10.447217942126315,
              36.576335392646186
            ],
            [
              10.447371945444452,
              36.576455918088186
            ],
            [
              10.448427110938855,
              36.57607590853521
            ],
            [
              10.448656974331731,
              36.57619551015258
            ],
            [
              10.448885694532118,
              36.576253927230944
            ],
            [
              10.449038556187658,
              36.57631326639248
            ],
            [
              10.449340847419565,
              36.57624839191613
            ],
            [
              10.449644282608844,
              36.57624470074123
            ],
            [
              10.449870707865529,
              36.576180747880045
            ],
            [
              10.450851143765908,
              36.57586282423971
            ],
            [
              10.452438435541696,
              36.57553749701487
            ],
            [
              10.453490113462168,
              36.57497389155467
            ],
            [
              10.453639533118032,
              36.57484967291277
            ],
            [
              10.45452685504291,
              36.57361488570366
            ],
            [
              10.455876167047006,
              36.5727416361665
            ],
            [
              10.456101433818272,
              36.572616498143965
            ],
            [
              10.459122949297901,
              36.57190636063366
            ],
            [
              10.461464046072747,
              36.57132688974242
            ],
            [
              10.461914551661323,
              36.57107657194464
            ],
            [
              10.45372022011743,
              36.567015365302204
            ],
            [
              10.462371866315225,
              36.55509832235087
            ],
            [
              10.462523541681973,
              36.5550964611954
            ],
            [
              10.462978567698698,
              36.55509087657184
            ],
            [
              10.4637415630133,
              36.55532630056847
            ],
            [
              10.46428050124396,
              36.55574806680848
            ],
            [
              10.46443910947811,
              36.556113301191246
            ],
            [
              10.464304760572752,
              36.55703292273641
            ],
            [
              10.464539211715014,
              36.55739723020111
            ],
            [
              10.465614844973656,
              36.55811837862772
            ],
            [
              10.466229666800249,
              36.558539202349365
            ],
            [
              10.466545758399269,
              36.55920849126137
            ],
            [
              10.466321704493351,
              36.559394842197015
            ],
            [
              10.465945965622097,
              36.55958305862734
            ],
            [
              10.465647223369393,
              36.55983151982305
            ],
            [
              10.465653005531035,
              36.56013743876518
            ],
            [
              10.465886316160965,
              36.5604405592642
            ],
            [
              10.466044942337522,
              36.56080579603221
            ],
            [
              10.466125412855746,
              36.56104959808112
            ],
            [
              10.465833605628749,
              36.56166516757579
            ],
            [
              10.465538324500415,
              36.562097179906026
            ],
            [
              10.46561995142635,
              36.56240216601623
            ],
            [
              10.466084274716229,
              36.56288603861578
            ],
            [
              10.466850828810353,
              36.563304991665966
            ],
            [
              10.467456435148016,
              36.56323633796004
            ],
            [
              10.467836820738114,
              36.56329285134727
            ],
            [
              10.468067832694718,
              36.5634735996395
            ],
            [
              10.46815178817851,
              36.56390094586739
            ],
            [
              10.468085210276836,
              36.564391349672825
            ],
            [
              10.468088685907247,
              36.56457490069883
            ],
            [
              10.468399025688795,
              36.564938264808006
            ],
            [
              10.468859904104363,
              36.565238574713604
            ],
            [
              10.469164440150161,
              36.565296018614205
            ],
            [
              10.46969537202758,
              36.56528947192539
            ],
            [
              10.470078089428142,
              36.56546834510668
            ],
            [
              10.470694154883262,
              36.565950321847865
            ],
            [
              10.471082682689286,
              36.56643510955016
            ],
            [
              10.471699923691899,
              36.56697826944547
            ],
            [
              10.471855106517138,
              36.56715994654023
            ],
            [
              10.47223667610438,
              36.56727762887896
            ],
            [
              10.472769945424163,
              36.567393430054025
            ],
            [
              10.473074505499214,
              36.56745086871379
            ],
            [
              10.473069855118037,
              36.567206134677775
            ],
            [
              10.47322039072021,
              36.56714307587727
            ],
            [
              10.4733697632541,
              36.56701883338781
            ],
            [
              10.4734432864703,
              36.56689552857308
            ],
            [
              10.473744355596509,
              36.56676940987788
            ],
            [
              10.474047750398878,
              36.56676565741874
            ],
            [
              10.47412358622845,
              36.56676471934248
            ],
            [
              10.474354623038609,
              36.56694545478278
            ],
            [
              10.474508648176519,
              36.56706594481104
            ],
            [
              10.474661509950758,
              36.56712525116011
            ],
            [
              10.474967234185014,
              36.56724386325244
            ],
            [
              10.475117768233282,
              36.56718080208874
            ],
            [
              10.475114275641994,
              36.56699725172334
            ],
            [
              10.475109618902772,
              36.56675251789355
            ],
            [
              10.475029113812656,
              36.56650872290723
            ],
            [
              10.474722228570517,
              36.56632892742272
            ],
            [
              10.474488865493116,
              36.566025825689444
            ],
            [
              10.47440952675904,
              36.565843213681674
            ],
            [
              10.47440603601348,
              36.56565966321642
            ],
            [
              10.474551925631685,
              36.565351868696396
            ],
            [
              10.474850646374042,
              36.56510338572541
            ],
            [
              10.475301071535654,
              36.564853018856844
            ],
            [
              10.47590435150633,
              36.56466195520819
            ],
            [
              10.476748193075586,
              36.5571853768409
            ],
            [
              10.476326042505073,
              36.550948428381446
            ],
            [
              10.476952624808236,
              36.54800317090767
            ],
            [
              10.481017072389532,
              36.54636158892563
            ],
            [
              10.483605550685606,
              36.54290231969758
            ],
            [
              10.487596108920275,
              36.54138383701231
            ],
            [
              10.492446434700671,
              36.541200810778925
            ],
            [
              10.49243937423234,
              36.540833711323856
            ],
            [
              10.49243702077129,
              36.54071134483353
            ],
            [
              10.492432830284914,
              36.53654994374632
            ],
            [
              10.492261194565403,
              36.5355117312346
            ],
            [
              10.492170085351777,
              36.534717297277815
            ],
            [
              10.492078978285942,
              36.53392286310626
            ],
            [
              10.492077802233363,
              36.53386168496623
            ],
            [
              10.491998458045373,
              36.53367908390581
            ],
            [
              10.49214656096411,
              36.53349363603358
            ],
            [
              10.49266903369429,
              36.533058708732504
            ],
            [
              10.492744848818027,
              36.533057759398666
            ],
            [
              10.492819487238823,
              36.53299562670253
            ],
            [
              10.493042224920842,
              36.5327480450359
            ],
            [
              10.493189146633652,
              36.532501412627795
            ],
            [
              10.4931844387916,
              36.53225667938559
            ],
            [
              10.493028102926674,
              36.53201385044466
            ],
            [
              10.492645502867505,
              36.53183504742575
            ],
            [
              10.492569688933752,
              36.53183599666928
            ],
            [
              10.492720140228974,
              36.531772914804556
            ],
            [
              10.494525523466514,
              36.531015918165544
            ],
            [
              10.494551863085743,
              36.52844527432655
            ],
            [
              10.494754979444439,
              36.52324090461591
            ],
            [
              10.494828429195953,
              36.5231175874559
            ],
            [
              10.494674463022315,
              36.52299712155288
            ],
            [
              10.483299708709971,
              36.51102195447481
            ],
            [
              10.480566459763804,
              36.510811130990696
            ],
            [
              10.479129871117527,
              36.51101255546911
            ],
            [
              10.476707960703658,
              36.511226169602665
            ],
            [
              10.474437611756809,
              36.51143786060218
            ],
            [
              10.471244975510967,
              36.51098770923833
            ],
            [
              10.469650978779594,
              36.51088496962277
            ],
            [
              10.46308198166769,
              36.508273029716584
            ],
            [
              10.459185560165817,
              36.50666841357903
            ],
            [
              10.45575206825091,
              36.50548641815334
            ],
            [
              10.454606061947581,
              36.505010814195614
            ],
            [
              10.452083302141116,
              36.50387878678397
            ],
            [
              10.4436806845031,
              36.50043129374032
            ],
            [
              10.438873385239626,
              36.49871463480697
            ],
            [
              10.432703351743651,
              36.4970753575559
            ],
            [
              10.430434737001743,
              36.49324706924439
            ],
            [
              10.429051603044874,
              36.492223268679695
            ],
            [
              10.427518082374247,
              36.49126245065907
            ],
            [
              10.4253739001973,
              36.49006412656786
            ],
            [
              10.423088320670601,
              36.48941823116381
            ],
            [
              10.420728121557941,
              36.48883437946117
            ],
            [
              10.420423905928459,
              36.48877680390723
            ],
            [
              10.417379548584437,
              36.48807863338994
            ],
            [
              10.41868141006395,
              36.497120590707304
            ],
            [
              10.418682526903586,
              36.49718177640811
            ],
            [
              10.418910991806289,
              36.49724025732585
            ],
            [
              10.419063674306859,
              36.49729963958647
            ],
            [
              10.419217474305826,
              36.497420207330144
            ],
            [
              10.419294374484057,
              36.49748049112281
            ],
            [
              10.419447057738973,
              36.497539872873624
            ],
            [
              10.419521723177875,
              36.4974777851616
            ],
            [
              10.419595270929523,
              36.49735451173065
            ],
            [
              10.41989728418092,
              36.49728971726548
            ],
            [
              10.420125750239402,
              36.4973481958283
            ],
            [
              10.420280670049255,
              36.497529947818144
            ],
            [
              10.420359801072944,
              36.497712602282675
            ],
            [
              10.420287378786476,
              36.497897061733184
            ],
            [
              10.420213825236502,
              36.49802033564384
            ],
            [
              10.42006673663391,
              36.49826687792125
            ],
            [
              10.420297442025163,
              36.49844772737519
            ],
            [
              10.420453476374783,
              36.49869066476773
            ],
            [
              10.420457949585739,
              36.49893540731432
            ],
            [
              10.42061175500793,
              36.499055973109975
            ],
            [
              10.420839108177347,
              36.49905326453855
            ],
            [
              10.421140007991077,
              36.498927281203045
            ],
            [
              10.421367360732127,
              36.498924571633154
            ],
            [
              10.421748520551363,
              36.49904242592216
            ],
            [
              10.422128561859243,
              36.49909909337653
            ],
            [
              10.42235479519735,
              36.4990351963284
            ],
            [
              10.422656805971103,
              36.49897039487712
            ],
            [
              10.422885278909638,
              36.4990288679843
            ],
            [
              10.423115992995664,
              36.499209711770696
            ],
            [
              10.423346708154249,
              36.499390555081995
            ],
            [
              10.423424734110892,
              36.499512021631034
            ],
            [
              10.42365545079347,
              36.49969285911471
            ],
            [
              10.42380814159412,
              36.49975223509306
            ],
            [
              10.42403549648317,
              36.49974952038638
            ],
            [
              10.424262851341787,
              36.49974680524664
            ],
            [
              10.424568234261626,
              36.49986555542084
            ],
            [
              10.424723169478199,
              36.500047301228406
            ],
            [
              10.424726534625085,
              36.500230857756804
            ],
            [
              10.424803441809596,
              36.50029113781533
            ],
            [
              10.424958378447467,
              36.50047288327411
            ],
            [
              10.42503753001122,
              36.50065553416455
            ],
            [
              10.42511555990879,
              36.50077699949669
            ],
            [
              10.42511780401377,
              36.500899370480376
            ],
            [
              10.425194705746213,
              36.50095965033567
            ],
            [
              10.425425430936082,
              36.50114048935442
            ],
            [
              10.425653918637803,
              36.5011989568748
            ],
            [
              10.425882393818325,
              36.50125742410301
            ],
            [
              10.425960425653281,
              36.50137888882829
            ],
            [
              10.42603845773677,
              36.5015003534948
            ],
            [
              10.426192276780991,
              36.50162091174243
            ],
            [
              10.426347219265212,
              36.501802650042215
            ],
            [
              10.426652613467176,
              36.50192139977858
            ],
            [
              10.426881097806941,
              36.501979859760596
            ],
            [
              10.4271107062437,
              36.502099509908895
            ],
            [
              10.427189864601699,
              36.50228215917528
            ],
            [
              10.427344810840092,
              36.502463901265436
            ],
            [
              10.427498633810774,
              36.50258445772295
            ],
            [
              10.427654705513172,
              36.502827384778
            ],
            [
              10.427733865936144,
              36.503010033617336
            ],
            [
              10.427813026743825,
              36.503192682390534
            ],
            [
              10.427888808504967,
              36.503191774996374
            ],
            [
              10.428041509224645,
              36.503251140113036
            ],
            [
              10.428119546587657,
              36.50337260845433
            ],
            [
              10.42819645942496,
              36.50343288098194
            ],
            [
              10.428351410452748,
              36.50361462681431
            ],
            [
              10.42850411234741,
              36.50367399130858
            ],
            [
              10.42865568961081,
              36.50367217541973
            ],
            [
              10.42888193044562,
              36.50360827104898
            ],
            [
              10.42910817070496,
              36.50354435588439
            ],
            [
              10.429257496836236,
              36.503420168525274
            ],
            [
              10.429333285197307,
              36.50341926013171
            ],
            [
              10.429485987601494,
              36.50347863373471
            ],
            [
              10.429487113106301,
              36.5035398138964
            ],
            [
              10.4295651529062,
              36.50366127604397
            ],
            [
              10.429642067221685,
              36.50372155279162
            ],
            [
              10.429717855863776,
              36.50372064414732
            ],
            [
              10.429791392903706,
              36.503597369964886
            ],
            [
              10.430016506403641,
              36.503472272944364
            ],
            [
              10.430093420771923,
              36.503532544213094
            ],
            [
              10.430171461498238,
              36.50365400594338
            ],
            [
              10.430325284721627,
              36.5037745586606
            ],
            [
              10.430477994878506,
              36.50383392569479
            ],
            [
              10.430856932038173,
              36.503829379402134
            ],
            [
              10.431008509448672,
              36.50382756051735
            ],
            [
              10.431011889896572,
              36.50401111642579
            ],
            [
              10.431014143545498,
              36.50413348702811
            ],
            [
              10.431016397208019,
              36.50425585762781
            ],
            [
              10.43109331322133,
              36.50431613339594
            ],
            [
              10.431170229353842,
              36.50437640911124
            ],
            [
              10.431321807809956,
              36.5043745898051
            ],
            [
              10.431550302728997,
              36.50443304576835
            ],
            [
              10.431779925424413,
              36.50455268656171
            ],
            [
              10.431933759324279,
              36.50467323701543
            ],
            [
              10.432087593700961,
              36.50479378725783
            ],
            [
              10.432318346160015,
              36.50497461222524
            ],
            [
              10.43239639183817,
              36.50509607236267
            ],
            [
              10.432475565788144,
              36.50527871769119
            ],
            [
              10.432552483940333,
              36.50533899246098
            ],
            [
              10.43247782184475,
              36.505401088189096
            ],
            [
              10.432326241464162,
              36.50540290900775
            ],
            [
              10.432175788864962,
              36.50546591488993
            ],
            [
              10.432025336017142,
              36.50552892058702
            ],
            [
              10.432027591385715,
              36.505651291103916
            ],
            [
              10.432104509578725,
              36.50571156615852
            ],
            [
              10.432329625216969,
              36.505586464761805
            ],
            [
              10.4325581244224,
              36.50564491868741
            ],
            [
              10.432861286082806,
              36.505641276247694
            ],
            [
              10.433013988930655,
              36.50570064004748
            ],
            [
              10.433317157173997,
              36.50569699636734
            ],
            [
              10.433622570402877,
              36.50581572249966
            ],
            [
              10.43385107108118,
              36.50587416872335
            ],
            [
              10.434154233463778,
              36.50587052297849
            ],
            [
              10.434230024050914,
              36.50586961142195
            ],
            [
              10.434380475763366,
              36.50580660815774
            ],
            [
              10.43445626628068,
              36.505805696458836
            ],
            [
              10.434610106760815,
              36.505926243289444
            ],
            [
              10.434840868375092,
              36.50610706313909
            ],
            [
              10.43537592514947,
              36.50634541360648
            ],
            [
              10.435760533451367,
              36.506646777156696
            ],
            [
              10.436145138211483,
              36.50694813427723
            ],
            [
              10.436228847153172,
              36.507375517340854
            ],
            [
              10.436311425946515,
              36.50774171517456
            ],
            [
              10.436469798268364,
              36.508106999884845
            ],
            [
              10.436786547531666,
              36.50883756851073
            ],
            [
              10.436870262372661,
              36.50926495086995
            ],
            [
              10.436874788989995,
              36.5095096912277
            ],
            [
              10.43703543133183,
              36.50999733991959
            ],
            [
              10.4372707388546,
              36.51042289484249
            ],
            [
              10.437580711979486,
              36.510786345180556
            ],
            [
              10.437735699688657,
              36.51096807260837
            ],
            [
              10.437361250879606,
              36.51121738182587
            ],
            [
              10.437056936198326,
              36.51115985111164
            ],
            [
              10.436831812630308,
              36.511284961507286
            ],
            [
              10.436682484235991,
              36.51140915825837
            ],
            [
              10.436608951393577,
              36.511532441641606
            ],
            [
              10.43653428684211,
              36.51159453990666
            ],
            [
              10.436382694654892,
              36.51159636614406
            ],
            [
              10.436155306348478,
              36.51159910513911
            ],
            [
              10.43607838554651,
              36.51153883287545
            ],
            [
              10.43592565601392,
              36.51147947351548
            ],
            [
              10.435772933136247,
              36.51142011387677
            ],
            [
              10.43554555171122,
              36.51142285162088
            ],
            [
              10.43531816382885,
              36.51142558900911
            ],
            [
              10.435091906253573,
              36.51148951108003
            ],
            [
              10.434939183956716,
              36.511430150360006
            ],
            [
              10.434709535923421,
              36.511310516338725
            ],
            [
              10.434554554448358,
              36.51112878484685
            ],
            [
              10.43439957370578,
              36.510947053132185
            ],
            [
              10.434245723340142,
              36.51082650634025
            ],
            [
              10.434169927921026,
              36.51082741801253
            ],
            [
              10.43394254164324,
              36.510830152740525
            ],
            [
              10.433790950774354,
              36.51083197565184
            ],
            [
              10.433487768995711,
              36.51083562089679
            ],
            [
              10.433336178085963,
              36.51083744323045
            ],
            [
              10.433184593589205,
              36.51083926529427
            ],
            [
              10.433034131441847,
              36.51090227760607
            ],
            [
              10.432884797435992,
              36.51102646454052
            ],
            [
              10.432735463048845,
              36.511150656482016
            ],
            [
              10.432661924092692,
              36.511273937568966
            ],
            [
              10.432587256544798,
              36.511336033429174
            ],
            [
              10.432589513275133,
              36.511458403796595
            ],
            [
              10.432517102127074,
              36.51164286998228
            ],
            [
              10.432442434115819,
              36.51170496575843
            ],
            [
              10.432367765985322,
              36.511767061489834
            ],
            [
              10.432219557462576,
              36.51195243800656
            ],
            [
              10.432070220254422,
              36.51207662915875
            ],
            [
              10.431769288893257,
              36.512202640532614
            ],
            [
              10.431621078121834,
              36.51238801634201
            ],
            [
              10.431394814492597,
              36.512451931516495
            ],
            [
              10.43109500778464,
              36.512639126445436
            ],
            [
              10.430868742964734,
              36.512703040644666
            ],
            [
              10.430870997102046,
              36.512825411076
            ],
            [
              10.430872124175803,
              36.51288659629068
            ],
            [
              10.430949048848971,
              36.51294687188188
            ],
            [
              10.430951303132732,
              36.51306924230391
            ],
            [
              10.430877759595571,
              36.51319252235418
            ],
            [
              10.430728417869526,
              36.51331671190038
            ],
            [
              10.429980582094881,
              36.51387647164065
            ],
            [
              10.429457874247428,
              36.514311125312915
            ],
            [
              10.429161433077988,
              36.51468187130303
            ],
            [
              10.429313031762087,
              36.51468005411091
            ],
            [
              10.429618481416963,
              36.51479878960667
            ],
            [
              10.429923931889716,
              36.514917519111115
            ],
            [
              10.43015358371389,
              36.51503716220638
            ],
            [
              10.430460162848268,
              36.515217080684764
            ],
            [
              10.430843670534944,
              36.5154572739202
            ],
            [
              10.431150246471155,
              36.5156371906176
            ],
            [
              10.431381029863555,
              36.515818016419715
            ],
            [
              10.431686487032827,
              36.51593674642827
            ],
            [
              10.432067745705,
              36.51605456523167
            ],
            [
              10.423035343458588,
              36.527912830995014
            ],
            [
              10.42296065246436,
              36.5279749211769
            ],
            [
              10.42280902742138,
              36.52797673085882
            ],
            [
              10.42273321489482,
              36.52797763562753
            ],
            [
              10.422657402364875,
              36.52797854034808
            ],
            [
              10.422506898402714,
              36.52804153492671
            ],
            [
              10.422281702461154,
              36.52816661909048
            ],
            [
              10.422055385023265,
              36.52823051755072
            ],
            [
              10.421827946615958,
              36.528233230291335
            ],
            [
              10.421600508178235,
              36.528235942598435
            ],
            [
              10.421371949487167,
              36.52817746916182
            ],
            [
              10.421218083747146,
              36.52805690620234
            ],
            [
              10.421215843563607,
              36.52793453556935
            ],
            [
              10.42106309851714,
              36.52787515771
            ],
            [
              10.420986166127877,
              36.52781487604265
            ],
            [
              10.420835667480212,
              36.52787786845929
            ],
            [
              10.420759848557076,
              36.527878772048204
            ],
            [
              10.420607110378876,
              36.52781939351751
            ],
            [
              10.420454366001175,
              36.527760014862096
            ],
            [
              10.420302741212556,
              36.52776182134882
            ],
            [
              10.42022692881318,
              36.52776272451994
            ],
            [
              10.419924798247477,
              36.52782752207553
            ],
            [
              10.419698479699496,
              36.52789141608605
            ],
            [
              10.419474398205157,
              36.52807768039956
            ],
            [
              10.419174502712739,
              36.528264846822424
            ],
            [
              10.418948182237342,
              36.52832873944533
            ],
            [
              10.418646048309984,
              36.528393533825614
            ],
            [
              10.418191176265633,
              36.52839894581503
            ],
            [
              10.417813228207685,
              36.528464639947586
            ],
            [
              10.417586905949191,
              36.52852853002136
            ],
            [
              10.417285887019936,
              36.52865450640583
            ],
            [
              10.417135377182106,
              36.528717494320034
            ],
            [
              10.41698598388775,
              36.528841667469294
            ],
            [
              10.416912403706228,
              36.52896493421166
            ],
            [
              10.416760776333104,
              36.528966736246446
            ],
            [
              10.416611381957882,
              36.52909090894471
            ],
            [
              10.416536684685878,
              36.52915300041267
            ],
            [
              10.41616096372675,
              36.52934106027735
            ],
            [
              10.4155589201285,
              36.52959300004595
            ],
            [
              10.415257893669782,
              36.5297189714493
            ],
            [
              10.414955750980976,
              36.529783756647426
            ],
            [
              10.414575563273367,
              36.52972706976619
            ],
            [
              10.414272305231973,
              36.529730667765634
            ],
            [
              10.414120676191107,
              36.529732466476325
            ],
            [
              10.41404597618103,
              36.52979455124782
            ],
            [
              10.413820761088216,
              36.52991961980082
            ],
            [
              10.413671360106498,
              36.53004378893753
            ],
            [
              10.41344725773875,
              36.53023004230631
            ],
            [
              10.413070410075724,
              36.530356907169455
            ],
            [
              10.41299571504822,
              36.53041899123159
            ],
            [
              10.412237562573749,
              36.53042797488803
            ],
            [
              10.411480522286858,
              36.53049813927594
            ],
            [
              10.410875111368906,
              36.53056650445873
            ],
            [
              10.410647665021841,
              36.530569196026796
            ],
            [
              10.410040036317735,
              36.530515185759796
            ],
            [
              10.409811478828752,
              36.53045669013942
            ],
            [
              10.409505995382515,
              36.530337904883474
            ],
            [
              10.40935214316355,
              36.53021732634623
            ],
            [
              10.409199402134808,
              36.53015793321035
            ],
            [
              10.409122476380052,
              36.53009764375955
            ],
            [
              10.408971956819821,
              36.530160621557144
            ],
            [
              10.408897252185549,
              36.530222703196266
            ],
            [
              10.40874784255893,
              36.530346866339954
            ],
            [
              10.408523727223812,
              36.530533110719055
            ],
            [
              10.408373206320496,
              36.530596087784986
            ],
            [
              10.408222691596738,
              36.530659064589564
            ],
            [
              10.407542563307674,
              36.53078949421194
            ],
            [
              10.406862445469137,
              36.530919919849204
            ],
            [
              10.406634997694416,
              36.53092260378727
            ],
            [
              10.406482257223413,
              36.53086320716224
            ],
            [
              10.406100961194882,
              36.53074530756295
            ],
            [
              10.405492219259859,
              36.530630088457386
            ],
            [
              10.405416410004865,
              36.53063098219874
            ],
            [
              10.405341702014093,
              36.53069306167627
            ],
            [
              10.405192285674465,
              36.53081722049675
            ],
            [
              10.405119785961016,
              36.531001671338615
            ],
            [
              10.405046191195153,
              36.53112493108938
            ],
            [
              10.404895666288576,
              36.53118790903041
            ],
            [
              10.404670431824156,
              36.53131295548882
            ],
            [
              10.404518799067706,
              36.531314742058655
            ],
            [
              10.404216640352141,
              36.531379500351285
            ],
            [
              10.404065007436262,
              36.53138128634696
            ],
            [
              10.403913374507034,
              36.531383072149936
            ],
            [
              10.403838664579737,
              36.531445150719485
            ],
            [
              10.403688138031196,
              36.5315081271671
            ],
            [
              10.403462900634908,
              36.5316331713996
            ],
            [
              10.40331237331271,
              36.531696142199145
            ],
            [
              10.40301021201626,
              36.531760897483764
            ],
            [
              10.402783873558185,
              36.53182475981662
            ],
            [
              10.402709162291163,
              36.531886837702494
            ],
            [
              10.40271026796492,
              36.53194802346726
            ],
            [
              10.402560844960067,
              36.53207217910699
            ],
            [
              10.40241031602938,
              36.532135148797146
            ],
            [
              10.40225978684995,
              36.53219811830187
            ],
            [
              10.402109257421774,
              36.53226108762112
            ],
            [
              10.40188180525604,
              36.53226376257865
            ],
            [
              10.401805987860795,
              36.532264654134785
            ],
            [
              10.40157853565507,
              36.53226732851417
            ],
            [
              10.401504927727414,
              36.532390591461905
            ],
            [
              10.401355501917028,
              36.53251474564173
            ],
            [
              10.400753380420511,
              36.53276661730397
            ],
            [
              10.400376498517296,
              36.53289344270172
            ],
            [
              10.400074329900455,
              36.53295819068548
            ],
            [
              10.39984798217186,
              36.53302204759674
            ],
            [
              10.399620527557667,
              36.533024718289326
            ],
            [
              10.399013981773434,
              36.533031838016356
            ],
            [
              10.398028344420117,
              36.53304340099621
            ],
            [
              10.397650357929745,
              36.5331090319757
            ],
            [
              10.396665823199193,
              36.53318176957976
            ],
            [
              10.39621311360484,
              36.53330947025592
            ],
            [
              10.39522857450907,
              36.53338219088572
            ],
            [
              10.39500221805376,
              36.53344603874193
            ],
            [
              10.394774761727382,
              36.53344870021944
            ],
            [
              10.39454620928144,
              36.533390175262944
            ],
            [
              10.394395670998064,
              36.533453135014085
            ],
            [
              10.394170412613187,
              36.53357816727853
            ],
            [
              10.393944054655702,
              36.53364201315445
            ],
            [
              10.393794614101187,
              36.533766158142704
            ],
            [
              10.393644074458217,
              36.533829116969564
            ],
            [
              10.393418816959755,
              36.53395414781786
            ],
            [
              10.393044112910225,
              36.534203322373344
            ],
            [
              10.392669406443192,
              36.534452495792394
            ],
            [
              10.39252106003595,
              36.53463782524671
            ],
            [
              10.392295795141465,
              36.534762854082906
            ],
            [
              10.391845263153849,
              36.535012910517196
            ],
            [
              10.391619995967728,
              36.53513793292914
            ],
            [
              10.391394731449074,
              36.5352629652631
            ],
            [
              10.391320007530464,
              36.53532503105617
            ],
            [
              10.39117165624813,
              36.53551035890932
            ],
            [
              10.391020014422974,
              36.535512128490964
            ],
            [
              10.390869469076225,
              36.535575083916605
            ],
            [
              10.39072001985962,
              36.53569922519601
            ],
            [
              10.390493652723201,
              36.5357630646911
            ],
            [
              10.390191467167465,
              36.53582778797267
            ],
            [
              10.389737635216255,
              36.5358942785027
            ],
            [
              10.389587088045733,
              36.535957232342994
            ],
            [
              10.389437636010335,
              36.536081372066455
            ],
            [
              10.389362909813544,
              36.53614344186082
            ],
            [
              10.389215647500965,
              36.536389953458084
            ],
            [
              10.389144209562005,
              36.536635581296764
            ],
            [
              10.38899475552988,
              36.5367597204942
            ],
            [
              10.388996945663733,
              36.53688209263876
            ],
            [
              10.388922218355775,
              36.536944162172695
            ],
            [
              10.388847490928416,
              36.5370062316617
            ],
            [
              10.388545295844303,
              36.53707095092724
            ],
            [
              10.388320017276719,
              36.53719596730212
            ],
            [
              10.3880189185058,
              36.537321871309025
            ],
            [
              10.387868367140051,
              36.537384823052854
            ],
            [
              10.387718909612254,
              36.53750896070977
            ],
            [
              10.38756835763298,
              36.537571912085696
            ],
            [
              10.387419993123801,
              36.53775723548447
            ],
            [
              10.387422180855804,
              36.53787960769027
            ],
            [
              10.387349638954756,
              36.53806404847999
            ],
            [
              10.387351826600344,
              36.538186420683125
            ],
            [
              10.387278190493213,
              36.53830967532923
            ],
            [
              10.387126542951487,
              36.538311440075844
            ],
            [
              10.387052906370013,
              36.53843469459042
            ],
            [
              10.387055093577546,
              36.53855706680134
            ],
            [
              10.386980363108623,
              36.53861913516842
            ],
            [
              10.386904542242206,
              36.53862001734546
            ],
            [
              10.386828714943453,
              36.5386208995491
            ],
            [
              10.386674883362538,
              36.538500291470456
            ],
            [
              10.386219939464803,
              36.53850558285416
            ],
            [
              10.385993560240971,
              36.538569414027975
            ],
            [
              10.385843004762924,
              36.53863236328756
            ],
            [
              10.38561880980456,
              36.538818566038714
            ],
            [
              10.385471530654527,
              36.539065073264005
            ],
            [
              10.385398986186182,
              36.53924950772959
            ],
            [
              10.38525061333436,
              36.53943482855597
            ],
            [
              10.38495058954192,
              36.53962191124082
            ],
            [
              10.384575830680143,
              36.53987106010911
            ],
            [
              10.384199977981453,
              36.54005902167724
            ],
            [
              10.383748300881658,
              36.54024786229712
            ],
            [
              10.383449361108246,
              36.540496127498315
            ],
            [
              10.38315478513491,
              36.540989136671556
            ],
            [
              10.382860198976148,
              36.54148214004499
            ],
            [
              10.382786555905396,
              36.54160539203073
            ],
            [
              10.382716180341266,
              36.54191220256166
            ],
            [
              10.382642533438464,
              36.542035454500564
            ],
            [
              10.382493058627894,
              36.542159585878856
            ],
            [
              10.382419411144365,
              36.542282837687424
            ],
            [
              10.38204681418526,
              36.54265435128357
            ],
            [
              10.381897334023316,
              36.54277848198506
            ],
            [
              10.381670941844888,
              36.54284230520806
            ],
            [
              10.381371982320639,
              36.5430905654845
            ],
            [
              10.381298335321475,
              36.543213811414724
            ],
            [
              10.38114885609833,
              36.54333794117725
            ],
            [
              10.380999376397426,
              36.543462070759944
            ],
            [
              10.380849896218754,
              36.54358620016278
            ],
            [
              10.380699326759373,
              36.54364914316923
            ],
            [
              10.380624586308427,
              36.54371120771201
            ],
            [
              10.380625675054926,
              36.54377239392988
            ],
            [
              10.380626763804715,
              36.5438335801471
            ],
            [
              10.38070477080691,
              36.543955074245524
            ],
            [
              10.38070585962627,
              36.54401626045883
            ],
            [
              10.380631118836693,
              36.54407832500935
            ],
            [
              10.380555292435943,
              36.54407920326181
            ],
            [
              10.380403633195087,
              36.5440809596966
            ],
            [
              10.380250882262036,
              36.5440215297515
            ],
            [
              10.380022308468495,
              36.543962977479104
            ],
            [
              10.379951920089677,
              36.544269786536574
            ],
            [
              10.378298057185074,
              36.54936840809249
            ],
            [
              10.378223309405044,
              36.549430471228725
            ],
            [
              10.378300231462424,
              36.54949078053126
            ],
            [
              10.379376061573492,
              36.55027391908165
            ],
            [
              10.379693552027067,
              36.55106582834605
            ],
            [
              10.379702258460636,
              36.55155531247166
            ],
            [
              10.380468250334467,
              36.55197483427247
            ],
            [
              10.381388102004887,
              36.55251496536873
            ],
            [
              10.381629784044492,
              36.55330774233219
            ],
            [
              10.38163305381271,
              36.55349130060992
            ],
            [
              10.381860570129335,
              36.55348866296011
            ],
            [
              10.383306955935696,
              36.55377787807709
            ],
            [
              10.384210468731355,
              36.553400195921725
            ],
            [
              10.384885368765598,
              36.5529639700458
            ],
            [
              10.38594709943442,
              36.55295162853085
            ],
            [
              10.386705480384437,
              36.5529428073505
            ],
            [
              10.38754516859053,
              36.5532390230484
            ],
            [
              10.388382672647401,
              36.55341286603261
            ],
            [
              10.389745568971474,
              36.553274584653785
            ],
            [
              10.39104359520746,
              36.553749031414064
            ],
            [
              10.392482330224187,
              36.55360983356965
            ],
            [
              10.394466228664125,
              36.5542598233841
            ],
            [
              10.395687358074664,
              36.554673914924834
            ],
            [
              10.396531504482715,
              36.555214814071135
            ],
            [
              10.396691999434202,
              36.55570252210608
            ],
            [
              10.396925031154556,
              36.55600578393616
            ],
            [
              10.397229496419708,
              36.556063413521024
            ],
            [
              10.397683435191936,
              36.55599689233871
            ],
            [
              10.397992312642018,
              36.55629926253074
            ],
            [
              10.398297882950065,
              36.556418074973635
            ],
            [
              10.39852540623606,
              36.55641540534408
            ],
            [
              10.398979345784374,
              36.5563488792098
            ],
            [
              10.39966854033338,
              36.55670797868029
            ],
            [
              10.399975215910853,
              36.556887967160066
            ],
            [
              10.400359947549209,
              36.557189439993856
            ],
            [
              10.400669945201031,
              36.55755298842052
            ],
            [
              10.400750207990495,
              36.55779683926527
            ],
            [
              10.400676575850401,
              36.5579201017366
            ],
            [
              10.400449048362185,
              36.55792277556495
            ],
            [
              10.400300681041948,
              36.55810811451709
            ],
            [
              10.40037762540284,
              36.55816840897381
            ],
            [
              10.400607363768463,
              36.5582881063652
            ],
            [
              10.400909629837862,
              36.55822335518991
            ],
            [
              10.401438317756988,
              36.55809474243081
            ],
            [
              10.402117579363676,
              36.55790315744968
            ],
            [
              10.402869362426213,
              36.5575271194199
            ],
            [
              10.403770599904334,
              36.55702691939416
            ],
            [
              10.404608180948228,
              36.55720064656846
            ],
            [
              10.404911547562106,
              36.557197070845795
            ],
            [
              10.405140181096437,
              36.55725557398826
            ],
            [
              10.405748017221441,
              36.55730960455522
            ],
            [
              10.40620972430256,
              36.55767134877843
            ],
            [
              10.406517531413721,
              36.557912510536895
            ],
            [
              10.40727484386385,
              36.557842372112
            ],
            [
              10.407879359775718,
              36.5577128354922
            ],
            [
              10.407951869297495,
              36.55752838345431
            ],
            [
              10.408102442077379,
              36.55746540606202
            ],
            [
              10.408556375105052,
              36.55739884354718
            ],
            [
              10.4090894905621,
              36.55751493858708
            ],
            [
              10.409468699626201,
              36.557510454528256
            ],
            [
              10.409772066817114,
              36.55750686641321
            ],
            [
              10.40999736727773,
              36.55738180419926
            ],
            [
              10.410298508534643,
              36.55725584414187
            ],
            [
              10.410752444610702,
              36.557189273252064
            ],
            [
              10.411055803947741,
              36.5571856819739
            ],
            [
              10.411210827000623,
              36.557367441848804
            ],
            [
              10.411364737258033,
              36.557488016227154
            ],
            [
              10.41166587658657,
              36.55736205275625
            ],
            [
              10.412043970425366,
              36.55729637526179
            ],
            [
              10.412803500022306,
              36.557348572429966
            ],
            [
              10.413256319161691,
              36.55722080680891
            ],
            [
              10.413631064905973,
              36.556971568655825
            ],
            [
              10.413706899615445,
              36.55697066913946
            ],
            [
              10.413858581885266,
              36.556968869809495
            ],
            [
              10.414316976123212,
              36.557147026264374
            ],
            [
              10.414773140008105,
              36.557202810532715
            ],
            [
              10.415152346616992,
              36.55719830843081
            ],
            [
              10.415457945332614,
              36.55731707621813
            ],
            [
              10.415608511298926,
              36.55725408948198
            ],
            [
              10.415759077016101,
              36.55719110256027
            ],
            [
              10.415912993788414,
              36.55731167092326
            ],
            [
              10.416142746118565,
              36.557431337999475
            ],
            [
              10.416966941097368,
              36.55687075598354
            ],
            [
              10.417342791084128,
              36.55668269156952
            ],
            [
              10.417570313281683,
              36.55667998558255
            ],
            [
              10.417801191164124,
              36.556860834495694
            ],
            [
              10.417881506632298,
              36.557104672681184
            ],
            [
              10.417961822629145,
              36.55734851079189
            ],
            [
              10.41811574305065,
              36.55746907622613
            ],
            [
              10.418421347130392,
              36.55758783628842
            ],
            [
              10.418499427032412,
              36.55770930380346
            ],
            [
              10.418503903706926,
              36.55795404413075
            ],
            [
              10.418700355460397,
              36.56039963089437
            ],
            [
              10.419337348707167,
              36.56204440211059
            ],
            [
              10.420810934673906,
              36.563801589514135
            ],
            [
              10.42166993375275,
              36.56513770286692
            ],
            [
              10.422071623963713,
              36.566356876111264
            ],
            [
              10.422472204609285,
              36.56751485742208
            ],
            [
              10.422112029905582,
              36.56855952168885
            ],
            [
              10.42340264012879,
              36.568605311024776
            ],
            [
              10.42425612466729,
              36.569635478413055
            ],
            [
              10.427849383178023,
              36.57112243294339
            ],
            [
              10.429872384784279,
              36.57385208292567
            ],
            [
              10.426996201743103,
              36.57835401666335
            ],
            [
              10.429041078992094,
              36.578145915175554
            ],
            [
              10.430989739717914,
              36.576837368139806
            ],
            [
              10.433103628844393,
              36.57626119027048
            ],
            [
              10.434695535507917,
              36.57618083557951
            ],
            [
              10.43725772676151,
              36.57523198693345
            ],
            [
              10.438614081728193,
              36.57472603449036
            ],
            [
              10.441870260679728,
              36.57438068746616
            ]
          ]
        ],
        "type": "Polygon"
      }
    },
    {
      "type": "Feature",
      "id": "osm:relation:7109196",
      "properties": {
        "sourceId": "isie-local-sectors-2023-hammamet-nine-neighbours",
        "officialCode": "165159",
        "delegationCode": "1651",
        "governorateCode": "16",
        "nameAr": "وادي الزيت",
        "nameFr": "Oued ezzit",
        "sourcePdfURL": "https://www.isie.tn/wp-content/uploads/2023/CartesCirconscriptionsElectoralesLocales2023/زغوان/زغوان/وادي الزيت.pdf",
        "sourcePdfSha256": "0a4d25fd54e5efb7d9c7768c4feb549d0cf61c2c6c2624dfe6d5969b1f8ab84b",
        "sourceDrawingDetails": {
          "coverageProof": [
            {
              "clearancePoints": 26.643330546874946,
              "coversAllRawEdges": true,
              "geometry": {
                "coordinates": [
                  [
                    [
                      4.319079875946045,
                      590.1144409179688
                    ],
                    [
                      841.5009765625,
                      590.1144409179688
                    ],
                    [
                      841.5009765625,
                      5.0406494140625
                    ],
                    [
                      4.319079875946045,
                      5.0406494140625
                    ],
                    [
                      4.319079875946045,
                      590.1144409179688
                    ]
                  ]
                ],
                "type": "Polygon"
              },
              "kind": "viewport",
              "outsideLengthPoints": 0.0
            },
            {
              "clearancePoints": 31.684010371093787,
              "coversAllRawEdges": true,
              "geometry": {
                "coordinates": [
                  [
                    [
                      0.0,
                      0.0
                    ],
                    [
                      841.8609008789062,
                      0.0
                    ],
                    [
                      841.8609008789062,
                      596.2352294921875
                    ],
                    [
                      0.0,
                      596.2352294921875
                    ],
                    [
                      0.0,
                      0.0
                    ]
                  ]
                ],
                "type": "Polygon"
              },
              "kind": "activeClip",
              "outsideLengthPoints": 0.0
            },
            {
              "clearancePoints": 26.64336095703129,
              "coversAllRawEdges": true,
              "geometry": {
                "coordinates": [
                  [
                    [
                      4.319079875946045,
                      5.0406494140625
                    ],
                    [
                      841.8609008789062,
                      5.0406494140625
                    ],
                    [
                      841.8609008789062,
                      590.4745483398438
                    ],
                    [
                      4.319079875946045,
                      590.4745483398438
                    ],
                    [
                      4.319079875946045,
                      5.0406494140625
                    ]
                  ]
                ],
                "type": "Polygon"
              },
              "kind": "activeClip",
              "outsideLengthPoints": 0.0
            }
          ],
          "drawingIndices": [
            680
          ],
          "geometryType": "MultiPolygon",
          "normalizationAcceptedForCandidateComparison": true,
          "normalizationDescription": "Node the one source crossing and retain both resulting polygons, including the5.298391m2 triangular component; no component discarded, no buffer/snap or guessed replacementedge.",
          "polygonCount": 2,
          "rawProof": {
            "file": "C:\\Users\\barou\\Documents\\Codex\\2026-09-06\\the-android-app-app-currently-allows\\work\\hammamet-frontier11-official-maps-20260919\\invalid-source-raw-and-clip-review.json",
            "sha256": "468a9aa3832d5503a64dc84916e768553acbf5f9939ad8d751b232b004473bae"
          },
          "sourcePDF": {
            "file": "C:\\Users\\barou\\Documents\\Codex\\2026-09-06\\the-android-app-app-currently-allows\\work\\hammamet-frontier8-official-maps-20260919\\oued-zit-zaghouan.pdf",
            "sha256": "0a4d25fd54e5efb7d9c7768c4feb549d0cf61c2c6c2624dfe6d5969b1f8ab84b"
          },
          "sourceVertexCount": 603
        },
        "sourceGeometrySha256": "59e00798d50a4d2b427b0fbf090f83dddcc3ac810fb517863343286c7d391a70",
        "normalizationDescription": "Node the one source crossing and retain both resulting polygons, including the5.298391m2 triangular component; no component discarded, no buffer/snap or guessed replacementedge."
      },
      "geometry": {
        "coordinates": [
          [
            [
              [
                10.36567413272474,
                36.39494902684381
              ],
              [
                10.365806718432292,
                36.39449291384553
              ],
              [
                10.36580472846103,
                36.394379285600145
              ],
              [
                10.365943286761478,
                36.39426405083123
              ],
              [
                10.365798758669365,
                36.394038404006345
              ],
              [
                10.365792789033243,
                36.39369752554809
              ],
              [
                10.365648266377333,
                36.39347187844419
              ],
              [
                10.36536319811857,
                36.39324783710502
              ],
              [
                10.365076146595843,
                36.392910166689944
              ],
              [
                10.364650540456486,
                36.39268772894758
              ],
              [
                10.364367465604236,
                36.39257731027095
              ],
              [
                10.364082404273933,
                36.39235326569458
              ],
              [
                10.363797348483825,
                36.39212922035034
              ],
              [
                10.36365283066502,
                36.39190357063496
              ],
              [
                10.363650844071481,
                36.39178994539403
              ],
              [
                10.363506331179979,
                36.391564292266175
              ],
              [
                10.363502358424409,
                36.39133703859936
              ],
              [
                10.363638924523125,
                36.39110818127741
              ],
              [
                10.363636938007446,
                36.39099455602068
              ],
              [
                10.36363296495428,
                36.39076730234451
              ],
              [
                10.363488454157832,
                36.39054165227226
              ],
              [
                10.363201417026703,
                36.390203976864534
              ],
              [
                10.362916371746328,
                36.38997992911962
              ],
              [
                10.362492772519948,
                36.38987110844021
              ],
              [
                10.361930618043042,
                36.38987751654107
              ],
              [
                10.361368467293207,
                36.38988392195274
              ],
              [
                10.360948835714161,
                36.39000235284803
              ],
              [
                10.36038667993143,
                36.390008753702425
              ],
              [
                10.36010362452862,
                36.389898324492755
              ],
              [
                10.360101643245153,
                36.389784699045755
              ],
              [
                10.360099661917753,
                36.38967107044059
              ],
              [
                10.360232272430528,
                36.389214962742535
              ],
              [
                10.360228309544,
                36.38898770867646
              ],
              [
                10.360360918268062,
                36.38853160082497
              ],
              [
                10.360356955105898,
                36.388304346745
              ],
              [
                10.3600699437231,
                36.38796666318323
              ],
              [
                10.359925444629337,
                36.387741008414075
              ],
              [
                10.35964239817051,
                36.38763057788341
              ],
              [
                10.358377590998844,
                36.38764496138337
              ],
              [
                10.358935767431664,
                36.38741131613609
              ],
              [
                10.359771047027913,
                36.386947216371105
              ],
              [
                10.359909597773196,
                36.38683199175485
              ],
              [
                10.361303029104402,
                36.38613422616553
              ],
              [
                10.3628329939842,
                36.38520759146485
              ],
              [
                10.364362918361394,
                36.3842809378323
              ],
              [
                10.3660353242069,
                36.383466284299466
              ],
              [
                10.367844237815985,
                36.382422746056186
              ],
              [
                10.368540880967801,
                36.382073820274215
              ],
              [
                10.371038357420737,
                36.380226801716454
              ],
              [
                10.37117488276876,
                36.3799979362414
              ],
              [
                10.371313404199515,
                36.37988269572498
              ],
              [
                10.37144593792548,
                36.37942657654135
              ],
              [
                10.371718982772371,
                36.37896884456214
              ],
              [
                10.372536107779071,
                36.377482016744906
              ],
              [
                10.372534109253575,
                36.37736838849525
              ],
              [
                10.372460172619451,
                36.37316419531865
              ],
              [
                10.37240023525235,
                36.36975538845058
              ],
              [
                10.372233768288892,
                36.368279851022464
              ],
              [
                10.37235229259563,
                36.367028340859996
              ],
              [
                10.372340307896401,
                36.366346576391955
              ],
              [
                10.372330321028553,
                36.36577844348097
              ],
              [
                10.372328323655248,
                36.365664814998446
              ],
              [
                10.372326326348599,
                36.36555118966958
              ],
              [
                10.372466822568008,
                36.36554957656257
              ],
              [
                10.37246282752448,
                36.36532232275546
              ],
              [
                10.372460829991752,
                36.365208694270564
              ],
              [
                10.372458832470208,
                36.36509506578339
              ],
              [
                10.372456835015326,
                36.3649814404499
              ],
              [
                10.372591333278478,
                36.364638944949974
              ],
              [
                10.372725830461766,
                36.36429645246048
              ],
              [
                10.37272183484774,
                36.364069198630304
              ],
              [
                10.37271983702976,
                36.36395557013387
              ],
              [
                10.372858332402158,
                36.36384033128866
              ],
              [
                10.373408300456354,
                36.36315211123432
              ],
              [
                10.37354679340161,
                36.36303687162762
              ],
              [
                10.373964261402355,
                36.36280477412243
              ],
              [
                10.37438372697543,
                36.36268630048973
              ],
              [
                10.37466270056814,
                36.36256944430548
              ],
              [
                10.374941677158523,
                36.36245258428438
              ],
              [
                10.374939676231204,
                36.36233895586306
              ],
              [
                10.376186040931094,
                36.361301766094705
              ],
              [
                10.377297902495899,
                36.36060705812173
              ],
              [
                10.378829187203248,
                36.35979385762869
              ],
              [
                10.380221963973344,
                36.35909588213703
              ],
              [
                10.380075459399619,
                36.35875662565862
              ],
              [
                10.37978445783632,
                36.358191734028956
              ],
              [
                10.379782450180782,
                36.35807810575808
              ],
              [
                10.379780442592248,
                36.35796448064084
              ],
              [
                10.379497474950949,
                36.357854094976844
              ],
              [
                10.379072023669947,
                36.35763170416452
              ],
              [
                10.378789062153603,
                36.357521319879986
              ],
              [
                10.37864456889306,
                36.35729568659257
              ],
              [
                10.37850208604757,
                36.357183678254806
              ],
              [
                10.37863855118322,
                36.35695480471402
              ],
              [
                10.378775019439317,
                36.356725930980865
              ],
              [
                10.37876900128575,
                36.35638504908849
              ],
              [
                10.3787649892581,
                36.35615779553424
              ],
              [
                10.378616487186164,
                36.35570490852648
              ],
              [
                10.378612475701388,
                36.3554776549317
              ],
              [
                10.378608464261532,
                36.35525040132787
              ],
              [
                10.378606458530596,
                36.35513677294461
              ],
              [
                10.37846397983115,
                36.35502476759262
              ],
              [
                10.378461974326713,
                36.35491113919815
              ],
              [
                10.378319496250619,
                36.35479913365646
              ],
              [
                10.378317490972679,
                36.35468550525078
              ],
              [
                10.378315485761659,
                36.35457187999874
              ],
              [
                10.378311475261915,
                36.35434462317606
              ],
              [
                10.378309470084577,
                36.35423099791724
              ],
              [
                10.378305459707887,
                36.35400374423689
              ],
              [
                10.378158969686895,
                36.35366448163361
              ],
              [
                10.37801649436427,
                36.35355247564991
              ],
              [
                10.377729536668811,
                36.3532148315676
              ],
              [
                10.377583054617986,
                36.352875568084436
              ],
              [
                10.377434566204638,
                36.352422679085535
              ],
              [
                10.377149622575137,
                36.35219866186705
              ],
              [
                10.376862673773505,
                36.35186101859753
              ],
              [
                10.376718200843571,
                36.35163537922865
              ],
              [
                10.376716198179702,
                36.35152175384197
              ],
              [
                10.376292791577642,
                36.351412977399946
              ],
              [
                10.374464704894278,
                36.35132036054455
              ],
              [
                10.373762367741788,
                36.351328433289304
              ],
              [
                10.373058029025435,
                36.351222873229524
              ],
              [
                10.372496155011477,
                36.351229325180235
              ],
              [
                10.372076747288666,
                36.35134779115736
              ],
              [
                10.371655342899752,
                36.35135262689934
              ],
              [
                10.371512880911146,
                36.35124060967204
              ],
              [
                10.371370419385972,
                36.35112859542006
              ],
              [
                10.371366429630145,
                36.35090134095887
              ],
              [
                10.371364434741281,
                36.350787712146925
              ],
              [
                10.371362439918993,
                36.350674086488645
              ],
              [
                10.371360445052467,
                36.35056045767218
              ],
              [
                10.371912332490792,
                36.34998587353681
              ],
              [
                10.372048805288003,
                36.34975700711285
              ],
              [
                10.372327740930668,
                36.34964015699922
              ],
              [
                10.372177297468191,
                36.34907363159856
              ],
              [
                10.372032839445467,
                36.348847989263355
              ],
              [
                10.3720228611293,
                36.348279851455985
              ],
              [
                10.372020865532843,
                36.34816622578129
              ],
              [
                10.37201886989213,
                36.348052596948406
              ],
              [
                10.37201687431802,
                36.34793897126919
              ],
              [
                10.371874418205705,
                36.3478269542894
              ],
              [
                10.372012883092461,
                36.34771171359213
              ],
              [
                10.37200689644877,
                36.34737083337142
              ],
              [
                10.371998914376647,
                36.346916324274915
              ],
              [
                10.371854464953309,
                36.34669068150408
              ],
              [
                10.371848479167717,
                36.34634979804645
              ],
              [
                10.371980955340227,
                36.345893677097564
              ],
              [
                10.371834512762591,
                36.345554405336856
              ],
              [
                10.371688071553423,
                36.345215136506724
              ],
              [
                10.371539632994583,
                36.34476223542172
              ],
              [
                10.37139718353954,
                36.344650220833024
              ],
              [
                10.37110430587949,
                36.34397167851129
              ],
              [
                10.37052853548828,
                36.34318272666889
              ],
              [
                10.369659920733824,
                36.34171522514444
              ],
              [
                10.369519471074165,
                36.341716834002355
              ],
              [
                10.36893974864598,
                36.340700618502915
              ],
              [
                10.369080200417251,
                36.34069901032012
              ],
              [
                10.369497565052116,
                36.34046692983449
              ],
              [
                10.36977248449542,
                36.34012282798992
              ],
              [
                10.370189843977245,
                36.33989074517306
              ],
              [
                10.370466755045207,
                36.33966027083521
              ],
              [
                10.371159023600375,
                36.33908408074104
              ],
              [
                10.371295480640134,
                36.338855215129286
              ],
              [
                10.371708839855216,
                36.33839587227905
              ],
              [
                10.372401088134314,
                36.33781967530217
              ],
              [
                10.372537539406933,
                36.33759080834903
              ],
              [
                10.37309332627549,
                36.33724347763341
              ],
              [
                10.373366221979223,
                36.33678573892888
              ],
              [
                10.373504669546865,
                36.3366704998699
              ],
              [
                10.37364510991211,
                36.336668886520435
              ],
              [
                10.373918004407175,
                36.33621114973542
              ],
              [
                10.37419488762836,
                36.33598066717502
              ],
              [
                10.374188893984131,
                36.33563978344006
              ],
              [
                10.374600221054111,
                36.335066802106084
              ],
              [
                10.374738663796483,
                36.334951561688584
              ],
              [
                10.37515398166273,
                36.33460583329078
              ],
              [
                10.375567296133825,
                36.334146477735565
              ],
              [
                10.375840167014262,
                36.333688736845026
              ],
              [
                10.376119040114446,
                36.33357187576155
              ],
              [
                10.376255473362987,
                36.333343004794344
              ],
              [
                10.37653234354305,
                36.333112517028326
              ],
              [
                10.37680921209256,
                36.33288202864693
              ],
              [
                10.37694564215842,
                36.33265315693479
              ],
              [
                10.377086075109757,
                36.3326515396951
              ],
              [
                10.377780236136307,
                36.33218894181788
              ],
              [
                10.378049084951098,
                36.33150393838729
              ],
              [
                10.378323939866307,
                36.331159820950504
              ],
              [
                10.378462366296793,
                36.33104457329918
              ],
              [
                10.37873721781474,
                36.33070045495939
              ],
              [
                10.379014067437433,
                36.330469958588964
              ],
              [
                10.379148486262114,
                36.33012745877457
              ],
              [
                10.379280895204746,
                36.32967133002393
              ],
              [
                10.37954972283619,
                36.32898632340261
              ],
              [
                10.379684133057498,
                36.328643823052765
              ],
              [
                10.379820547618147,
                36.328414948238375
              ],
              [
                10.379814531123964,
                36.328074064878095
              ],
              [
                10.379952953947532,
                36.32795881871687
              ],
              [
                10.380233802634864,
                36.3279555773644
              ],
              [
                10.380516661636156,
                36.32806596096105
              ],
              [
                10.380801528361904,
                36.328289972660805
              ],
              [
                10.380945967526756,
                36.32851560546497
              ],
              [
                10.381228829584288,
                36.32862599045652
              ],
              [
                10.38136925505515,
                36.328624368338275
              ],
              [
                10.381511688465901,
                36.32873637164846
              ],
              [
                10.381652118019648,
                36.32873474914858
              ],
              [
                10.381790535301917,
                36.32861950094893
              ],
              [
                10.38220779748554,
                36.32838737779301
              ],
              [
                10.382893850494838,
                36.32747023965017
              ],
              [
                10.384275964031433,
                36.32620409240894
              ],
              [
                10.384825579983682,
                36.3255158265145
              ],
              [
                10.385379209117014,
                36.32505481238159
              ],
              [
                10.385515600889889,
                36.32482593142423
              ],
              [
                10.38565199578302,
                36.324597050274626
              ],
              [
                10.384661008933307,
                36.32415392750783
              ],
              [
                10.384520591678571,
                36.32415555332201
              ],
              [
                10.383962941072566,
                36.324389309249966
              ],
              [
                10.383120422889005,
                36.32439905693081
              ],
              [
                10.38255874777642,
                36.32440555204169
              ],
              [
                10.38086368385837,
                36.32385688356877
              ],
              [
                10.37917665988394,
                36.32376270001605
              ],
              [
                10.378187725365544,
                36.32343315143615
              ],
              [
                10.376360292353029,
                36.32334054607275
              ],
              [
                10.375939039556995,
                36.32334539371913
              ],
              [
                10.375792625425998,
                36.323006128185206
              ],
              [
                10.375503794685649,
                36.32255484533012
              ],
              [
                10.374651309373723,
                36.32199639639426
              ],
              [
                10.373949231576303,
                36.32200446470171
              ],
              [
                10.372545079045182,
                36.32202058890563
              ],
              [
                10.371844993846342,
                36.32214227102798
              ],
              [
                10.371002499454978,
                36.32215193273836
              ],
              [
                10.369465884174776,
                36.322624141938405
              ],
              [
                10.369050602412326,
                36.322969850419895
              ],
              [
                10.368777726646785,
                36.323427576653216
              ],
              [
                10.369218878972902,
                36.32455903587306
              ],
              [
                10.369084425086658,
                36.32490152554939
              ],
              [
                10.368679075423193,
                36.3258153736692
              ],
              [
                10.368139259014223,
                36.327071709093495
              ],
              [
                10.36787630100918,
                36.32809757417454
              ],
              [
                10.367322545145193,
                36.32855850963501
              ],
              [
                10.366770769337258,
                36.329133068922225
              ],
              [
                10.366355437841856,
                36.32947876870144
              ],
              [
                10.365936135694236,
                36.32959721126159
              ],
              [
                10.365376403816866,
                36.32971725275414
              ],
              [
                10.36467822127162,
                36.32995252394907
              ],
              [
                10.364116501954598,
                36.32995893323938
              ],
              [
                10.363416331462352,
                36.33008057076082
              ],
              [
                10.36299504010498,
                36.33008537355374
              ],
              [
                10.361743041807875,
                36.33078154150405
              ],
              [
                10.35964842211856,
                36.33148728052227
              ],
              [
                10.357442930356365,
                36.333899006043524
              ],
              [
                10.355219566710085,
                36.33528803351726
              ],
              [
                10.353136569084715,
                36.33667543482233
              ],
              [
                10.351888307304257,
                36.33759875960063
              ],
              [
                10.350813851775733,
                36.3404521731836
              ],
              [
                10.350550629848874,
                36.341478003578544
              ],
              [
                10.350451416566282,
                36.34386578755261
              ],
              [
                10.348791445274243,
                36.34536198423488
              ],
              [
                10.348251181640823,
                36.34661823534533
              ],
              [
                10.348690219326668,
                36.347636139632904
              ],
              [
                10.34997009266543,
                36.34853089854521
              ],
              [
                10.35139045981706,
                36.34942405848069
              ],
              [
                10.351417981152364,
                36.3510148531354
              ],
              [
                10.35031387287499,
                36.35216383609159
              ],
              [
                10.349199922097268,
                36.35274466333263
              ],
              [
                10.347937635014217,
                36.3528725544255
              ],
              [
                10.34456629369423,
                36.352910519156666
              ],
              [
                10.342461157589872,
                36.35304782577913
              ],
              [
                10.341620271866262,
                36.353170917446626
              ],
              [
                10.340225289981431,
                36.35375481828343
              ],
              [
                10.339534610065828,
                36.35444446230405
              ],
              [
                10.338845865967166,
                36.35524773276621
              ],
              [
                10.338159058701915,
                36.35616462652005
              ],
              [
                10.33774346162914,
                36.356510230896845
              ],
              [
                10.336767883065473,
                36.35697574583175
              ],
              [
                10.335368910016241,
                36.35733233104138
              ],
              [
                10.335667364543998,
                36.358351852821244
              ],
              [
                10.335961935326221,
                36.35914411609229
              ],
              [
                10.335967767410837,
                36.35948500388059
              ],
              [
                10.33597748769756,
                36.36005314594138
              ],
              [
                10.335706237144697,
                36.3606244309045
              ],
              [
                10.335433035431027,
                36.361082085019504
              ],
              [
                10.335161773621222,
                36.361653368850234
              ],
              [
                10.334617300011402,
                36.36268230439447
              ],
              [
                10.33393814141695,
                36.36405369012472
              ],
              [
                10.333393635787695,
                36.3650826203669
              ],
              [
                10.33325895967235,
                36.36542507533497
              ],
              [
                10.333565185272516,
                36.36689911580273
              ],
              [
                10.333578773041618,
                36.367694518249735
              ],
              [
                10.333588478924726,
                36.36826266323793
              ],
              [
                10.333453802478266,
                36.36860511514411
              ],
              [
                10.333042000552538,
                36.369177961619435
              ],
              [
                10.33234530536113,
                36.36952667880048
              ],
              [
                10.331648603923956,
                36.36987539518188
              ],
              [
                10.331229030513915,
                36.36999372073313
              ],
              [
                10.330817204977356,
                36.37056655673919
              ],
              [
                10.329573950219748,
                36.37183054781616
              ],
              [
                10.329298743705706,
                36.37217456135165
              ],
              [
                10.328883023526652,
                36.37252013656091
              ],
              [
                10.327495327610055,
                36.37355840821474
              ],
              [
                10.32680243169967,
                36.37413435501967
              ],
              [
                10.326248109939373,
                36.37459510839296
              ],
              [
                10.325974805899225,
                36.37505274513147
              ],
              [
                10.325838154627421,
                36.375281561678385
              ],
              [
                10.325701502571007,
                36.37551037807684
              ],
              [
                10.325707293313457,
                36.3758512631961
              ],
              [
                10.325588007294625,
                36.37710274106049
              ],
              [
                10.325333993687426,
                36.37869666501649
              ],
              [
                10.325068388915401,
                36.379608812037176
              ],
              [
                10.32493751575181,
                36.3801785157289
              ],
              [
                10.324804707571548,
                36.380634588883744
              ],
              [
                10.324109805729151,
                36.38109689061827
              ],
              [
                10.320764142738556,
                36.382725017123946
              ],
              [
                10.319231791815557,
                36.38353749494824
              ],
              [
                10.317144953403888,
                36.384810666667605
              ],
              [
                10.316448050928418,
                36.38515929447745
              ],
              [
                10.3149117719225,
                36.38574446012517
              ],
              [
                10.310027447913862,
                36.387843808889805
              ],
              [
                10.30821189737389,
                36.3885455987593
              ],
              [
                10.305558774947647,
                36.389597466864636
              ],
              [
                10.303883682602303,
                36.390297656915486
              ],
              [
                10.301509633438604,
                36.39123274181204
              ],
              [
                10.300810702840316,
                36.39146765245955
              ],
              [
                10.298159272731986,
                36.392632987830616
              ],
              [
                10.297040567606992,
                36.39298608779677
              ],
              [
                10.295365323380818,
                36.39368616095534
              ],
              [
                10.293830597262367,
                36.394384689505344
              ],
              [
                10.29145630261056,
                36.39531957875537
              ],
              [
                10.290757303727588,
                36.395554431735995
              ],
              [
                10.290198851951416,
                36.39578776329663
              ],
              [
                10.290481839039327,
                36.395898356489646
              ],
              [
                10.291051578147824,
                36.39634680412943
              ],
              [
                10.291482648700702,
                36.396910399670574
              ],
              [
                10.29191184293265,
                36.39736036188038
              ],
              [
                10.292339158929162,
                36.397696693998306
              ],
              [
                10.29734180265309,
                36.40264310395494
              ],
              [
                10.297482366007763,
                36.402641577735146
              ],
              [
                10.297913518470077,
                36.403205147849555
              ],
              [
                10.298061650638129,
                36.40365813945529
              ],
              [
                10.298211680712408,
                36.404224758797454
              ],
              [
                10.298363601759783,
                36.40490501222013
              ],
              [
                10.298519311148025,
                36.40581252129602
              ],
              [
                10.298673135330567,
                36.406606401956736
              ],
              [
                10.298819385604666,
                36.40694576104466
              ],
              [
                10.299106212774916,
                36.40728359472482
              ],
              [
                10.299683659968311,
                36.408186515634355
              ],
              [
                10.299972390671918,
                36.408637978025745
              ],
              [
                10.299974285756418,
                36.408751605890615
              ],
              [
                10.300407386834644,
                36.409428793234795
              ],
              [
                10.300844288582022,
                36.410333240686654
              ],
              [
                10.301133030287428,
                36.41078469670428
              ],
              [
                10.301568050782741,
                36.411575510085214
              ],
              [
                10.301714327431272,
                36.411914864867796
              ],
              [
                10.30158133449642,
                36.412370916819356
              ],
              [
                10.301587027638304,
                36.41271180313165
              ],
              [
                10.301450241460593,
                36.41294059313985
              ],
              [
                10.30173710267651,
                36.41327841949547
              ],
              [
                10.301883379570405,
                36.413617773939926
              ],
              [
                10.301746592818077,
                36.41384656742425
              ],
              [
                10.301474910603512,
                36.41441777536513
              ],
              [
                10.301207019267142,
                36.41521624440044
              ],
              [
                10.300935332558375,
                36.415787454274216
              ],
              [
                10.301091097388825,
                36.4166949573428
              ],
              [
                10.30109868664132,
                36.41714947428415
              ],
              [
                10.30096189163032,
                36.41737826375206
              ],
              [
                10.300682605063548,
                36.41749495614186
              ],
              [
                10.298879543530486,
                36.418992022788686
              ],
              [
                10.297906739400288,
                36.419684494602066
              ],
              [
                10.297215116452362,
                36.42037390890905
              ],
              [
                10.296658400558583,
                36.420720900688174
              ],
              [
                10.296111135368198,
                36.421636038365165
              ],
              [
                10.29569689765215,
                36.42209513446608
              ],
              [
                10.295149607982019,
                36.42301026799033
              ],
              [
                10.294735357395291,
                36.42346935775458
              ],
              [
                10.294184275546558,
                36.42415722822756
              ],
              [
                10.293361406056606,
                36.4254162898329
              ],
              [
                10.292947132449742,
                36.425875376832195
              ],
              [
                10.292536624946115,
                36.42656171817901
              ],
              [
                10.292127995344329,
                36.42736168920031
              ],
              [
                10.29158251636338,
                36.42839043812839
              ],
              [
                10.290768973555801,
                36.43021762837949
              ],
              [
                10.290221575182793,
                36.43113274349716
              ],
              [
                10.289949751350939,
                36.43170392648028
              ],
              [
                10.28940609607188,
                36.43284629693692
              ],
              [
                10.287420792920392,
                36.440368598438155
              ],
              [
                10.286753308872502,
                36.44253513904744
              ],
              [
                10.28662394100781,
                36.44321843040432
              ],
              [
                10.286350173442107,
                36.443675977616806
              ],
              [
                10.285933886869552,
                36.44402141068173
              ],
              [
                10.285515720088814,
                36.44425321135752
              ],
              [
                10.283002920822652,
                36.44541672648878
              ],
              [
                10.281607721201585,
                36.446113606632906
              ],
              [
                10.28077133637754,
                36.44657717703571
              ],
              [
                10.28035314019717,
                36.44680896009944
              ],
              [
                10.279801766640434,
                36.447496767362786
              ],
              [
                10.279396637376614,
                36.44852395601554
              ],
              [
                10.278858317434956,
                36.45000716786724
              ],
              [
                10.278728865721039,
                36.45069045148435
              ],
              [
                10.278732599800199,
                36.45091771066629
              ],
              [
                10.278597548964736,
                36.45126010687847
              ],
              [
                10.27874193520699,
                36.451485860159735
              ],
              [
                10.278743802340454,
                36.45159949131406
              ],
              [
                10.27888819356812,
                36.451825244343226
              ],
              [
                10.279173235202007,
                36.45204949079591
              ],
              [
                10.279456414162768,
                36.45216010537554
              ],
              [
                10.279739593964289,
                36.452270722421254
              ],
              [
                10.280020901594582,
                36.452267707736375
              ],
              [
                10.280724178303139,
                36.45226016804094
              ],
              [
                10.281005489694914,
                36.452257150994576
              ],
              [
                10.281149884764956,
                36.45248290115116
              ],
              [
                10.281153626150669,
                36.452710160049485
              ],
              [
                10.281157367578281,
                36.4529374189388
              ],
              [
                10.28115923833378,
                36.45305104995807
              ],
              [
                10.281027935925582,
                36.45362070437824
              ],
              [
                10.280484005358572,
                36.45476303570908
              ],
              [
                10.280347082504303,
                36.454991802693286
              ],
              [
                10.28007136905419,
                36.45533570830455
              ],
              [
                10.279795657051576,
                36.45567961010958
              ],
              [
                10.278824097933578,
                36.456485565701634
              ],
              [
                10.278272648635863,
                36.45717336638524
              ],
              [
                10.27799878485059,
                36.45763089532954
              ],
              [
                10.27772492186904,
                36.45808842678854
              ],
              [
                10.277867452557686,
                36.45820054960868
              ],
              [
                10.28566978726457,
                36.4620945366909
              ],
              [
                10.286378788097776,
                36.46242785064076
              ],
              [
                10.287260433119306,
                36.46469133793284
              ],
              [
                10.288819174800732,
                36.465356419712045
              ],
              [
                10.29546700016746,
                36.46744381786357
              ],
              [
                10.302539130694987,
                36.46963986422092
              ],
              [
                10.306495495553346,
                36.470619481491546
              ],
              [
                10.318237951584626,
                36.474354476529335
              ],
              [
                10.319228587362856,
                36.47468448243849
              ],
              [
                10.319369279467798,
                36.47468292783101
              ],
              [
                10.320078534766056,
                36.47501603559787
              ],
              [
                10.324187682728445,
                36.476675262294556
              ],
              [
                10.350988476034795,
                36.48842171016111
              ],
              [
                10.351557272206138,
                36.488756217037015
              ],
              [
                10.353971235887169,
                36.48997899018865
              ],
              [
                10.355943149543581,
                36.49006268059851
              ],
              [
                10.355933369387682,
                36.48950212771091
              ],
              [
                10.355923457339228,
                36.48893399950062
              ],
              [
                10.35632577912298,
                36.487792950517196
              ],
              [
                10.356171186950625,
                36.48699917016045
              ],
              [
                10.356983728151919,
                36.485171567325885
              ],
              [
                10.357391969068466,
                36.48437138927858
              ],
              [
                10.357498943325108,
                36.48243815657372
              ],
              [
                10.356216737290389,
                36.48154354578453
              ],
              [
                10.355501334059722,
                36.480869782699145
              ],
              [
                10.354781979159082,
                36.479968760769964
              ],
              [
                10.354631380359063,
                36.47940222790017
              ],
              [
                10.355322992380987,
                36.478712490300495
              ],
              [
                10.356434705705714,
                36.47790432688714
              ],
              [
                10.355965056461155,
                36.47518210498354
              ],
              [
                10.356228605928303,
                36.47415628017468
              ],
              [
                10.35573125949717,
                36.46984329236119
              ],
              [
                10.35553908469147,
                36.46689061726658
              ],
              [
                10.354936791032324,
                36.46462448459154
              ],
              [
                10.354475202270036,
                36.46235675177317
              ],
              [
                10.354895230633403,
                36.46223833982485
              ],
              [
                10.354887314871299,
                36.46178383309142
              ],
              [
                10.355024023420208,
                36.461554985139344
              ],
              [
                10.354881378234778,
                36.461442956962436
              ],
              [
                10.354457397589524,
                36.461334116937344
              ],
              [
                10.354451462932044,
                36.46099324072196
              ],
              [
                10.354025507701099,
                36.46077077156194
              ],
              [
                10.35388484272346,
                36.46077236650552
              ],
              [
                10.353882865387373,
                36.46065874211697
              ],
              [
                10.35416023940704,
                36.46042830016384
              ],
              [
                10.354439593806283,
                36.4603114819184
              ],
              [
                10.354576301240668,
                36.46008263445082
              ],
              [
                10.35443168131394,
                36.45985697810807
              ],
              [
                10.354427725134228,
                36.45962972618935
              ],
              [
                10.354847738940022,
                36.459511311505146
              ],
              [
                10.354986422728901,
                36.459396091113284
              ],
              [
                10.354843781596154,
                36.45928405961237
              ],
              [
                10.35470114092857,
                36.45917203108621
              ],
              [
                10.354699162461959,
                36.45905840354964
              ],
              [
                10.354556518512616,
                36.458946374877826
              ],
              [
                10.354134529616207,
                36.45895116092824
              ],
              [
                10.353851229021512,
                36.45884072318986
              ],
              [
                10.353569902098483,
                36.458843912400376
              ],
              [
                10.35314593746266,
                36.45873507049128
              ],
              [
                10.352864610839235,
                36.45873825803154
              ],
              [
                10.352438672559725,
                36.45851578592876
              ],
              [
                10.352012736686124,
                36.458293312246674
              ],
              [
                10.351870101789853,
                36.45818127703932
              ],
              [
                10.35172154139179,
                36.45772836490802
              ],
              [
                10.351707723678214,
                36.45693298039932
              ],
              [
                10.351697854206563,
                36.45636484808873
              ],
              [
                10.35196140437124,
                36.45533902655513
              ],
              [
                10.352096136594767,
                36.45499655719083
              ],
              [
                10.352369550866452,
                36.45453886713783
              ],
              [
                10.352363626759832,
                36.45419798708329
              ],
              [
                10.352219024634572,
                36.45397232748041
              ],
              [
                10.35193179300938,
                36.453634632332324
              ],
              [
                10.351787193217037,
                36.45340897213749
              ],
              [
                10.351638643288748,
                36.45295605935045
              ],
              [
                10.35163469625153,
                36.45272880690597
              ],
              [
                10.351632722722089,
                36.452615179102395
              ],
              [
                10.351628775751173,
                36.45238792664435
              ],
              [
                10.351906131837199,
                36.4521574900508
              ],
              [
                10.352322160964372,
                36.45181183559967
              ],
              [
                10.35287488805322,
                36.45123733092633
              ],
              [
                10.353564297546626,
                36.45043397747606
              ],
              [
                10.355220411876536,
                36.448596815195465
              ],
              [
                10.356456506389398,
                36.446878051582786
              ],
              [
                10.35714188293151,
                36.44584742621447
              ],
              [
                10.357280539557024,
                36.44573220347912
              ],
              [
                10.357276577104939,
                36.4455049512898
              ],
              [
                10.356702142001723,
                36.44482958321295
              ],
              [
                10.356412946416482,
                36.44437827347369
              ],
              [
                10.355979161390303,
                36.44370130733483
              ],
              [
                10.355834569390105,
                36.44347565153837
              ],
              [
                10.355832590402297,
                36.44336202375574
              ],
              [
                10.355830611480537,
                36.44324839912674
              ],
              [
                10.355961349074922,
                36.44267866993335
              ],
              [
                10.356232719948341,
                36.44210734369434
              ],
              [
                10.356367412211915,
                36.441764869638504
              ],
              [
                10.356361473376259,
                36.441423989417125
              ],
              [
                10.356076255205874,
                36.44119993072709
              ],
              [
                10.356072296919853,
                36.4409726782514
              ],
              [
                10.355785098623715,
                36.44063499100926
              ],
              [
                10.355638534724836,
                36.440295710039635
              ],
              [
                10.355202802414267,
                36.43950511213304
              ],
              [
                10.355060194412035,
                36.43939307981698
              ],
              [
                10.35490770426006,
                36.43871291719167
              ],
              [
                10.354757193932219,
                36.43814637901946
              ],
              [
                10.354606682066773,
                36.43757984375951
              ],
              [
                10.354460129371025,
                36.43724055779026
              ],
              [
                10.354163072030047,
                36.43633473554341
              ],
              [
                10.354010596457343,
                36.435654567987775
              ],
              [
                10.353705650051287,
                36.43429423825487
              ],
              [
                10.353416516553022,
                36.433842919254694
              ],
              [
                10.353267998158499,
                36.43339000646875
              ],
              [
                10.353266023638982,
                36.43327637837303
              ],
              [
                10.35312145970208,
                36.43305071833738
              ],
              [
                10.353256151316925,
                36.432708244172325
              ],
              [
                10.353252202476462,
                36.43248099110739
              ],
              [
                10.35339084575288,
                36.43236577297249
              ],
              [
                10.353386896569084,
                36.43213851990716
              ],
              [
                10.353246279326099,
                36.432140113071014
              ],
              [
                10.353101717658598,
                36.431914452924396
              ],
              [
                10.352959130743823,
                36.43180241756149
              ],
              [
                10.353097769327722,
                36.431687196658785
              ],
              [
                10.353093821095891,
                36.431459943540034
              ],
              [
                10.35336912576186,
                36.43111587942341
              ],
              [
                10.353220613344686,
                36.430662966262624
              ],
              [
                10.353216664902197,
                36.43043571311636
              ],
              [
                10.353068158639294,
                36.42998279646988
              ],
              [
                10.352767200824948,
                36.42884971552108
              ],
              [
                10.352321701383024,
                36.427490968792554
              ],
              [
                10.352167289239079,
                36.42669717524525
              ],
              [
                10.351717870376195,
                36.425111171835105
              ],
              [
                10.351569380043934,
                36.42465825573689
              ],
              [
                10.351563465883551,
                36.42431737385995
              ],
              [
                10.35155163791557,
                36.42363561320099
              ],
              [
                10.351664639953059,
                36.42204324409983
              ],
              [
                10.351637042203535,
                36.4204524685618
              ],
              [
                10.351912316032204,
                36.42010840470874
              ],
              [
                10.352185611643183,
                36.41965071504609
              ],
              [
                10.352732201249498,
                36.41873533385372
              ],
              [
                10.353280747750727,
                36.41793357556819
              ],
              [
                10.353278774324876,
                36.417819947178316
              ],
              [
                10.353819412538561,
                36.416563679285204
              ],
              [
                10.354227349439979,
                36.415763513090305
              ],
              [
                10.353914595781726,
                36.41394866733879
              ],
              [
                10.356001574103416,
                36.41267485531023
              ],
              [
                10.356417379445645,
                36.41232918598817
              ],
              [
                10.357801389915755,
                36.41106332184094
              ],
              [
                10.358494370580846,
                36.41048719970438
              ],
              [
                10.358765618230867,
                36.40991586744445
              ],
              [
                10.359040820475306,
                36.40957178804526
              ],
              [
                10.358896286197714,
                36.40934613355981
              ],
              [
                10.358753733541956,
                36.409234107171514
              ],
              [
                10.358324093891058,
                36.4087843923294
              ],
              [
                10.358179559285768,
                36.408558736917456
              ],
              [
                10.358029090605386,
                36.40799220251799
              ],
              [
                10.357884562289161,
                36.407766546626604
              ],
              [
                10.35802315181785,
                36.40765132059948
              ],
              [
                10.358163720733971,
                36.40764972277395
              ],
              [
                10.358436941792075,
                36.40719201950911
              ],
              [
                10.358979408811692,
                36.4060493545581
              ],
              [
                10.358975447140228,
                36.40582210101556
              ],
              [
                10.358662630746934,
                36.40400726939777
              ],
              [
                10.358369623348972,
                36.40332870161542
              ],
              [
                10.358359724702442,
                36.402760568916904
              ],
              [
                10.358619068136537,
                36.40150747559151
              ],
              [
                10.358757645731128,
                36.40139224885042
              ],
              [
                10.358890281850933,
                36.40093614293096
              ],
              [
                10.359016978904762,
                36.400139154610876
              ],
              [
                10.35928026201809,
                36.39911331355003
              ],
              [
                10.359553448160089,
                36.39865560785866
              ],
              [
                10.359543542528854,
                36.39808747183811
              ],
              [
                10.359798891012609,
                36.39660712189633
              ],
              [
                10.359796909687917,
                36.39649349656282
              ],
              [
                10.359935476832813,
                36.39637826858423
              ],
              [
                10.361194474607377,
                36.39602298665018
              ],
              [
                10.362732572948252,
                36.39555085474992
              ],
              [
                10.363150245060226,
                36.395318791923536
              ],
              [
                10.363983594465662,
                36.394741036849425
              ],
              [
                10.364122152243601,
                36.394625804174936
              ],
              [
                10.365250502774556,
                36.394840216687044
              ],
              [
                10.36567413272474,
                36.39494902684381
              ]
            ]
          ],
          [
            [
              [
                10.356084003436925,
                36.490068657352644
              ],
              [
                10.355943149543581,
                36.49006268059851
              ],
              [
                10.35594328171367,
                36.49007025586465
              ],
              [
                10.356084003436925,
                36.490068657352644
              ]
            ]
          ]
        ],
        "type": "MultiPolygon"
      }
    }
  ]
}
