{
  "type": "FeatureCollection",
  "features": [
    {
      "type": "Feature",
      "id": "osm:relation:7189452",
      "properties": {
        "id": "osm:relation:7189452",
        "kind": "sector",
        "officialCode": "215351",
        "nameAr": "زهرة مدين",
        "nameFr": "Zahret medien",
        "governorateCode": "21",
        "governorateAr": "باجة",
        "governorateFr": "Beja",
        "delegationCode": "2153",
        "parentAr": "عمدون",
        "parentFr": "Amdoun",
        "sourceId": "isie-local-sectors-2023-amdoun-two-whole",
        "sourcePdfURL": "https://www.isie.tn/wp-content/uploads/2023/CartesCirconscriptionsElectoralesLocales2023/باجة/عمدون/زهرة مدين.pdf",
        "sourcePdfSha256": "7e8b308d9e185da02fcb450153d1239e783cfef54f82a3a78c0a580661217bd3",
        "sourcePdfFile": "official/amdoun-two-whole-20260920/sources/zahret-medien.pdf",
        "originalSourcePdfFile": "C:\\Users\\barou\\Documents\\Codex\\2026-09-06\\the-android-app-app-currently-allows\\work\\amdoun-midoun-official-scope-20260920\\zahret-medien.pdf",
        "sourcePdfPage": 1,
        "sourceDrawingIndex": 245,
        "sourceVectorLayer": "circonscription_isie2023",
        "sourceCrsEpsg": 32632,
        "currentOfficialIdentity": {
          "governorateCode": "21",
          "governorateFr": "Beja",
          "governorateAr": "باجة",
          "delegationCode": "2153",
          "delegationFr": "Amdoun",
          "delegationAr": "عمدون",
          "sectorCode": "215351",
          "sectorFr": "Zahret medien",
          "sectorAr": "زهرة مدين",
          "sourceRows": {
            "Population_Secteur_Age_Sexe_Dynamique.xlsx": 20638,
            "Nombre_de_Logements_par_Secteurs.xlsx": 922,
            "Nombre_de_menages_par_Secteurs.xlsx": 921
          }
        },
        "nativeExtractionFacts": {
          "slug": "zahret-medien",
          "source": {
            "file": "C:\\Users\\barou\\Documents\\Codex\\2026-09-06\\the-android-app-app-currently-allows\\work\\amdoun-midoun-official-scope-20260920\\zahret-medien.pdf",
            "sha256": "7e8b308d9e185da02fcb450153d1239e783cfef54f82a3a78c0a580661217bd3",
            "bytes": 1291892,
            "url": "https://www.isie.tn/wp-content/uploads/2023/CartesCirconscriptionsElectoralesLocales2023/باجة/عمدون/زهرة مدين.pdf",
            "resolvedUrl": "https://www.isie.tn/wp-content/uploads/2023/CartesCirconscriptionsElectoralesLocales2023/%D8%A8%D8%A7%D8%AC%D8%A9/%D8%B9%D9%85%D8%AF%D9%88%D9%86/%D8%B2%D9%87%D8%B1%D8%A9%20%D9%85%D8%AF%D9%8A%D9%86.pdf",
            "index": 608,
            "observedTitle": "زهرة مدين.pdf",
            "indexSource": {
              "file": "C:\\Users\\barou\\Documents\\Codex\\2026-09-06\\the-android-app-app-currently-allows\\work\\current-official-catalog\\isie-local-boundary-index-links.json",
              "sha256": "44fddae0a73f306f3f61dc305d8e27db51e83d57a1ff335fdad60aec5ead2651",
              "bytes": 818063
            },
            "retrievedAt": "2026-09-20T11:22:52.565616+00:00",
            "httpStatus": 200,
            "contentType": "application/pdf"
          },
          "sourcePageOneBased": 1,
          "titlePersonallyViewed": "زهرة مدين",
          "legendPersonallyViewed": {
            "black": "الولاية",
            "blue": "المعتمدية",
            "red": "الدائرة / العمادة"
          },
          "render": {
            "file": "C:\\Users\\barou\\Documents\\Codex\\2026-09-06\\the-android-app-app-currently-allows\\work\\amdoun-midoun-official-scope-20260920\\zahret-medien.png",
            "sha256": "f8cbff7f4235cbe7d42cb2bbc38d3e81fa98aac6089eb5050903f382a20d2be9",
            "bytes": 2026523
          },
          "drawingIndex": 245,
          "seqno": 253,
          "sourceLayer": "circonscription_isie2023",
          "nativeVertexCount": 373,
          "nativeContinuousExplicitlyClosed": true,
          "nativeGeometryValid": true,
          "nativeValidityPageCoordinates": "Valid Geometry",
          "nativeValidityUtmCoordinates": "Valid Geometry",
          "fullyInsideViewport": true,
          "minViewportMarginPagePoints": 26.283264160156254,
          "activeClipChecks": [
            {
              "level": 0,
              "clipVertices": [
                [
                  0.0,
                  0.0
                ],
                [
                  841.8609008789062,
                  0.0
                ],
                [
                  841.8609008789062,
                  596.2352294921875
                ],
                [
                  0.0,
                  596.2352294921875
                ],
                [
                  0.0,
                  0.0
                ]
              ],
              "coversWholeTargetPath": true
            },
            {
              "level": 1,
              "clipVertices": [
                [
                  4.319079875946045,
                  5.0406494140625
                ],
                [
                  841.8609008789062,
                  5.0406494140625
                ],
                [
                  841.8609008789062,
                  590.4745483398438
                ],
                [
                  4.319079875946045,
                  590.4745483398438
                ],
                [
                  4.319079875946045,
                  5.0406494140625
                ]
              ],
              "coversWholeTargetPath": true
            }
          ],
          "pageRect": [
            0.0,
            0.0,
            841.492919921875,
            595.5023803710938
          ],
          "rotation": 0,
          "cropBox": [
            0.0,
            0.0,
            841.492919921875,
            595.5023803710938
          ],
          "mediaBox": [
            0.0,
            0.0,
            841.492919921875,
            595.5023803710938
          ],
          "viewportBBox": [
            4.31908,
            590.46173,
            841.50095,
            5.38791
          ],
          "localControlPoints": [
            [
              0.0,
              1.0
            ],
            [
              0.0,
              0.0
            ],
            [
              1.0,
              0.0
            ],
            [
              1.0,
              1.0
            ]
          ],
          "controlPointsLatLon": [
            [
              36.76116,
              9.04726
            ],
            [
              36.80132,
              9.04728
            ],
            [
              36.80127,
              9.11877
            ],
            [
              36.76111,
              9.1187
            ]
          ],
          "storedCrsWkt": "PROJCS[\"WGS_1984_UTM_Zone_32N\",GEOGCS[\"GCS_WGS_1984\",DATUM[\"D_WGS_1984\",SPHEROID[\"WGS_1984\",6378137.0,298.257223563]],PRIMEM[\"Greenwich\",0.0],UNIT[\"Degree\",0.0174532925199433]],PROJECTION[\"Transverse_Mercator\"],PARAMETER[\"False_Easting\",500000.0],PARAMETER[\"False_Northing\",0.0],PARAMETER[\"Central_Meridian\",9.0],PARAMETER[\"Scale_Factor\",0.9996],PARAMETER[\"Latitude_Of_Origin\",0.0],UNIT[\"Meter\",1.0]]",
          "epsg": 32632,
          "affineMetersFromPagePoints": [
            [
              7.61704535673418,
              -1.8087796969551237e-05
            ],
            [
              -0.00025833692211563175,
              -7.614288849999866
            ],
            [
              504185.0949349647,
              4072871.94739259
            ]
          ],
          "controlResidualsMeters": [
            0.2836175848720098,
            0.2836175846354385,
            0.2836175845622403,
            0.28361758433514933
          ],
          "axisScaleMetersPerPagePoint": [
            7.617045356755656,
            7.614288854382282
          ],
          "redLabels": [
            {
              "raw": "كﻟﺎﻣ",
              "reversedNormalized": "مالك",
              "bbox": [
                11.877470016479492,
                93.56703186035156,
                67.67537689208984,
                146.85159301757812
              ],
              "centerCoveredByTarget": false,
              "bboxIntersectsTarget": false
            },
            {
              "raw": "نﯾدﻣ ةرھز",
              "reversedNormalized": "زھرة مدین",
              "bbox": [
                334.548828125,
                307.43402099609375,
                448.6741638183594,
                360.7185974121094
              ],
              "centerCoveredByTarget": true,
              "bboxIntersectsTarget": true
            },
            {
              "raw": "حﺎﺑﺻ",
              "reversedNormalized": "صباح",
              "bbox": [
                677.1959228515625,
                140.37294006347656,
                735.1538696289062,
                193.65750122070312
              ],
              "centerCoveredByTarget": false,
              "bboxIntersectsTarget": false
            },
            {
              "raw": "ﺔﯾﺑوﻧﺟﻟا نﯾدﻣ ةرھز",
              "reversedNormalized": "زھرة مدین الجنوبیة",
              "bbox": [
                618.3484497070312,
                366.12139892578125,
                814.2044067382812,
                419.4059753417969
              ],
              "centerCoveredByTarget": false,
              "bboxIntersectsTarget": false
            },
            {
              "raw": "اﻟﻘوﺳﺔ",
              "reversedNormalized": "ةسوقلا",
              "bbox": [
                13.67708969116211,
                406.80657958984375,
                98.27880859375,
                460.09112548828125
              ],
              "centerCoveredByTarget": false,
              "bboxIntersectsTarget": false
            },
            {
              "raw": "ﺔﯾزﻏ",
              "reversedNormalized": "غزیة",
              "bbox": [
                769.5162963867188,
                -1.1249237060546875,
                828.5545654296875,
                52.159645080566406
              ],
              "centerCoveredByTarget": false,
              "bboxIntersectsTarget": false
            },
            {
              "raw": " ﺔﯾﺑﺎﺧﺗﻧﻻا ةرﺋادﻟا",
              "reversedNormalized": "الدائرة الانتخابیة ",
              "bbox": [
                695.7319946289062,
                -3.117218017578125,
                847.6636962890625,
                42.555267333984375
              ],
              "centerCoveredByTarget": false,
              "bboxIntersectsTarget": false
            },
            {
              "raw": "نﯾدﻣ ةرھز",
              "reversedNormalized": "زھرة مدین",
              "bbox": [
                691.4129028320312,
                36.847808837890625,
                789.337158203125,
                82.52029418945312
              ],
              "centerCoveredByTarget": false,
              "bboxIntersectsTarget": false
            }
          ],
          "wgs84Bounds": [
            9.055893813725218,
            36.76294724174085,
            9.1101033800332,
            36.799493604411126
          ],
          "comparisons": {
            "osm:relation:7189451": {
              "sourceTags": {
                "admin_level": "6",
                "boundary": "administrative",
                "name": "عمدون الجنوبية",
                "name:ar": "عمدون الجنوبية",
                "name:fr": "Amdoun Sud",
                "ref:tn:codegeo": "215352"
              },
              "currentRow": {
                "id": "osm:relation:7189451",
                "sourceId": "osm",
                "name": "عمدون الجنوبية",
                "aliases": [
                  "Amdoun Sud"
                ],
                "kind": "sector",
                "parentName": "معتمدية عمدون",
                "contextAliases": [
                  "Délégation Amdoun",
                  "معتمدية عمدون"
                ],
                "governorateId": 356,
                "lat": 36.76026,
                "lng": 9.087709,
                "delegationId": 515,
                "hasBoundary": true,
                "bbox": [
                  9.052248,
                  36.73371,
                  9.139952,
                  36.7867
                ],
                "areaKm2": 18.70448151465049,
                "pickerGroupId": "osm:relation:7189451",
                "offset": 4797564,
                "length": 3548
              },
              "officialVsOriginal": {
                "officialAreaKm2": 8.995099411370612,
                "comparedAreaKm2": 18.65323642285475,
                "intersectionKm2": 0.004104042702453686,
                "iou": 0.0001484592783552116,
                "officialCoveredByCompared": 0.00045625317906612656,
                "comparedCoveredByOfficial": 0.0002200177282600265,
                "officialOutsideComparedKm2": 8.990995368668182,
                "comparedOutsideOfficialKm2": 18.649132380152253,
                "hausdorffMeters": 3318.2397496896397,
                "centroidDistanceMeters": 2306.139728033132
              },
              "officialVsPacked": {
                "officialAreaKm2": 8.995099411370612,
                "comparedAreaKm2": 18.653236422854725,
                "intersectionKm2": 0.004104042702453686,
                "iou": 0.0001484592783552116,
                "officialCoveredByCompared": 0.00045625317906612656,
                "comparedCoveredByOfficial": 0.00022001772826002683,
                "officialOutsideComparedKm2": 8.990995368668182,
                "comparedOutsideOfficialKm2": 18.649132380152285,
                "hausdorffMeters": 3318.2397496896397,
                "centroidDistanceMeters": 2306.139728044743
              },
              "currentAnchor": {
                "covered": false,
                "distanceToPolygonMeters": 484.7918799630434,
                "distanceToBoundaryMeters": 484.7918799630434
              }
            },
            "osm:relation:7189452": {
              "sourceTags": {
                "admin_level": "6",
                "boundary": "administrative",
                "name": "عمدون",
                "name:ar": "عمدون",
                "name:fr": "Amdoun",
                "ref:tn:codegeo": "215351"
              },
              "currentRow": {
                "id": "osm:relation:7189452",
                "sourceId": "osm",
                "name": "عمدون",
                "aliases": [
                  "Amdoun"
                ],
                "kind": "sector",
                "parentName": "معتمدية عمدون",
                "contextAliases": [
                  "Délégation Amdoun",
                  "معتمدية عمدون"
                ],
                "governorateId": 356,
                "lat": 36.78194,
                "lng": 9.088968,
                "delegationId": 515,
                "hasBoundary": true,
                "bbox": [
                  9.055601,
                  36.76293,
                  9.109579,
                  36.80082
                ],
                "areaKm2": 9.558281132863852,
                "pickerGroupId": "osm:relation:7189452",
                "offset": 4801112,
                "length": 3292
              },
              "officialVsOriginal": {
                "officialAreaKm2": 8.995099411370612,
                "comparedAreaKm2": 9.532652006010675,
                "intersectionKm2": 8.909360146916496,
                "iou": 0.9262838136221708,
                "officialCoveredByCompared": 0.9904682249152539,
                "comparedCoveredByOfficial": 0.9346150621357863,
                "officialOutsideComparedKm2": 0.08573926445425213,
                "comparedOutsideOfficialKm2": 0.6232918590942252,
                "hausdorffMeters": 431.1044064147871,
                "centroidDistanceMeters": 45.07504684034296
              },
              "officialVsPacked": {
                "officialAreaKm2": 8.995099411370612,
                "comparedAreaKm2": 9.53265200601067,
                "intersectionKm2": 8.909360146916496,
                "iou": 0.9262838136221708,
                "officialCoveredByCompared": 0.9904682249152539,
                "comparedCoveredByOfficial": 0.9346150621357868,
                "officialOutsideComparedKm2": 0.08573926445425213,
                "comparedOutsideOfficialKm2": 0.6232918590942248,
                "hausdorffMeters": 431.1044064147871,
                "centroidDistanceMeters": 45.07504683958938
              },
              "currentAnchor": {
                "covered": true,
                "distanceToPolygonMeters": 0.0,
                "distanceToBoundaryMeters": 925.1525654005069
              }
            }
          }
        },
        "geometryPolicy": "Exact unchanged saved native whole path, no repair/snap/cut/fill. Shared registration overlap and external source conflicts remain.",
        "visualReview": {
          "allFourCompletePagesPersonallyViewed": true,
          "titles": [
            "زهرة مدين",
            "زهرة مدين الجنوبية",
            "ميدون",
            "اركو"
          ],
          "legend": {
            "black": "الولاية",
            "blue": "المعتمدية",
            "red": "الدائرة / العمادة"
          },
          "sourcePageOneBased": 1,
          "geometrySelections": [
            {
              "slug": "zahret-medien",
              "drawingIndex": 245,
              "nativeValid": true,
              "wholeTargetInsideViewportAndBothClips": true,
              "epsgParsedFromEmbeddedWkt": 32632,
              "maxControlResidualMeters": 0.2836175848720098
            },
            {
              "slug": "zahret-medien-sud",
              "drawingIndex": 271,
              "nativeValid": true,
              "wholeTargetInsideViewportAndBothClips": true,
              "epsgParsedFromEmbeddedWkt": 32632,
              "maxControlResidualMeters": 0.33349120266599147
            },
            {
              "slug": "midoun",
              "drawingIndex": 500,
              "nativeValid": false,
              "wholeTargetInsideViewportAndBothClips": true,
              "epsgParsedFromEmbeddedWkt": 32632,
              "maxControlResidualMeters": 0.11823612018781256
            },
            {
              "slug": "arkou",
              "drawingIndex": 547,
              "nativeValid": true,
              "wholeTargetInsideViewportAndBothClips": true,
              "epsgParsedFromEmbeddedWkt": 32632,
              "maxControlResidualMeters": 0.22798169635094895
            }
          ]
        },
        "qualification": "Prior four-map diagnostic evidence contains unrelated invalid Midoun geometry. Only these two separately valid Amdoun native paths are imported in this feature collection."
      },
      "geometry": {
        "type": "Polygon",
        "coordinates": [
          [
            [
              9.103349921569256,
              36.78687625294168
            ],
            [
              9.104577842998221,
              36.786059620394155
            ],
            [
              9.105591045465866,
              36.785515019360076
            ],
            [
              9.105867230764781,
              36.78526763418917
            ],
            [
              9.105897956853495,
              36.78526760678106
            ],
            [
              9.1063584910079,
              36.78502005794732
            ],
            [
              9.10685000077107,
              36.78494547477896
            ],
            [
              9.107556199692446,
              36.78459884213998
            ],
            [
              9.10795502831395,
              36.7841783455526
            ],
            [
              9.108200547234395,
              36.7839804106462
            ],
            [
              9.108691791738414,
              36.78373282264553
            ],
            [
              9.109244308435525,
              36.78336160871272
            ],
            [
              9.109581743567436,
              36.782990588833634
            ],
            [
              9.109519894920606,
              36.782718792720566
            ],
            [
              9.109734789008458,
              36.78259502673181
            ],
            [
              9.1101033800332,
              36.782520543663246
            ],
            [
              9.109918957433377,
              36.782471286711484
            ],
            [
              9.109673085171233,
              36.78242208625951
            ],
            [
              9.109273480187733,
              36.782298885122465
            ],
            [
              9.108965834856134,
              36.78202731468778
            ],
            [
              9.108411784755871,
              36.78133583397753
            ],
            [
              9.108073069705217,
              36.780817152304074
            ],
            [
              9.107765505821101,
              36.78059500648824
            ],
            [
              9.107458050342041,
              36.78044700158026
            ],
            [
              9.107212186109491,
              36.78039779601207
            ],
            [
              9.107212150645045,
              36.780373082107026
            ],
            [
              9.106874114462077,
              36.78032395904825
            ],
            [
              9.106259531906389,
              36.78025037105361
            ],
            [
              9.10558342730901,
              36.78012740464744
            ],
            [
              9.105214599570077,
              36.7800288763753
            ],
            [
              9.104845633956717,
              36.77983149132028
            ],
            [
              9.104753392848796,
              36.77978214487623
            ],
            [
              9.104568876372548,
              36.7796587378616
            ],
            [
              9.104168988709759,
              36.779313096372256
            ],
            [
              9.103307458982362,
              36.778399435447824
            ],
            [
              9.103215118039914,
              36.778275946044324
            ],
            [
              9.103122913989433,
              36.77825131223578
            ],
            [
              9.1030613991525,
              36.77820193986183
            ],
            [
              9.102938471975387,
              36.778177330486116
            ],
            [
              9.102784821630676,
              36.778152751780205
            ],
            [
              9.1027233751272,
              36.778152804971484
            ],
            [
              9.102539035615798,
              36.77815296435489
            ],
            [
              9.102139672376415,
              36.77817802052478
            ],
            [
              9.101893852524501,
              36.77815351994291
            ],
            [
              9.101647931796478,
              36.778054872906125
            ],
            [
              9.101524904401561,
              36.777956124499084
            ],
            [
              9.101401810127626,
              36.77780794602734
            ],
            [
              9.100970749705994,
              36.77711632287554
            ],
            [
              9.100816968470294,
              36.776992883828676
            ],
            [
              9.100570986177662,
              36.77684481087836
            ],
            [
              9.100478817981998,
              36.77684488893579
            ],
            [
              9.099956536743097,
              36.77684532990811
            ],
            [
              9.099587830936528,
              36.77682092587942
            ],
            [
              9.099342049149506,
              36.7768211318426
            ],
            [
              9.099280603702361,
              36.776821183254064
            ],
            [
              9.099157712807603,
              36.77682128598176
            ],
            [
              9.099034887581945,
              36.776870816434965
            ],
            [
              9.098850616668111,
              36.7769203958559
            ],
            [
              9.098666410955378,
              36.777019407032626
            ],
            [
              9.098328720981696,
              36.77721739679507
            ],
            [
              9.098175209456112,
              36.777291665728114
            ],
            [
              9.098052312596298,
              36.77729176731936
            ],
            [
              9.097898703242992,
              36.77729189412022
            ],
            [
              9.097806534504592,
              36.777291970108095
            ],
            [
              9.097775811591717,
              36.77729199542153
            ],
            [
              9.09756062175221,
              36.777193316690656
            ],
            [
              9.097437633289594,
              36.777119275864116
            ],
            [
              9.097037689020203,
              36.776699470502834
            ],
            [
              9.096176368876794,
              36.77585989706644
            ],
            [
              9.095284319100815,
              36.77499563007079
            ],
            [
              9.094546112158762,
              36.77430423155079
            ],
            [
              9.094177013659667,
              36.77395852948839
            ],
            [
              9.093161937733864,
              36.772946062103124
            ],
            [
              9.092915921340547,
              36.772748543194375
            ],
            [
              9.091839370309676,
              36.771686684458274
            ],
            [
              9.0915010526821,
              36.77136566408033
            ],
            [
              9.090978168173155,
              36.770847072516446
            ],
            [
              9.09094735712953,
              36.77077295419125
            ],
            [
              9.090639641689432,
              36.77035305401998
            ],
            [
              9.09048580027196,
              36.77015546165056
            ],
            [
              9.090331899574828,
              36.7699084390572
            ],
            [
              9.090178062439021,
              36.76971084417601
            ],
            [
              9.089962634283522,
              36.76938972586338
            ],
            [
              9.089962604369,
              36.7693650118995
            ],
            [
              9.089593341574274,
              36.76884629960182
            ],
            [
              9.089562532667397,
              36.76877218089011
            ],
            [
              9.089347288009632,
              36.76859934730693
            ],
            [
              9.08913195797946,
              36.76835236932564
            ],
            [
              9.089070101891084,
              36.768006419883946
            ],
            [
              9.089069835252772,
              36.76778399414807
            ],
            [
              9.089346039962349,
              36.767561362674556
            ],
            [
              9.089499337513047,
              36.76731410721651
            ],
            [
              9.089529907585039,
              36.767190514180754
            ],
            [
              9.089437572453495,
              36.76704229982677
            ],
            [
              9.089314221871316,
              36.76664697086276
            ],
            [
              9.089129586349877,
              36.7663752556892
            ],
            [
              9.088883483049786,
              36.76607887226857
            ],
            [
              9.08857597445299,
              36.76580724817209
            ],
            [
              9.087868841247149,
              36.7652887839884
            ],
            [
              9.087684444913194,
              36.76521477836578
            ],
            [
              9.087653726809876,
              36.765214801058825
            ],
            [
              9.087377758251849,
              36.76563514263469
            ],
            [
              9.086978075894953,
              36.765338868212204
            ],
            [
              9.08734628414052,
              36.76499260170212
            ],
            [
              9.08706953219011,
              36.7647456650212
            ],
            [
              9.08682361804611,
              36.76459756115606
            ],
            [
              9.086516353055314,
              36.76452364354518
            ],
            [
              9.085379625345992,
              36.764376182807794
            ],
            [
              9.084672921732702,
              36.764203691123264
            ],
            [
              9.084642204030205,
              36.76420371303828
            ],
            [
              9.084212015877743,
              36.76408045325785
            ],
            [
              9.084211987814088,
              36.764055739268045
            ],
            [
              9.084089089214272,
              36.76403111241425
            ],
            [
              9.083474516514578,
              36.7638338342629
            ],
            [
              9.08310573959074,
              36.76368580905395
            ],
            [
              9.082337557599981,
              36.763463918489435
            ],
            [
              9.081507945384182,
              36.76324206517021
            ],
            [
              9.080985669832335,
              36.76316828076181
            ],
            [
              9.080401963354586,
              36.76309453570442
            ],
            [
              9.079787538150368,
              36.76302080844406
            ],
            [
              9.079388190188835,
              36.76299636231784
            ],
            [
              9.078927379075667,
              36.76294724174085
            ],
            [
              9.077852383546121,
              36.76304680810134
            ],
            [
              9.07733024466813,
              36.76309657762875
            ],
            [
              9.076746693600633,
              36.763171098625236
            ],
            [
              9.075425880268538,
              36.76319665979257
            ],
            [
              9.074197339633873,
              36.7633457186896
            ],
            [
              9.073552351429312,
              36.763420262432504
            ],
            [
              9.072723103547967,
              36.76354434382301
            ],
            [
              9.070665300535412,
              36.763817441863765
            ],
            [
              9.068945400395059,
              36.76411502235209
            ],
            [
              9.067993360690684,
              36.76433799814165
            ],
            [
              9.067133535481393,
              36.76463505197728
            ],
            [
              9.064799832784269,
              36.76560019664795
            ],
            [
              9.064247058069995,
              36.765773491332084
            ],
            [
              9.06369425808475,
              36.76592207364192
            ],
            [
              9.06335644114837,
              36.76602111067542
            ],
            [
              9.063049343126087,
              36.76612013041511
            ],
            [
              9.06277296283465,
              36.76621913309947
            ],
            [
              9.062281697800351,
              36.76649124625505
            ],
            [
              9.061053472337546,
              36.76710973315749
            ],
            [
              9.060316506145796,
              36.767456106459186
            ],
            [
              9.059886562779752,
              36.767604606367264
            ],
            [
              9.059303062226109,
              36.76780261174155
            ],
            [
              9.058842355902492,
              36.76790169735713
            ],
            [
              9.058658081768552,
              36.76795121669835
            ],
            [
              9.058258792493204,
              36.768025555642026
            ],
            [
              9.057859501142923,
              36.76809989324605
            ],
            [
              9.057583067366549,
              36.768149455879716
            ],
            [
              9.05684592196001,
              36.76829809575358
            ],
            [
              9.056723063789459,
              36.76832286862189
            ],
            [
              9.056385209498808,
              36.768397171851475
            ],
            [
              9.056016635131328,
              36.76847148864739
            ],
            [
              9.055893813725218,
              36.76854568863239
            ],
            [
              9.05589383270367,
              36.76857040052397
            ],
            [
              9.05613962652833,
              36.76861971441344
            ],
            [
              9.056354757243497,
              36.76874318017556
            ],
            [
              9.056569813163444,
              36.7687677916998
            ],
            [
              9.056815510365341,
              36.768693532170495
            ],
            [
              9.056999847424004,
              36.76871815973658
            ],
            [
              9.057092044716459,
              36.76876754124799
            ],
            [
              9.05715361818835,
              36.76894050952486
            ],
            [
              9.057368713820214,
              36.76901454757137
            ],
            [
              9.057798728695246,
              36.76894019664357
            ],
            [
              9.058228880845776,
              36.76903884204701
            ],
            [
              9.058443997582472,
              36.76913759213002
            ],
            [
              9.058689773660435,
              36.76916218257191
            ],
            [
              9.058966191041915,
              36.76908790548443
            ],
            [
              9.059211906992338,
              36.7690383549944
            ],
            [
              9.059734079065965,
              36.76896395099571
            ],
            [
              9.060010616532898,
              36.769037953283146
            ],
            [
              9.06041011365497,
              36.76921074829082
            ],
            [
              9.060717372399768,
              36.76928473117552
            ],
            [
              9.061024547926246,
              36.76925986153183
            ],
            [
              9.061147468201085,
              36.76930922616845
            ],
            [
              9.061301148535984,
              36.76940800066142
            ],
            [
              9.061454934396608,
              36.76963034694605
            ],
            [
              9.061485716605949,
              36.76970447295296
            ],
            [
              9.061547343588872,
              36.769926866874606
            ],
            [
              9.061547385179782,
              36.76997629483056
            ],
            [
              9.061608846036854,
              36.77000097689107
            ],
            [
              9.06167028479598,
              36.770000944942694
            ],
            [
              9.061700985284256,
              36.76997621497784
            ],
            [
              9.061731684450452,
              36.769951485005656
            ],
            [
              9.061793082723694,
              36.76990202503727
            ],
            [
              9.061823780528382,
              36.76987729504175
            ],
            [
              9.061854480918065,
              36.76985256503686
            ],
            [
              9.061885220490934,
              36.769877262981794
            ],
            [
              9.06188526229865,
              36.769926690937844
            ],
            [
              9.061977485101945,
              36.770000784721496
            ],
            [
              9.061977526969066,
              36.77005021267645
            ],
            [
              9.062039008976065,
              36.77009960849143
            ],
            [
              9.062100512035075,
              36.770173718250994
            ],
            [
              9.062161952233815,
              36.770173686047904
            ],
            [
              9.062223392432456,
              36.770173653813096
            ],
            [
              9.062284852360955,
              36.7701983355239
            ],
            [
              9.062315594814615,
              36.770223033354554
            ],
            [
              9.062346334681482,
              36.77024772908376
            ],
            [
              9.062377139060064,
              36.77034657092203
            ],
            [
              9.062346608360881,
              36.77056901076782
            ],
            [
              9.062408113393648,
              36.7706431203612
            ],
            [
              9.062469594846332,
              36.77069251385396
            ],
            [
              9.062531056572094,
              36.77071719752901
            ],
            [
              9.062592539466925,
              36.770766593051555
            ],
            [
              9.06262330208353,
              36.770816002679894
            ],
            [
              9.062654064741439,
              36.770865414394585
            ],
            [
              9.062684869761384,
              36.770964254047506
            ],
            [
              9.06274635164989,
              36.77101364948893
            ],
            [
              9.062807813718841,
              36.77103833092459
            ],
            [
              9.06296147968853,
              36.77111239136046
            ],
            [
              9.063084425450786,
              36.77118646794869
            ],
            [
              9.063207328791153,
              36.771211116465004
            ],
            [
              9.063330232210026,
              36.77123576485421
            ],
            [
              9.063422392474669,
              36.7712357155846
            ],
            [
              9.063545231688451,
              36.77118622183626
            ],
            [
              9.063606672693368,
              36.77118618888632
            ],
            [
              9.063637436130177,
              36.77123560034291
            ],
            [
              9.063606737065408,
              36.77126033080139
            ],
            [
              9.063514639752787,
              36.771334522128825
            ],
            [
              9.063483983445286,
              36.771408680497466
            ],
            [
              9.063453348487158,
              36.771507552827956
            ],
            [
              9.063514896889206,
              36.77163108977671
            ],
            [
              9.063576402592975,
              36.77170519875167
            ],
            [
              9.063760898907638,
              36.77190281151079
            ],
            [
              9.063730457587098,
              36.772224107520806
            ],
            [
              9.063730522078862,
              36.77229824732798
            ],
            [
              9.06385349201241,
              36.77239703707087
            ],
            [
              9.063761436595781,
              36.77252065650882
            ],
            [
              9.063730780055515,
              36.77259481492645
            ],
            [
              9.063976698307545,
              36.77276768030752
            ],
            [
              9.064099734157761,
              36.772940611680475
            ],
            [
              9.064099885476663,
              36.773113609428066
            ],
            [
              9.063977086702618,
              36.773212531662296
            ],
            [
              9.064038594116433,
              36.773286640376924
            ],
            [
              9.06416156602524,
              36.773385429783026
            ],
            [
              9.064192373990933,
              36.77348426690607
            ],
            [
              9.064192547168124,
              36.77368197859868
            ],
            [
              9.064039112461009,
              36.773879771267126
            ],
            [
              9.064008563591257,
              36.774077499538926
            ],
            [
              9.064008628356861,
              36.77415164141731
            ],
            [
              9.063916549536751,
              36.77425054698166
            ],
            [
              9.06391665733253,
              36.77437411677505
            ],
            [
              9.064008887421597,
              36.774448208921534
            ],
            [
              9.064008952188358,
              36.77452235079527
            ],
            [
              9.063978273513282,
              36.7745717952947
            ],
            [
              9.063978316671632,
              36.77462122320962
            ],
            [
              9.063978424567956,
              36.77474479299515
            ],
            [
              9.064162950847576,
              36.774967118977465
            ],
            [
              9.064224546476895,
              36.77514008129893
            ],
            [
              9.064347563681913,
              36.77528829838858
            ],
            [
              9.06440920472267,
              36.775510688510856
            ],
            [
              9.064501478841692,
              36.7756342081662
            ],
            [
              9.06450154408554,
              36.77570835002438
            ],
            [
              9.064440164657848,
              36.775782525297316
            ],
            [
              9.064378808123106,
              36.775881414489014
            ],
            [
              9.064471236110782,
              36.7761779318161
            ],
            [
              9.064502283532109,
              36.776548624352515
            ],
            [
              9.06471749474864,
              36.776721504784796
            ],
            [
              9.064871173901075,
              36.77679556057554
            ],
            [
              9.064994348348511,
              36.777116772484426
            ],
            [
              9.065086604700129,
              36.777215577703
            ],
            [
              9.064994589330063,
              36.77738862588934
            ],
            [
              9.065117590971319,
              36.77751212817616
            ],
            [
              9.065240614994078,
              36.77766034427699
            ],
            [
              9.065363616161964,
              36.7777838463037
            ],
            [
              9.065640124367143,
              36.77778369352999
            ],
            [
              9.065793873022763,
              36.77793189203588
            ],
            [
              9.065916765793931,
              36.777931823771105
            ],
            [
              9.065978099758423,
              36.777808219877656
            ],
            [
              9.06610103685791,
              36.777857579308616
            ],
            [
              9.066285532092216,
              36.77803047398466
            ],
            [
              9.066469916244545,
              36.778079796566686
            ],
            [
              9.06659309942524,
              36.77840100883678
            ],
            [
              9.066623912530574,
              36.77849984733625
            ],
            [
              9.066623979825188,
              36.77857398915544
            ],
            [
              9.066654815481305,
              36.778697541583036
            ],
            [
              9.066593547859227,
              36.77889528552766
            ],
            [
              9.066747255628849,
              36.778994054894206
            ],
            [
              9.066839448978323,
              36.77901871690528
            ],
            [
              9.06696249996399,
              36.7791916451197
            ],
            [
              9.066993450468855,
              36.779438767125356
            ],
            [
              9.06705491932392,
              36.77946344632448
            ],
            [
              9.067454306065974,
              36.77943850582252
            ],
            [
              9.067638670279685,
              36.77946311473734
            ],
            [
              9.067761633881451,
              36.77953718427499
            ],
            [
              9.067792494558946,
              36.779685450319775
            ],
            [
              9.067731320232584,
              36.77998205264338
            ],
            [
              9.06773147975075,
              36.780155050172844
            ],
            [
              9.067823948621756,
              36.78047627649965
            ],
            [
              9.067916235482969,
              36.78059979339067
            ],
            [
              9.068039245643577,
              36.7807232925806
            ],
            [
              9.06807026892198,
              36.781044556024256
            ],
            [
              9.06797816422366,
              36.78111874859754
            ],
            [
              9.067978278565915,
              36.78124231823764
            ],
            [
              9.068132014416388,
              36.7813657996973
            ],
            [
              9.06828568316047,
              36.78141513917425
            ],
            [
              9.068531595043721,
              36.781538566990626
            ],
            [
              9.068623815087648,
              36.78158794153058
            ],
            [
              9.068685401660924,
              36.78173618950398
            ],
            [
              9.068777645165921,
              36.781810277847754
            ],
            [
              9.06890052095645,
              36.781785492569306
            ],
            [
              9.068962039966928,
              36.78185959652472
            ],
            [
              9.069085148021045,
              36.782081950298
            ],
            [
              9.069484825310223,
              36.78235357005454
            ],
            [
              9.069484848663386,
              36.782378283976826
            ],
            [
              9.06979214521808,
              36.78242753137009
            ],
            [
              9.070099395063629,
              36.782427350125495
            ],
            [
              9.070468139607426,
              36.782476559428844
            ],
            [
              9.070867659843874,
              36.782575177069624
            ],
            [
              9.071236575597625,
              36.782797379332045
            ],
            [
              9.071359643811764,
              36.78297030287037
            ],
            [
              9.07160563508582,
              36.78316786604476
            ],
            [
              9.071759502323381,
              36.78341491235014
            ],
            [
              9.07172894546639,
              36.78358792625917
            ],
            [
              9.071821314641928,
              36.783785581791086
            ],
            [
              9.07215953755302,
              36.78403251575097
            ],
            [
              9.072374711444006,
              36.7841312403339
            ],
            [
              9.072436311189739,
              36.78427948628948
            ],
            [
              9.072589985899045,
              36.78432882017431
            ],
            [
              9.072651632354386,
              36.784526491743016
            ],
            [
              9.072805407985092,
              36.7846746809896
            ],
            [
              9.072897610075186,
              36.78469933827255
            ],
            [
              9.073082136983842,
              36.78487222217428
            ],
            [
              9.073174413019167,
              36.78497102097028
            ],
            [
              9.073205433616602,
              36.785267566817524
            ],
            [
              9.073420811863919,
              36.78556400073895
            ],
            [
              9.073851372666995,
              36.78595915612746
            ],
            [
              9.074005153470425,
              36.78610734168684
            ],
            [
              9.074189910052215,
              36.78650264894932
            ],
            [
              9.07434371751167,
              36.78667554795725
            ],
            [
              9.074435947437586,
              36.78672491793777
            ],
            [
              9.074620305014871,
              36.786724802079895
            ],
            [
              9.07468183348603,
              36.7867989050999
            ],
            [
              9.074620705113961,
              36.7871202244875
            ],
            [
              9.074682283954893,
              36.787243755300416
            ],
            [
              9.074743787855336,
              36.78729314438254
            ],
            [
              9.074836068929848,
              36.78739194184359
            ],
            [
              9.074928425556086,
              36.78756487882973
            ],
            [
              9.074775091072512,
              36.7878615425641
            ],
            [
              9.074836745986211,
              36.78805921496804
            ],
            [
              9.075113593037539,
              36.788355604777806
            ],
            [
              9.075267456713929,
              36.78857793241225
            ],
            [
              9.07560578512249,
              36.7888989980152
            ],
            [
              9.076712054462488,
              36.78897242933062
            ],
            [
              9.077234446778785,
              36.78899680210466
            ],
            [
              9.077541956317873,
              36.789219026614504
            ],
            [
              9.07775722965754,
              36.78939188301578
            ],
            [
              9.07855717604466,
              36.790355196010445
            ],
            [
              9.078741647633144,
              36.79045392928935
            ],
            [
              9.079079816295108,
              36.790601987705436
            ],
            [
              9.07941801280544,
              36.790774756941765
            ],
            [
              9.07954111217866,
              36.79094767174665
            ],
            [
              9.079664052326846,
              36.79097230313654
            ],
            [
              9.079879255242087,
              36.791071013994824
            ],
            [
              9.080094648692139,
              36.791342721613965
            ],
            [
              9.080648058759525,
              36.79161419739015
            ],
            [
              9.081170605800652,
              36.79176212432237
            ],
            [
              9.081601052923657,
              36.79198425403116
            ],
            [
              9.081939315886375,
              36.79220644379274
            ],
            [
              9.082555241318742,
              36.79341699526008
            ],
            [
              9.082986031482063,
              36.79393568418871
            ],
            [
              9.083262931078105,
              36.794232056768095
            ],
            [
              9.083447559840513,
              36.7944543498889
            ],
            [
              9.083601571399344,
              36.794775521919924
            ],
            [
              9.083816820572915,
              36.79489893943125
            ],
            [
              9.084063106348932,
              36.795294187243265
            ],
            [
              9.084463527601793,
              36.79610945659063
            ],
            [
              9.084587549795904,
              36.79707320931398
            ],
            [
              9.084772556814343,
              36.797616778219236
            ],
            [
              9.085542028221031,
              36.7986542082756
            ],
            [
              9.086218721176676,
              36.79917270533559
            ],
            [
              9.08674153523783,
              36.799493604411126
            ],
            [
              9.103349921569256,
              36.78687625294168
            ]
          ]
        ]
      }
    },
    {
      "type": "Feature",
      "id": "osm:relation:7189451",
      "properties": {
        "id": "osm:relation:7189451",
        "kind": "sector",
        "officialCode": "215352",
        "nameAr": "زهرة مدين الجنوبية",
        "nameFr": "Zahret medien sud",
        "governorateCode": "21",
        "governorateAr": "باجة",
        "governorateFr": "Beja",
        "delegationCode": "2153",
        "parentAr": "عمدون",
        "parentFr": "Amdoun",
        "sourceId": "isie-local-sectors-2023-amdoun-two-whole",
        "sourcePdfURL": "https://www.isie.tn/wp-content/uploads/2023/CartesCirconscriptionsElectoralesLocales2023/باجة/عمدون/زهرة مدين الجنوبية.pdf",
        "sourcePdfSha256": "d4f5105ecb380f07b675b1897e4ad9f903da2cfae9ee81daf5e0d88fe2944107",
        "sourcePdfFile": "official/amdoun-two-whole-20260920/sources/zahret-medien-sud.pdf",
        "originalSourcePdfFile": "C:\\Users\\barou\\Documents\\Codex\\2026-09-06\\the-android-app-app-currently-allows\\work\\amdoun-midoun-official-scope-20260920\\zahret-medien-sud.pdf",
        "sourcePdfPage": 1,
        "sourceDrawingIndex": 271,
        "sourceVectorLayer": "circonscription_isie2023",
        "sourceCrsEpsg": 32632,
        "currentOfficialIdentity": {
          "governorateCode": "21",
          "governorateFr": "Beja",
          "governorateAr": "باجة",
          "delegationCode": "2153",
          "delegationFr": "Amdoun",
          "delegationAr": "عمدون",
          "sectorCode": "215352",
          "sectorFr": "Zahret medien sud",
          "sectorAr": "زهرة مدين الجنوبية",
          "sourceRows": {
            "Population_Secteur_Age_Sexe_Dynamique.xlsx": 20672,
            "Nombre_de_Logements_par_Secteurs.xlsx": 924,
            "Nombre_de_menages_par_Secteurs.xlsx": 923
          }
        },
        "nativeExtractionFacts": {
          "slug": "zahret-medien-sud",
          "source": {
            "file": "C:\\Users\\barou\\Documents\\Codex\\2026-09-06\\the-android-app-app-currently-allows\\work\\amdoun-midoun-official-scope-20260920\\zahret-medien-sud.pdf",
            "sha256": "d4f5105ecb380f07b675b1897e4ad9f903da2cfae9ee81daf5e0d88fe2944107",
            "bytes": 1096477,
            "url": "https://www.isie.tn/wp-content/uploads/2023/CartesCirconscriptionsElectoralesLocales2023/باجة/عمدون/زهرة مدين الجنوبية.pdf",
            "resolvedUrl": "https://www.isie.tn/wp-content/uploads/2023/CartesCirconscriptionsElectoralesLocales2023/%D8%A8%D8%A7%D8%AC%D8%A9/%D8%B9%D9%85%D8%AF%D9%88%D9%86/%D8%B2%D9%87%D8%B1%D8%A9%20%D9%85%D8%AF%D9%8A%D9%86%20%D8%A7%D9%84%D8%AC%D9%86%D9%88%D8%A8%D9%8A%D8%A9.pdf",
            "index": 609,
            "observedTitle": "زهرة مدين الجنوبية.pdf",
            "indexSource": {
              "file": "C:\\Users\\barou\\Documents\\Codex\\2026-09-06\\the-android-app-app-currently-allows\\work\\current-official-catalog\\isie-local-boundary-index-links.json",
              "sha256": "44fddae0a73f306f3f61dc305d8e27db51e83d57a1ff335fdad60aec5ead2651",
              "bytes": 818063
            },
            "retrievedAt": "2026-09-20T11:22:52.563617+00:00",
            "httpStatus": 200,
            "contentType": "application/pdf"
          },
          "sourcePageOneBased": 1,
          "titlePersonallyViewed": "زهرة مدين الجنوبية",
          "legendPersonallyViewed": {
            "black": "الولاية",
            "blue": "المعتمدية",
            "red": "الدائرة / العمادة"
          },
          "render": {
            "file": "C:\\Users\\barou\\Documents\\Codex\\2026-09-06\\the-android-app-app-currently-allows\\work\\amdoun-midoun-official-scope-20260920\\zahret-medien-sud.png",
            "sha256": "9d5ca3b1b44b81b349f10377ea778dbac2ecec1001b9a88a104335b6e3709b17",
            "bytes": 1937363
          },
          "drawingIndex": 271,
          "seqno": 279,
          "sourceLayer": "circonscription_isie2023",
          "nativeVertexCount": 515,
          "nativeContinuousExplicitlyClosed": true,
          "nativeGeometryValid": true,
          "nativeValidityPageCoordinates": "Valid Geometry",
          "nativeValidityUtmCoordinates": "Valid Geometry",
          "fullyInsideViewport": true,
          "minViewportMarginPagePoints": 26.643310546875004,
          "activeClipChecks": [
            {
              "level": 0,
              "clipVertices": [
                [
                  0.0,
                  0.0
                ],
                [
                  841.8609008789062,
                  0.0
                ],
                [
                  841.8609008789062,
                  596.2352294921875
                ],
                [
                  0.0,
                  596.2352294921875
                ],
                [
                  0.0,
                  0.0
                ]
              ],
              "coversWholeTargetPath": true
            },
            {
              "level": 1,
              "clipVertices": [
                [
                  4.319079875946045,
                  5.0406494140625
                ],
                [
                  841.8609008789062,
                  5.0406494140625
                ],
                [
                  841.8609008789062,
                  590.4745483398438
                ],
                [
                  4.319079875946045,
                  590.4745483398438
                ],
                [
                  4.319079875946045,
                  5.0406494140625
                ]
              ],
              "coversWholeTargetPath": true
            }
          ],
          "pageRect": [
            0.0,
            0.0,
            841.492919921875,
            595.5023803710938
          ],
          "rotation": 0,
          "cropBox": [
            0.0,
            0.0,
            841.492919921875,
            595.5023803710938
          ],
          "mediaBox": [
            0.0,
            0.0,
            841.492919921875,
            595.5023803710938
          ],
          "viewportBBox": [
            4.31908,
            590.46173,
            841.50095,
            5.38791
          ],
          "localControlPoints": [
            [
              0.0,
              1.0
            ],
            [
              0.0,
              0.0
            ],
            [
              1.0,
              0.0
            ],
            [
              1.0,
              1.0
            ]
          ],
          "controlPointsLatLon": [
            [
              36.73119,
              9.04442
            ],
            [
              36.78929,
              9.04446
            ],
            [
              36.78921,
              9.14785
            ],
            [
              36.7311,
              9.14774
            ]
          ],
          "storedCrsWkt": "PROJCS[\"WGS_1984_UTM_Zone_32N\",GEOGCS[\"GCS_WGS_1984\",DATUM[\"D_WGS_1984\",SPHEROID[\"WGS_1984\",6378137.0,298.257223563]],PRIMEM[\"Greenwich\",0.0],UNIT[\"Degree\",0.0174532925199433]],PROJECTION[\"Transverse_Mercator\"],PARAMETER[\"False_Easting\",500000.0],PARAMETER[\"False_Northing\",0.0],PARAMETER[\"Central_Meridian\",9.0],PARAMETER[\"Scale_Factor\",0.9996],PARAMETER[\"Latitude_Of_Origin\",0.0],UNIT[\"Meter\",1.0]]",
          "epsg": 32632,
          "affineMetersFromPagePoints": [
            [
              11.019028362251644,
              -0.0001999582794481433
            ],
            [
              -0.00038063604006310925,
              -11.01660627768615
            ],
            [
              503918.9969734992,
              4071554.776167078
            ]
          ],
          "controlResidualsMeters": [
            0.33349120266599147,
            0.3334912011526506,
            0.33349120230318263,
            0.33349120006422406
          ],
          "axisScaleMetersPerPagePoint": [
            11.01902836406593,
            11.01660628426185
          ],
          "redLabels": [
            {
              "raw": "ةرزﻋ",
              "reversedNormalized": "عزرة",
              "bbox": [
                590.0944213867188,
                330.4769287109375,
                651.6529541015625,
                383.7615051269531
              ],
              "centerCoveredByTarget": false,
              "bboxIntersectsTarget": false
            },
            {
              "raw": "ﺔﺳوﻘﻟا",
              "reversedNormalized": "القوسة",
              "bbox": [
                85.30184936523438,
                430.92962646484375,
                169.903564453125,
                484.21417236328125
              ],
              "centerCoveredByTarget": false,
              "bboxIntersectsTarget": false
            },
            {
              "raw": "زھرة ﻣدﯾن اﻟﺟﻧوﺑﯾﺔ",
              "reversedNormalized": "ةیبونجلا نیدم ةرھز",
              "bbox": [
                83.50222778320312,
                275.02996826171875,
                279.3580017089844,
                328.31451416015625
              ],
              "centerCoveredByTarget": true,
              "bboxIntersectsTarget": true
            },
            {
              "raw": "ﺔﯾرﯾﻐﻟا",
              "reversedNormalized": "الغیریة",
              "bbox": [
                438.02679443359375,
                477.7354736328125,
                521.188232421875,
                531.0200805664062
              ],
              "centerCoveredByTarget": false,
              "bboxIntersectsTarget": true
            },
            {
              "raw": "كﻟﺎﻣ",
              "reversedNormalized": "مالك",
              "bbox": [
                91.42054748535156,
                50.72163391113281,
                140.7375030517578,
                104.0062026977539
              ],
              "centerCoveredByTarget": false,
              "bboxIntersectsTarget": false
            },
            {
              "raw": "زھرة ﻣدﯾن",
              "reversedNormalized": "نیدم ةرھز",
              "bbox": [
                185.90045166015625,
                133.8921356201172,
                300.0257263183594,
                187.17669677734375
              ],
              "centerCoveredByTarget": false,
              "bboxIntersectsTarget": false
            },
            {
              "raw": "حﺎﺑﺻ",
              "reversedNormalized": "صباح",
              "bbox": [
                542.9444580078125,
                3.5556793212890625,
                593.3414306640625,
                56.840248107910156
              ],
              "centerCoveredByTarget": false,
              "bboxIntersectsTarget": false
            },
            {
              "raw": "اﻟطرھوﻧﻲ",
              "reversedNormalized": "ينوھرطلا",
              "bbox": [
                8.63815975189209,
                526.70166015625,
                119.16282653808594,
                579.9862670898438
              ],
              "centerCoveredByTarget": false,
              "bboxIntersectsTarget": false
            },
            {
              "raw": "ﺔﯾزﻏ",
              "reversedNormalized": "غزیة",
              "bbox": [
                646.0625610351562,
                -1.1249237060546875,
                705.100830078125,
                52.159645080566406
              ],
              "centerCoveredByTarget": false,
              "bboxIntersectsTarget": true
            },
            {
              "raw": "( )ﺑﺎﺟﺔ اﻟﺷﻣﺎﻟﯾﺔ- ﻋﯾن ﺳﻠطﺎن",
              "reversedNormalized": "ناطلس نیع -ةیلامشلا ةجاب) (",
              "bbox": [
                442.5258483886719,
                52.88191223144531,
                725.873779296875,
                106.1664810180664
              ],
              "centerCoveredByTarget": true,
              "bboxIntersectsTarget": true
            },
            {
              "raw": " اﻟداﺋرة اﻻﻧﺗﺧﺎﺑﯾﺔ",
              "reversedNormalized": "ةیباختنلاا ةرئادلا ",
              "bbox": [
                695.7319946289062,
                -3.117218017578125,
                847.6636962890625,
                42.555267333984375
              ],
              "centerCoveredByTarget": false,
              "bboxIntersectsTarget": false
            },
            {
              "raw": "زھرة ﻣدﯾن اﻟﺟﻧوﺑﯾﺔ",
              "reversedNormalized": "ةیبونجلا نیدم ةرھز",
              "bbox": [
                691.4129028320312,
                36.847808837890625,
                859.546142578125,
                82.52029418945312
              ],
              "centerCoveredByTarget": false,
              "bboxIntersectsTarget": true
            }
          ],
          "wgs84Bounds": [
            9.052350825669777,
            36.73380876922951,
            9.13992228223531,
            36.786592005180374
          ],
          "comparisons": {
            "osm:relation:7189451": {
              "sourceTags": {
                "admin_level": "6",
                "boundary": "administrative",
                "name": "عمدون الجنوبية",
                "name:ar": "عمدون الجنوبية",
                "name:fr": "Amdoun Sud",
                "ref:tn:codegeo": "215352"
              },
              "currentRow": {
                "id": "osm:relation:7189451",
                "sourceId": "osm",
                "name": "عمدون الجنوبية",
                "aliases": [
                  "Amdoun Sud"
                ],
                "kind": "sector",
                "parentName": "معتمدية عمدون",
                "contextAliases": [
                  "Délégation Amdoun",
                  "معتمدية عمدون"
                ],
                "governorateId": 356,
                "lat": 36.76026,
                "lng": 9.087709,
                "delegationId": 515,
                "hasBoundary": true,
                "bbox": [
                  9.052248,
                  36.73371,
                  9.139952,
                  36.7867
                ],
                "areaKm2": 18.70448151465049,
                "pickerGroupId": "osm:relation:7189451",
                "offset": 4797564,
                "length": 3548
              },
              "officialVsOriginal": {
                "officialAreaKm2": 19.692897278145765,
                "comparedAreaKm2": 18.65323642285475,
                "intersectionKm2": 18.497834333818144,
                "iou": 0.9319606678445581,
                "officialCoveredByCompared": 0.9393150267607477,
                "comparedCoveredByOfficial": 0.9916688940453142,
                "officialOutsideComparedKm2": 1.1950629443276677,
                "comparedOutsideOfficialKm2": 0.15540208903670685,
                "hausdorffMeters": 649.1935219569352,
                "centroidDistanceMeters": 2.899038648475634
              },
              "officialVsPacked": {
                "officialAreaKm2": 19.692897278145765,
                "comparedAreaKm2": 18.653236422854725,
                "intersectionKm2": 18.497834333818144,
                "iou": 0.9319606678445581,
                "officialCoveredByCompared": 0.9393150267607477,
                "comparedCoveredByOfficial": 0.9916688940453157,
                "officialOutsideComparedKm2": 1.1950629443276677,
                "comparedOutsideOfficialKm2": 0.15540208903670683,
                "hausdorffMeters": 649.1935219569352,
                "centroidDistanceMeters": 2.8990386627862534
              },
              "currentAnchor": {
                "covered": true,
                "distanceToPolygonMeters": 0.0,
                "distanceToBoundaryMeters": 484.7773939761201
              }
            },
            "osm:relation:7189452": {
              "sourceTags": {
                "admin_level": "6",
                "boundary": "administrative",
                "name": "عمدون",
                "name:ar": "عمدون",
                "name:fr": "Amdoun",
                "ref:tn:codegeo": "215351"
              },
              "currentRow": {
                "id": "osm:relation:7189452",
                "sourceId": "osm",
                "name": "عمدون",
                "aliases": [
                  "Amdoun"
                ],
                "kind": "sector",
                "parentName": "معتمدية عمدون",
                "contextAliases": [
                  "Délégation Amdoun",
                  "معتمدية عمدون"
                ],
                "governorateId": 356,
                "lat": 36.78194,
                "lng": 9.088968,
                "delegationId": 515,
                "hasBoundary": true,
                "bbox": [
                  9.055601,
                  36.76293,
                  9.109579,
                  36.80082
                ],
                "areaKm2": 9.558281132863852,
                "pickerGroupId": "osm:relation:7189452",
                "offset": 4801112,
                "length": 3292
              },
              "officialVsOriginal": {
                "officialAreaKm2": 19.692897278145765,
                "comparedAreaKm2": 9.532652006010675,
                "intersectionKm2": 0.22878505547705266,
                "iou": 0.00789002019924596,
                "officialCoveredByCompared": 0.01161764326729858,
                "comparedCoveredByOfficial": 0.024000147632872317,
                "officialOutsideComparedKm2": 19.46411222266874,
                "comparedOutsideOfficialKm2": 9.303866950533585,
                "hausdorffMeters": 3309.7842135071237,
                "centroidDistanceMeters": 2348.5173367205516
              },
              "officialVsPacked": {
                "officialAreaKm2": 19.692897278145765,
                "comparedAreaKm2": 9.53265200601067,
                "intersectionKm2": 0.22878505547705266,
                "iou": 0.00789002019924596,
                "officialCoveredByCompared": 0.01161764326729858,
                "comparedCoveredByOfficial": 0.02400014763287233,
                "officialOutsideComparedKm2": 19.46411222266874,
                "comparedOutsideOfficialKm2": 9.303866950533587,
                "hausdorffMeters": 3309.7842135071237,
                "centroidDistanceMeters": 2348.5173367198463
              },
              "currentAnchor": {
                "covered": false,
                "distanceToPolygonMeters": 924.0330019515782,
                "distanceToBoundaryMeters": 924.0330019515782
              }
            }
          }
        },
        "geometryPolicy": "Exact unchanged saved native whole path, no repair/snap/cut/fill. Shared registration overlap and external source conflicts remain.",
        "visualReview": {
          "allFourCompletePagesPersonallyViewed": true,
          "titles": [
            "زهرة مدين",
            "زهرة مدين الجنوبية",
            "ميدون",
            "اركو"
          ],
          "legend": {
            "black": "الولاية",
            "blue": "المعتمدية",
            "red": "الدائرة / العمادة"
          },
          "sourcePageOneBased": 1,
          "geometrySelections": [
            {
              "slug": "zahret-medien",
              "drawingIndex": 245,
              "nativeValid": true,
              "wholeTargetInsideViewportAndBothClips": true,
              "epsgParsedFromEmbeddedWkt": 32632,
              "maxControlResidualMeters": 0.2836175848720098
            },
            {
              "slug": "zahret-medien-sud",
              "drawingIndex": 271,
              "nativeValid": true,
              "wholeTargetInsideViewportAndBothClips": true,
              "epsgParsedFromEmbeddedWkt": 32632,
              "maxControlResidualMeters": 0.33349120266599147
            },
            {
              "slug": "midoun",
              "drawingIndex": 500,
              "nativeValid": false,
              "wholeTargetInsideViewportAndBothClips": true,
              "epsgParsedFromEmbeddedWkt": 32632,
              "maxControlResidualMeters": 0.11823612018781256
            },
            {
              "slug": "arkou",
              "drawingIndex": 547,
              "nativeValid": true,
              "wholeTargetInsideViewportAndBothClips": true,
              "epsgParsedFromEmbeddedWkt": 32632,
              "maxControlResidualMeters": 0.22798169635094895
            }
          ]
        },
        "qualification": "Prior four-map diagnostic evidence contains unrelated invalid Midoun geometry. Only these two separately valid Amdoun native paths are imported in this feature collection."
      },
      "geometry": {
        "type": "Polygon",
        "coordinates": [
          [
            [
              9.122510166210041,
              36.78644759244806
            ],
            [
              9.122821139449394,
              36.786339996517704
            ],
            [
              9.123576137579974,
              36.785945877591715
            ],
            [
              9.124552891920088,
              36.78526546941219
            ],
            [
              9.125041475082833,
              36.785050408234305
            ],
            [
              9.126552018829656,
              36.7846197058156
            ],
            [
              9.127796029506658,
              36.78429654547374
            ],
            [
              9.128728898269543,
              36.7839737137637
            ],
            [
              9.129527982493338,
              36.783400723991164
            ],
            [
              9.130016842036527,
              36.78336443269302
            ],
            [
              9.131039584517652,
              36.7836135879153
            ],
            [
              9.13148400401684,
              36.78357733412113
            ],
            [
              9.13192836026507,
              36.78350532181922
            ],
            [
              9.13215016050629,
              36.78325478001569
            ],
            [
              9.132327385412998,
              36.78293276812825
            ],
            [
              9.132504798119234,
              36.78271802651932
            ],
            [
              9.132637257035718,
              36.78221728002389
            ],
            [
              9.132859367537549,
              36.782145515072244
            ],
            [
              9.133259259364547,
              36.782073548090615
            ],
            [
              9.13370341430892,
              36.78189425859527
            ],
            [
              9.134147247911232,
              36.78153618315944
            ],
            [
              9.134546438475569,
              36.781070889436776
            ],
            [
              9.134768351459257,
              36.78089185033884
            ],
            [
              9.135123667306242,
              36.78074841435605
            ],
            [
              9.135434728707969,
              36.78071229915004
            ],
            [
              9.135790559398277,
              36.7808549160508
            ],
            [
              9.13610161337465,
              36.780818799110115
            ],
            [
              9.13641228517076,
              36.78056814019651
            ],
            [
              9.13663367231767,
              36.78010304575913
            ],
            [
              9.136766490308778,
              36.77981683569301
            ],
            [
              9.137032710036387,
              36.77956622686795
            ],
            [
              9.137210428226966,
              36.77953026551746
            ],
            [
              9.137299711788684,
              36.77974469980935
            ],
            [
              9.137611226306943,
              36.779958876950374
            ],
            [
              9.138056081197012,
              36.780172896651635
            ],
            [
              9.138500675065062,
              36.78024388724629
            ],
            [
              9.13894513758916,
              36.78024336246265
            ],
            [
              9.13930043508613,
              36.780099914020276
            ],
            [
              9.13961155826166,
              36.78009954475565
            ],
            [
              9.139833656114577,
              36.78002776678302
            ],
            [
              9.13992228223531,
              36.77988463353349
            ],
            [
              9.139922149170824,
              36.77981311981714
            ],
            [
              9.139743900019715,
              36.77956303337198
            ],
            [
              9.139521206315093,
              36.77931299943057
            ],
            [
              9.139343224679749,
              36.77920594284265
            ],
            [
              9.139254134714447,
              36.77909877763699
            ],
            [
              9.139298249102339,
              36.778919940632264
            ],
            [
              9.139609168355168,
              36.77881230078961
            ],
            [
              9.139697793501849,
              36.77866916768009
            ],
            [
              9.139163530465172,
              36.7781692074434
            ],
            [
              9.138896324191029,
              36.77788346803054
            ],
            [
              9.138806979883348,
              36.7776332749617
            ],
            [
              9.138584163009348,
              36.777311725416446
            ],
            [
              9.138316640512192,
              36.77684720328124
            ],
            [
              9.138226897342287,
              36.77638246844973
            ],
            [
              9.138226437189028,
              36.77613217027285
            ],
            [
              9.138225911312041,
              36.77584611823139
            ],
            [
              9.13809225180489,
              36.77566749059077
            ],
            [
              9.13786937805965,
              36.775310182693744
            ],
            [
              9.137735392786714,
              36.77495277018038
            ],
            [
              9.137690622166879,
              36.774774037817075
            ],
            [
              9.137823885916102,
              36.77473812762256
            ],
            [
              9.137823492644912,
              36.774523586265616
            ],
            [
              9.137778787597142,
              36.77438061081694
            ],
            [
              9.137734082716207,
              36.7742376353477
            ],
            [
              9.13768937800211,
              36.774094659857845
            ],
            [
              9.137644804376006,
              36.77402319814135
            ],
            [
              9.137555788210651,
              36.77395178845025
            ],
            [
              9.13746677221042,
              36.77388037869133
            ],
            [
              9.137511018597078,
              36.773773055987135
            ],
            [
              9.137555264866352,
              36.77366573629554
            ],
            [
              9.137555003194167,
              36.77352270869764
            ],
            [
              9.137510299231774,
              36.773379733121736
            ],
            [
              9.137421218581546,
              36.77327256641894
            ],
            [
              9.137376580348214,
              36.77316534768835
            ],
            [
              9.137287565425336,
              36.773093937783656
            ],
            [
              9.137198550667572,
              36.77302252781115
            ],
            [
              9.137153717200245,
              36.77280803827808
            ],
            [
              9.137153456282004,
              36.772665010657064
            ],
            [
              9.137108818781682,
              36.77255779484431
            ],
            [
              9.136975232741072,
              36.772414922740055
            ],
            [
              9.136841712280255,
              36.772307807389765
            ],
            [
              9.136708192190929,
              36.77220069188691
            ],
            [
              9.136619114024516,
              36.77209352455711
            ],
            [
              9.13652997116814,
              36.771950600247344
            ],
            [
              9.13648514019614,
              36.77173611041845
            ],
            [
              9.136395933134496,
              36.771557432115706
            ],
            [
              9.13639554388121,
              36.7713428876001
            ],
            [
              9.13639528439045,
              36.771199862969986
            ],
            [
              9.136306078156826,
              36.771021181551255
            ],
            [
              9.136216807548214,
              36.77080674314123
            ],
            [
              9.135949588234228,
              36.77048523974225
            ],
            [
              9.135771567406021,
              36.77034241764703
            ],
            [
              9.135593418245417,
              36.77012808446522
            ],
            [
              9.13537076538143,
              36.769878042273234
            ],
            [
              9.135281627416994,
              36.76973511696477
            ],
            [
              9.13514798538273,
              36.76955648579667
            ],
            [
              9.135058848205365,
              36.76941356031195
            ],
            [
              9.134969711359512,
              36.76927063475634
            ],
            [
              9.134880382354027,
              36.76902044136844
            ],
            [
              9.134835621850746,
              36.768841707731504
            ],
            [
              9.134790925679523,
              36.768698731005166
            ],
            [
              9.134701790161907,
              36.768555805228914
            ],
            [
              9.134612654975786,
              36.76841287938176
            ],
            [
              9.134612398818074,
              36.76826985163964
            ],
            [
              9.134523136135547,
              36.768055411843285
            ],
            [
              9.13434518749731,
              36.767948347507556
            ],
            [
              9.13425624529739,
              36.76791269219275
            ],
            [
              9.134122481193101,
              36.76766254592651
            ],
            [
              9.133944342832201,
              36.76744820712598
            ],
            [
              9.133855019282725,
              36.767198009849594
            ],
            [
              9.133721194106533,
              36.76691210615166
            ],
            [
              9.133631935494451,
              36.766697668660186
            ],
            [
              9.133542867991546,
              36.7665904989062
            ],
            [
              9.133542677375704,
              36.76648322806224
            ],
            [
              9.133542486760861,
              36.766375957216354
            ],
            [
              9.133542296147015,
              36.766268686368534
            ],
            [
              9.133497667400448,
              36.7661614660369
            ],
            [
              9.133364289543772,
              36.7661258605411
            ],
            [
              9.133186410344669,
              36.76605454834586
            ],
            [
              9.133052977041825,
              36.76598318553936
            ],
            [
              9.133008341606907,
              36.765875965025856
            ],
            [
              9.132963721373404,
              36.76576874750713
            ],
            [
              9.132963531569825,
              36.765661476645775
            ],
            [
              9.133185396411163,
              36.765482440126426
            ],
            [
              9.133140895318956,
              36.765446733555514
            ],
            [
              9.13322945381008,
              36.76526784799305
            ],
            [
              9.133096140953647,
              36.76526799914426
            ],
            [
              9.133007265715474,
              36.76526809982874
            ],
            [
              9.132873763182245,
              36.765160979860205
            ],
            [
              9.132740205393375,
              36.76501810277246
            ],
            [
              9.132562140091968,
              36.7648395187466
            ],
            [
              9.132428701938352,
              36.764768155228516
            ],
            [
              9.13233963835206,
              36.764660987561896
            ],
            [
              9.131983637705245,
              36.76437533193619
            ],
            [
              9.131761326760953,
              36.76430406751265
            ],
            [
              9.13149457920242,
              36.76423285243985
            ],
            [
              9.131138958167302,
              36.76416173605356
            ],
            [
              9.130961147894865,
              36.764126177461016
            ],
            [
              9.130650026953878,
              36.76409076700861
            ],
            [
              9.130338906296537,
              36.7640553557419
            ],
            [
              9.130072222827199,
              36.76401989444113
            ],
            [
              9.129850045839913,
              36.7640201403655
            ],
            [
              9.129627861314441,
              36.76402038588331
            ],
            [
              9.12945011369214,
              36.76402058199886
            ],
            [
              9.129227867632189,
              36.76398506980035
            ],
            [
              9.12905005864152,
              36.76394950834821
            ],
            [
              9.128738877975536,
              36.76387833592353
            ],
            [
              9.128516632650172,
              36.7638428223942
            ],
            [
              9.128205452904252,
              36.76377164857135
            ],
            [
              9.127938771385548,
              36.76373618248315
            ],
            [
              9.127672029304028,
              36.76366495882291
            ],
            [
              9.12744978508062,
              36.7636294432974
            ],
            [
              9.127316353746497,
              36.76355807401793
            ],
            [
              9.12718292266454,
              36.763486707618256
            ],
            [
              9.12691625012717,
              36.76345123619477
            ],
            [
              9.126605194052415,
              36.76345157212922
            ],
            [
              9.126383011138744,
              36.76345181158451
            ],
            [
              9.126116511807057,
              36.76352361233716
            ],
            [
              9.122913273382322,
              36.76120280915388
            ],
            [
              9.121712127662681,
              36.76034589503753
            ],
            [
              9.118909565745142,
              36.75834637992434
            ],
            [
              9.116685774237498,
              36.75698984792873
            ],
            [
              9.115574842063525,
              36.75691943421744
            ],
            [
              9.11441872167466,
              36.75634845806045
            ],
            [
              9.113261907552067,
              36.75531262905007
            ],
            [
              9.112503985180702,
              36.75359702131741
            ],
            [
              9.110722839903154,
              36.75095270060933
            ],
            [
              9.1105892874445,
              36.75077404113498
            ],
            [
              9.110455682816411,
              36.75055962442915
            ],
            [
              9.11036650798273,
              36.75034516571733
            ],
            [
              9.110321920752536,
              36.75023793633315
            ],
            [
              9.109743294750832,
              36.7495233402586
            ],
            [
              9.109654175520062,
              36.74934463805389
            ],
            [
              9.109609694651592,
              36.74930892255025
            ],
            [
              9.10867607358274,
              36.7488807098952
            ],
            [
              9.108186853491736,
              36.74852359144319
            ],
            [
              9.10636352805815,
              36.74727376176292
            ],
            [
              9.10405156950951,
              36.74602434528367
            ],
            [
              9.099293463129854,
              36.742667315435696
            ],
            [
              9.097692633663417,
              36.74148867978362
            ],
            [
              9.09613627642821,
              36.74030998576676
            ],
            [
              9.094980636465404,
              36.73981032985629
            ],
            [
              9.093958189374467,
              36.73923904428183
            ],
            [
              9.092801862528798,
              36.73816725240305
            ],
            [
              9.089956911806173,
              36.736560409920486
            ],
            [
              9.088533057766575,
              36.7345591000443
            ],
            [
              9.087954793846237,
              36.7338801498633
            ],
            [
              9.087777031000309,
              36.73380876922951
            ],
            [
              9.08737725504743,
              36.7338090692365
            ],
            [
              9.086977482854985,
              36.73380936789788
            ],
            [
              9.086622209852925,
              36.733881146653644
            ],
            [
              9.085956122931682,
              36.73406042546407
            ],
            [
              9.08537883137932,
              36.734203878349646
            ],
            [
              9.084934719184211,
              36.734275717059816
            ],
            [
              9.084401721987144,
              36.73431186124656
            ],
            [
              9.083957564016027,
              36.73434793911272
            ],
            [
              9.083602289470612,
              36.73441970885144
            ],
            [
              9.083380230138248,
              36.734455625100956
            ],
            [
              9.08320255042655,
              36.7344557520412
            ],
            [
              9.082891570952325,
              36.73442021634652
            ],
            [
              9.08258063159505,
              36.73442043704104
            ],
            [
              9.082314115909607,
              36.734420625558556
            ],
            [
              9.082091976759362,
              36.734385025000016
            ],
            [
              9.081914376250294,
              36.73445666442252
            ],
            [
              9.082003295238675,
              36.734528116351754
            ],
            [
              9.082225553763038,
              36.734670988678616
            ],
            [
              9.082225593430632,
              36.734706745879556
            ],
            [
              9.082359052299621,
              36.734885437793444
            ],
            [
              9.08253684867581,
              36.73499258371133
            ],
            [
              9.082758989780823,
              36.735028183433464
            ],
            [
              9.082892330510202,
              36.73509960314469
            ],
            [
              9.083203593578885,
              36.73538543920611
            ],
            [
              9.083737002464982,
              36.73570687232637
            ],
            [
              9.084136946745295,
              36.73584960724601
            ],
            [
              9.084403593162355,
              36.735956686212475
            ],
            [
              9.084581398613452,
              36.736063829047254
            ],
            [
              9.084759245403264,
              36.73620672880336
            ],
            [
              9.084803788934808,
              36.736313968078164
            ],
            [
              9.084892794556092,
              36.73645693219625
            ],
            [
              9.08511514601246,
              36.73667131343976
            ],
            [
              9.08533749870575,
              36.736885694258525
            ],
            [
              9.085204357885495,
              36.73699306323933
            ],
            [
              9.085115679155411,
              36.73713615684379
            ],
            [
              9.084938156990994,
              36.737279315115806
            ],
            [
              9.08467187250823,
              36.73749405202246
            ],
            [
              9.084405586542081,
              36.737708788327446
            ],
            [
              9.084183721010577,
              36.737923485906876
            ],
            [
              9.083961854250562,
              36.73813818912805
            ],
            [
              9.083695567848773,
              36.73835292382375
            ],
            [
              9.083518040245782,
              36.73849607995507
            ],
            [
              9.083162902845704,
              36.738710877064136
            ],
            [
              9.082807803409352,
              36.73896143028294
            ],
            [
              9.082497203933551,
              36.7392834653473
            ],
            [
              9.082319715446742,
              36.739462376843626
            ],
            [
              9.082186565973965,
              36.739569742412684
            ],
            [
              9.08196457025459,
              36.73967717035158
            ],
            [
              9.081786957444733,
              36.73974880953537
            ],
            [
              9.081609462468284,
              36.739927716933664
            ],
            [
              9.081476429185292,
              36.740142353209194
            ],
            [
              9.081254626951907,
              36.74042856565529
            ],
            [
              9.081032823072716,
              36.74071477767624
            ],
            [
              9.080855480287388,
              36.74103671258312
            ],
            [
              9.08063371588438,
              36.7413586809945
            ],
            [
              9.080367599400846,
              36.74175219395778
            ],
            [
              9.080145865852112,
              36.74210991858704
            ],
            [
              9.0799240916335,
              36.74243188259705
            ],
            [
              9.079791049345493,
              36.74264651690902
            ],
            [
              9.07961350460731,
              36.74278966713333
            ],
            [
              9.079391572757224,
              36.7429686045375
            ],
            [
              9.07916956334993,
              36.74307602418697
            ],
            [
              9.079036407017039,
              36.74318338617649
            ],
            [
              9.078769895321603,
              36.74321932394862
            ],
            [
              9.078503383376582,
              36.743255261124
            ],
            [
              9.078014787550313,
              36.743327103918475
            ],
            [
              9.077703849810833,
              36.743363069066945
            ],
            [
              9.077526224542773,
              36.7434347018622
            ],
            [
              9.077126547823894,
              36.74357799610454
            ],
            [
              9.076238306071334,
              36.74382888165457
            ],
            [
              9.076105066901752,
              36.74386472605773
            ],
            [
              9.075705421959844,
              36.744043772672796
            ],
            [
              9.074550867518404,
              36.74454511882519
            ],
            [
              9.073751529500226,
              36.74486744006623
            ],
            [
              9.073662784749462,
              36.74497476480487
            ],
            [
              9.072996786035135,
              36.74536851376353
            ],
            [
              9.071886690391304,
              36.745941320373774
            ],
            [
              9.071309527815338,
              36.746335004839594
            ],
            [
              9.069622362604097,
              36.74744449436
            ],
            [
              9.069489147873721,
              36.74751608847852
            ],
            [
              9.069311540962808,
              36.7476234661138
            ],
            [
              9.068379261295732,
              36.74837491926848
            ],
            [
              9.06678142119733,
              36.75009218690796
            ],
            [
              9.065760518552226,
              36.75116548446397
            ],
            [
              9.06562745374155,
              36.751415856765504
            ],
            [
              9.065361132222936,
              36.75170206428374
            ],
            [
              9.065006041841345,
              36.75209558936982
            ],
            [
              9.064695220389941,
              36.75231030606528
            ],
            [
              9.064162341212484,
              36.75263241650108
            ],
            [
              9.063540565336229,
              36.75291881621201
            ],
            [
              9.062297030153054,
              36.753527362962345
            ],
            [
              9.06096434239172,
              36.753814126586555
            ],
            [
              9.060031469250651,
              36.754029154170226
            ],
            [
              9.059987067394879,
              36.75406493735872
            ],
            [
              9.05994266361174,
              36.75410071750068
            ],
            [
              9.059942751670766,
              36.75420798577377
            ],
            [
              9.059898351551961,
              36.75424376589646
            ],
            [
              9.059720684627745,
              36.754315372023164
            ],
            [
              9.059320891125104,
              36.754422849185396
            ],
            [
              9.058965555044974,
              36.754566059445935
            ],
            [
              9.058743512520296,
              36.75470920096712
            ],
            [
              9.058477067078066,
              36.75488812166114
            ],
            [
              9.058121927791834,
              36.755281629068605
            ],
            [
              9.05798891640603,
              36.75563926699622
            ],
            [
              9.057767040930413,
              36.7559969461953
            ],
            [
              9.057456098950071,
              36.75610437260029
            ],
            [
              9.056967400035651,
              36.75617612891676
            ],
            [
              9.056212160367217,
              36.75631952754083
            ],
            [
              9.055679162269897,
              36.75657008564692
            ],
            [
              9.055101700745361,
              36.75678490247163
            ],
            [
              9.054657508887914,
              36.75696389932937
            ],
            [
              9.054257720337441,
              36.75710711653727
            ],
            [
              9.05385787723357,
              36.757178818226244
            ],
            [
              9.053502492847151,
              36.75728625503854
            ],
            [
              9.053147054120469,
              36.75732217661614
            ],
            [
              9.052702750628699,
              36.75735813782264
            ],
            [
              9.05252506982477,
              36.75742973317931
            ],
            [
              9.052436204367558,
              36.75742977367132
            ],
            [
              9.052391847783872,
              36.75753706515101
            ],
            [
              9.05252532896873,
              36.75778730099992
            ],
            [
              9.052614299606986,
              36.75793029180567
            ],
            [
              9.052703322566826,
              36.758144790643684
            ],
            [
              9.053147918841155,
              36.758502157322475
            ],
            [
              9.05319245755944,
              36.75864516513402
            ],
            [
              9.053148207090777,
              36.75889548215194
            ],
            [
              9.053103957279632,
              36.75914580217345
            ],
            [
              9.05292640323994,
              36.75939618348402
            ],
            [
              9.053015428769791,
              36.75961068506428
            ],
            [
              9.05292674257575,
              36.75986102542957
            ],
            [
              9.052882490552209,
              36.760111345329456
            ],
            [
              9.0528383173692,
              36.76046893337547
            ],
            [
              9.053016526854408,
              36.76111247890069
            ],
            [
              9.053016605292207,
              36.76121975009095
            ],
            [
              9.052927812833815,
              36.76132705911169
            ],
            [
              9.05288345563952,
              36.76143435070501
            ],
            [
              9.052572641478005,
              36.76175630663723
            ],
            [
              9.052350825669777,
              36.7622570066646
            ],
            [
              9.05235100653383,
              36.76250730302924
            ],
            [
              9.052484521179288,
              36.76279329879295
            ],
            [
              9.052706962683782,
              36.76315076786218
            ],
            [
              9.052884785999247,
              36.76325795755009
            ],
            [
              9.05301812183122,
              36.76329365332668
            ],
            [
              9.05315135200291,
              36.76318632075101
            ],
            [
              9.053240252235733,
              36.76322203676972
            ],
            [
              9.053195919678034,
              36.7633650854964
            ],
            [
              9.05310725689314,
              36.76365117985819
            ],
            [
              9.053107492607735,
              36.76397299328503
            ],
            [
              9.05315221696682,
              36.76436630029156
            ],
            [
              9.053108042622604,
              36.76472389121314
            ],
            [
              9.053019350860563,
              36.764974228405535
            ],
            [
              9.052975043960187,
              36.76515303404793
            ],
            [
              9.053063970670362,
              36.765224507224694
            ],
            [
              9.053197388691732,
              36.76536747390084
            ],
            [
              9.053286369348093,
              36.765510460982654
            ],
            [
              9.053286395623287,
              36.765546218019644
            ],
            [
              9.053286500722278,
              36.76568924313464
            ],
            [
              9.053242431271658,
              36.7661898621603
            ],
            [
              9.053242720083714,
              36.76658318951052
            ],
            [
              9.053420631090734,
              36.76679764941747
            ],
            [
              9.053687420542431,
              36.767012067680405
            ],
            [
              9.053820841876954,
              36.7671550305806
            ],
            [
              9.053954397586388,
              36.76747678148456
            ],
            [
              9.054043328832448,
              36.76754825389799
            ],
            [
              9.054265604206067,
              36.76765542058969
            ],
            [
              9.054487798750847,
              36.76765531579478
            ],
            [
              9.054887802781648,
              36.76772664016428
            ],
            [
              9.055198985408419,
              36.76786951979615
            ],
            [
              9.055243669302563,
              36.768191308677295
            ],
            [
              9.055643787246218,
              36.7684056585703
            ],
            [
              9.055866093853263,
              36.76854857927033
            ],
            [
              9.055999357612741,
              36.7684770006135
            ],
            [
              9.056354817826039,
              36.76840531352327
            ],
            [
              9.056710277376228,
              36.76833362537073
            ],
            [
              9.056843567907478,
              36.76829780278497
            ],
            [
              9.057598922879503,
              36.76815440034214
            ],
            [
              9.057865502370605,
              36.76808275605991
            ],
            [
              9.058265397377562,
              36.76801104098966
            ],
            [
              9.058665294463943,
              36.76793932457367
            ],
            [
              9.058843021695662,
              36.76790347717805
            ],
            [
              9.059287324988757,
              36.767795979017215
            ],
            [
              9.059909325725464,
              36.76761687318621
            ],
            [
              9.060309127787702,
              36.76743788018256
            ],
            [
              9.061064319344753,
              36.76711567062034
            ],
            [
              9.06226364696319,
              36.76650716487257
            ],
            [
              9.062796660684986,
              36.766220820620426
            ],
            [
              9.063063195931806,
              36.766113404622885
            ],
            [
              9.063374201416023,
              36.766041720742905
            ],
            [
              9.063685175216602,
              36.76593427902201
            ],
            [
              9.064262743098684,
              36.76579093185525
            ],
            [
              9.06479584116435,
              36.76561185274223
            ],
            [
              9.067150159556101,
              36.7646450756259
            ],
            [
              9.067994169384589,
              36.76432277049266
            ],
            [
              9.068927146699425,
              36.764107677717774
            ],
            [
              9.070659912655323,
              36.76382057954682
            ],
            [
              9.07270372069438,
              36.76353326496697
            ],
            [
              9.073547909114252,
              36.76342545960228
            ],
            [
              9.074169912281828,
              36.763317796263955
            ],
            [
              9.075413986468677,
              36.763173967841944
            ],
            [
              9.076747077460709,
              36.7631730959625
            ],
            [
              9.077324676973975,
              36.76310119944064
            ],
            [
              9.077857835229365,
              36.76302932985244
            ],
            [
              9.07892423262729,
              36.762957097572325
            ],
            [
              9.079368634646219,
              36.76299255252944
            ],
            [
              9.079768596899417,
              36.7630280362769
            ],
            [
              9.080390784262052,
              36.763099122553676
            ],
            [
              9.080968532514605,
              36.763170236473805
            ],
            [
              9.081501849071268,
              36.76324137867949
            ],
            [
              9.082346381623202,
              36.76345532719101
            ],
            [
              9.083102041544702,
              36.7636693300704
            ],
            [
              9.083502133679655,
              36.76381207232862
            ],
            [
              9.08408005240335,
              36.764026199213696
            ],
            [
              9.084213403960257,
              36.764061860008475
            ],
            [
              9.084657937265437,
              36.76420456625631
            ],
            [
              9.085413528560206,
              36.76434704340265
            ],
            [
              9.086524666032654,
              36.76452500957486
            ],
            [
              9.086835810547957,
              36.764596289420574
            ],
            [
              9.08705816109682,
              36.764739151876356
            ],
            [
              9.087325079936141,
              36.764989251695994
            ],
            [
              9.086969998848495,
              36.765347087403036
            ],
            [
              9.08737027524584,
              36.765632844634126
            ],
            [
              9.087680833607976,
              36.76520352713189
            ],
            [
              9.08785866885991,
              36.76527490743575
            ],
            [
              9.088570311757941,
              36.765810725037866
            ],
            [
              9.088881673593649,
              36.76606078454305
            ],
            [
              9.089148688788331,
              36.76638239420942
            ],
            [
              9.089326786177066,
              36.766668314313
            ],
            [
              9.089460532372444,
              36.76702577917366
            ],
            [
              9.089505143444198,
              36.76716877309786
            ],
            [
              9.089505315817675,
              36.76731180108969
            ],
            [
              9.089327861437825,
              36.767562236254385
            ],
            [
              9.089061484708719,
              36.767776982012236
            ],
            [
              9.08906174203898,
              36.767991523979326
            ],
            [
              9.089151049852141,
              36.76834902301329
            ],
            [
              9.089329108799285,
              36.76859918602264
            ],
            [
              9.089551522421567,
              36.76877780068659
            ],
            [
              9.089596048407799,
              36.76884928055698
            ],
            [
              9.089952168897085,
              36.769349601887974
            ],
            [
              9.089996652261753,
              36.769385324616124
            ],
            [
              9.090174803172495,
              36.76970700027455
            ],
            [
              9.090308384730967,
              36.76992143909484
            ],
            [
              9.090486407527402,
              36.770135843316325
            ],
            [
              9.090619990699341,
              36.77035028176905
            ],
            [
              9.090931600138124,
              36.770779120560604
            ],
            [
              9.09097612856549,
              36.77085059988704
            ],
            [
              9.091465594647335,
              36.77135081555061
            ],
            [
              9.091866003570455,
              36.771708068212156
            ],
            [
              9.092933893207915,
              36.772744173211116
            ],
            [
              9.093156368200386,
              36.77295853794598
            ],
            [
              9.094179804566656,
              36.77395890998189
            ],
            [
              9.094535751315982,
              36.77428043536748
            ],
            [
              9.095292196104014,
              36.774994957493774
            ],
            [
              9.09618216711113,
              36.77585239582966
            ],
            [
              9.097027717433988,
              36.77670986122668
            ],
            [
              9.097428230612138,
              36.77710285472557
            ],
            [
              9.097561657825525,
              36.77717425433834
            ],
            [
              9.097784017650953,
              36.777281339435845
            ],
            [
              9.097917351475049,
              36.777281227820204
            ],
            [
              9.098050685298418,
              36.77728111605511
            ],
            [
              9.098184019121055,
              36.77728100414058
            ],
            [
              9.09831730574126,
              36.77724513514819
            ],
            [
              9.098672578235604,
              36.77703029703876
            ],
            [
              9.098850213736776,
              36.77692287606901
            ],
            [
              9.099027896272958,
              36.77685121176303
            ],
            [
              9.099161177985751,
              36.776815341827486
            ],
            [
              9.099294510997195,
              36.77681522866955
            ],
            [
              9.099338955334181,
              36.77681519091701
            ],
            [
              9.09956117701787,
              36.77681500190534
            ],
            [
              9.099961224007826,
              36.776850417567495
            ],
            [
              9.10049450429846,
              36.77681420352669
            ],
            [
              9.100583444989775,
              36.77684988403373
            ],
            [
              9.100805856420315,
              36.77699271738072
            ],
            [
              9.100983827932797,
              36.77713559474939
            ],
            [
              9.101384752507574,
              36.777814627217126
            ],
            [
              9.101518281998603,
              36.77795753924897
            ],
            [
              9.101651763233793,
              36.77806469420693
            ],
            [
              9.101874086218778,
              36.77813601470845
            ],
            [
              9.102140805768332,
              36.77817153604308
            ],
            [
              9.102540808041793,
              36.778171186094994
            ],
            [
              9.102718588502663,
              36.77817103012934
            ],
            [
              9.10280747873259,
              36.77817095204688
            ],
            [
              9.102940814076844,
              36.778170834798644
            ],
            [
              9.10307419883728,
              36.77820647734928
            ],
            [
              9.103118693401555,
              36.778242192069996
            ],
            [
              9.103207633187392,
              36.778277870605415
            ],
            [
              9.103296672092492,
              36.77838506593742
            ],
            [
              9.104186871251141,
              36.779313954493055
            ],
            [
              9.104587384377592,
              36.77967116370151
            ],
            [
              9.104765318894033,
              36.77977827539106
            ],
            [
              9.104854311459126,
              36.779849709587786
            ],
            [
              9.105210128377681,
              36.780028174990086
            ],
            [
              9.105565849565652,
              36.780135125511244
            ],
            [
              9.106232695881564,
              36.780241792996215
            ],
            [
              9.106855042728963,
              36.78031274042176
            ],
            [
              9.107210716167975,
              36.780383929113924
            ],
            [
              9.107433050981319,
              36.780455239179695
            ],
            [
              9.107788828818974,
              36.78059793690481
            ],
            [
              9.108055818259013,
              36.780812232458565
            ],
            [
              9.108412169775706,
              36.7813482571669
            ],
            [
              9.108946516310821,
              36.782027139992984
            ],
            [
              9.109302513473356,
              36.78231286371145
            ],
            [
              9.109658250883218,
              36.782419801927496
            ],
            [
              9.109924988834084,
              36.782455308784506
            ],
            [
              9.110102884518039,
              36.78252665553426
            ],
            [
              9.110369411803987,
              36.782419133860536
            ],
            [
              9.11085791063504,
              36.78213261702846
            ],
            [
              9.111435406882446,
              36.781917527417185
            ],
            [
              9.111701983619358,
              36.78184575963898
            ],
            [
              9.111924212199431,
              36.78184554751666
            ],
            [
              9.112235342759814,
              36.78184524983786
            ],
            [
              9.112902267027934,
              36.78198763674808
            ],
            [
              9.113480298984207,
              36.782130106043056
            ],
            [
              9.11388054320668,
              36.78227274545027
            ],
            [
              9.115748490672217,
              36.78302181084411
            ],
            [
              9.117438632563044,
              36.78373526206398
            ],
            [
              9.117794556576,
              36.78394944648811
            ],
            [
              9.118150644314372,
              36.7842709004321
            ],
            [
              9.118506912347929,
              36.784699623859126
            ],
            [
              9.11935292237707,
              36.785628445438064
            ],
            [
              9.119664582346136,
              36.78594993390333
            ],
            [
              9.119842609540617,
              36.78609277971447
            ],
            [
              9.12010959422936,
              36.786271291075145
            ],
            [
              9.120509872233988,
              36.78641390801696
            ],
            [
              9.120776686624584,
              36.78648514732937
            ],
            [
              9.121176901596144,
              36.786592005180374
            ],
            [
              9.121932550726665,
              36.78659122197861
            ],
            [
              9.122510166210041,
              36.78644759244806
            ]
          ]
        ]
      }
    }
  ]
}
